ISO-10303-21;
HEADER;
FILE_DESCRIPTION(('FreeCAD Model'),'2;1');
FILE_NAME('Open CASCADE Shape Model','2026-06-09T17:49:28',('FreeCAD'),(
    'FreeCAD'),'Open CASCADE STEP processor 7.8','FreeCAD','Unknown');
FILE_SCHEMA(('AUTOMOTIVE_DESIGN { 1 0 10303 214 1 1 1 1 }'));
ENDSEC;
DATA;
#1 = APPLICATION_PROTOCOL_DEFINITION('international standard',
  'automotive_design',2000,#2);
#2 = APPLICATION_CONTEXT(
  'core data for automotive mechanical design processes');
#3 = SHAPE_DEFINITION_REPRESENTATION(#4,#10);
#4 = PRODUCT_DEFINITION_SHAPE('','',#5);
#5 = PRODUCT_DEFINITION('design','',#6,#9);
#6 = PRODUCT_DEFINITION_FORMATION('','',#7);
#7 = PRODUCT('Open CASCADE STEP translator 7.8 1',
  'Open CASCADE STEP translator 7.8 1','',(#8));
#8 = PRODUCT_CONTEXT('',#2,'mechanical');
#9 = PRODUCT_DEFINITION_CONTEXT('part definition',#2,'design');
#10 = ADVANCED_BREP_SHAPE_REPRESENTATION('',(#11,#15),#9385);
#11 = AXIS2_PLACEMENT_3D('',#12,#13,#14);
#12 = CARTESIAN_POINT('',(0.,0.,0.));
#13 = DIRECTION('',(0.,0.,1.));
#14 = DIRECTION('',(1.,0.,-0.));
#15 = MANIFOLD_SOLID_BREP('',#16);
#16 = CLOSED_SHELL('',(#17,#59,#101,#143,#185,#227,#269,#311,#353,#395,
    #437,#479,#521,#563,#605,#647,#689,#731,#773,#815,#857,#899,#941,
    #992,#1034,#1076,#1127,#1169,#1220,#1262,#1304,#1346,#1397,#1439,
    #1481,#1523,#1565,#1607,#1649,#1700,#1742,#1793,#1835,#1886,#1928,
    #1979,#2030,#2072,#2114,#2156,#2198,#2240,#2291,#2333,#2375,#2417,
    #2459,#2501,#2543,#2585,#2627,#2669,#2711,#2753,#2795,#2837,#2879,
    #2930,#2972,#3014,#3065,#3107,#3149,#3200,#3242,#3284,#3326,#3368,
    #3410,#3452,#3494,#3536,#3578,#3620,#3662,#3704,#3746,#3797,#3839,
    #3881,#3923,#3965,#4007,#4049,#4091,#4133,#4175,#4217,#4259,#4301,
    #4343,#4385,#4427,#4469,#4511,#4553,#4595,#4893,#5700,#6474,#6514,
    #6545,#6626,#6668,#6778,#6847,#6863,#6910,#6967,#6984,#7051,#7087,
    #7113,#7125,#7143,#7153,#7179,#7191,#7209,#7219,#7245,#7257,#7275,
    #7285,#7311,#7323,#7341,#7351,#7369,#7389,#7407,#7417,#7435,#7455,
    #7473,#7483,#7501,#7521,#7539,#7549,#7567,#7587,#7605,#7615,#7657,
    #7669,#7681,#7693,#7715,#7732,#7749,#7761,#7773,#7785,#7797,#7809,
    #7821,#7833,#7845,#7857,#7869,#7881,#7893,#7905,#7917,#7929,#7941,
    #7953,#7965,#7977,#7989,#8001,#8013,#8025,#8037,#8049,#8061,#8073,
    #8085,#8097,#8109,#8121,#8133,#8145,#8157,#8169,#8181,#8193,#8205,
    #8217,#8229,#8241,#8253,#8265,#8277,#8289,#8301,#8313,#8325,#8337,
    #8349,#8361,#8373,#8385,#8397,#8409,#8421,#8433,#8445,#8457,#8469,
    #8481,#8493,#8505,#8517,#8529,#8541,#8553,#8565,#8577,#8589,#8601,
    #8675,#8697,#8714,#8731,#8743,#8774,#8798,#8822,#8839,#8851,#8925,
    #8947,#8964,#8981,#8993,#9024,#9048,#9072,#9089,#9101,#9113,#9125,
    #9143,#9153,#9171,#9181,#9199,#9209,#9227,#9237,#9255,#9265,#9277,
    #9289,#9301,#9313,#9325,#9337,#9349,#9361,#9373));
#17 = ADVANCED_FACE('',(#18),#54,.F.);
#18 = FACE_BOUND('',#19,.F.);
#19 = EDGE_LOOP('',(#20,#30,#39,#47));
#20 = ORIENTED_EDGE('',*,*,#21,.T.);
#21 = EDGE_CURVE('',#22,#24,#26,.T.);
#22 = VERTEX_POINT('',#23);
#23 = CARTESIAN_POINT('',(7.62,60.05,40.21));
#24 = VERTEX_POINT('',#25);
#25 = CARTESIAN_POINT('',(0.,60.05,40.21));
#26 = LINE('',#27,#28);
#27 = CARTESIAN_POINT('',(37.318484809835,60.05,40.21));
#28 = VECTOR('',#29,1.);
#29 = DIRECTION('',(-1.,-5.463695987329E-16,-0.));
#30 = ORIENTED_EDGE('',*,*,#31,.F.);
#31 = EDGE_CURVE('',#32,#24,#34,.T.);
#32 = VERTEX_POINT('',#33);
#33 = CARTESIAN_POINT('',(0.,63.55,40.21));
#34 = CIRCLE('',#35,1.75);
#35 = AXIS2_PLACEMENT_3D('',#36,#37,#38);
#36 = CARTESIAN_POINT('',(0.,61.8,40.21));
#37 = DIRECTION('',(-1.,-5.463695987329E-16,0.));
#38 = DIRECTION('',(5.463695987329E-16,-1.,0.));
#39 = ORIENTED_EDGE('',*,*,#40,.F.);
#40 = EDGE_CURVE('',#41,#32,#43,.T.);
#41 = VERTEX_POINT('',#42);
#42 = CARTESIAN_POINT('',(7.62,63.55,40.21));
#43 = LINE('',#44,#45);
#44 = CARTESIAN_POINT('',(37.318484809835,63.55,40.21));
#45 = VECTOR('',#46,1.);
#46 = DIRECTION('',(-1.,-5.463695987329E-16,-0.));
#47 = ORIENTED_EDGE('',*,*,#48,.T.);
#48 = EDGE_CURVE('',#41,#22,#49,.T.);
#49 = CIRCLE('',#50,1.75);
#50 = AXIS2_PLACEMENT_3D('',#51,#52,#53);
#51 = CARTESIAN_POINT('',(7.62,61.8,40.21));
#52 = DIRECTION('',(-1.,-5.463695987329E-16,0.));
#53 = DIRECTION('',(-5.463695987329E-16,1.,0.));
#54 = CYLINDRICAL_SURFACE('',#55,1.75);
#55 = AXIS2_PLACEMENT_3D('',#56,#57,#58);
#56 = CARTESIAN_POINT('',(37.318484809835,61.8,40.21));
#57 = DIRECTION('',(-1.,-5.463695987329E-16,-0.));
#58 = DIRECTION('',(5.463695987329E-16,-1.,0.));
#59 = ADVANCED_FACE('',(#60),#96,.F.);
#60 = FACE_BOUND('',#61,.F.);
#61 = EDGE_LOOP('',(#62,#72,#81,#89));
#62 = ORIENTED_EDGE('',*,*,#63,.T.);
#63 = EDGE_CURVE('',#64,#66,#68,.T.);
#64 = VERTEX_POINT('',#65);
#65 = CARTESIAN_POINT('',(7.62,38.05,18.21));
#66 = VERTEX_POINT('',#67);
#67 = CARTESIAN_POINT('',(5.684341886081E-14,38.05,18.21));
#68 = LINE('',#69,#70);
#69 = CARTESIAN_POINT('',(37.318484809835,38.05,18.21));
#70 = VECTOR('',#71,1.);
#71 = DIRECTION('',(-1.,-5.463695987329E-16,-0.));
#72 = ORIENTED_EDGE('',*,*,#73,.F.);
#73 = EDGE_CURVE('',#74,#66,#76,.T.);
#74 = VERTEX_POINT('',#75);
#75 = CARTESIAN_POINT('',(5.684341886081E-14,41.55,18.21));
#76 = CIRCLE('',#77,1.75);
#77 = AXIS2_PLACEMENT_3D('',#78,#79,#80);
#78 = CARTESIAN_POINT('',(5.684341886081E-14,39.8,18.21));
#79 = DIRECTION('',(-1.,-5.463695987329E-16,0.));
#80 = DIRECTION('',(5.463695987329E-16,-1.,0.));
#81 = ORIENTED_EDGE('',*,*,#82,.F.);
#82 = EDGE_CURVE('',#83,#74,#85,.T.);
#83 = VERTEX_POINT('',#84);
#84 = CARTESIAN_POINT('',(7.62,41.55,18.21));
#85 = LINE('',#86,#87);
#86 = CARTESIAN_POINT('',(37.318484809835,41.55,18.21));
#87 = VECTOR('',#88,1.);
#88 = DIRECTION('',(-1.,-5.463695987329E-16,-0.));
#89 = ORIENTED_EDGE('',*,*,#90,.T.);
#90 = EDGE_CURVE('',#83,#64,#91,.T.);
#91 = CIRCLE('',#92,1.75);
#92 = AXIS2_PLACEMENT_3D('',#93,#94,#95);
#93 = CARTESIAN_POINT('',(7.62,39.8,18.21));
#94 = DIRECTION('',(-1.,-5.463695987329E-16,0.));
#95 = DIRECTION('',(-5.463695987329E-16,1.,0.));
#96 = CYLINDRICAL_SURFACE('',#97,1.75);
#97 = AXIS2_PLACEMENT_3D('',#98,#99,#100);
#98 = CARTESIAN_POINT('',(37.318484809835,39.8,18.21));
#99 = DIRECTION('',(-1.,-5.463695987329E-16,-0.));
#100 = DIRECTION('',(5.463695987329E-16,-1.,0.));
#101 = ADVANCED_FACE('',(#102),#138,.F.);
#102 = FACE_BOUND('',#103,.F.);
#103 = EDGE_LOOP('',(#104,#114,#123,#131));
#104 = ORIENTED_EDGE('',*,*,#105,.T.);
#105 = EDGE_CURVE('',#106,#108,#110,.T.);
#106 = VERTEX_POINT('',#107);
#107 = CARTESIAN_POINT('',(7.62,40.3,29.21));
#108 = VERTEX_POINT('',#109);
#109 = CARTESIAN_POINT('',(0.,40.3,29.21));
#110 = LINE('',#111,#112);
#111 = CARTESIAN_POINT('',(37.318484809835,40.3,29.21));
#112 = VECTOR('',#113,1.);
#113 = DIRECTION('',(-1.,-5.463695987329E-16,-0.));
#114 = ORIENTED_EDGE('',*,*,#115,.F.);
#115 = EDGE_CURVE('',#116,#108,#118,.T.);
#116 = VERTEX_POINT('',#117);
#117 = CARTESIAN_POINT('',(0.,61.3,29.21));
#118 = CIRCLE('',#119,10.5);
#119 = AXIS2_PLACEMENT_3D('',#120,#121,#122);
#120 = CARTESIAN_POINT('',(0.,50.8,29.21));
#121 = DIRECTION('',(-1.,-5.463695987329E-16,0.));
#122 = DIRECTION('',(5.463695987329E-16,-1.,0.));
#123 = ORIENTED_EDGE('',*,*,#124,.F.);
#124 = EDGE_CURVE('',#125,#116,#127,.T.);
#125 = VERTEX_POINT('',#126);
#126 = CARTESIAN_POINT('',(7.62,61.3,29.21));
#127 = LINE('',#128,#129);
#128 = CARTESIAN_POINT('',(37.318484809835,61.3,29.21));
#129 = VECTOR('',#130,1.);
#130 = DIRECTION('',(-1.,-5.463695987329E-16,-0.));
#131 = ORIENTED_EDGE('',*,*,#132,.T.);
#132 = EDGE_CURVE('',#125,#106,#133,.T.);
#133 = CIRCLE('',#134,10.5);
#134 = AXIS2_PLACEMENT_3D('',#135,#136,#137);
#135 = CARTESIAN_POINT('',(7.62,50.8,29.21));
#136 = DIRECTION('',(-1.,-5.463695987329E-16,0.));
#137 = DIRECTION('',(-5.463695987329E-16,1.,0.));
#138 = CYLINDRICAL_SURFACE('',#139,10.5);
#139 = AXIS2_PLACEMENT_3D('',#140,#141,#142);
#140 = CARTESIAN_POINT('',(37.318484809835,50.8,29.21));
#141 = DIRECTION('',(-1.,-5.463695987329E-16,-0.));
#142 = DIRECTION('',(5.463695987329E-16,-1.,0.));
#143 = ADVANCED_FACE('',(#144),#180,.F.);
#144 = FACE_BOUND('',#145,.F.);
#145 = EDGE_LOOP('',(#146,#156,#165,#173));
#146 = ORIENTED_EDGE('',*,*,#147,.T.);
#147 = EDGE_CURVE('',#148,#150,#152,.T.);
#148 = VERTEX_POINT('',#149);
#149 = CARTESIAN_POINT('',(7.62,38.05,40.21));
#150 = VERTEX_POINT('',#151);
#151 = CARTESIAN_POINT('',(5.684341886081E-14,38.05,40.21));
#152 = LINE('',#153,#154);
#153 = CARTESIAN_POINT('',(37.318484809835,38.05,40.21));
#154 = VECTOR('',#155,1.);
#155 = DIRECTION('',(-1.,-5.463695987329E-16,-0.));
#156 = ORIENTED_EDGE('',*,*,#157,.F.);
#157 = EDGE_CURVE('',#158,#150,#160,.T.);
#158 = VERTEX_POINT('',#159);
#159 = CARTESIAN_POINT('',(5.684341886081E-14,41.55,40.21));
#160 = CIRCLE('',#161,1.75);
#161 = AXIS2_PLACEMENT_3D('',#162,#163,#164);
#162 = CARTESIAN_POINT('',(5.684341886081E-14,39.8,40.21));
#163 = DIRECTION('',(-1.,-5.463695987329E-16,0.));
#164 = DIRECTION('',(5.463695987329E-16,-1.,0.));
#165 = ORIENTED_EDGE('',*,*,#166,.F.);
#166 = EDGE_CURVE('',#167,#158,#169,.T.);
#167 = VERTEX_POINT('',#168);
#168 = CARTESIAN_POINT('',(7.62,41.55,40.21));
#169 = LINE('',#170,#171);
#170 = CARTESIAN_POINT('',(37.318484809835,41.55,40.21));
#171 = VECTOR('',#172,1.);
#172 = DIRECTION('',(-1.,-5.463695987329E-16,-0.));
#173 = ORIENTED_EDGE('',*,*,#174,.T.);
#174 = EDGE_CURVE('',#167,#148,#175,.T.);
#175 = CIRCLE('',#176,1.75);
#176 = AXIS2_PLACEMENT_3D('',#177,#178,#179);
#177 = CARTESIAN_POINT('',(7.62,39.8,40.21));
#178 = DIRECTION('',(-1.,-5.463695987329E-16,0.));
#179 = DIRECTION('',(-5.463695987329E-16,1.,0.));
#180 = CYLINDRICAL_SURFACE('',#181,1.75);
#181 = AXIS2_PLACEMENT_3D('',#182,#183,#184);
#182 = CARTESIAN_POINT('',(37.318484809835,39.8,40.21));
#183 = DIRECTION('',(-1.,-5.463695987329E-16,-0.));
#184 = DIRECTION('',(5.463695987329E-16,-1.,0.));
#185 = ADVANCED_FACE('',(#186),#222,.F.);
#186 = FACE_BOUND('',#187,.F.);
#187 = EDGE_LOOP('',(#188,#198,#207,#215));
#188 = ORIENTED_EDGE('',*,*,#189,.T.);
#189 = EDGE_CURVE('',#190,#192,#194,.T.);
#190 = VERTEX_POINT('',#191);
#191 = CARTESIAN_POINT('',(7.62,60.05,18.21));
#192 = VERTEX_POINT('',#193);
#193 = CARTESIAN_POINT('',(0.,60.05,18.21));
#194 = LINE('',#195,#196);
#195 = CARTESIAN_POINT('',(37.318484809835,60.05,18.21));
#196 = VECTOR('',#197,1.);
#197 = DIRECTION('',(-1.,-5.463695987329E-16,-0.));
#198 = ORIENTED_EDGE('',*,*,#199,.F.);
#199 = EDGE_CURVE('',#200,#192,#202,.T.);
#200 = VERTEX_POINT('',#201);
#201 = CARTESIAN_POINT('',(0.,63.55,18.21));
#202 = CIRCLE('',#203,1.75);
#203 = AXIS2_PLACEMENT_3D('',#204,#205,#206);
#204 = CARTESIAN_POINT('',(0.,61.8,18.21));
#205 = DIRECTION('',(-1.,-5.463695987329E-16,0.));
#206 = DIRECTION('',(5.463695987329E-16,-1.,0.));
#207 = ORIENTED_EDGE('',*,*,#208,.F.);
#208 = EDGE_CURVE('',#209,#200,#211,.T.);
#209 = VERTEX_POINT('',#210);
#210 = CARTESIAN_POINT('',(7.62,63.55,18.21));
#211 = LINE('',#212,#213);
#212 = CARTESIAN_POINT('',(37.318484809835,63.55,18.21));
#213 = VECTOR('',#214,1.);
#214 = DIRECTION('',(-1.,-5.463695987329E-16,-0.));
#215 = ORIENTED_EDGE('',*,*,#216,.T.);
#216 = EDGE_CURVE('',#209,#190,#217,.T.);
#217 = CIRCLE('',#218,1.75);
#218 = AXIS2_PLACEMENT_3D('',#219,#220,#221);
#219 = CARTESIAN_POINT('',(7.62,61.8,18.21));
#220 = DIRECTION('',(-1.,-5.463695987329E-16,0.));
#221 = DIRECTION('',(-5.463695987329E-16,1.,0.));
#222 = CYLINDRICAL_SURFACE('',#223,1.75);
#223 = AXIS2_PLACEMENT_3D('',#224,#225,#226);
#224 = CARTESIAN_POINT('',(37.318484809835,61.8,18.21));
#225 = DIRECTION('',(-1.,-5.463695987329E-16,-0.));
#226 = DIRECTION('',(5.463695987329E-16,-1.,0.));
#227 = ADVANCED_FACE('',(#228),#264,.F.);
#228 = FACE_BOUND('',#229,.F.);
#229 = EDGE_LOOP('',(#230,#240,#249,#257));
#230 = ORIENTED_EDGE('',*,*,#231,.T.);
#231 = EDGE_CURVE('',#232,#234,#236,.T.);
#232 = VERTEX_POINT('',#233);
#233 = CARTESIAN_POINT('',(17.0815,87.63,0.));
#234 = VERTEX_POINT('',#235);
#235 = CARTESIAN_POINT('',(17.0815,87.63,7.62));
#236 = LINE('',#237,#238);
#237 = CARTESIAN_POINT('',(17.0815,87.63,0.));
#238 = VECTOR('',#239,1.);
#239 = DIRECTION('',(-0.,-0.,1.));
#240 = ORIENTED_EDGE('',*,*,#241,.F.);
#241 = EDGE_CURVE('',#242,#234,#244,.T.);
#242 = VERTEX_POINT('',#243);
#243 = CARTESIAN_POINT('',(10.8585,87.63,7.62));
#244 = CIRCLE('',#245,3.1115);
#245 = AXIS2_PLACEMENT_3D('',#246,#247,#248);
#246 = CARTESIAN_POINT('',(13.97,87.63,7.62));
#247 = DIRECTION('',(0.,0.,1.));
#248 = DIRECTION('',(1.,0.,-0.));
#249 = ORIENTED_EDGE('',*,*,#250,.F.);
#250 = EDGE_CURVE('',#251,#242,#253,.T.);
#251 = VERTEX_POINT('',#252);
#252 = CARTESIAN_POINT('',(10.8585,87.63,0.));
#253 = LINE('',#254,#255);
#254 = CARTESIAN_POINT('',(10.8585,87.63,0.));
#255 = VECTOR('',#256,1.);
#256 = DIRECTION('',(-0.,-0.,1.));
#257 = ORIENTED_EDGE('',*,*,#258,.T.);
#258 = EDGE_CURVE('',#251,#232,#259,.T.);
#259 = CIRCLE('',#260,3.1115);
#260 = AXIS2_PLACEMENT_3D('',#261,#262,#263);
#261 = CARTESIAN_POINT('',(13.97,87.63,0.));
#262 = DIRECTION('',(0.,0.,1.));
#263 = DIRECTION('',(1.,0.,-0.));
#264 = CYLINDRICAL_SURFACE('',#265,3.1115);
#265 = AXIS2_PLACEMENT_3D('',#266,#267,#268);
#266 = CARTESIAN_POINT('',(13.97,87.63,0.));
#267 = DIRECTION('',(-0.,-0.,1.));
#268 = DIRECTION('',(1.,0.,0.));
#269 = ADVANCED_FACE('',(#270),#306,.F.);
#270 = FACE_BOUND('',#271,.F.);
#271 = EDGE_LOOP('',(#272,#282,#291,#299));
#272 = ORIENTED_EDGE('',*,*,#273,.T.);
#273 = EDGE_CURVE('',#274,#276,#278,.T.);
#274 = VERTEX_POINT('',#275);
#275 = CARTESIAN_POINT('',(17.0815,13.97,0.));
#276 = VERTEX_POINT('',#277);
#277 = CARTESIAN_POINT('',(17.0815,13.97,7.62));
#278 = LINE('',#279,#280);
#279 = CARTESIAN_POINT('',(17.0815,13.97,0.));
#280 = VECTOR('',#281,1.);
#281 = DIRECTION('',(-0.,-0.,1.));
#282 = ORIENTED_EDGE('',*,*,#283,.F.);
#283 = EDGE_CURVE('',#284,#276,#286,.T.);
#284 = VERTEX_POINT('',#285);
#285 = CARTESIAN_POINT('',(10.8585,13.97,7.62));
#286 = CIRCLE('',#287,3.1115);
#287 = AXIS2_PLACEMENT_3D('',#288,#289,#290);
#288 = CARTESIAN_POINT('',(13.97,13.97,7.62));
#289 = DIRECTION('',(0.,0.,1.));
#290 = DIRECTION('',(1.,0.,-0.));
#291 = ORIENTED_EDGE('',*,*,#292,.F.);
#292 = EDGE_CURVE('',#293,#284,#295,.T.);
#293 = VERTEX_POINT('',#294);
#294 = CARTESIAN_POINT('',(10.8585,13.97,0.));
#295 = LINE('',#296,#297);
#296 = CARTESIAN_POINT('',(10.8585,13.97,0.));
#297 = VECTOR('',#298,1.);
#298 = DIRECTION('',(-0.,-0.,1.));
#299 = ORIENTED_EDGE('',*,*,#300,.T.);
#300 = EDGE_CURVE('',#293,#274,#301,.T.);
#301 = CIRCLE('',#302,3.1115);
#302 = AXIS2_PLACEMENT_3D('',#303,#304,#305);
#303 = CARTESIAN_POINT('',(13.97,13.97,0.));
#304 = DIRECTION('',(0.,0.,1.));
#305 = DIRECTION('',(1.,0.,-0.));
#306 = CYLINDRICAL_SURFACE('',#307,3.1115);
#307 = AXIS2_PLACEMENT_3D('',#308,#309,#310);
#308 = CARTESIAN_POINT('',(13.97,13.97,0.));
#309 = DIRECTION('',(-0.,-0.,1.));
#310 = DIRECTION('',(1.,0.,0.));
#311 = ADVANCED_FACE('',(#312),#348,.F.);
#312 = FACE_BOUND('',#313,.F.);
#313 = EDGE_LOOP('',(#314,#324,#333,#341));
#314 = ORIENTED_EDGE('',*,*,#315,.T.);
#315 = EDGE_CURVE('',#316,#318,#320,.T.);
#316 = VERTEX_POINT('',#317);
#317 = CARTESIAN_POINT('',(217.7415,13.97,0.));
#318 = VERTEX_POINT('',#319);
#319 = CARTESIAN_POINT('',(217.7415,13.97,7.62));
#320 = LINE('',#321,#322);
#321 = CARTESIAN_POINT('',(217.7415,13.97,0.));
#322 = VECTOR('',#323,1.);
#323 = DIRECTION('',(-0.,-0.,1.));
#324 = ORIENTED_EDGE('',*,*,#325,.F.);
#325 = EDGE_CURVE('',#326,#318,#328,.T.);
#326 = VERTEX_POINT('',#327);
#327 = CARTESIAN_POINT('',(211.5185,13.97,7.62));
#328 = CIRCLE('',#329,3.1115);
#329 = AXIS2_PLACEMENT_3D('',#330,#331,#332);
#330 = CARTESIAN_POINT('',(214.63,13.97,7.62));
#331 = DIRECTION('',(0.,0.,1.));
#332 = DIRECTION('',(1.,0.,-0.));
#333 = ORIENTED_EDGE('',*,*,#334,.F.);
#334 = EDGE_CURVE('',#335,#326,#337,.T.);
#335 = VERTEX_POINT('',#336);
#336 = CARTESIAN_POINT('',(211.5185,13.97,0.));
#337 = LINE('',#338,#339);
#338 = CARTESIAN_POINT('',(211.5185,13.97,0.));
#339 = VECTOR('',#340,1.);
#340 = DIRECTION('',(-0.,-0.,1.));
#341 = ORIENTED_EDGE('',*,*,#342,.T.);
#342 = EDGE_CURVE('',#335,#316,#343,.T.);
#343 = CIRCLE('',#344,3.1115);
#344 = AXIS2_PLACEMENT_3D('',#345,#346,#347);
#345 = CARTESIAN_POINT('',(214.63,13.97,0.));
#346 = DIRECTION('',(0.,0.,1.));
#347 = DIRECTION('',(1.,0.,-0.));
#348 = CYLINDRICAL_SURFACE('',#349,3.1115);
#349 = AXIS2_PLACEMENT_3D('',#350,#351,#352);
#350 = CARTESIAN_POINT('',(214.63,13.97,0.));
#351 = DIRECTION('',(-0.,-0.,1.));
#352 = DIRECTION('',(1.,0.,0.));
#353 = ADVANCED_FACE('',(#354),#390,.F.);
#354 = FACE_BOUND('',#355,.F.);
#355 = EDGE_LOOP('',(#356,#366,#375,#383));
#356 = ORIENTED_EDGE('',*,*,#357,.T.);
#357 = EDGE_CURVE('',#358,#360,#362,.T.);
#358 = VERTEX_POINT('',#359);
#359 = CARTESIAN_POINT('',(144.0815,214.63,0.));
#360 = VERTEX_POINT('',#361);
#361 = CARTESIAN_POINT('',(144.0815,214.63,7.62));
#362 = LINE('',#363,#364);
#363 = CARTESIAN_POINT('',(144.0815,214.63,0.));
#364 = VECTOR('',#365,1.);
#365 = DIRECTION('',(-0.,-0.,1.));
#366 = ORIENTED_EDGE('',*,*,#367,.F.);
#367 = EDGE_CURVE('',#368,#360,#370,.T.);
#368 = VERTEX_POINT('',#369);
#369 = CARTESIAN_POINT('',(137.8585,214.63,7.62));
#370 = CIRCLE('',#371,3.1115);
#371 = AXIS2_PLACEMENT_3D('',#372,#373,#374);
#372 = CARTESIAN_POINT('',(140.97,214.63,7.62));
#373 = DIRECTION('',(0.,0.,1.));
#374 = DIRECTION('',(1.,0.,-0.));
#375 = ORIENTED_EDGE('',*,*,#376,.F.);
#376 = EDGE_CURVE('',#377,#368,#379,.T.);
#377 = VERTEX_POINT('',#378);
#378 = CARTESIAN_POINT('',(137.8585,214.63,0.));
#379 = LINE('',#380,#381);
#380 = CARTESIAN_POINT('',(137.8585,214.63,0.));
#381 = VECTOR('',#382,1.);
#382 = DIRECTION('',(-0.,-0.,1.));
#383 = ORIENTED_EDGE('',*,*,#384,.T.);
#384 = EDGE_CURVE('',#377,#358,#385,.T.);
#385 = CIRCLE('',#386,3.1115);
#386 = AXIS2_PLACEMENT_3D('',#387,#388,#389);
#387 = CARTESIAN_POINT('',(140.97,214.63,0.));
#388 = DIRECTION('',(0.,0.,1.));
#389 = DIRECTION('',(1.,0.,-0.));
#390 = CYLINDRICAL_SURFACE('',#391,3.1115);
#391 = AXIS2_PLACEMENT_3D('',#392,#393,#394);
#392 = CARTESIAN_POINT('',(140.97,214.63,0.));
#393 = DIRECTION('',(-0.,-0.,1.));
#394 = DIRECTION('',(1.,0.,0.));
#395 = ADVANCED_FACE('',(#396),#432,.F.);
#396 = FACE_BOUND('',#397,.F.);
#397 = EDGE_LOOP('',(#398,#408,#417,#425));
#398 = ORIENTED_EDGE('',*,*,#399,.T.);
#399 = EDGE_CURVE('',#400,#402,#404,.T.);
#400 = VERTEX_POINT('',#401);
#401 = CARTESIAN_POINT('',(217.7415,214.63,0.));
#402 = VERTEX_POINT('',#403);
#403 = CARTESIAN_POINT('',(217.7415,214.63,7.62));
#404 = LINE('',#405,#406);
#405 = CARTESIAN_POINT('',(217.7415,214.63,0.));
#406 = VECTOR('',#407,1.);
#407 = DIRECTION('',(-0.,-0.,1.));
#408 = ORIENTED_EDGE('',*,*,#409,.F.);
#409 = EDGE_CURVE('',#410,#402,#412,.T.);
#410 = VERTEX_POINT('',#411);
#411 = CARTESIAN_POINT('',(211.5185,214.63,7.62));
#412 = CIRCLE('',#413,3.1115);
#413 = AXIS2_PLACEMENT_3D('',#414,#415,#416);
#414 = CARTESIAN_POINT('',(214.63,214.63,7.62));
#415 = DIRECTION('',(0.,0.,1.));
#416 = DIRECTION('',(1.,0.,-0.));
#417 = ORIENTED_EDGE('',*,*,#418,.F.);
#418 = EDGE_CURVE('',#419,#410,#421,.T.);
#419 = VERTEX_POINT('',#420);
#420 = CARTESIAN_POINT('',(211.5185,214.63,0.));
#421 = LINE('',#422,#423);
#422 = CARTESIAN_POINT('',(211.5185,214.63,0.));
#423 = VECTOR('',#424,1.);
#424 = DIRECTION('',(-0.,-0.,1.));
#425 = ORIENTED_EDGE('',*,*,#426,.T.);
#426 = EDGE_CURVE('',#419,#400,#427,.T.);
#427 = CIRCLE('',#428,3.1115);
#428 = AXIS2_PLACEMENT_3D('',#429,#430,#431);
#429 = CARTESIAN_POINT('',(214.63,214.63,0.));
#430 = DIRECTION('',(0.,0.,1.));
#431 = DIRECTION('',(1.,0.,-0.));
#432 = CYLINDRICAL_SURFACE('',#433,3.1115);
#433 = AXIS2_PLACEMENT_3D('',#434,#435,#436);
#434 = CARTESIAN_POINT('',(214.63,214.63,0.));
#435 = DIRECTION('',(-0.,-0.,1.));
#436 = DIRECTION('',(1.,0.,0.));
#437 = ADVANCED_FACE('',(#438),#474,.F.);
#438 = FACE_BOUND('',#439,.F.);
#439 = EDGE_LOOP('',(#440,#450,#459,#467));
#440 = ORIENTED_EDGE('',*,*,#441,.T.);
#441 = EDGE_CURVE('',#442,#444,#446,.T.);
#442 = VERTEX_POINT('',#443);
#443 = CARTESIAN_POINT('',(6.0325,3.81,47.498));
#444 = VERTEX_POINT('',#445);
#445 = CARTESIAN_POINT('',(6.0325,3.81,50.8));
#446 = LINE('',#447,#448);
#447 = CARTESIAN_POINT('',(6.0325,3.81,47.498));
#448 = VECTOR('',#449,1.);
#449 = DIRECTION('',(-0.,-0.,1.));
#450 = ORIENTED_EDGE('',*,*,#451,.F.);
#451 = EDGE_CURVE('',#452,#444,#454,.T.);
#452 = VERTEX_POINT('',#453);
#453 = CARTESIAN_POINT('',(1.5875,3.81,50.8));
#454 = CIRCLE('',#455,2.2225);
#455 = AXIS2_PLACEMENT_3D('',#456,#457,#458);
#456 = CARTESIAN_POINT('',(3.81,3.81,50.8));
#457 = DIRECTION('',(0.,0.,1.));
#458 = DIRECTION('',(1.,0.,-0.));
#459 = ORIENTED_EDGE('',*,*,#460,.F.);
#460 = EDGE_CURVE('',#461,#452,#463,.T.);
#461 = VERTEX_POINT('',#462);
#462 = CARTESIAN_POINT('',(1.5875,3.81,47.498));
#463 = LINE('',#464,#465);
#464 = CARTESIAN_POINT('',(1.5875,3.81,47.498));
#465 = VECTOR('',#466,1.);
#466 = DIRECTION('',(-0.,-0.,1.));
#467 = ORIENTED_EDGE('',*,*,#468,.T.);
#468 = EDGE_CURVE('',#461,#442,#469,.T.);
#469 = CIRCLE('',#470,2.2225);
#470 = AXIS2_PLACEMENT_3D('',#471,#472,#473);
#471 = CARTESIAN_POINT('',(3.81,3.81,47.498));
#472 = DIRECTION('',(0.,0.,1.));
#473 = DIRECTION('',(1.,0.,-0.));
#474 = CYLINDRICAL_SURFACE('',#475,2.2225);
#475 = AXIS2_PLACEMENT_3D('',#476,#477,#478);
#476 = CARTESIAN_POINT('',(3.81,3.81,47.498));
#477 = DIRECTION('',(-0.,-0.,1.));
#478 = DIRECTION('',(1.,0.,0.));
#479 = ADVANCED_FACE('',(#480),#516,.F.);
#480 = FACE_BOUND('',#481,.F.);
#481 = EDGE_LOOP('',(#482,#492,#501,#509));
#482 = ORIENTED_EDGE('',*,*,#483,.T.);
#483 = EDGE_CURVE('',#484,#486,#488,.T.);
#484 = VERTEX_POINT('',#485);
#485 = CARTESIAN_POINT('',(6.0325,97.79,47.498));
#486 = VERTEX_POINT('',#487);
#487 = CARTESIAN_POINT('',(6.0325,97.79,50.8));
#488 = LINE('',#489,#490);
#489 = CARTESIAN_POINT('',(6.0325,97.79,47.498));
#490 = VECTOR('',#491,1.);
#491 = DIRECTION('',(-0.,-0.,1.));
#492 = ORIENTED_EDGE('',*,*,#493,.F.);
#493 = EDGE_CURVE('',#494,#486,#496,.T.);
#494 = VERTEX_POINT('',#495);
#495 = CARTESIAN_POINT('',(1.5875,97.79,50.8));
#496 = CIRCLE('',#497,2.2225);
#497 = AXIS2_PLACEMENT_3D('',#498,#499,#500);
#498 = CARTESIAN_POINT('',(3.81,97.79,50.8));
#499 = DIRECTION('',(0.,0.,1.));
#500 = DIRECTION('',(1.,0.,-0.));
#501 = ORIENTED_EDGE('',*,*,#502,.F.);
#502 = EDGE_CURVE('',#503,#494,#505,.T.);
#503 = VERTEX_POINT('',#504);
#504 = CARTESIAN_POINT('',(1.5875,97.79,47.498));
#505 = LINE('',#506,#507);
#506 = CARTESIAN_POINT('',(1.5875,97.79,47.498));
#507 = VECTOR('',#508,1.);
#508 = DIRECTION('',(-0.,-0.,1.));
#509 = ORIENTED_EDGE('',*,*,#510,.T.);
#510 = EDGE_CURVE('',#503,#484,#511,.T.);
#511 = CIRCLE('',#512,2.2225);
#512 = AXIS2_PLACEMENT_3D('',#513,#514,#515);
#513 = CARTESIAN_POINT('',(3.81,97.79,47.498));
#514 = DIRECTION('',(0.,0.,1.));
#515 = DIRECTION('',(1.,0.,-0.));
#516 = CYLINDRICAL_SURFACE('',#517,2.2225);
#517 = AXIS2_PLACEMENT_3D('',#518,#519,#520);
#518 = CARTESIAN_POINT('',(3.81,97.79,47.498));
#519 = DIRECTION('',(-0.,-0.,1.));
#520 = DIRECTION('',(1.,0.,0.));
#521 = ADVANCED_FACE('',(#522),#558,.F.);
#522 = FACE_BOUND('',#523,.F.);
#523 = EDGE_LOOP('',(#524,#534,#543,#551));
#524 = ORIENTED_EDGE('',*,*,#525,.T.);
#525 = EDGE_CURVE('',#526,#528,#530,.T.);
#526 = VERTEX_POINT('',#527);
#527 = CARTESIAN_POINT('',(133.0325,219.71,47.498));
#528 = VERTEX_POINT('',#529);
#529 = CARTESIAN_POINT('',(133.0325,219.71,50.8));
#530 = LINE('',#531,#532);
#531 = CARTESIAN_POINT('',(133.0325,219.71,47.498));
#532 = VECTOR('',#533,1.);
#533 = DIRECTION('',(-0.,-0.,1.));
#534 = ORIENTED_EDGE('',*,*,#535,.F.);
#535 = EDGE_CURVE('',#536,#528,#538,.T.);
#536 = VERTEX_POINT('',#537);
#537 = CARTESIAN_POINT('',(128.5875,219.71,50.8));
#538 = CIRCLE('',#539,2.2225);
#539 = AXIS2_PLACEMENT_3D('',#540,#541,#542);
#540 = CARTESIAN_POINT('',(130.81,219.71,50.8));
#541 = DIRECTION('',(0.,0.,1.));
#542 = DIRECTION('',(1.,0.,-0.));
#543 = ORIENTED_EDGE('',*,*,#544,.F.);
#544 = EDGE_CURVE('',#545,#536,#547,.T.);
#545 = VERTEX_POINT('',#546);
#546 = CARTESIAN_POINT('',(128.5875,219.71,47.498));
#547 = LINE('',#548,#549);
#548 = CARTESIAN_POINT('',(128.5875,219.71,47.498));
#549 = VECTOR('',#550,1.);
#550 = DIRECTION('',(-0.,-0.,1.));
#551 = ORIENTED_EDGE('',*,*,#552,.T.);
#552 = EDGE_CURVE('',#545,#526,#553,.T.);
#553 = CIRCLE('',#554,2.2225);
#554 = AXIS2_PLACEMENT_3D('',#555,#556,#557);
#555 = CARTESIAN_POINT('',(130.81,219.71,47.498));
#556 = DIRECTION('',(0.,0.,1.));
#557 = DIRECTION('',(1.,0.,-0.));
#558 = CYLINDRICAL_SURFACE('',#559,2.2225);
#559 = AXIS2_PLACEMENT_3D('',#560,#561,#562);
#560 = CARTESIAN_POINT('',(130.81,219.71,47.498));
#561 = DIRECTION('',(-0.,-0.,1.));
#562 = DIRECTION('',(1.,0.,0.));
#563 = ADVANCED_FACE('',(#564),#600,.F.);
#564 = FACE_BOUND('',#565,.F.);
#565 = EDGE_LOOP('',(#566,#576,#585,#593));
#566 = ORIENTED_EDGE('',*,*,#567,.T.);
#567 = EDGE_CURVE('',#568,#570,#572,.T.);
#568 = VERTEX_POINT('',#569);
#569 = CARTESIAN_POINT('',(227.0125,219.71,47.498));
#570 = VERTEX_POINT('',#571);
#571 = CARTESIAN_POINT('',(227.0125,219.71,50.8));
#572 = LINE('',#573,#574);
#573 = CARTESIAN_POINT('',(227.0125,219.71,47.498));
#574 = VECTOR('',#575,1.);
#575 = DIRECTION('',(-0.,-0.,1.));
#576 = ORIENTED_EDGE('',*,*,#577,.F.);
#577 = EDGE_CURVE('',#578,#570,#580,.T.);
#578 = VERTEX_POINT('',#579);
#579 = CARTESIAN_POINT('',(222.5675,219.71,50.8));
#580 = CIRCLE('',#581,2.2225);
#581 = AXIS2_PLACEMENT_3D('',#582,#583,#584);
#582 = CARTESIAN_POINT('',(224.79,219.71,50.8));
#583 = DIRECTION('',(0.,0.,1.));
#584 = DIRECTION('',(1.,0.,-0.));
#585 = ORIENTED_EDGE('',*,*,#586,.F.);
#586 = EDGE_CURVE('',#587,#578,#589,.T.);
#587 = VERTEX_POINT('',#588);
#588 = CARTESIAN_POINT('',(222.5675,219.71,47.498));
#589 = LINE('',#590,#591);
#590 = CARTESIAN_POINT('',(222.5675,219.71,47.498));
#591 = VECTOR('',#592,1.);
#592 = DIRECTION('',(-0.,-0.,1.));
#593 = ORIENTED_EDGE('',*,*,#594,.T.);
#594 = EDGE_CURVE('',#587,#568,#595,.T.);
#595 = CIRCLE('',#596,2.2225);
#596 = AXIS2_PLACEMENT_3D('',#597,#598,#599);
#597 = CARTESIAN_POINT('',(224.79,219.71,47.498));
#598 = DIRECTION('',(0.,0.,1.));
#599 = DIRECTION('',(1.,0.,-0.));
#600 = CYLINDRICAL_SURFACE('',#601,2.2225);
#601 = AXIS2_PLACEMENT_3D('',#602,#603,#604);
#602 = CARTESIAN_POINT('',(224.79,219.71,47.498));
#603 = DIRECTION('',(-0.,-0.,1.));
#604 = DIRECTION('',(1.,0.,0.));
#605 = ADVANCED_FACE('',(#606),#642,.F.);
#606 = FACE_BOUND('',#607,.F.);
#607 = EDGE_LOOP('',(#608,#618,#627,#635));
#608 = ORIENTED_EDGE('',*,*,#609,.T.);
#609 = EDGE_CURVE('',#610,#612,#614,.T.);
#610 = VERTEX_POINT('',#611);
#611 = CARTESIAN_POINT('',(227.0125,3.81,47.498));
#612 = VERTEX_POINT('',#613);
#613 = CARTESIAN_POINT('',(227.0125,3.81,50.8));
#614 = LINE('',#615,#616);
#615 = CARTESIAN_POINT('',(227.0125,3.81,47.498));
#616 = VECTOR('',#617,1.);
#617 = DIRECTION('',(-0.,-0.,1.));
#618 = ORIENTED_EDGE('',*,*,#619,.F.);
#619 = EDGE_CURVE('',#620,#612,#622,.T.);
#620 = VERTEX_POINT('',#621);
#621 = CARTESIAN_POINT('',(222.5675,3.81,50.8));
#622 = CIRCLE('',#623,2.2225);
#623 = AXIS2_PLACEMENT_3D('',#624,#625,#626);
#624 = CARTESIAN_POINT('',(224.79,3.81,50.8));
#625 = DIRECTION('',(0.,0.,1.));
#626 = DIRECTION('',(1.,0.,-0.));
#627 = ORIENTED_EDGE('',*,*,#628,.F.);
#628 = EDGE_CURVE('',#629,#620,#631,.T.);
#629 = VERTEX_POINT('',#630);
#630 = CARTESIAN_POINT('',(222.5675,3.81,47.498));
#631 = LINE('',#632,#633);
#632 = CARTESIAN_POINT('',(222.5675,3.81,47.498));
#633 = VECTOR('',#634,1.);
#634 = DIRECTION('',(-0.,-0.,1.));
#635 = ORIENTED_EDGE('',*,*,#636,.T.);
#636 = EDGE_CURVE('',#629,#610,#637,.T.);
#637 = CIRCLE('',#638,2.2225);
#638 = AXIS2_PLACEMENT_3D('',#639,#640,#641);
#639 = CARTESIAN_POINT('',(224.79,3.81,47.498));
#640 = DIRECTION('',(0.,0.,1.));
#641 = DIRECTION('',(1.,0.,-0.));
#642 = CYLINDRICAL_SURFACE('',#643,2.2225);
#643 = AXIS2_PLACEMENT_3D('',#644,#645,#646);
#644 = CARTESIAN_POINT('',(224.79,3.81,47.498));
#645 = DIRECTION('',(-0.,-0.,1.));
#646 = DIRECTION('',(1.,0.,0.));
#647 = ADVANCED_FACE('',(#648),#684,.F.);
#648 = FACE_BOUND('',#649,.F.);
#649 = EDGE_LOOP('',(#650,#660,#669,#677));
#650 = ORIENTED_EDGE('',*,*,#651,.T.);
#651 = EDGE_CURVE('',#652,#654,#656,.T.);
#652 = VERTEX_POINT('',#653);
#653 = CARTESIAN_POINT('',(29.21,7.62,12.7));
#654 = VERTEX_POINT('',#655);
#655 = CARTESIAN_POINT('',(29.21,0.,12.7));
#656 = LINE('',#657,#658);
#657 = CARTESIAN_POINT('',(29.21,7.62,12.7));
#658 = VECTOR('',#659,1.);
#659 = DIRECTION('',(-0.,-1.,-0.));
#660 = ORIENTED_EDGE('',*,*,#661,.F.);
#661 = EDGE_CURVE('',#662,#654,#664,.T.);
#662 = VERTEX_POINT('',#663);
#663 = CARTESIAN_POINT('',(29.21,0.,38.1));
#664 = CIRCLE('',#665,12.7);
#665 = AXIS2_PLACEMENT_3D('',#666,#667,#668);
#666 = CARTESIAN_POINT('',(29.21,0.,25.4));
#667 = DIRECTION('',(0.,-1.,0.));
#668 = DIRECTION('',(0.,0.,-1.));
#669 = ORIENTED_EDGE('',*,*,#670,.F.);
#670 = EDGE_CURVE('',#671,#662,#673,.T.);
#671 = VERTEX_POINT('',#672);
#672 = CARTESIAN_POINT('',(29.21,7.62,38.1));
#673 = LINE('',#674,#675);
#674 = CARTESIAN_POINT('',(29.21,7.62,38.1));
#675 = VECTOR('',#676,1.);
#676 = DIRECTION('',(-0.,-1.,-0.));
#677 = ORIENTED_EDGE('',*,*,#678,.T.);
#678 = EDGE_CURVE('',#671,#652,#679,.T.);
#679 = CIRCLE('',#680,12.7);
#680 = AXIS2_PLACEMENT_3D('',#681,#682,#683);
#681 = CARTESIAN_POINT('',(29.21,7.62,25.4));
#682 = DIRECTION('',(0.,-1.,0.));
#683 = DIRECTION('',(0.,0.,-1.));
#684 = CYLINDRICAL_SURFACE('',#685,12.7);
#685 = AXIS2_PLACEMENT_3D('',#686,#687,#688);
#686 = CARTESIAN_POINT('',(29.21,7.62,25.4));
#687 = DIRECTION('',(-0.,-1.,-0.));
#688 = DIRECTION('',(0.,0.,-1.));
#689 = ADVANCED_FACE('',(#690),#726,.F.);
#690 = FACE_BOUND('',#691,.F.);
#691 = EDGE_LOOP('',(#692,#702,#711,#719));
#692 = ORIENTED_EDGE('',*,*,#693,.T.);
#693 = EDGE_CURVE('',#694,#696,#698,.T.);
#694 = VERTEX_POINT('',#695);
#695 = CARTESIAN_POINT('',(72.39,7.62,12.7));
#696 = VERTEX_POINT('',#697);
#697 = CARTESIAN_POINT('',(72.39,0.,12.7));
#698 = LINE('',#699,#700);
#699 = CARTESIAN_POINT('',(72.39,7.62,12.7));
#700 = VECTOR('',#701,1.);
#701 = DIRECTION('',(-0.,-1.,-0.));
#702 = ORIENTED_EDGE('',*,*,#703,.F.);
#703 = EDGE_CURVE('',#704,#696,#706,.T.);
#704 = VERTEX_POINT('',#705);
#705 = CARTESIAN_POINT('',(72.39,0.,38.1));
#706 = CIRCLE('',#707,12.7);
#707 = AXIS2_PLACEMENT_3D('',#708,#709,#710);
#708 = CARTESIAN_POINT('',(72.39,0.,25.4));
#709 = DIRECTION('',(0.,-1.,0.));
#710 = DIRECTION('',(0.,0.,-1.));
#711 = ORIENTED_EDGE('',*,*,#712,.F.);
#712 = EDGE_CURVE('',#713,#704,#715,.T.);
#713 = VERTEX_POINT('',#714);
#714 = CARTESIAN_POINT('',(72.39,7.62,38.1));
#715 = LINE('',#716,#717);
#716 = CARTESIAN_POINT('',(72.39,7.62,38.1));
#717 = VECTOR('',#718,1.);
#718 = DIRECTION('',(-0.,-1.,-0.));
#719 = ORIENTED_EDGE('',*,*,#720,.T.);
#720 = EDGE_CURVE('',#713,#694,#721,.T.);
#721 = CIRCLE('',#722,12.7);
#722 = AXIS2_PLACEMENT_3D('',#723,#724,#725);
#723 = CARTESIAN_POINT('',(72.39,7.62,25.4));
#724 = DIRECTION('',(0.,-1.,0.));
#725 = DIRECTION('',(0.,0.,-1.));
#726 = CYLINDRICAL_SURFACE('',#727,12.7);
#727 = AXIS2_PLACEMENT_3D('',#728,#729,#730);
#728 = CARTESIAN_POINT('',(72.39,7.62,25.4));
#729 = DIRECTION('',(-0.,-1.,-0.));
#730 = DIRECTION('',(0.,0.,-1.));
#731 = ADVANCED_FACE('',(#732),#768,.F.);
#732 = FACE_BOUND('',#733,.F.);
#733 = EDGE_LOOP('',(#734,#744,#753,#761));
#734 = ORIENTED_EDGE('',*,*,#735,.T.);
#735 = EDGE_CURVE('',#736,#738,#740,.T.);
#736 = VERTEX_POINT('',#737);
#737 = CARTESIAN_POINT('',(220.98,43.18,20.319999999998));
#738 = VERTEX_POINT('',#739);
#739 = CARTESIAN_POINT('',(228.6,43.18,20.319999999998));
#740 = LINE('',#741,#742);
#741 = CARTESIAN_POINT('',(220.98,43.18,20.319999999998));
#742 = VECTOR('',#743,1.);
#743 = DIRECTION('',(1.,6.070773319254E-17,-0.));
#744 = ORIENTED_EDGE('',*,*,#745,.F.);
#745 = EDGE_CURVE('',#746,#738,#748,.T.);
#746 = VERTEX_POINT('',#747);
#747 = CARTESIAN_POINT('',(228.6,38.1,20.319999999998));
#748 = CIRCLE('',#749,2.54);
#749 = AXIS2_PLACEMENT_3D('',#750,#751,#752);
#750 = CARTESIAN_POINT('',(228.6,40.64,20.319999999998));
#751 = DIRECTION('',(1.,6.070773319254E-17,0.));
#752 = DIRECTION('',(-6.070773319254E-17,1.,0.));
#753 = ORIENTED_EDGE('',*,*,#754,.F.);
#754 = EDGE_CURVE('',#755,#746,#757,.T.);
#755 = VERTEX_POINT('',#756);
#756 = CARTESIAN_POINT('',(220.98,38.1,20.319999999998));
#757 = LINE('',#758,#759);
#758 = CARTESIAN_POINT('',(220.98,38.1,20.319999999998));
#759 = VECTOR('',#760,1.);
#760 = DIRECTION('',(1.,6.070773319254E-17,-0.));
#761 = ORIENTED_EDGE('',*,*,#762,.T.);
#762 = EDGE_CURVE('',#755,#736,#763,.T.);
#763 = CIRCLE('',#764,2.54);
#764 = AXIS2_PLACEMENT_3D('',#765,#766,#767);
#765 = CARTESIAN_POINT('',(220.98,40.64,20.319999999998));
#766 = DIRECTION('',(1.,6.070773319254E-17,0.));
#767 = DIRECTION('',(-6.070773319254E-17,1.,0.));
#768 = CYLINDRICAL_SURFACE('',#769,2.54);
#769 = AXIS2_PLACEMENT_3D('',#770,#771,#772);
#770 = CARTESIAN_POINT('',(220.98,40.64,20.319999999998));
#771 = DIRECTION('',(1.,6.070773319254E-17,-0.));
#772 = DIRECTION('',(-6.070773319254E-17,1.,0.));
#773 = ADVANCED_FACE('',(#774),#810,.F.);
#774 = FACE_BOUND('',#775,.F.);
#775 = EDGE_LOOP('',(#776,#786,#795,#803));
#776 = ORIENTED_EDGE('',*,*,#777,.T.);
#777 = EDGE_CURVE('',#778,#780,#782,.T.);
#778 = VERTEX_POINT('',#779);
#779 = CARTESIAN_POINT('',(220.98,43.18,30.479999999998));
#780 = VERTEX_POINT('',#781);
#781 = CARTESIAN_POINT('',(228.6,43.18,30.479999999998));
#782 = LINE('',#783,#784);
#783 = CARTESIAN_POINT('',(220.98,43.18,30.479999999998));
#784 = VECTOR('',#785,1.);
#785 = DIRECTION('',(1.,6.070773319254E-17,-0.));
#786 = ORIENTED_EDGE('',*,*,#787,.F.);
#787 = EDGE_CURVE('',#788,#780,#790,.T.);
#788 = VERTEX_POINT('',#789);
#789 = CARTESIAN_POINT('',(228.6,38.1,30.479999999998));
#790 = CIRCLE('',#791,2.54);
#791 = AXIS2_PLACEMENT_3D('',#792,#793,#794);
#792 = CARTESIAN_POINT('',(228.6,40.64,30.479999999998));
#793 = DIRECTION('',(1.,6.070773319254E-17,0.));
#794 = DIRECTION('',(-6.070773319254E-17,1.,0.));
#795 = ORIENTED_EDGE('',*,*,#796,.F.);
#796 = EDGE_CURVE('',#797,#788,#799,.T.);
#797 = VERTEX_POINT('',#798);
#798 = CARTESIAN_POINT('',(220.98,38.1,30.479999999998));
#799 = LINE('',#800,#801);
#800 = CARTESIAN_POINT('',(220.98,38.1,30.479999999998));
#801 = VECTOR('',#802,1.);
#802 = DIRECTION('',(1.,6.070773319254E-17,-0.));
#803 = ORIENTED_EDGE('',*,*,#804,.T.);
#804 = EDGE_CURVE('',#797,#778,#805,.T.);
#805 = CIRCLE('',#806,2.54);
#806 = AXIS2_PLACEMENT_3D('',#807,#808,#809);
#807 = CARTESIAN_POINT('',(220.98,40.64,30.479999999998));
#808 = DIRECTION('',(1.,6.070773319254E-17,0.));
#809 = DIRECTION('',(-6.070773319254E-17,1.,0.));
#810 = CYLINDRICAL_SURFACE('',#811,2.54);
#811 = AXIS2_PLACEMENT_3D('',#812,#813,#814);
#812 = CARTESIAN_POINT('',(220.98,40.64,30.479999999998));
#813 = DIRECTION('',(1.,6.070773319254E-17,-0.));
#814 = DIRECTION('',(-6.070773319254E-17,1.,0.));
#815 = ADVANCED_FACE('',(#816),#852,.F.);
#816 = FACE_BOUND('',#817,.F.);
#817 = EDGE_LOOP('',(#818,#828,#837,#845));
#818 = ORIENTED_EDGE('',*,*,#819,.T.);
#819 = EDGE_CURVE('',#820,#822,#824,.T.);
#820 = VERTEX_POINT('',#821);
#821 = CARTESIAN_POINT('',(220.98,63.5,20.319999999998));
#822 = VERTEX_POINT('',#823);
#823 = CARTESIAN_POINT('',(228.6,63.5,20.319999999998));
#824 = LINE('',#825,#826);
#825 = CARTESIAN_POINT('',(220.98,63.5,20.319999999998));
#826 = VECTOR('',#827,1.);
#827 = DIRECTION('',(1.,6.070773319254E-17,-0.));
#828 = ORIENTED_EDGE('',*,*,#829,.F.);
#829 = EDGE_CURVE('',#830,#822,#832,.T.);
#830 = VERTEX_POINT('',#831);
#831 = CARTESIAN_POINT('',(228.6,58.42,20.319999999998));
#832 = CIRCLE('',#833,2.54);
#833 = AXIS2_PLACEMENT_3D('',#834,#835,#836);
#834 = CARTESIAN_POINT('',(228.6,60.96,20.319999999998));
#835 = DIRECTION('',(1.,6.070773319254E-17,0.));
#836 = DIRECTION('',(-6.070773319254E-17,1.,0.));
#837 = ORIENTED_EDGE('',*,*,#838,.F.);
#838 = EDGE_CURVE('',#839,#830,#841,.T.);
#839 = VERTEX_POINT('',#840);
#840 = CARTESIAN_POINT('',(220.98,58.42,20.319999999998));
#841 = LINE('',#842,#843);
#842 = CARTESIAN_POINT('',(220.98,58.42,20.319999999998));
#843 = VECTOR('',#844,1.);
#844 = DIRECTION('',(1.,6.070773319254E-17,-0.));
#845 = ORIENTED_EDGE('',*,*,#846,.T.);
#846 = EDGE_CURVE('',#839,#820,#847,.T.);
#847 = CIRCLE('',#848,2.54);
#848 = AXIS2_PLACEMENT_3D('',#849,#850,#851);
#849 = CARTESIAN_POINT('',(220.98,60.96,20.319999999998));
#850 = DIRECTION('',(1.,6.070773319254E-17,0.));
#851 = DIRECTION('',(-6.070773319254E-17,1.,0.));
#852 = CYLINDRICAL_SURFACE('',#853,2.54);
#853 = AXIS2_PLACEMENT_3D('',#854,#855,#856);
#854 = CARTESIAN_POINT('',(220.98,60.96,20.319999999998));
#855 = DIRECTION('',(1.,6.070773319254E-17,-0.));
#856 = DIRECTION('',(-6.070773319254E-17,1.,0.));
#857 = ADVANCED_FACE('',(#858),#894,.F.);
#858 = FACE_BOUND('',#859,.F.);
#859 = EDGE_LOOP('',(#860,#870,#879,#887));
#860 = ORIENTED_EDGE('',*,*,#861,.T.);
#861 = EDGE_CURVE('',#862,#864,#866,.T.);
#862 = VERTEX_POINT('',#863);
#863 = CARTESIAN_POINT('',(220.98,63.5,30.479999999998));
#864 = VERTEX_POINT('',#865);
#865 = CARTESIAN_POINT('',(228.6,63.5,30.479999999998));
#866 = LINE('',#867,#868);
#867 = CARTESIAN_POINT('',(220.98,63.5,30.479999999998));
#868 = VECTOR('',#869,1.);
#869 = DIRECTION('',(1.,6.070773319254E-17,-0.));
#870 = ORIENTED_EDGE('',*,*,#871,.F.);
#871 = EDGE_CURVE('',#872,#864,#874,.T.);
#872 = VERTEX_POINT('',#873);
#873 = CARTESIAN_POINT('',(228.6,58.42,30.479999999998));
#874 = CIRCLE('',#875,2.54);
#875 = AXIS2_PLACEMENT_3D('',#876,#877,#878);
#876 = CARTESIAN_POINT('',(228.6,60.96,30.479999999998));
#877 = DIRECTION('',(1.,6.070773319254E-17,0.));
#878 = DIRECTION('',(-6.070773319254E-17,1.,0.));
#879 = ORIENTED_EDGE('',*,*,#880,.F.);
#880 = EDGE_CURVE('',#881,#872,#883,.T.);
#881 = VERTEX_POINT('',#882);
#882 = CARTESIAN_POINT('',(220.98,58.42,30.479999999998));
#883 = LINE('',#884,#885);
#884 = CARTESIAN_POINT('',(220.98,58.42,30.479999999998));
#885 = VECTOR('',#886,1.);
#886 = DIRECTION('',(1.,6.070773319254E-17,-0.));
#887 = ORIENTED_EDGE('',*,*,#888,.T.);
#888 = EDGE_CURVE('',#881,#862,#889,.T.);
#889 = CIRCLE('',#890,2.54);
#890 = AXIS2_PLACEMENT_3D('',#891,#892,#893);
#891 = CARTESIAN_POINT('',(220.98,60.96,30.479999999998));
#892 = DIRECTION('',(1.,6.070773319254E-17,0.));
#893 = DIRECTION('',(-6.070773319254E-17,1.,0.));
#894 = CYLINDRICAL_SURFACE('',#895,2.54);
#895 = AXIS2_PLACEMENT_3D('',#896,#897,#898);
#896 = CARTESIAN_POINT('',(220.98,60.96,30.479999999998));
#897 = DIRECTION('',(1.,6.070773319254E-17,-0.));
#898 = DIRECTION('',(-6.070773319254E-17,1.,0.));
#899 = ADVANCED_FACE('',(#900),#936,.F.);
#900 = FACE_BOUND('',#901,.F.);
#901 = EDGE_LOOP('',(#902,#912,#921,#929));
#902 = ORIENTED_EDGE('',*,*,#903,.T.);
#903 = EDGE_CURVE('',#904,#906,#908,.T.);
#904 = VERTEX_POINT('',#905);
#905 = CARTESIAN_POINT('',(220.98,53.34,30.479999999998));
#906 = VERTEX_POINT('',#907);
#907 = CARTESIAN_POINT('',(228.6,53.34,30.479999999998));
#908 = LINE('',#909,#910);
#909 = CARTESIAN_POINT('',(220.98,53.34,30.479999999998));
#910 = VECTOR('',#911,1.);
#911 = DIRECTION('',(1.,6.070773319254E-17,-0.));
#912 = ORIENTED_EDGE('',*,*,#913,.F.);
#913 = EDGE_CURVE('',#914,#906,#916,.T.);
#914 = VERTEX_POINT('',#915);
#915 = CARTESIAN_POINT('',(228.6,48.26,30.479999999998));
#916 = CIRCLE('',#917,2.54);
#917 = AXIS2_PLACEMENT_3D('',#918,#919,#920);
#918 = CARTESIAN_POINT('',(228.6,50.8,30.479999999998));
#919 = DIRECTION('',(1.,6.070773319254E-17,0.));
#920 = DIRECTION('',(-6.070773319254E-17,1.,0.));
#921 = ORIENTED_EDGE('',*,*,#922,.F.);
#922 = EDGE_CURVE('',#923,#914,#925,.T.);
#923 = VERTEX_POINT('',#924);
#924 = CARTESIAN_POINT('',(220.98,48.26,30.479999999998));
#925 = LINE('',#926,#927);
#926 = CARTESIAN_POINT('',(220.98,48.26,30.479999999998));
#927 = VECTOR('',#928,1.);
#928 = DIRECTION('',(1.,6.070773319254E-17,-0.));
#929 = ORIENTED_EDGE('',*,*,#930,.T.);
#930 = EDGE_CURVE('',#923,#904,#931,.T.);
#931 = CIRCLE('',#932,2.54);
#932 = AXIS2_PLACEMENT_3D('',#933,#934,#935);
#933 = CARTESIAN_POINT('',(220.98,50.8,30.479999999998));
#934 = DIRECTION('',(1.,6.070773319254E-17,0.));
#935 = DIRECTION('',(-6.070773319254E-17,1.,0.));
#936 = CYLINDRICAL_SURFACE('',#937,2.54);
#937 = AXIS2_PLACEMENT_3D('',#938,#939,#940);
#938 = CARTESIAN_POINT('',(220.98,50.8,30.479999999998));
#939 = DIRECTION('',(1.,6.070773319254E-17,-0.));
#940 = DIRECTION('',(-6.070773319254E-17,1.,0.));
#941 = ADVANCED_FACE('',(#942),#987,.F.);
#942 = FACE_BOUND('',#943,.F.);
#943 = EDGE_LOOP('',(#944,#955,#963,#972,#980));
#944 = ORIENTED_EDGE('',*,*,#945,.T.);
#945 = EDGE_CURVE('',#946,#948,#950,.T.);
#946 = VERTEX_POINT('',#947);
#947 = CARTESIAN_POINT('',(220.98,60.96,7.62));
#948 = VERTEX_POINT('',#949);
#949 = CARTESIAN_POINT('',(220.98,63.5,10.159999999998));
#950 = CIRCLE('',#951,2.54);
#951 = AXIS2_PLACEMENT_3D('',#952,#953,#954);
#952 = CARTESIAN_POINT('',(220.98,60.96,10.159999999998));
#953 = DIRECTION('',(1.,6.070773319254E-17,0.));
#954 = DIRECTION('',(-6.070773319254E-17,1.,0.));
#955 = ORIENTED_EDGE('',*,*,#956,.T.);
#956 = EDGE_CURVE('',#948,#957,#959,.T.);
#957 = VERTEX_POINT('',#958);
#958 = CARTESIAN_POINT('',(228.6,63.5,10.159999999998));
#959 = LINE('',#960,#961);
#960 = CARTESIAN_POINT('',(220.98,63.5,10.159999999998));
#961 = VECTOR('',#962,1.);
#962 = DIRECTION('',(1.,6.070773319254E-17,-0.));
#963 = ORIENTED_EDGE('',*,*,#964,.F.);
#964 = EDGE_CURVE('',#965,#957,#967,.T.);
#965 = VERTEX_POINT('',#966);
#966 = CARTESIAN_POINT('',(228.6,58.42,10.159999999998));
#967 = CIRCLE('',#968,2.54);
#968 = AXIS2_PLACEMENT_3D('',#969,#970,#971);
#969 = CARTESIAN_POINT('',(228.6,60.96,10.159999999998));
#970 = DIRECTION('',(1.,6.070773319254E-17,0.));
#971 = DIRECTION('',(-6.070773319254E-17,1.,0.));
#972 = ORIENTED_EDGE('',*,*,#973,.F.);
#973 = EDGE_CURVE('',#974,#965,#976,.T.);
#974 = VERTEX_POINT('',#975);
#975 = CARTESIAN_POINT('',(220.98,58.42,10.159999999998));
#976 = LINE('',#977,#978);
#977 = CARTESIAN_POINT('',(220.98,58.42,10.159999999998));
#978 = VECTOR('',#979,1.);
#979 = DIRECTION('',(1.,6.070773319254E-17,-0.));
#980 = ORIENTED_EDGE('',*,*,#981,.T.);
#981 = EDGE_CURVE('',#974,#946,#982,.T.);
#982 = CIRCLE('',#983,2.54);
#983 = AXIS2_PLACEMENT_3D('',#984,#985,#986);
#984 = CARTESIAN_POINT('',(220.98,60.96,10.159999999998));
#985 = DIRECTION('',(1.,6.070773319254E-17,0.));
#986 = DIRECTION('',(-6.070773319254E-17,1.,0.));
#987 = CYLINDRICAL_SURFACE('',#988,2.54);
#988 = AXIS2_PLACEMENT_3D('',#989,#990,#991);
#989 = CARTESIAN_POINT('',(220.98,60.96,10.159999999998));
#990 = DIRECTION('',(1.,6.070773319254E-17,-0.));
#991 = DIRECTION('',(-6.070773319254E-17,1.,0.));
#992 = ADVANCED_FACE('',(#993),#1029,.F.);
#993 = FACE_BOUND('',#994,.F.);
#994 = EDGE_LOOP('',(#995,#1005,#1014,#1022));
#995 = ORIENTED_EDGE('',*,*,#996,.T.);
#996 = EDGE_CURVE('',#997,#999,#1001,.T.);
#997 = VERTEX_POINT('',#998);
#998 = CARTESIAN_POINT('',(220.98,22.86,20.319999999998));
#999 = VERTEX_POINT('',#1000);
#1000 = CARTESIAN_POINT('',(228.6,22.86,20.319999999998));
#1001 = LINE('',#1002,#1003);
#1002 = CARTESIAN_POINT('',(220.98,22.86,20.319999999998));
#1003 = VECTOR('',#1004,1.);
#1004 = DIRECTION('',(1.,6.070773319254E-17,-0.));
#1005 = ORIENTED_EDGE('',*,*,#1006,.F.);
#1006 = EDGE_CURVE('',#1007,#999,#1009,.T.);
#1007 = VERTEX_POINT('',#1008);
#1008 = CARTESIAN_POINT('',(228.6,17.78,20.319999999998));
#1009 = CIRCLE('',#1010,2.54);
#1010 = AXIS2_PLACEMENT_3D('',#1011,#1012,#1013);
#1011 = CARTESIAN_POINT('',(228.6,20.32,20.319999999998));
#1012 = DIRECTION('',(1.,6.070773319254E-17,0.));
#1013 = DIRECTION('',(-6.070773319254E-17,1.,0.));
#1014 = ORIENTED_EDGE('',*,*,#1015,.F.);
#1015 = EDGE_CURVE('',#1016,#1007,#1018,.T.);
#1016 = VERTEX_POINT('',#1017);
#1017 = CARTESIAN_POINT('',(220.98,17.78,20.319999999998));
#1018 = LINE('',#1019,#1020);
#1019 = CARTESIAN_POINT('',(220.98,17.78,20.319999999998));
#1020 = VECTOR('',#1021,1.);
#1021 = DIRECTION('',(1.,6.070773319254E-17,-0.));
#1022 = ORIENTED_EDGE('',*,*,#1023,.T.);
#1023 = EDGE_CURVE('',#1016,#997,#1024,.T.);
#1024 = CIRCLE('',#1025,2.54);
#1025 = AXIS2_PLACEMENT_3D('',#1026,#1027,#1028);
#1026 = CARTESIAN_POINT('',(220.98,20.32,20.319999999998));
#1027 = DIRECTION('',(1.,6.070773319254E-17,0.));
#1028 = DIRECTION('',(-6.070773319254E-17,1.,0.));
#1029 = CYLINDRICAL_SURFACE('',#1030,2.54);
#1030 = AXIS2_PLACEMENT_3D('',#1031,#1032,#1033);
#1031 = CARTESIAN_POINT('',(220.98,20.32,20.319999999998));
#1032 = DIRECTION('',(1.,6.070773319254E-17,-0.));
#1033 = DIRECTION('',(-6.070773319254E-17,1.,0.));
#1034 = ADVANCED_FACE('',(#1035),#1071,.F.);
#1035 = FACE_BOUND('',#1036,.F.);
#1036 = EDGE_LOOP('',(#1037,#1047,#1056,#1064));
#1037 = ORIENTED_EDGE('',*,*,#1038,.T.);
#1038 = EDGE_CURVE('',#1039,#1041,#1043,.T.);
#1039 = VERTEX_POINT('',#1040);
#1040 = CARTESIAN_POINT('',(220.98,22.86,30.479999999998));
#1041 = VERTEX_POINT('',#1042);
#1042 = CARTESIAN_POINT('',(228.6,22.86,30.479999999998));
#1043 = LINE('',#1044,#1045);
#1044 = CARTESIAN_POINT('',(220.98,22.86,30.479999999998));
#1045 = VECTOR('',#1046,1.);
#1046 = DIRECTION('',(1.,6.070773319254E-17,-0.));
#1047 = ORIENTED_EDGE('',*,*,#1048,.F.);
#1048 = EDGE_CURVE('',#1049,#1041,#1051,.T.);
#1049 = VERTEX_POINT('',#1050);
#1050 = CARTESIAN_POINT('',(228.6,17.78,30.479999999998));
#1051 = CIRCLE('',#1052,2.54);
#1052 = AXIS2_PLACEMENT_3D('',#1053,#1054,#1055);
#1053 = CARTESIAN_POINT('',(228.6,20.32,30.479999999998));
#1054 = DIRECTION('',(1.,6.070773319254E-17,0.));
#1055 = DIRECTION('',(-6.070773319254E-17,1.,0.));
#1056 = ORIENTED_EDGE('',*,*,#1057,.F.);
#1057 = EDGE_CURVE('',#1058,#1049,#1060,.T.);
#1058 = VERTEX_POINT('',#1059);
#1059 = CARTESIAN_POINT('',(220.98,17.78,30.479999999998));
#1060 = LINE('',#1061,#1062);
#1061 = CARTESIAN_POINT('',(220.98,17.78,30.479999999998));
#1062 = VECTOR('',#1063,1.);
#1063 = DIRECTION('',(1.,6.070773319254E-17,-0.));
#1064 = ORIENTED_EDGE('',*,*,#1065,.T.);
#1065 = EDGE_CURVE('',#1058,#1039,#1066,.T.);
#1066 = CIRCLE('',#1067,2.54);
#1067 = AXIS2_PLACEMENT_3D('',#1068,#1069,#1070);
#1068 = CARTESIAN_POINT('',(220.98,20.32,30.479999999998));
#1069 = DIRECTION('',(1.,6.070773319254E-17,0.));
#1070 = DIRECTION('',(-6.070773319254E-17,1.,0.));
#1071 = CYLINDRICAL_SURFACE('',#1072,2.54);
#1072 = AXIS2_PLACEMENT_3D('',#1073,#1074,#1075);
#1073 = CARTESIAN_POINT('',(220.98,20.32,30.479999999998));
#1074 = DIRECTION('',(1.,6.070773319254E-17,-0.));
#1075 = DIRECTION('',(-6.070773319254E-17,1.,0.));
#1076 = ADVANCED_FACE('',(#1077),#1122,.F.);
#1077 = FACE_BOUND('',#1078,.F.);
#1078 = EDGE_LOOP('',(#1079,#1090,#1098,#1107,#1115));
#1079 = ORIENTED_EDGE('',*,*,#1080,.T.);
#1080 = EDGE_CURVE('',#1081,#1083,#1085,.T.);
#1081 = VERTEX_POINT('',#1082);
#1082 = CARTESIAN_POINT('',(220.98,172.72,7.62));
#1083 = VERTEX_POINT('',#1084);
#1084 = CARTESIAN_POINT('',(220.98,175.26,10.16));
#1085 = CIRCLE('',#1086,2.54);
#1086 = AXIS2_PLACEMENT_3D('',#1087,#1088,#1089);
#1087 = CARTESIAN_POINT('',(220.98,172.72,10.16));
#1088 = DIRECTION('',(1.,6.070773319254E-17,0.));
#1089 = DIRECTION('',(-6.070773319254E-17,1.,0.));
#1090 = ORIENTED_EDGE('',*,*,#1091,.T.);
#1091 = EDGE_CURVE('',#1083,#1092,#1094,.T.);
#1092 = VERTEX_POINT('',#1093);
#1093 = CARTESIAN_POINT('',(228.6,175.26,10.16));
#1094 = LINE('',#1095,#1096);
#1095 = CARTESIAN_POINT('',(220.98,175.26,10.16));
#1096 = VECTOR('',#1097,1.);
#1097 = DIRECTION('',(1.,6.070773319254E-17,-0.));
#1098 = ORIENTED_EDGE('',*,*,#1099,.F.);
#1099 = EDGE_CURVE('',#1100,#1092,#1102,.T.);
#1100 = VERTEX_POINT('',#1101);
#1101 = CARTESIAN_POINT('',(228.6,170.18,10.16));
#1102 = CIRCLE('',#1103,2.54);
#1103 = AXIS2_PLACEMENT_3D('',#1104,#1105,#1106);
#1104 = CARTESIAN_POINT('',(228.6,172.72,10.16));
#1105 = DIRECTION('',(1.,6.070773319254E-17,0.));
#1106 = DIRECTION('',(-6.070773319254E-17,1.,0.));
#1107 = ORIENTED_EDGE('',*,*,#1108,.F.);
#1108 = EDGE_CURVE('',#1109,#1100,#1111,.T.);
#1109 = VERTEX_POINT('',#1110);
#1110 = CARTESIAN_POINT('',(220.98,170.18,10.16));
#1111 = LINE('',#1112,#1113);
#1112 = CARTESIAN_POINT('',(220.98,170.18,10.16));
#1113 = VECTOR('',#1114,1.);
#1114 = DIRECTION('',(1.,6.070773319254E-17,-0.));
#1115 = ORIENTED_EDGE('',*,*,#1116,.T.);
#1116 = EDGE_CURVE('',#1109,#1081,#1117,.T.);
#1117 = CIRCLE('',#1118,2.54);
#1118 = AXIS2_PLACEMENT_3D('',#1119,#1120,#1121);
#1119 = CARTESIAN_POINT('',(220.98,172.72,10.16));
#1120 = DIRECTION('',(1.,6.070773319254E-17,0.));
#1121 = DIRECTION('',(-6.070773319254E-17,1.,0.));
#1122 = CYLINDRICAL_SURFACE('',#1123,2.54);
#1123 = AXIS2_PLACEMENT_3D('',#1124,#1125,#1126);
#1124 = CARTESIAN_POINT('',(220.98,172.72,10.16));
#1125 = DIRECTION('',(1.,6.070773319254E-17,-0.));
#1126 = DIRECTION('',(-6.070773319254E-17,1.,0.));
#1127 = ADVANCED_FACE('',(#1128),#1164,.F.);
#1128 = FACE_BOUND('',#1129,.F.);
#1129 = EDGE_LOOP('',(#1130,#1140,#1149,#1157));
#1130 = ORIENTED_EDGE('',*,*,#1131,.T.);
#1131 = EDGE_CURVE('',#1132,#1134,#1136,.T.);
#1132 = VERTEX_POINT('',#1133);
#1133 = CARTESIAN_POINT('',(220.98,175.26,20.32));
#1134 = VERTEX_POINT('',#1135);
#1135 = CARTESIAN_POINT('',(228.6,175.26,20.32));
#1136 = LINE('',#1137,#1138);
#1137 = CARTESIAN_POINT('',(220.98,175.26,20.32));
#1138 = VECTOR('',#1139,1.);
#1139 = DIRECTION('',(1.,6.070773319254E-17,-0.));
#1140 = ORIENTED_EDGE('',*,*,#1141,.F.);
#1141 = EDGE_CURVE('',#1142,#1134,#1144,.T.);
#1142 = VERTEX_POINT('',#1143);
#1143 = CARTESIAN_POINT('',(228.6,170.18,20.32));
#1144 = CIRCLE('',#1145,2.54);
#1145 = AXIS2_PLACEMENT_3D('',#1146,#1147,#1148);
#1146 = CARTESIAN_POINT('',(228.6,172.72,20.32));
#1147 = DIRECTION('',(1.,6.070773319254E-17,0.));
#1148 = DIRECTION('',(-6.070773319254E-17,1.,0.));
#1149 = ORIENTED_EDGE('',*,*,#1150,.F.);
#1150 = EDGE_CURVE('',#1151,#1142,#1153,.T.);
#1151 = VERTEX_POINT('',#1152);
#1152 = CARTESIAN_POINT('',(220.98,170.18,20.32));
#1153 = LINE('',#1154,#1155);
#1154 = CARTESIAN_POINT('',(220.98,170.18,20.32));
#1155 = VECTOR('',#1156,1.);
#1156 = DIRECTION('',(1.,6.070773319254E-17,-0.));
#1157 = ORIENTED_EDGE('',*,*,#1158,.T.);
#1158 = EDGE_CURVE('',#1151,#1132,#1159,.T.);
#1159 = CIRCLE('',#1160,2.54);
#1160 = AXIS2_PLACEMENT_3D('',#1161,#1162,#1163);
#1161 = CARTESIAN_POINT('',(220.98,172.72,20.32));
#1162 = DIRECTION('',(1.,6.070773319254E-17,0.));
#1163 = DIRECTION('',(-6.070773319254E-17,1.,0.));
#1164 = CYLINDRICAL_SURFACE('',#1165,2.54);
#1165 = AXIS2_PLACEMENT_3D('',#1166,#1167,#1168);
#1166 = CARTESIAN_POINT('',(220.98,172.72,20.32));
#1167 = DIRECTION('',(1.,6.070773319254E-17,-0.));
#1168 = DIRECTION('',(-6.070773319254E-17,1.,0.));
#1169 = ADVANCED_FACE('',(#1170),#1215,.F.);
#1170 = FACE_BOUND('',#1171,.F.);
#1171 = EDGE_LOOP('',(#1172,#1183,#1191,#1200,#1208));
#1172 = ORIENTED_EDGE('',*,*,#1173,.T.);
#1173 = EDGE_CURVE('',#1174,#1176,#1178,.T.);
#1174 = VERTEX_POINT('',#1175);
#1175 = CARTESIAN_POINT('',(220.98,193.04,7.62));
#1176 = VERTEX_POINT('',#1177);
#1177 = CARTESIAN_POINT('',(220.98,195.58,10.16));
#1178 = CIRCLE('',#1179,2.54);
#1179 = AXIS2_PLACEMENT_3D('',#1180,#1181,#1182);
#1180 = CARTESIAN_POINT('',(220.98,193.04,10.16));
#1181 = DIRECTION('',(1.,6.070773319254E-17,0.));
#1182 = DIRECTION('',(-6.070773319254E-17,1.,0.));
#1183 = ORIENTED_EDGE('',*,*,#1184,.T.);
#1184 = EDGE_CURVE('',#1176,#1185,#1187,.T.);
#1185 = VERTEX_POINT('',#1186);
#1186 = CARTESIAN_POINT('',(228.6,195.58,10.16));
#1187 = LINE('',#1188,#1189);
#1188 = CARTESIAN_POINT('',(220.98,195.58,10.16));
#1189 = VECTOR('',#1190,1.);
#1190 = DIRECTION('',(1.,6.070773319254E-17,-0.));
#1191 = ORIENTED_EDGE('',*,*,#1192,.F.);
#1192 = EDGE_CURVE('',#1193,#1185,#1195,.T.);
#1193 = VERTEX_POINT('',#1194);
#1194 = CARTESIAN_POINT('',(228.6,190.5,10.16));
#1195 = CIRCLE('',#1196,2.54);
#1196 = AXIS2_PLACEMENT_3D('',#1197,#1198,#1199);
#1197 = CARTESIAN_POINT('',(228.6,193.04,10.16));
#1198 = DIRECTION('',(1.,6.070773319254E-17,0.));
#1199 = DIRECTION('',(-6.070773319254E-17,1.,0.));
#1200 = ORIENTED_EDGE('',*,*,#1201,.F.);
#1201 = EDGE_CURVE('',#1202,#1193,#1204,.T.);
#1202 = VERTEX_POINT('',#1203);
#1203 = CARTESIAN_POINT('',(220.98,190.5,10.16));
#1204 = LINE('',#1205,#1206);
#1205 = CARTESIAN_POINT('',(220.98,190.5,10.16));
#1206 = VECTOR('',#1207,1.);
#1207 = DIRECTION('',(1.,6.070773319254E-17,-0.));
#1208 = ORIENTED_EDGE('',*,*,#1209,.T.);
#1209 = EDGE_CURVE('',#1202,#1174,#1210,.T.);
#1210 = CIRCLE('',#1211,2.54);
#1211 = AXIS2_PLACEMENT_3D('',#1212,#1213,#1214);
#1212 = CARTESIAN_POINT('',(220.98,193.04,10.16));
#1213 = DIRECTION('',(1.,6.070773319254E-17,0.));
#1214 = DIRECTION('',(-6.070773319254E-17,1.,0.));
#1215 = CYLINDRICAL_SURFACE('',#1216,2.54);
#1216 = AXIS2_PLACEMENT_3D('',#1217,#1218,#1219);
#1217 = CARTESIAN_POINT('',(220.98,193.04,10.16));
#1218 = DIRECTION('',(1.,6.070773319254E-17,-0.));
#1219 = DIRECTION('',(-6.070773319254E-17,1.,0.));
#1220 = ADVANCED_FACE('',(#1221),#1257,.F.);
#1221 = FACE_BOUND('',#1222,.F.);
#1222 = EDGE_LOOP('',(#1223,#1233,#1242,#1250));
#1223 = ORIENTED_EDGE('',*,*,#1224,.T.);
#1224 = EDGE_CURVE('',#1225,#1227,#1229,.T.);
#1225 = VERTEX_POINT('',#1226);
#1226 = CARTESIAN_POINT('',(220.98,195.58,20.32));
#1227 = VERTEX_POINT('',#1228);
#1228 = CARTESIAN_POINT('',(228.6,195.58,20.32));
#1229 = LINE('',#1230,#1231);
#1230 = CARTESIAN_POINT('',(220.98,195.58,20.32));
#1231 = VECTOR('',#1232,1.);
#1232 = DIRECTION('',(1.,6.070773319254E-17,-0.));
#1233 = ORIENTED_EDGE('',*,*,#1234,.F.);
#1234 = EDGE_CURVE('',#1235,#1227,#1237,.T.);
#1235 = VERTEX_POINT('',#1236);
#1236 = CARTESIAN_POINT('',(228.6,190.5,20.32));
#1237 = CIRCLE('',#1238,2.54);
#1238 = AXIS2_PLACEMENT_3D('',#1239,#1240,#1241);
#1239 = CARTESIAN_POINT('',(228.6,193.04,20.32));
#1240 = DIRECTION('',(1.,6.070773319254E-17,0.));
#1241 = DIRECTION('',(-6.070773319254E-17,1.,0.));
#1242 = ORIENTED_EDGE('',*,*,#1243,.F.);
#1243 = EDGE_CURVE('',#1244,#1235,#1246,.T.);
#1244 = VERTEX_POINT('',#1245);
#1245 = CARTESIAN_POINT('',(220.98,190.5,20.32));
#1246 = LINE('',#1247,#1248);
#1247 = CARTESIAN_POINT('',(220.98,190.5,20.32));
#1248 = VECTOR('',#1249,1.);
#1249 = DIRECTION('',(1.,6.070773319254E-17,-0.));
#1250 = ORIENTED_EDGE('',*,*,#1251,.T.);
#1251 = EDGE_CURVE('',#1244,#1225,#1252,.T.);
#1252 = CIRCLE('',#1253,2.54);
#1253 = AXIS2_PLACEMENT_3D('',#1254,#1255,#1256);
#1254 = CARTESIAN_POINT('',(220.98,193.04,20.32));
#1255 = DIRECTION('',(1.,6.070773319254E-17,0.));
#1256 = DIRECTION('',(-6.070773319254E-17,1.,0.));
#1257 = CYLINDRICAL_SURFACE('',#1258,2.54);
#1258 = AXIS2_PLACEMENT_3D('',#1259,#1260,#1261);
#1259 = CARTESIAN_POINT('',(220.98,193.04,20.32));
#1260 = DIRECTION('',(1.,6.070773319254E-17,-0.));
#1261 = DIRECTION('',(-6.070773319254E-17,1.,0.));
#1262 = ADVANCED_FACE('',(#1263),#1299,.F.);
#1263 = FACE_BOUND('',#1264,.F.);
#1264 = EDGE_LOOP('',(#1265,#1275,#1284,#1292));
#1265 = ORIENTED_EDGE('',*,*,#1266,.T.);
#1266 = EDGE_CURVE('',#1267,#1269,#1271,.T.);
#1267 = VERTEX_POINT('',#1268);
#1268 = CARTESIAN_POINT('',(220.98,185.42,20.32));
#1269 = VERTEX_POINT('',#1270);
#1270 = CARTESIAN_POINT('',(228.6,185.42,20.32));
#1271 = LINE('',#1272,#1273);
#1272 = CARTESIAN_POINT('',(220.98,185.42,20.32));
#1273 = VECTOR('',#1274,1.);
#1274 = DIRECTION('',(1.,6.070773319254E-17,-0.));
#1275 = ORIENTED_EDGE('',*,*,#1276,.F.);
#1276 = EDGE_CURVE('',#1277,#1269,#1279,.T.);
#1277 = VERTEX_POINT('',#1278);
#1278 = CARTESIAN_POINT('',(228.6,180.34,20.32));
#1279 = CIRCLE('',#1280,2.54);
#1280 = AXIS2_PLACEMENT_3D('',#1281,#1282,#1283);
#1281 = CARTESIAN_POINT('',(228.6,182.88,20.32));
#1282 = DIRECTION('',(1.,6.070773319254E-17,0.));
#1283 = DIRECTION('',(-6.070773319254E-17,1.,0.));
#1284 = ORIENTED_EDGE('',*,*,#1285,.F.);
#1285 = EDGE_CURVE('',#1286,#1277,#1288,.T.);
#1286 = VERTEX_POINT('',#1287);
#1287 = CARTESIAN_POINT('',(220.98,180.34,20.32));
#1288 = LINE('',#1289,#1290);
#1289 = CARTESIAN_POINT('',(220.98,180.34,20.32));
#1290 = VECTOR('',#1291,1.);
#1291 = DIRECTION('',(1.,6.070773319254E-17,-0.));
#1292 = ORIENTED_EDGE('',*,*,#1293,.T.);
#1293 = EDGE_CURVE('',#1286,#1267,#1294,.T.);
#1294 = CIRCLE('',#1295,2.54);
#1295 = AXIS2_PLACEMENT_3D('',#1296,#1297,#1298);
#1296 = CARTESIAN_POINT('',(220.98,182.88,20.32));
#1297 = DIRECTION('',(1.,6.070773319254E-17,0.));
#1298 = DIRECTION('',(-6.070773319254E-17,1.,0.));
#1299 = CYLINDRICAL_SURFACE('',#1300,2.54);
#1300 = AXIS2_PLACEMENT_3D('',#1301,#1302,#1303);
#1301 = CARTESIAN_POINT('',(220.98,182.88,20.32));
#1302 = DIRECTION('',(1.,6.070773319254E-17,-0.));
#1303 = DIRECTION('',(-6.070773319254E-17,1.,0.));
#1304 = ADVANCED_FACE('',(#1305),#1341,.F.);
#1305 = FACE_BOUND('',#1306,.F.);
#1306 = EDGE_LOOP('',(#1307,#1317,#1326,#1334));
#1307 = ORIENTED_EDGE('',*,*,#1308,.T.);
#1308 = EDGE_CURVE('',#1309,#1311,#1313,.T.);
#1309 = VERTEX_POINT('',#1310);
#1310 = CARTESIAN_POINT('',(220.98,185.42,30.48));
#1311 = VERTEX_POINT('',#1312);
#1312 = CARTESIAN_POINT('',(228.6,185.42,30.48));
#1313 = LINE('',#1314,#1315);
#1314 = CARTESIAN_POINT('',(220.98,185.42,30.48));
#1315 = VECTOR('',#1316,1.);
#1316 = DIRECTION('',(1.,6.070773319254E-17,-0.));
#1317 = ORIENTED_EDGE('',*,*,#1318,.F.);
#1318 = EDGE_CURVE('',#1319,#1311,#1321,.T.);
#1319 = VERTEX_POINT('',#1320);
#1320 = CARTESIAN_POINT('',(228.6,180.34,30.48));
#1321 = CIRCLE('',#1322,2.54);
#1322 = AXIS2_PLACEMENT_3D('',#1323,#1324,#1325);
#1323 = CARTESIAN_POINT('',(228.6,182.88,30.48));
#1324 = DIRECTION('',(1.,6.070773319254E-17,0.));
#1325 = DIRECTION('',(-6.070773319254E-17,1.,0.));
#1326 = ORIENTED_EDGE('',*,*,#1327,.F.);
#1327 = EDGE_CURVE('',#1328,#1319,#1330,.T.);
#1328 = VERTEX_POINT('',#1329);
#1329 = CARTESIAN_POINT('',(220.98,180.34,30.48));
#1330 = LINE('',#1331,#1332);
#1331 = CARTESIAN_POINT('',(220.98,180.34,30.48));
#1332 = VECTOR('',#1333,1.);
#1333 = DIRECTION('',(1.,6.070773319254E-17,-0.));
#1334 = ORIENTED_EDGE('',*,*,#1335,.T.);
#1335 = EDGE_CURVE('',#1328,#1309,#1336,.T.);
#1336 = CIRCLE('',#1337,2.54);
#1337 = AXIS2_PLACEMENT_3D('',#1338,#1339,#1340);
#1338 = CARTESIAN_POINT('',(220.98,182.88,30.48));
#1339 = DIRECTION('',(1.,6.070773319254E-17,0.));
#1340 = DIRECTION('',(-6.070773319254E-17,1.,0.));
#1341 = CYLINDRICAL_SURFACE('',#1342,2.54);
#1342 = AXIS2_PLACEMENT_3D('',#1343,#1344,#1345);
#1343 = CARTESIAN_POINT('',(220.98,182.88,30.48));
#1344 = DIRECTION('',(1.,6.070773319254E-17,-0.));
#1345 = DIRECTION('',(-6.070773319254E-17,1.,0.));
#1346 = ADVANCED_FACE('',(#1347),#1392,.F.);
#1347 = FACE_BOUND('',#1348,.F.);
#1348 = EDGE_LOOP('',(#1349,#1360,#1368,#1377,#1385));
#1349 = ORIENTED_EDGE('',*,*,#1350,.T.);
#1350 = EDGE_CURVE('',#1351,#1353,#1355,.T.);
#1351 = VERTEX_POINT('',#1352);
#1352 = CARTESIAN_POINT('',(220.98,50.8,7.62));
#1353 = VERTEX_POINT('',#1354);
#1354 = CARTESIAN_POINT('',(220.98,53.34,10.159999999998));
#1355 = CIRCLE('',#1356,2.54);
#1356 = AXIS2_PLACEMENT_3D('',#1357,#1358,#1359);
#1357 = CARTESIAN_POINT('',(220.98,50.8,10.159999999998));
#1358 = DIRECTION('',(1.,6.070773319254E-17,0.));
#1359 = DIRECTION('',(-6.070773319254E-17,1.,0.));
#1360 = ORIENTED_EDGE('',*,*,#1361,.T.);
#1361 = EDGE_CURVE('',#1353,#1362,#1364,.T.);
#1362 = VERTEX_POINT('',#1363);
#1363 = CARTESIAN_POINT('',(228.6,53.34,10.159999999998));
#1364 = LINE('',#1365,#1366);
#1365 = CARTESIAN_POINT('',(220.98,53.34,10.159999999998));
#1366 = VECTOR('',#1367,1.);
#1367 = DIRECTION('',(1.,6.070773319254E-17,-0.));
#1368 = ORIENTED_EDGE('',*,*,#1369,.F.);
#1369 = EDGE_CURVE('',#1370,#1362,#1372,.T.);
#1370 = VERTEX_POINT('',#1371);
#1371 = CARTESIAN_POINT('',(228.6,48.26,10.159999999998));
#1372 = CIRCLE('',#1373,2.54);
#1373 = AXIS2_PLACEMENT_3D('',#1374,#1375,#1376);
#1374 = CARTESIAN_POINT('',(228.6,50.8,10.159999999998));
#1375 = DIRECTION('',(1.,6.070773319254E-17,0.));
#1376 = DIRECTION('',(-6.070773319254E-17,1.,0.));
#1377 = ORIENTED_EDGE('',*,*,#1378,.F.);
#1378 = EDGE_CURVE('',#1379,#1370,#1381,.T.);
#1379 = VERTEX_POINT('',#1380);
#1380 = CARTESIAN_POINT('',(220.98,48.26,10.159999999998));
#1381 = LINE('',#1382,#1383);
#1382 = CARTESIAN_POINT('',(220.98,48.26,10.159999999998));
#1383 = VECTOR('',#1384,1.);
#1384 = DIRECTION('',(1.,6.070773319254E-17,-0.));
#1385 = ORIENTED_EDGE('',*,*,#1386,.T.);
#1386 = EDGE_CURVE('',#1379,#1351,#1387,.T.);
#1387 = CIRCLE('',#1388,2.54);
#1388 = AXIS2_PLACEMENT_3D('',#1389,#1390,#1391);
#1389 = CARTESIAN_POINT('',(220.98,50.8,10.159999999998));
#1390 = DIRECTION('',(1.,6.070773319254E-17,0.));
#1391 = DIRECTION('',(-6.070773319254E-17,1.,0.));
#1392 = CYLINDRICAL_SURFACE('',#1393,2.54);
#1393 = AXIS2_PLACEMENT_3D('',#1394,#1395,#1396);
#1394 = CARTESIAN_POINT('',(220.98,50.8,10.159999999998));
#1395 = DIRECTION('',(1.,6.070773319254E-17,-0.));
#1396 = DIRECTION('',(-6.070773319254E-17,1.,0.));
#1397 = ADVANCED_FACE('',(#1398),#1434,.F.);
#1398 = FACE_BOUND('',#1399,.F.);
#1399 = EDGE_LOOP('',(#1400,#1410,#1419,#1427));
#1400 = ORIENTED_EDGE('',*,*,#1401,.T.);
#1401 = EDGE_CURVE('',#1402,#1404,#1406,.T.);
#1402 = VERTEX_POINT('',#1403);
#1403 = CARTESIAN_POINT('',(220.98,53.34,20.319999999998));
#1404 = VERTEX_POINT('',#1405);
#1405 = CARTESIAN_POINT('',(228.6,53.34,20.319999999998));
#1406 = LINE('',#1407,#1408);
#1407 = CARTESIAN_POINT('',(220.98,53.34,20.319999999998));
#1408 = VECTOR('',#1409,1.);
#1409 = DIRECTION('',(1.,6.070773319254E-17,-0.));
#1410 = ORIENTED_EDGE('',*,*,#1411,.F.);
#1411 = EDGE_CURVE('',#1412,#1404,#1414,.T.);
#1412 = VERTEX_POINT('',#1413);
#1413 = CARTESIAN_POINT('',(228.6,48.26,20.319999999998));
#1414 = CIRCLE('',#1415,2.54);
#1415 = AXIS2_PLACEMENT_3D('',#1416,#1417,#1418);
#1416 = CARTESIAN_POINT('',(228.6,50.8,20.319999999998));
#1417 = DIRECTION('',(1.,6.070773319254E-17,0.));
#1418 = DIRECTION('',(-6.070773319254E-17,1.,0.));
#1419 = ORIENTED_EDGE('',*,*,#1420,.F.);
#1420 = EDGE_CURVE('',#1421,#1412,#1423,.T.);
#1421 = VERTEX_POINT('',#1422);
#1422 = CARTESIAN_POINT('',(220.98,48.26,20.319999999998));
#1423 = LINE('',#1424,#1425);
#1424 = CARTESIAN_POINT('',(220.98,48.26,20.319999999998));
#1425 = VECTOR('',#1426,1.);
#1426 = DIRECTION('',(1.,6.070773319254E-17,-0.));
#1427 = ORIENTED_EDGE('',*,*,#1428,.T.);
#1428 = EDGE_CURVE('',#1421,#1402,#1429,.T.);
#1429 = CIRCLE('',#1430,2.54);
#1430 = AXIS2_PLACEMENT_3D('',#1431,#1432,#1433);
#1431 = CARTESIAN_POINT('',(220.98,50.8,20.319999999998));
#1432 = DIRECTION('',(1.,6.070773319254E-17,0.));
#1433 = DIRECTION('',(-6.070773319254E-17,1.,0.));
#1434 = CYLINDRICAL_SURFACE('',#1435,2.54);
#1435 = AXIS2_PLACEMENT_3D('',#1436,#1437,#1438);
#1436 = CARTESIAN_POINT('',(220.98,50.8,20.319999999998));
#1437 = DIRECTION('',(1.,6.070773319254E-17,-0.));
#1438 = DIRECTION('',(-6.070773319254E-17,1.,0.));
#1439 = ADVANCED_FACE('',(#1440),#1476,.F.);
#1440 = FACE_BOUND('',#1441,.F.);
#1441 = EDGE_LOOP('',(#1442,#1452,#1461,#1469));
#1442 = ORIENTED_EDGE('',*,*,#1443,.T.);
#1443 = EDGE_CURVE('',#1444,#1446,#1448,.T.);
#1444 = VERTEX_POINT('',#1445);
#1445 = CARTESIAN_POINT('',(220.98,114.3,30.479999999999));
#1446 = VERTEX_POINT('',#1447);
#1447 = CARTESIAN_POINT('',(228.6,114.3,30.479999999999));
#1448 = LINE('',#1449,#1450);
#1449 = CARTESIAN_POINT('',(220.98,114.3,30.479999999999));
#1450 = VECTOR('',#1451,1.);
#1451 = DIRECTION('',(1.,6.070773319254E-17,-0.));
#1452 = ORIENTED_EDGE('',*,*,#1453,.F.);
#1453 = EDGE_CURVE('',#1454,#1446,#1456,.T.);
#1454 = VERTEX_POINT('',#1455);
#1455 = CARTESIAN_POINT('',(228.6,109.22,30.479999999999));
#1456 = CIRCLE('',#1457,2.54);
#1457 = AXIS2_PLACEMENT_3D('',#1458,#1459,#1460);
#1458 = CARTESIAN_POINT('',(228.6,111.76,30.479999999999));
#1459 = DIRECTION('',(1.,6.070773319254E-17,0.));
#1460 = DIRECTION('',(-6.070773319254E-17,1.,0.));
#1461 = ORIENTED_EDGE('',*,*,#1462,.F.);
#1462 = EDGE_CURVE('',#1463,#1454,#1465,.T.);
#1463 = VERTEX_POINT('',#1464);
#1464 = CARTESIAN_POINT('',(220.98,109.22,30.479999999999));
#1465 = LINE('',#1466,#1467);
#1466 = CARTESIAN_POINT('',(220.98,109.22,30.479999999999));
#1467 = VECTOR('',#1468,1.);
#1468 = DIRECTION('',(1.,6.070773319254E-17,-0.));
#1469 = ORIENTED_EDGE('',*,*,#1470,.T.);
#1470 = EDGE_CURVE('',#1463,#1444,#1471,.T.);
#1471 = CIRCLE('',#1472,2.54);
#1472 = AXIS2_PLACEMENT_3D('',#1473,#1474,#1475);
#1473 = CARTESIAN_POINT('',(220.98,111.76,30.479999999999));
#1474 = DIRECTION('',(1.,6.070773319254E-17,0.));
#1475 = DIRECTION('',(-6.070773319254E-17,1.,0.));
#1476 = CYLINDRICAL_SURFACE('',#1477,2.54);
#1477 = AXIS2_PLACEMENT_3D('',#1478,#1479,#1480);
#1478 = CARTESIAN_POINT('',(220.98,111.76,30.479999999999));
#1479 = DIRECTION('',(1.,6.070773319254E-17,-0.));
#1480 = DIRECTION('',(-6.070773319254E-17,1.,0.));
#1481 = ADVANCED_FACE('',(#1482),#1518,.F.);
#1482 = FACE_BOUND('',#1483,.F.);
#1483 = EDGE_LOOP('',(#1484,#1494,#1503,#1511));
#1484 = ORIENTED_EDGE('',*,*,#1485,.T.);
#1485 = EDGE_CURVE('',#1486,#1488,#1490,.T.);
#1486 = VERTEX_POINT('',#1487);
#1487 = CARTESIAN_POINT('',(220.98,124.46,30.479999999999));
#1488 = VERTEX_POINT('',#1489);
#1489 = CARTESIAN_POINT('',(228.6,124.46,30.479999999999));
#1490 = LINE('',#1491,#1492);
#1491 = CARTESIAN_POINT('',(220.98,124.46,30.479999999999));
#1492 = VECTOR('',#1493,1.);
#1493 = DIRECTION('',(1.,6.070773319254E-17,-0.));
#1494 = ORIENTED_EDGE('',*,*,#1495,.F.);
#1495 = EDGE_CURVE('',#1496,#1488,#1498,.T.);
#1496 = VERTEX_POINT('',#1497);
#1497 = CARTESIAN_POINT('',(228.6,119.38,30.479999999999));
#1498 = CIRCLE('',#1499,2.54);
#1499 = AXIS2_PLACEMENT_3D('',#1500,#1501,#1502);
#1500 = CARTESIAN_POINT('',(228.6,121.92,30.479999999999));
#1501 = DIRECTION('',(1.,6.070773319254E-17,0.));
#1502 = DIRECTION('',(-6.070773319254E-17,1.,0.));
#1503 = ORIENTED_EDGE('',*,*,#1504,.F.);
#1504 = EDGE_CURVE('',#1505,#1496,#1507,.T.);
#1505 = VERTEX_POINT('',#1506);
#1506 = CARTESIAN_POINT('',(220.98,119.38,30.479999999999));
#1507 = LINE('',#1508,#1509);
#1508 = CARTESIAN_POINT('',(220.98,119.38,30.479999999999));
#1509 = VECTOR('',#1510,1.);
#1510 = DIRECTION('',(1.,6.070773319254E-17,-0.));
#1511 = ORIENTED_EDGE('',*,*,#1512,.T.);
#1512 = EDGE_CURVE('',#1505,#1486,#1513,.T.);
#1513 = CIRCLE('',#1514,2.54);
#1514 = AXIS2_PLACEMENT_3D('',#1515,#1516,#1517);
#1515 = CARTESIAN_POINT('',(220.98,121.92,30.479999999999));
#1516 = DIRECTION('',(1.,6.070773319254E-17,0.));
#1517 = DIRECTION('',(-6.070773319254E-17,1.,0.));
#1518 = CYLINDRICAL_SURFACE('',#1519,2.54);
#1519 = AXIS2_PLACEMENT_3D('',#1520,#1521,#1522);
#1520 = CARTESIAN_POINT('',(220.98,121.92,30.479999999999));
#1521 = DIRECTION('',(1.,6.070773319254E-17,-0.));
#1522 = DIRECTION('',(-6.070773319254E-17,1.,0.));
#1523 = ADVANCED_FACE('',(#1524),#1560,.F.);
#1524 = FACE_BOUND('',#1525,.F.);
#1525 = EDGE_LOOP('',(#1526,#1536,#1545,#1553));
#1526 = ORIENTED_EDGE('',*,*,#1527,.T.);
#1527 = EDGE_CURVE('',#1528,#1530,#1532,.T.);
#1528 = VERTEX_POINT('',#1529);
#1529 = CARTESIAN_POINT('',(220.98,165.1,20.319999999999));
#1530 = VERTEX_POINT('',#1531);
#1531 = CARTESIAN_POINT('',(228.6,165.1,20.319999999999));
#1532 = LINE('',#1533,#1534);
#1533 = CARTESIAN_POINT('',(220.98,165.1,20.319999999999));
#1534 = VECTOR('',#1535,1.);
#1535 = DIRECTION('',(1.,6.070773319254E-17,-0.));
#1536 = ORIENTED_EDGE('',*,*,#1537,.F.);
#1537 = EDGE_CURVE('',#1538,#1530,#1540,.T.);
#1538 = VERTEX_POINT('',#1539);
#1539 = CARTESIAN_POINT('',(228.6,160.02,20.319999999999));
#1540 = CIRCLE('',#1541,2.54);
#1541 = AXIS2_PLACEMENT_3D('',#1542,#1543,#1544);
#1542 = CARTESIAN_POINT('',(228.6,162.56,20.319999999999));
#1543 = DIRECTION('',(1.,6.070773319254E-17,0.));
#1544 = DIRECTION('',(-6.070773319254E-17,1.,0.));
#1545 = ORIENTED_EDGE('',*,*,#1546,.F.);
#1546 = EDGE_CURVE('',#1547,#1538,#1549,.T.);
#1547 = VERTEX_POINT('',#1548);
#1548 = CARTESIAN_POINT('',(220.98,160.02,20.319999999999));
#1549 = LINE('',#1550,#1551);
#1550 = CARTESIAN_POINT('',(220.98,160.02,20.319999999999));
#1551 = VECTOR('',#1552,1.);
#1552 = DIRECTION('',(1.,6.070773319254E-17,-0.));
#1553 = ORIENTED_EDGE('',*,*,#1554,.T.);
#1554 = EDGE_CURVE('',#1547,#1528,#1555,.T.);
#1555 = CIRCLE('',#1556,2.54);
#1556 = AXIS2_PLACEMENT_3D('',#1557,#1558,#1559);
#1557 = CARTESIAN_POINT('',(220.98,162.56,20.319999999999));
#1558 = DIRECTION('',(1.,6.070773319254E-17,0.));
#1559 = DIRECTION('',(-6.070773319254E-17,1.,0.));
#1560 = CYLINDRICAL_SURFACE('',#1561,2.54);
#1561 = AXIS2_PLACEMENT_3D('',#1562,#1563,#1564);
#1562 = CARTESIAN_POINT('',(220.98,162.56,20.319999999999));
#1563 = DIRECTION('',(1.,6.070773319254E-17,-0.));
#1564 = DIRECTION('',(-6.070773319254E-17,1.,0.));
#1565 = ADVANCED_FACE('',(#1566),#1602,.F.);
#1566 = FACE_BOUND('',#1567,.F.);
#1567 = EDGE_LOOP('',(#1568,#1578,#1587,#1595));
#1568 = ORIENTED_EDGE('',*,*,#1569,.T.);
#1569 = EDGE_CURVE('',#1570,#1572,#1574,.T.);
#1570 = VERTEX_POINT('',#1571);
#1571 = CARTESIAN_POINT('',(220.98,165.1,30.479999999999));
#1572 = VERTEX_POINT('',#1573);
#1573 = CARTESIAN_POINT('',(228.6,165.1,30.479999999999));
#1574 = LINE('',#1575,#1576);
#1575 = CARTESIAN_POINT('',(220.98,165.1,30.479999999999));
#1576 = VECTOR('',#1577,1.);
#1577 = DIRECTION('',(1.,6.070773319254E-17,-0.));
#1578 = ORIENTED_EDGE('',*,*,#1579,.F.);
#1579 = EDGE_CURVE('',#1580,#1572,#1582,.T.);
#1580 = VERTEX_POINT('',#1581);
#1581 = CARTESIAN_POINT('',(228.6,160.02,30.479999999999));
#1582 = CIRCLE('',#1583,2.54);
#1583 = AXIS2_PLACEMENT_3D('',#1584,#1585,#1586);
#1584 = CARTESIAN_POINT('',(228.6,162.56,30.479999999999));
#1585 = DIRECTION('',(1.,6.070773319254E-17,0.));
#1586 = DIRECTION('',(-6.070773319254E-17,1.,0.));
#1587 = ORIENTED_EDGE('',*,*,#1588,.F.);
#1588 = EDGE_CURVE('',#1589,#1580,#1591,.T.);
#1589 = VERTEX_POINT('',#1590);
#1590 = CARTESIAN_POINT('',(220.98,160.02,30.479999999999));
#1591 = LINE('',#1592,#1593);
#1592 = CARTESIAN_POINT('',(220.98,160.02,30.479999999999));
#1593 = VECTOR('',#1594,1.);
#1594 = DIRECTION('',(1.,6.070773319254E-17,-0.));
#1595 = ORIENTED_EDGE('',*,*,#1596,.T.);
#1596 = EDGE_CURVE('',#1589,#1570,#1597,.T.);
#1597 = CIRCLE('',#1598,2.54);
#1598 = AXIS2_PLACEMENT_3D('',#1599,#1600,#1601);
#1599 = CARTESIAN_POINT('',(220.98,162.56,30.479999999999));
#1600 = DIRECTION('',(1.,6.070773319254E-17,0.));
#1601 = DIRECTION('',(-6.070773319254E-17,1.,0.));
#1602 = CYLINDRICAL_SURFACE('',#1603,2.54);
#1603 = AXIS2_PLACEMENT_3D('',#1604,#1605,#1606);
#1604 = CARTESIAN_POINT('',(220.98,162.56,30.479999999999));
#1605 = DIRECTION('',(1.,6.070773319254E-17,-0.));
#1606 = DIRECTION('',(-6.070773319254E-17,1.,0.));
#1607 = ADVANCED_FACE('',(#1608),#1644,.F.);
#1608 = FACE_BOUND('',#1609,.F.);
#1609 = EDGE_LOOP('',(#1610,#1620,#1629,#1637));
#1610 = ORIENTED_EDGE('',*,*,#1611,.T.);
#1611 = EDGE_CURVE('',#1612,#1614,#1616,.T.);
#1612 = VERTEX_POINT('',#1613);
#1613 = CARTESIAN_POINT('',(220.98,154.94,30.479999999999));
#1614 = VERTEX_POINT('',#1615);
#1615 = CARTESIAN_POINT('',(228.6,154.94,30.479999999999));
#1616 = LINE('',#1617,#1618);
#1617 = CARTESIAN_POINT('',(220.98,154.94,30.479999999999));
#1618 = VECTOR('',#1619,1.);
#1619 = DIRECTION('',(1.,6.070773319254E-17,-0.));
#1620 = ORIENTED_EDGE('',*,*,#1621,.F.);
#1621 = EDGE_CURVE('',#1622,#1614,#1624,.T.);
#1622 = VERTEX_POINT('',#1623);
#1623 = CARTESIAN_POINT('',(228.6,149.86,30.479999999999));
#1624 = CIRCLE('',#1625,2.54);
#1625 = AXIS2_PLACEMENT_3D('',#1626,#1627,#1628);
#1626 = CARTESIAN_POINT('',(228.6,152.4,30.479999999999));
#1627 = DIRECTION('',(1.,6.070773319254E-17,0.));
#1628 = DIRECTION('',(-6.070773319254E-17,1.,0.));
#1629 = ORIENTED_EDGE('',*,*,#1630,.F.);
#1630 = EDGE_CURVE('',#1631,#1622,#1633,.T.);
#1631 = VERTEX_POINT('',#1632);
#1632 = CARTESIAN_POINT('',(220.98,149.86,30.479999999999));
#1633 = LINE('',#1634,#1635);
#1634 = CARTESIAN_POINT('',(220.98,149.86,30.479999999999));
#1635 = VECTOR('',#1636,1.);
#1636 = DIRECTION('',(1.,6.070773319254E-17,-0.));
#1637 = ORIENTED_EDGE('',*,*,#1638,.T.);
#1638 = EDGE_CURVE('',#1631,#1612,#1639,.T.);
#1639 = CIRCLE('',#1640,2.54);
#1640 = AXIS2_PLACEMENT_3D('',#1641,#1642,#1643);
#1641 = CARTESIAN_POINT('',(220.98,152.4,30.479999999999));
#1642 = DIRECTION('',(1.,6.070773319254E-17,0.));
#1643 = DIRECTION('',(-6.070773319254E-17,1.,0.));
#1644 = CYLINDRICAL_SURFACE('',#1645,2.54);
#1645 = AXIS2_PLACEMENT_3D('',#1646,#1647,#1648);
#1646 = CARTESIAN_POINT('',(220.98,152.4,30.479999999999));
#1647 = DIRECTION('',(1.,6.070773319254E-17,-0.));
#1648 = DIRECTION('',(-6.070773319254E-17,1.,0.));
#1649 = ADVANCED_FACE('',(#1650),#1695,.F.);
#1650 = FACE_BOUND('',#1651,.F.);
#1651 = EDGE_LOOP('',(#1652,#1663,#1671,#1680,#1688));
#1652 = ORIENTED_EDGE('',*,*,#1653,.T.);
#1653 = EDGE_CURVE('',#1654,#1656,#1658,.T.);
#1654 = VERTEX_POINT('',#1655);
#1655 = CARTESIAN_POINT('',(220.98,162.56,7.62));
#1656 = VERTEX_POINT('',#1657);
#1657 = CARTESIAN_POINT('',(220.98,165.1,10.159999999999));
#1658 = CIRCLE('',#1659,2.54);
#1659 = AXIS2_PLACEMENT_3D('',#1660,#1661,#1662);
#1660 = CARTESIAN_POINT('',(220.98,162.56,10.159999999999));
#1661 = DIRECTION('',(1.,6.070773319254E-17,0.));
#1662 = DIRECTION('',(-6.070773319254E-17,1.,0.));
#1663 = ORIENTED_EDGE('',*,*,#1664,.T.);
#1664 = EDGE_CURVE('',#1656,#1665,#1667,.T.);
#1665 = VERTEX_POINT('',#1666);
#1666 = CARTESIAN_POINT('',(228.6,165.1,10.159999999999));
#1667 = LINE('',#1668,#1669);
#1668 = CARTESIAN_POINT('',(220.98,165.1,10.159999999999));
#1669 = VECTOR('',#1670,1.);
#1670 = DIRECTION('',(1.,6.070773319254E-17,-0.));
#1671 = ORIENTED_EDGE('',*,*,#1672,.F.);
#1672 = EDGE_CURVE('',#1673,#1665,#1675,.T.);
#1673 = VERTEX_POINT('',#1674);
#1674 = CARTESIAN_POINT('',(228.6,160.02,10.159999999999));
#1675 = CIRCLE('',#1676,2.54);
#1676 = AXIS2_PLACEMENT_3D('',#1677,#1678,#1679);
#1677 = CARTESIAN_POINT('',(228.6,162.56,10.159999999999));
#1678 = DIRECTION('',(1.,6.070773319254E-17,0.));
#1679 = DIRECTION('',(-6.070773319254E-17,1.,0.));
#1680 = ORIENTED_EDGE('',*,*,#1681,.F.);
#1681 = EDGE_CURVE('',#1682,#1673,#1684,.T.);
#1682 = VERTEX_POINT('',#1683);
#1683 = CARTESIAN_POINT('',(220.98,160.02,10.159999999999));
#1684 = LINE('',#1685,#1686);
#1685 = CARTESIAN_POINT('',(220.98,160.02,10.159999999999));
#1686 = VECTOR('',#1687,1.);
#1687 = DIRECTION('',(1.,6.070773319254E-17,-0.));
#1688 = ORIENTED_EDGE('',*,*,#1689,.T.);
#1689 = EDGE_CURVE('',#1682,#1654,#1690,.T.);
#1690 = CIRCLE('',#1691,2.54);
#1691 = AXIS2_PLACEMENT_3D('',#1692,#1693,#1694);
#1692 = CARTESIAN_POINT('',(220.98,162.56,10.159999999999));
#1693 = DIRECTION('',(1.,6.070773319254E-17,0.));
#1694 = DIRECTION('',(-6.070773319254E-17,1.,0.));
#1695 = CYLINDRICAL_SURFACE('',#1696,2.54);
#1696 = AXIS2_PLACEMENT_3D('',#1697,#1698,#1699);
#1697 = CARTESIAN_POINT('',(220.98,162.56,10.159999999999));
#1698 = DIRECTION('',(1.,6.070773319254E-17,-0.));
#1699 = DIRECTION('',(-6.070773319254E-17,1.,0.));
#1700 = ADVANCED_FACE('',(#1701),#1737,.F.);
#1701 = FACE_BOUND('',#1702,.F.);
#1702 = EDGE_LOOP('',(#1703,#1713,#1722,#1730));
#1703 = ORIENTED_EDGE('',*,*,#1704,.T.);
#1704 = EDGE_CURVE('',#1705,#1707,#1709,.T.);
#1705 = VERTEX_POINT('',#1706);
#1706 = CARTESIAN_POINT('',(220.98,73.66,30.479999999999));
#1707 = VERTEX_POINT('',#1708);
#1708 = CARTESIAN_POINT('',(228.6,73.66,30.479999999999));
#1709 = LINE('',#1710,#1711);
#1710 = CARTESIAN_POINT('',(220.98,73.66,30.479999999999));
#1711 = VECTOR('',#1712,1.);
#1712 = DIRECTION('',(1.,6.070773319254E-17,-0.));
#1713 = ORIENTED_EDGE('',*,*,#1714,.F.);
#1714 = EDGE_CURVE('',#1715,#1707,#1717,.T.);
#1715 = VERTEX_POINT('',#1716);
#1716 = CARTESIAN_POINT('',(228.6,68.58,30.479999999999));
#1717 = CIRCLE('',#1718,2.54);
#1718 = AXIS2_PLACEMENT_3D('',#1719,#1720,#1721);
#1719 = CARTESIAN_POINT('',(228.6,71.12,30.479999999999));
#1720 = DIRECTION('',(1.,6.070773319254E-17,0.));
#1721 = DIRECTION('',(-6.070773319254E-17,1.,0.));
#1722 = ORIENTED_EDGE('',*,*,#1723,.F.);
#1723 = EDGE_CURVE('',#1724,#1715,#1726,.T.);
#1724 = VERTEX_POINT('',#1725);
#1725 = CARTESIAN_POINT('',(220.98,68.58,30.479999999999));
#1726 = LINE('',#1727,#1728);
#1727 = CARTESIAN_POINT('',(220.98,68.58,30.479999999999));
#1728 = VECTOR('',#1729,1.);
#1729 = DIRECTION('',(1.,6.070773319254E-17,-0.));
#1730 = ORIENTED_EDGE('',*,*,#1731,.T.);
#1731 = EDGE_CURVE('',#1724,#1705,#1732,.T.);
#1732 = CIRCLE('',#1733,2.54);
#1733 = AXIS2_PLACEMENT_3D('',#1734,#1735,#1736);
#1734 = CARTESIAN_POINT('',(220.98,71.12,30.479999999999));
#1735 = DIRECTION('',(1.,6.070773319254E-17,0.));
#1736 = DIRECTION('',(-6.070773319254E-17,1.,0.));
#1737 = CYLINDRICAL_SURFACE('',#1738,2.54);
#1738 = AXIS2_PLACEMENT_3D('',#1739,#1740,#1741);
#1739 = CARTESIAN_POINT('',(220.98,71.12,30.479999999999));
#1740 = DIRECTION('',(1.,6.070773319254E-17,-0.));
#1741 = DIRECTION('',(-6.070773319254E-17,1.,0.));
#1742 = ADVANCED_FACE('',(#1743),#1788,.F.);
#1743 = FACE_BOUND('',#1744,.F.);
#1744 = EDGE_LOOP('',(#1745,#1756,#1764,#1773,#1781));
#1745 = ORIENTED_EDGE('',*,*,#1746,.T.);
#1746 = EDGE_CURVE('',#1747,#1749,#1751,.T.);
#1747 = VERTEX_POINT('',#1748);
#1748 = CARTESIAN_POINT('',(220.98,81.28,7.62));
#1749 = VERTEX_POINT('',#1750);
#1750 = CARTESIAN_POINT('',(220.98,83.82,10.159999999999));
#1751 = CIRCLE('',#1752,2.54);
#1752 = AXIS2_PLACEMENT_3D('',#1753,#1754,#1755);
#1753 = CARTESIAN_POINT('',(220.98,81.28,10.159999999999));
#1754 = DIRECTION('',(1.,6.070773319254E-17,0.));
#1755 = DIRECTION('',(-6.070773319254E-17,1.,0.));
#1756 = ORIENTED_EDGE('',*,*,#1757,.T.);
#1757 = EDGE_CURVE('',#1749,#1758,#1760,.T.);
#1758 = VERTEX_POINT('',#1759);
#1759 = CARTESIAN_POINT('',(228.6,83.82,10.159999999999));
#1760 = LINE('',#1761,#1762);
#1761 = CARTESIAN_POINT('',(220.98,83.82,10.159999999999));
#1762 = VECTOR('',#1763,1.);
#1763 = DIRECTION('',(1.,6.070773319254E-17,-0.));
#1764 = ORIENTED_EDGE('',*,*,#1765,.F.);
#1765 = EDGE_CURVE('',#1766,#1758,#1768,.T.);
#1766 = VERTEX_POINT('',#1767);
#1767 = CARTESIAN_POINT('',(228.6,78.74,10.159999999999));
#1768 = CIRCLE('',#1769,2.54);
#1769 = AXIS2_PLACEMENT_3D('',#1770,#1771,#1772);
#1770 = CARTESIAN_POINT('',(228.6,81.28,10.159999999999));
#1771 = DIRECTION('',(1.,6.070773319254E-17,0.));
#1772 = DIRECTION('',(-6.070773319254E-17,1.,0.));
#1773 = ORIENTED_EDGE('',*,*,#1774,.F.);
#1774 = EDGE_CURVE('',#1775,#1766,#1777,.T.);
#1775 = VERTEX_POINT('',#1776);
#1776 = CARTESIAN_POINT('',(220.98,78.74,10.159999999999));
#1777 = LINE('',#1778,#1779);
#1778 = CARTESIAN_POINT('',(220.98,78.74,10.159999999999));
#1779 = VECTOR('',#1780,1.);
#1780 = DIRECTION('',(1.,6.070773319254E-17,-0.));
#1781 = ORIENTED_EDGE('',*,*,#1782,.T.);
#1782 = EDGE_CURVE('',#1775,#1747,#1783,.T.);
#1783 = CIRCLE('',#1784,2.54);
#1784 = AXIS2_PLACEMENT_3D('',#1785,#1786,#1787);
#1785 = CARTESIAN_POINT('',(220.98,81.28,10.159999999999));
#1786 = DIRECTION('',(1.,6.070773319254E-17,0.));
#1787 = DIRECTION('',(-6.070773319254E-17,1.,0.));
#1788 = CYLINDRICAL_SURFACE('',#1789,2.54);
#1789 = AXIS2_PLACEMENT_3D('',#1790,#1791,#1792);
#1790 = CARTESIAN_POINT('',(220.98,81.28,10.159999999999));
#1791 = DIRECTION('',(1.,6.070773319254E-17,-0.));
#1792 = DIRECTION('',(-6.070773319254E-17,1.,0.));
#1793 = ADVANCED_FACE('',(#1794),#1830,.F.);
#1794 = FACE_BOUND('',#1795,.F.);
#1795 = EDGE_LOOP('',(#1796,#1806,#1815,#1823));
#1796 = ORIENTED_EDGE('',*,*,#1797,.T.);
#1797 = EDGE_CURVE('',#1798,#1800,#1802,.T.);
#1798 = VERTEX_POINT('',#1799);
#1799 = CARTESIAN_POINT('',(220.98,12.7,30.479999999998));
#1800 = VERTEX_POINT('',#1801);
#1801 = CARTESIAN_POINT('',(228.6,12.7,30.479999999998));
#1802 = LINE('',#1803,#1804);
#1803 = CARTESIAN_POINT('',(220.98,12.7,30.479999999998));
#1804 = VECTOR('',#1805,1.);
#1805 = DIRECTION('',(1.,6.070773319254E-17,-0.));
#1806 = ORIENTED_EDGE('',*,*,#1807,.F.);
#1807 = EDGE_CURVE('',#1808,#1800,#1810,.T.);
#1808 = VERTEX_POINT('',#1809);
#1809 = CARTESIAN_POINT('',(228.6,7.62,30.479999999998));
#1810 = CIRCLE('',#1811,2.54);
#1811 = AXIS2_PLACEMENT_3D('',#1812,#1813,#1814);
#1812 = CARTESIAN_POINT('',(228.6,10.16,30.479999999998));
#1813 = DIRECTION('',(1.,6.070773319254E-17,0.));
#1814 = DIRECTION('',(-6.070773319254E-17,1.,0.));
#1815 = ORIENTED_EDGE('',*,*,#1816,.F.);
#1816 = EDGE_CURVE('',#1817,#1808,#1819,.T.);
#1817 = VERTEX_POINT('',#1818);
#1818 = CARTESIAN_POINT('',(220.98,7.62,30.479999999998));
#1819 = LINE('',#1820,#1821);
#1820 = CARTESIAN_POINT('',(220.98,7.62,30.479999999998));
#1821 = VECTOR('',#1822,1.);
#1822 = DIRECTION('',(1.,6.070773319254E-17,-0.));
#1823 = ORIENTED_EDGE('',*,*,#1824,.T.);
#1824 = EDGE_CURVE('',#1817,#1798,#1825,.T.);
#1825 = CIRCLE('',#1826,2.54);
#1826 = AXIS2_PLACEMENT_3D('',#1827,#1828,#1829);
#1827 = CARTESIAN_POINT('',(220.98,10.16,30.479999999998));
#1828 = DIRECTION('',(1.,6.070773319254E-17,0.));
#1829 = DIRECTION('',(-6.070773319254E-17,1.,0.));
#1830 = CYLINDRICAL_SURFACE('',#1831,2.54);
#1831 = AXIS2_PLACEMENT_3D('',#1832,#1833,#1834);
#1832 = CARTESIAN_POINT('',(220.98,10.16,30.479999999998));
#1833 = DIRECTION('',(1.,6.070773319254E-17,-0.));
#1834 = DIRECTION('',(-6.070773319254E-17,1.,0.));
#1835 = ADVANCED_FACE('',(#1836),#1881,.F.);
#1836 = FACE_BOUND('',#1837,.F.);
#1837 = EDGE_LOOP('',(#1838,#1849,#1857,#1866,#1874));
#1838 = ORIENTED_EDGE('',*,*,#1839,.T.);
#1839 = EDGE_CURVE('',#1840,#1842,#1844,.T.);
#1840 = VERTEX_POINT('',#1841);
#1841 = CARTESIAN_POINT('',(220.98,20.32,7.62));
#1842 = VERTEX_POINT('',#1843);
#1843 = CARTESIAN_POINT('',(220.98,22.86,10.159999999998));
#1844 = CIRCLE('',#1845,2.54);
#1845 = AXIS2_PLACEMENT_3D('',#1846,#1847,#1848);
#1846 = CARTESIAN_POINT('',(220.98,20.32,10.159999999998));
#1847 = DIRECTION('',(1.,6.070773319254E-17,0.));
#1848 = DIRECTION('',(-6.070773319254E-17,1.,0.));
#1849 = ORIENTED_EDGE('',*,*,#1850,.T.);
#1850 = EDGE_CURVE('',#1842,#1851,#1853,.T.);
#1851 = VERTEX_POINT('',#1852);
#1852 = CARTESIAN_POINT('',(228.6,22.86,10.159999999998));
#1853 = LINE('',#1854,#1855);
#1854 = CARTESIAN_POINT('',(220.98,22.86,10.159999999998));
#1855 = VECTOR('',#1856,1.);
#1856 = DIRECTION('',(1.,6.070773319254E-17,-0.));
#1857 = ORIENTED_EDGE('',*,*,#1858,.F.);
#1858 = EDGE_CURVE('',#1859,#1851,#1861,.T.);
#1859 = VERTEX_POINT('',#1860);
#1860 = CARTESIAN_POINT('',(228.6,17.78,10.159999999998));
#1861 = CIRCLE('',#1862,2.54);
#1862 = AXIS2_PLACEMENT_3D('',#1863,#1864,#1865);
#1863 = CARTESIAN_POINT('',(228.6,20.32,10.159999999998));
#1864 = DIRECTION('',(1.,6.070773319254E-17,0.));
#1865 = DIRECTION('',(-6.070773319254E-17,1.,0.));
#1866 = ORIENTED_EDGE('',*,*,#1867,.F.);
#1867 = EDGE_CURVE('',#1868,#1859,#1870,.T.);
#1868 = VERTEX_POINT('',#1869);
#1869 = CARTESIAN_POINT('',(220.98,17.78,10.159999999998));
#1870 = LINE('',#1871,#1872);
#1871 = CARTESIAN_POINT('',(220.98,17.78,10.159999999998));
#1872 = VECTOR('',#1873,1.);
#1873 = DIRECTION('',(1.,6.070773319254E-17,-0.));
#1874 = ORIENTED_EDGE('',*,*,#1875,.T.);
#1875 = EDGE_CURVE('',#1868,#1840,#1876,.T.);
#1876 = CIRCLE('',#1877,2.54);
#1877 = AXIS2_PLACEMENT_3D('',#1878,#1879,#1880);
#1878 = CARTESIAN_POINT('',(220.98,20.32,10.159999999998));
#1879 = DIRECTION('',(1.,6.070773319254E-17,0.));
#1880 = DIRECTION('',(-6.070773319254E-17,1.,0.));
#1881 = CYLINDRICAL_SURFACE('',#1882,2.54);
#1882 = AXIS2_PLACEMENT_3D('',#1883,#1884,#1885);
#1883 = CARTESIAN_POINT('',(220.98,20.32,10.159999999998));
#1884 = DIRECTION('',(1.,6.070773319254E-17,-0.));
#1885 = DIRECTION('',(-6.070773319254E-17,1.,0.));
#1886 = ADVANCED_FACE('',(#1887),#1923,.F.);
#1887 = FACE_BOUND('',#1888,.F.);
#1888 = EDGE_LOOP('',(#1889,#1899,#1908,#1916));
#1889 = ORIENTED_EDGE('',*,*,#1890,.T.);
#1890 = EDGE_CURVE('',#1891,#1893,#1895,.T.);
#1891 = VERTEX_POINT('',#1892);
#1892 = CARTESIAN_POINT('',(220.98,33.02,30.479999999998));
#1893 = VERTEX_POINT('',#1894);
#1894 = CARTESIAN_POINT('',(228.6,33.02,30.479999999998));
#1895 = LINE('',#1896,#1897);
#1896 = CARTESIAN_POINT('',(220.98,33.02,30.479999999998));
#1897 = VECTOR('',#1898,1.);
#1898 = DIRECTION('',(1.,6.070773319254E-17,-0.));
#1899 = ORIENTED_EDGE('',*,*,#1900,.F.);
#1900 = EDGE_CURVE('',#1901,#1893,#1903,.T.);
#1901 = VERTEX_POINT('',#1902);
#1902 = CARTESIAN_POINT('',(228.6,27.94,30.479999999998));
#1903 = CIRCLE('',#1904,2.54);
#1904 = AXIS2_PLACEMENT_3D('',#1905,#1906,#1907);
#1905 = CARTESIAN_POINT('',(228.6,30.48,30.479999999998));
#1906 = DIRECTION('',(1.,6.070773319254E-17,0.));
#1907 = DIRECTION('',(-6.070773319254E-17,1.,0.));
#1908 = ORIENTED_EDGE('',*,*,#1909,.F.);
#1909 = EDGE_CURVE('',#1910,#1901,#1912,.T.);
#1910 = VERTEX_POINT('',#1911);
#1911 = CARTESIAN_POINT('',(220.98,27.94,30.479999999998));
#1912 = LINE('',#1913,#1914);
#1913 = CARTESIAN_POINT('',(220.98,27.94,30.479999999998));
#1914 = VECTOR('',#1915,1.);
#1915 = DIRECTION('',(1.,6.070773319254E-17,-0.));
#1916 = ORIENTED_EDGE('',*,*,#1917,.T.);
#1917 = EDGE_CURVE('',#1910,#1891,#1918,.T.);
#1918 = CIRCLE('',#1919,2.54);
#1919 = AXIS2_PLACEMENT_3D('',#1920,#1921,#1922);
#1920 = CARTESIAN_POINT('',(220.98,30.48,30.479999999998));
#1921 = DIRECTION('',(1.,6.070773319254E-17,0.));
#1922 = DIRECTION('',(-6.070773319254E-17,1.,0.));
#1923 = CYLINDRICAL_SURFACE('',#1924,2.54);
#1924 = AXIS2_PLACEMENT_3D('',#1925,#1926,#1927);
#1925 = CARTESIAN_POINT('',(220.98,30.48,30.479999999998));
#1926 = DIRECTION('',(1.,6.070773319254E-17,-0.));
#1927 = DIRECTION('',(-6.070773319254E-17,1.,0.));
#1928 = ADVANCED_FACE('',(#1929),#1974,.F.);
#1929 = FACE_BOUND('',#1930,.F.);
#1930 = EDGE_LOOP('',(#1931,#1942,#1950,#1959,#1967));
#1931 = ORIENTED_EDGE('',*,*,#1932,.T.);
#1932 = EDGE_CURVE('',#1933,#1935,#1937,.T.);
#1933 = VERTEX_POINT('',#1934);
#1934 = CARTESIAN_POINT('',(220.98,40.64,7.62));
#1935 = VERTEX_POINT('',#1936);
#1936 = CARTESIAN_POINT('',(220.98,43.18,10.159999999998));
#1937 = CIRCLE('',#1938,2.54);
#1938 = AXIS2_PLACEMENT_3D('',#1939,#1940,#1941);
#1939 = CARTESIAN_POINT('',(220.98,40.64,10.159999999998));
#1940 = DIRECTION('',(1.,6.070773319254E-17,0.));
#1941 = DIRECTION('',(-6.070773319254E-17,1.,0.));
#1942 = ORIENTED_EDGE('',*,*,#1943,.T.);
#1943 = EDGE_CURVE('',#1935,#1944,#1946,.T.);
#1944 = VERTEX_POINT('',#1945);
#1945 = CARTESIAN_POINT('',(228.6,43.18,10.159999999998));
#1946 = LINE('',#1947,#1948);
#1947 = CARTESIAN_POINT('',(220.98,43.18,10.159999999998));
#1948 = VECTOR('',#1949,1.);
#1949 = DIRECTION('',(1.,6.070773319254E-17,-0.));
#1950 = ORIENTED_EDGE('',*,*,#1951,.F.);
#1951 = EDGE_CURVE('',#1952,#1944,#1954,.T.);
#1952 = VERTEX_POINT('',#1953);
#1953 = CARTESIAN_POINT('',(228.6,38.1,10.159999999998));
#1954 = CIRCLE('',#1955,2.54);
#1955 = AXIS2_PLACEMENT_3D('',#1956,#1957,#1958);
#1956 = CARTESIAN_POINT('',(228.6,40.64,10.159999999998));
#1957 = DIRECTION('',(1.,6.070773319254E-17,0.));
#1958 = DIRECTION('',(-6.070773319254E-17,1.,0.));
#1959 = ORIENTED_EDGE('',*,*,#1960,.F.);
#1960 = EDGE_CURVE('',#1961,#1952,#1963,.T.);
#1961 = VERTEX_POINT('',#1962);
#1962 = CARTESIAN_POINT('',(220.98,38.1,10.159999999998));
#1963 = LINE('',#1964,#1965);
#1964 = CARTESIAN_POINT('',(220.98,38.1,10.159999999998));
#1965 = VECTOR('',#1966,1.);
#1966 = DIRECTION('',(1.,6.070773319254E-17,-0.));
#1967 = ORIENTED_EDGE('',*,*,#1968,.T.);
#1968 = EDGE_CURVE('',#1961,#1933,#1969,.T.);
#1969 = CIRCLE('',#1970,2.54);
#1970 = AXIS2_PLACEMENT_3D('',#1971,#1972,#1973);
#1971 = CARTESIAN_POINT('',(220.98,40.64,10.159999999998));
#1972 = DIRECTION('',(1.,6.070773319254E-17,0.));
#1973 = DIRECTION('',(-6.070773319254E-17,1.,0.));
#1974 = CYLINDRICAL_SURFACE('',#1975,2.54);
#1975 = AXIS2_PLACEMENT_3D('',#1976,#1977,#1978);
#1976 = CARTESIAN_POINT('',(220.98,40.64,10.159999999998));
#1977 = DIRECTION('',(1.,6.070773319254E-17,-0.));
#1978 = DIRECTION('',(-6.070773319254E-17,1.,0.));
#1979 = ADVANCED_FACE('',(#1980),#2025,.F.);
#1980 = FACE_BOUND('',#1981,.F.);
#1981 = EDGE_LOOP('',(#1982,#1993,#2001,#2010,#2018));
#1982 = ORIENTED_EDGE('',*,*,#1983,.T.);
#1983 = EDGE_CURVE('',#1984,#1986,#1988,.T.);
#1984 = VERTEX_POINT('',#1985);
#1985 = CARTESIAN_POINT('',(220.98,30.48,7.62));
#1986 = VERTEX_POINT('',#1987);
#1987 = CARTESIAN_POINT('',(220.98,33.02,10.159999999998));
#1988 = CIRCLE('',#1989,2.54);
#1989 = AXIS2_PLACEMENT_3D('',#1990,#1991,#1992);
#1990 = CARTESIAN_POINT('',(220.98,30.48,10.159999999998));
#1991 = DIRECTION('',(1.,6.070773319254E-17,0.));
#1992 = DIRECTION('',(-6.070773319254E-17,1.,0.));
#1993 = ORIENTED_EDGE('',*,*,#1994,.T.);
#1994 = EDGE_CURVE('',#1986,#1995,#1997,.T.);
#1995 = VERTEX_POINT('',#1996);
#1996 = CARTESIAN_POINT('',(228.6,33.02,10.159999999998));
#1997 = LINE('',#1998,#1999);
#1998 = CARTESIAN_POINT('',(220.98,33.02,10.159999999998));
#1999 = VECTOR('',#2000,1.);
#2000 = DIRECTION('',(1.,6.070773319254E-17,-0.));
#2001 = ORIENTED_EDGE('',*,*,#2002,.F.);
#2002 = EDGE_CURVE('',#2003,#1995,#2005,.T.);
#2003 = VERTEX_POINT('',#2004);
#2004 = CARTESIAN_POINT('',(228.6,27.94,10.159999999998));
#2005 = CIRCLE('',#2006,2.54);
#2006 = AXIS2_PLACEMENT_3D('',#2007,#2008,#2009);
#2007 = CARTESIAN_POINT('',(228.6,30.48,10.159999999998));
#2008 = DIRECTION('',(1.,6.070773319254E-17,0.));
#2009 = DIRECTION('',(-6.070773319254E-17,1.,0.));
#2010 = ORIENTED_EDGE('',*,*,#2011,.F.);
#2011 = EDGE_CURVE('',#2012,#2003,#2014,.T.);
#2012 = VERTEX_POINT('',#2013);
#2013 = CARTESIAN_POINT('',(220.98,27.94,10.159999999998));
#2014 = LINE('',#2015,#2016);
#2015 = CARTESIAN_POINT('',(220.98,27.94,10.159999999998));
#2016 = VECTOR('',#2017,1.);
#2017 = DIRECTION('',(1.,6.070773319254E-17,-0.));
#2018 = ORIENTED_EDGE('',*,*,#2019,.T.);
#2019 = EDGE_CURVE('',#2012,#1984,#2020,.T.);
#2020 = CIRCLE('',#2021,2.54);
#2021 = AXIS2_PLACEMENT_3D('',#2022,#2023,#2024);
#2022 = CARTESIAN_POINT('',(220.98,30.48,10.159999999998));
#2023 = DIRECTION('',(1.,6.070773319254E-17,0.));
#2024 = DIRECTION('',(-6.070773319254E-17,1.,0.));
#2025 = CYLINDRICAL_SURFACE('',#2026,2.54);
#2026 = AXIS2_PLACEMENT_3D('',#2027,#2028,#2029);
#2027 = CARTESIAN_POINT('',(220.98,30.48,10.159999999998));
#2028 = DIRECTION('',(1.,6.070773319254E-17,-0.));
#2029 = DIRECTION('',(-6.070773319254E-17,1.,0.));
#2030 = ADVANCED_FACE('',(#2031),#2067,.F.);
#2031 = FACE_BOUND('',#2032,.F.);
#2032 = EDGE_LOOP('',(#2033,#2043,#2052,#2060));
#2033 = ORIENTED_EDGE('',*,*,#2034,.T.);
#2034 = EDGE_CURVE('',#2035,#2037,#2039,.T.);
#2035 = VERTEX_POINT('',#2036);
#2036 = CARTESIAN_POINT('',(220.98,33.02,20.319999999998));
#2037 = VERTEX_POINT('',#2038);
#2038 = CARTESIAN_POINT('',(228.6,33.02,20.319999999998));
#2039 = LINE('',#2040,#2041);
#2040 = CARTESIAN_POINT('',(220.98,33.02,20.319999999998));
#2041 = VECTOR('',#2042,1.);
#2042 = DIRECTION('',(1.,6.070773319254E-17,-0.));
#2043 = ORIENTED_EDGE('',*,*,#2044,.F.);
#2044 = EDGE_CURVE('',#2045,#2037,#2047,.T.);
#2045 = VERTEX_POINT('',#2046);
#2046 = CARTESIAN_POINT('',(228.6,27.94,20.319999999998));
#2047 = CIRCLE('',#2048,2.54);
#2048 = AXIS2_PLACEMENT_3D('',#2049,#2050,#2051);
#2049 = CARTESIAN_POINT('',(228.6,30.48,20.319999999998));
#2050 = DIRECTION('',(1.,6.070773319254E-17,0.));
#2051 = DIRECTION('',(-6.070773319254E-17,1.,0.));
#2052 = ORIENTED_EDGE('',*,*,#2053,.F.);
#2053 = EDGE_CURVE('',#2054,#2045,#2056,.T.);
#2054 = VERTEX_POINT('',#2055);
#2055 = CARTESIAN_POINT('',(220.98,27.94,20.319999999998));
#2056 = LINE('',#2057,#2058);
#2057 = CARTESIAN_POINT('',(220.98,27.94,20.319999999998));
#2058 = VECTOR('',#2059,1.);
#2059 = DIRECTION('',(1.,6.070773319254E-17,-0.));
#2060 = ORIENTED_EDGE('',*,*,#2061,.T.);
#2061 = EDGE_CURVE('',#2054,#2035,#2062,.T.);
#2062 = CIRCLE('',#2063,2.54);
#2063 = AXIS2_PLACEMENT_3D('',#2064,#2065,#2066);
#2064 = CARTESIAN_POINT('',(220.98,30.48,20.319999999998));
#2065 = DIRECTION('',(1.,6.070773319254E-17,0.));
#2066 = DIRECTION('',(-6.070773319254E-17,1.,0.));
#2067 = CYLINDRICAL_SURFACE('',#2068,2.54);
#2068 = AXIS2_PLACEMENT_3D('',#2069,#2070,#2071);
#2069 = CARTESIAN_POINT('',(220.98,30.48,20.319999999998));
#2070 = DIRECTION('',(1.,6.070773319254E-17,-0.));
#2071 = DIRECTION('',(-6.070773319254E-17,1.,0.));
#2072 = ADVANCED_FACE('',(#2073),#2109,.F.);
#2073 = FACE_BOUND('',#2074,.F.);
#2074 = EDGE_LOOP('',(#2075,#2085,#2094,#2102));
#2075 = ORIENTED_EDGE('',*,*,#2076,.T.);
#2076 = EDGE_CURVE('',#2077,#2079,#2081,.T.);
#2077 = VERTEX_POINT('',#2078);
#2078 = CARTESIAN_POINT('',(220.98,134.62,30.479999999999));
#2079 = VERTEX_POINT('',#2080);
#2080 = CARTESIAN_POINT('',(228.6,134.62,30.479999999999));
#2081 = LINE('',#2082,#2083);
#2082 = CARTESIAN_POINT('',(220.98,134.62,30.479999999999));
#2083 = VECTOR('',#2084,1.);
#2084 = DIRECTION('',(1.,6.070773319254E-17,-0.));
#2085 = ORIENTED_EDGE('',*,*,#2086,.F.);
#2086 = EDGE_CURVE('',#2087,#2079,#2089,.T.);
#2087 = VERTEX_POINT('',#2088);
#2088 = CARTESIAN_POINT('',(228.6,129.54,30.479999999999));
#2089 = CIRCLE('',#2090,2.54);
#2090 = AXIS2_PLACEMENT_3D('',#2091,#2092,#2093);
#2091 = CARTESIAN_POINT('',(228.6,132.08,30.479999999999));
#2092 = DIRECTION('',(1.,6.070773319254E-17,0.));
#2093 = DIRECTION('',(-6.070773319254E-17,1.,0.));
#2094 = ORIENTED_EDGE('',*,*,#2095,.F.);
#2095 = EDGE_CURVE('',#2096,#2087,#2098,.T.);
#2096 = VERTEX_POINT('',#2097);
#2097 = CARTESIAN_POINT('',(220.98,129.54,30.479999999999));
#2098 = LINE('',#2099,#2100);
#2099 = CARTESIAN_POINT('',(220.98,129.54,30.479999999999));
#2100 = VECTOR('',#2101,1.);
#2101 = DIRECTION('',(1.,6.070773319254E-17,-0.));
#2102 = ORIENTED_EDGE('',*,*,#2103,.T.);
#2103 = EDGE_CURVE('',#2096,#2077,#2104,.T.);
#2104 = CIRCLE('',#2105,2.54);
#2105 = AXIS2_PLACEMENT_3D('',#2106,#2107,#2108);
#2106 = CARTESIAN_POINT('',(220.98,132.08,30.479999999999));
#2107 = DIRECTION('',(1.,6.070773319254E-17,0.));
#2108 = DIRECTION('',(-6.070773319254E-17,1.,0.));
#2109 = CYLINDRICAL_SURFACE('',#2110,2.54);
#2110 = AXIS2_PLACEMENT_3D('',#2111,#2112,#2113);
#2111 = CARTESIAN_POINT('',(220.98,132.08,30.479999999999));
#2112 = DIRECTION('',(1.,6.070773319254E-17,-0.));
#2113 = DIRECTION('',(-6.070773319254E-17,1.,0.));
#2114 = ADVANCED_FACE('',(#2115),#2151,.F.);
#2115 = FACE_BOUND('',#2116,.F.);
#2116 = EDGE_LOOP('',(#2117,#2127,#2136,#2144));
#2117 = ORIENTED_EDGE('',*,*,#2118,.T.);
#2118 = EDGE_CURVE('',#2119,#2121,#2123,.T.);
#2119 = VERTEX_POINT('',#2120);
#2120 = CARTESIAN_POINT('',(220.98,144.78,30.479999999999));
#2121 = VERTEX_POINT('',#2122);
#2122 = CARTESIAN_POINT('',(228.6,144.78,30.479999999999));
#2123 = LINE('',#2124,#2125);
#2124 = CARTESIAN_POINT('',(220.98,144.78,30.479999999999));
#2125 = VECTOR('',#2126,1.);
#2126 = DIRECTION('',(1.,6.070773319254E-17,-0.));
#2127 = ORIENTED_EDGE('',*,*,#2128,.F.);
#2128 = EDGE_CURVE('',#2129,#2121,#2131,.T.);
#2129 = VERTEX_POINT('',#2130);
#2130 = CARTESIAN_POINT('',(228.6,139.7,30.479999999999));
#2131 = CIRCLE('',#2132,2.54);
#2132 = AXIS2_PLACEMENT_3D('',#2133,#2134,#2135);
#2133 = CARTESIAN_POINT('',(228.6,142.24,30.479999999999));
#2134 = DIRECTION('',(1.,6.070773319254E-17,0.));
#2135 = DIRECTION('',(-6.070773319254E-17,1.,0.));
#2136 = ORIENTED_EDGE('',*,*,#2137,.F.);
#2137 = EDGE_CURVE('',#2138,#2129,#2140,.T.);
#2138 = VERTEX_POINT('',#2139);
#2139 = CARTESIAN_POINT('',(220.98,139.7,30.479999999999));
#2140 = LINE('',#2141,#2142);
#2141 = CARTESIAN_POINT('',(220.98,139.7,30.479999999999));
#2142 = VECTOR('',#2143,1.);
#2143 = DIRECTION('',(1.,6.070773319254E-17,-0.));
#2144 = ORIENTED_EDGE('',*,*,#2145,.T.);
#2145 = EDGE_CURVE('',#2138,#2119,#2146,.T.);
#2146 = CIRCLE('',#2147,2.54);
#2147 = AXIS2_PLACEMENT_3D('',#2148,#2149,#2150);
#2148 = CARTESIAN_POINT('',(220.98,142.24,30.479999999999));
#2149 = DIRECTION('',(1.,6.070773319254E-17,0.));
#2150 = DIRECTION('',(-6.070773319254E-17,1.,0.));
#2151 = CYLINDRICAL_SURFACE('',#2152,2.54);
#2152 = AXIS2_PLACEMENT_3D('',#2153,#2154,#2155);
#2153 = CARTESIAN_POINT('',(220.98,142.24,30.479999999999));
#2154 = DIRECTION('',(1.,6.070773319254E-17,-0.));
#2155 = DIRECTION('',(-6.070773319254E-17,1.,0.));
#2156 = ADVANCED_FACE('',(#2157),#2193,.F.);
#2157 = FACE_BOUND('',#2158,.F.);
#2158 = EDGE_LOOP('',(#2159,#2169,#2178,#2186));
#2159 = ORIENTED_EDGE('',*,*,#2160,.T.);
#2160 = EDGE_CURVE('',#2161,#2163,#2165,.T.);
#2161 = VERTEX_POINT('',#2162);
#2162 = CARTESIAN_POINT('',(220.98,154.94,40.639999999999));
#2163 = VERTEX_POINT('',#2164);
#2164 = CARTESIAN_POINT('',(228.6,154.94,40.639999999999));
#2165 = LINE('',#2166,#2167);
#2166 = CARTESIAN_POINT('',(220.98,154.94,40.639999999999));
#2167 = VECTOR('',#2168,1.);
#2168 = DIRECTION('',(1.,6.070773319254E-17,-0.));
#2169 = ORIENTED_EDGE('',*,*,#2170,.F.);
#2170 = EDGE_CURVE('',#2171,#2163,#2173,.T.);
#2171 = VERTEX_POINT('',#2172);
#2172 = CARTESIAN_POINT('',(228.6,149.86,40.639999999999));
#2173 = CIRCLE('',#2174,2.54);
#2174 = AXIS2_PLACEMENT_3D('',#2175,#2176,#2177);
#2175 = CARTESIAN_POINT('',(228.6,152.4,40.639999999999));
#2176 = DIRECTION('',(1.,6.070773319254E-17,0.));
#2177 = DIRECTION('',(-6.070773319254E-17,1.,0.));
#2178 = ORIENTED_EDGE('',*,*,#2179,.F.);
#2179 = EDGE_CURVE('',#2180,#2171,#2182,.T.);
#2180 = VERTEX_POINT('',#2181);
#2181 = CARTESIAN_POINT('',(220.98,149.86,40.639999999999));
#2182 = LINE('',#2183,#2184);
#2183 = CARTESIAN_POINT('',(220.98,149.86,40.639999999999));
#2184 = VECTOR('',#2185,1.);
#2185 = DIRECTION('',(1.,6.070773319254E-17,-0.));
#2186 = ORIENTED_EDGE('',*,*,#2187,.T.);
#2187 = EDGE_CURVE('',#2180,#2161,#2188,.T.);
#2188 = CIRCLE('',#2189,2.54);
#2189 = AXIS2_PLACEMENT_3D('',#2190,#2191,#2192);
#2190 = CARTESIAN_POINT('',(220.98,152.4,40.639999999999));
#2191 = DIRECTION('',(1.,6.070773319254E-17,0.));
#2192 = DIRECTION('',(-6.070773319254E-17,1.,0.));
#2193 = CYLINDRICAL_SURFACE('',#2194,2.54);
#2194 = AXIS2_PLACEMENT_3D('',#2195,#2196,#2197);
#2195 = CARTESIAN_POINT('',(220.98,152.4,40.639999999999));
#2196 = DIRECTION('',(1.,6.070773319254E-17,-0.));
#2197 = DIRECTION('',(-6.070773319254E-17,1.,0.));
#2198 = ADVANCED_FACE('',(#2199),#2235,.F.);
#2199 = FACE_BOUND('',#2200,.F.);
#2200 = EDGE_LOOP('',(#2201,#2211,#2220,#2228));
#2201 = ORIENTED_EDGE('',*,*,#2202,.T.);
#2202 = EDGE_CURVE('',#2203,#2205,#2207,.T.);
#2203 = VERTEX_POINT('',#2204);
#2204 = CARTESIAN_POINT('',(220.98,165.1,40.639999999999));
#2205 = VERTEX_POINT('',#2206);
#2206 = CARTESIAN_POINT('',(228.6,165.1,40.639999999999));
#2207 = LINE('',#2208,#2209);
#2208 = CARTESIAN_POINT('',(220.98,165.1,40.639999999999));
#2209 = VECTOR('',#2210,1.);
#2210 = DIRECTION('',(1.,6.070773319254E-17,-0.));
#2211 = ORIENTED_EDGE('',*,*,#2212,.F.);
#2212 = EDGE_CURVE('',#2213,#2205,#2215,.T.);
#2213 = VERTEX_POINT('',#2214);
#2214 = CARTESIAN_POINT('',(228.6,160.02,40.639999999999));
#2215 = CIRCLE('',#2216,2.54);
#2216 = AXIS2_PLACEMENT_3D('',#2217,#2218,#2219);
#2217 = CARTESIAN_POINT('',(228.6,162.56,40.639999999999));
#2218 = DIRECTION('',(1.,6.070773319254E-17,0.));
#2219 = DIRECTION('',(-6.070773319254E-17,1.,0.));
#2220 = ORIENTED_EDGE('',*,*,#2221,.F.);
#2221 = EDGE_CURVE('',#2222,#2213,#2224,.T.);
#2222 = VERTEX_POINT('',#2223);
#2223 = CARTESIAN_POINT('',(220.98,160.02,40.639999999999));
#2224 = LINE('',#2225,#2226);
#2225 = CARTESIAN_POINT('',(220.98,160.02,40.639999999999));
#2226 = VECTOR('',#2227,1.);
#2227 = DIRECTION('',(1.,6.070773319254E-17,-0.));
#2228 = ORIENTED_EDGE('',*,*,#2229,.T.);
#2229 = EDGE_CURVE('',#2222,#2203,#2230,.T.);
#2230 = CIRCLE('',#2231,2.54);
#2231 = AXIS2_PLACEMENT_3D('',#2232,#2233,#2234);
#2232 = CARTESIAN_POINT('',(220.98,162.56,40.639999999999));
#2233 = DIRECTION('',(1.,6.070773319254E-17,0.));
#2234 = DIRECTION('',(-6.070773319254E-17,1.,0.));
#2235 = CYLINDRICAL_SURFACE('',#2236,2.54);
#2236 = AXIS2_PLACEMENT_3D('',#2237,#2238,#2239);
#2237 = CARTESIAN_POINT('',(220.98,162.56,40.639999999999));
#2238 = DIRECTION('',(1.,6.070773319254E-17,-0.));
#2239 = DIRECTION('',(-6.070773319254E-17,1.,0.));
#2240 = ADVANCED_FACE('',(#2241),#2286,.F.);
#2241 = FACE_BOUND('',#2242,.F.);
#2242 = EDGE_LOOP('',(#2243,#2254,#2262,#2271,#2279));
#2243 = ORIENTED_EDGE('',*,*,#2244,.T.);
#2244 = EDGE_CURVE('',#2245,#2247,#2249,.T.);
#2245 = VERTEX_POINT('',#2246);
#2246 = CARTESIAN_POINT('',(220.98,10.16,7.62));
#2247 = VERTEX_POINT('',#2248);
#2248 = CARTESIAN_POINT('',(220.98,12.7,10.159999999998));
#2249 = CIRCLE('',#2250,2.54);
#2250 = AXIS2_PLACEMENT_3D('',#2251,#2252,#2253);
#2251 = CARTESIAN_POINT('',(220.98,10.16,10.159999999998));
#2252 = DIRECTION('',(1.,6.070773319254E-17,0.));
#2253 = DIRECTION('',(-6.070773319254E-17,1.,0.));
#2254 = ORIENTED_EDGE('',*,*,#2255,.T.);
#2255 = EDGE_CURVE('',#2247,#2256,#2258,.T.);
#2256 = VERTEX_POINT('',#2257);
#2257 = CARTESIAN_POINT('',(228.6,12.7,10.159999999998));
#2258 = LINE('',#2259,#2260);
#2259 = CARTESIAN_POINT('',(220.98,12.7,10.159999999998));
#2260 = VECTOR('',#2261,1.);
#2261 = DIRECTION('',(1.,6.070773319254E-17,-0.));
#2262 = ORIENTED_EDGE('',*,*,#2263,.F.);
#2263 = EDGE_CURVE('',#2264,#2256,#2266,.T.);
#2264 = VERTEX_POINT('',#2265);
#2265 = CARTESIAN_POINT('',(228.6,7.62,10.159999999998));
#2266 = CIRCLE('',#2267,2.54);
#2267 = AXIS2_PLACEMENT_3D('',#2268,#2269,#2270);
#2268 = CARTESIAN_POINT('',(228.6,10.16,10.159999999998));
#2269 = DIRECTION('',(1.,6.070773319254E-17,0.));
#2270 = DIRECTION('',(-6.070773319254E-17,1.,0.));
#2271 = ORIENTED_EDGE('',*,*,#2272,.F.);
#2272 = EDGE_CURVE('',#2273,#2264,#2275,.T.);
#2273 = VERTEX_POINT('',#2274);
#2274 = CARTESIAN_POINT('',(220.98,7.62,10.159999999998));
#2275 = LINE('',#2276,#2277);
#2276 = CARTESIAN_POINT('',(220.98,7.62,10.159999999998));
#2277 = VECTOR('',#2278,1.);
#2278 = DIRECTION('',(1.,6.070773319254E-17,-0.));
#2279 = ORIENTED_EDGE('',*,*,#2280,.T.);
#2280 = EDGE_CURVE('',#2273,#2245,#2281,.T.);
#2281 = CIRCLE('',#2282,2.54);
#2282 = AXIS2_PLACEMENT_3D('',#2283,#2284,#2285);
#2283 = CARTESIAN_POINT('',(220.98,10.16,10.159999999998));
#2284 = DIRECTION('',(1.,6.070773319254E-17,0.));
#2285 = DIRECTION('',(-6.070773319254E-17,1.,0.));
#2286 = CYLINDRICAL_SURFACE('',#2287,2.54);
#2287 = AXIS2_PLACEMENT_3D('',#2288,#2289,#2290);
#2288 = CARTESIAN_POINT('',(220.98,10.16,10.159999999998));
#2289 = DIRECTION('',(1.,6.070773319254E-17,-0.));
#2290 = DIRECTION('',(-6.070773319254E-17,1.,0.));
#2291 = ADVANCED_FACE('',(#2292),#2328,.F.);
#2292 = FACE_BOUND('',#2293,.F.);
#2293 = EDGE_LOOP('',(#2294,#2304,#2313,#2321));
#2294 = ORIENTED_EDGE('',*,*,#2295,.T.);
#2295 = EDGE_CURVE('',#2296,#2298,#2300,.T.);
#2296 = VERTEX_POINT('',#2297);
#2297 = CARTESIAN_POINT('',(220.98,12.7,20.319999999998));
#2298 = VERTEX_POINT('',#2299);
#2299 = CARTESIAN_POINT('',(228.6,12.7,20.319999999998));
#2300 = LINE('',#2301,#2302);
#2301 = CARTESIAN_POINT('',(220.98,12.7,20.319999999998));
#2302 = VECTOR('',#2303,1.);
#2303 = DIRECTION('',(1.,6.070773319254E-17,-0.));
#2304 = ORIENTED_EDGE('',*,*,#2305,.F.);
#2305 = EDGE_CURVE('',#2306,#2298,#2308,.T.);
#2306 = VERTEX_POINT('',#2307);
#2307 = CARTESIAN_POINT('',(228.6,7.62,20.319999999998));
#2308 = CIRCLE('',#2309,2.54);
#2309 = AXIS2_PLACEMENT_3D('',#2310,#2311,#2312);
#2310 = CARTESIAN_POINT('',(228.6,10.16,20.319999999998));
#2311 = DIRECTION('',(1.,6.070773319254E-17,0.));
#2312 = DIRECTION('',(-6.070773319254E-17,1.,0.));
#2313 = ORIENTED_EDGE('',*,*,#2314,.F.);
#2314 = EDGE_CURVE('',#2315,#2306,#2317,.T.);
#2315 = VERTEX_POINT('',#2316);
#2316 = CARTESIAN_POINT('',(220.98,7.62,20.319999999998));
#2317 = LINE('',#2318,#2319);
#2318 = CARTESIAN_POINT('',(220.98,7.62,20.319999999998));
#2319 = VECTOR('',#2320,1.);
#2320 = DIRECTION('',(1.,6.070773319254E-17,-0.));
#2321 = ORIENTED_EDGE('',*,*,#2322,.T.);
#2322 = EDGE_CURVE('',#2315,#2296,#2323,.T.);
#2323 = CIRCLE('',#2324,2.54);
#2324 = AXIS2_PLACEMENT_3D('',#2325,#2326,#2327);
#2325 = CARTESIAN_POINT('',(220.98,10.16,20.319999999998));
#2326 = DIRECTION('',(1.,6.070773319254E-17,0.));
#2327 = DIRECTION('',(-6.070773319254E-17,1.,0.));
#2328 = CYLINDRICAL_SURFACE('',#2329,2.54);
#2329 = AXIS2_PLACEMENT_3D('',#2330,#2331,#2332);
#2330 = CARTESIAN_POINT('',(220.98,10.16,20.319999999998));
#2331 = DIRECTION('',(1.,6.070773319254E-17,-0.));
#2332 = DIRECTION('',(-6.070773319254E-17,1.,0.));
#2333 = ADVANCED_FACE('',(#2334),#2370,.F.);
#2334 = FACE_BOUND('',#2335,.F.);
#2335 = EDGE_LOOP('',(#2336,#2346,#2355,#2363));
#2336 = ORIENTED_EDGE('',*,*,#2337,.T.);
#2337 = EDGE_CURVE('',#2338,#2340,#2342,.T.);
#2338 = VERTEX_POINT('',#2339);
#2339 = CARTESIAN_POINT('',(220.98,195.58,40.64));
#2340 = VERTEX_POINT('',#2341);
#2341 = CARTESIAN_POINT('',(228.6,195.58,40.64));
#2342 = LINE('',#2343,#2344);
#2343 = CARTESIAN_POINT('',(220.98,195.58,40.64));
#2344 = VECTOR('',#2345,1.);
#2345 = DIRECTION('',(1.,6.070773319254E-17,-0.));
#2346 = ORIENTED_EDGE('',*,*,#2347,.F.);
#2347 = EDGE_CURVE('',#2348,#2340,#2350,.T.);
#2348 = VERTEX_POINT('',#2349);
#2349 = CARTESIAN_POINT('',(228.6,190.5,40.64));
#2350 = CIRCLE('',#2351,2.54);
#2351 = AXIS2_PLACEMENT_3D('',#2352,#2353,#2354);
#2352 = CARTESIAN_POINT('',(228.6,193.04,40.64));
#2353 = DIRECTION('',(1.,6.070773319254E-17,0.));
#2354 = DIRECTION('',(-6.070773319254E-17,1.,0.));
#2355 = ORIENTED_EDGE('',*,*,#2356,.F.);
#2356 = EDGE_CURVE('',#2357,#2348,#2359,.T.);
#2357 = VERTEX_POINT('',#2358);
#2358 = CARTESIAN_POINT('',(220.98,190.5,40.64));
#2359 = LINE('',#2360,#2361);
#2360 = CARTESIAN_POINT('',(220.98,190.5,40.64));
#2361 = VECTOR('',#2362,1.);
#2362 = DIRECTION('',(1.,6.070773319254E-17,-0.));
#2363 = ORIENTED_EDGE('',*,*,#2364,.T.);
#2364 = EDGE_CURVE('',#2357,#2338,#2365,.T.);
#2365 = CIRCLE('',#2366,2.54);
#2366 = AXIS2_PLACEMENT_3D('',#2367,#2368,#2369);
#2367 = CARTESIAN_POINT('',(220.98,193.04,40.64));
#2368 = DIRECTION('',(1.,6.070773319254E-17,0.));
#2369 = DIRECTION('',(-6.070773319254E-17,1.,0.));
#2370 = CYLINDRICAL_SURFACE('',#2371,2.54);
#2371 = AXIS2_PLACEMENT_3D('',#2372,#2373,#2374);
#2372 = CARTESIAN_POINT('',(220.98,193.04,40.64));
#2373 = DIRECTION('',(1.,6.070773319254E-17,-0.));
#2374 = DIRECTION('',(-6.070773319254E-17,1.,0.));
#2375 = ADVANCED_FACE('',(#2376),#2412,.F.);
#2376 = FACE_BOUND('',#2377,.F.);
#2377 = EDGE_LOOP('',(#2378,#2388,#2397,#2405));
#2378 = ORIENTED_EDGE('',*,*,#2379,.T.);
#2379 = EDGE_CURVE('',#2380,#2382,#2384,.T.);
#2380 = VERTEX_POINT('',#2381);
#2381 = CARTESIAN_POINT('',(220.98,205.74,40.64));
#2382 = VERTEX_POINT('',#2383);
#2383 = CARTESIAN_POINT('',(228.6,205.74,40.64));
#2384 = LINE('',#2385,#2386);
#2385 = CARTESIAN_POINT('',(220.98,205.74,40.64));
#2386 = VECTOR('',#2387,1.);
#2387 = DIRECTION('',(1.,6.070773319254E-17,-0.));
#2388 = ORIENTED_EDGE('',*,*,#2389,.F.);
#2389 = EDGE_CURVE('',#2390,#2382,#2392,.T.);
#2390 = VERTEX_POINT('',#2391);
#2391 = CARTESIAN_POINT('',(228.6,200.66,40.64));
#2392 = CIRCLE('',#2393,2.54);
#2393 = AXIS2_PLACEMENT_3D('',#2394,#2395,#2396);
#2394 = CARTESIAN_POINT('',(228.6,203.2,40.64));
#2395 = DIRECTION('',(1.,6.070773319254E-17,0.));
#2396 = DIRECTION('',(-6.070773319254E-17,1.,0.));
#2397 = ORIENTED_EDGE('',*,*,#2398,.F.);
#2398 = EDGE_CURVE('',#2399,#2390,#2401,.T.);
#2399 = VERTEX_POINT('',#2400);
#2400 = CARTESIAN_POINT('',(220.98,200.66,40.64));
#2401 = LINE('',#2402,#2403);
#2402 = CARTESIAN_POINT('',(220.98,200.66,40.64));
#2403 = VECTOR('',#2404,1.);
#2404 = DIRECTION('',(1.,6.070773319254E-17,-0.));
#2405 = ORIENTED_EDGE('',*,*,#2406,.T.);
#2406 = EDGE_CURVE('',#2399,#2380,#2407,.T.);
#2407 = CIRCLE('',#2408,2.54);
#2408 = AXIS2_PLACEMENT_3D('',#2409,#2410,#2411);
#2409 = CARTESIAN_POINT('',(220.98,203.2,40.64));
#2410 = DIRECTION('',(1.,6.070773319254E-17,0.));
#2411 = DIRECTION('',(-6.070773319254E-17,1.,0.));
#2412 = CYLINDRICAL_SURFACE('',#2413,2.54);
#2413 = AXIS2_PLACEMENT_3D('',#2414,#2415,#2416);
#2414 = CARTESIAN_POINT('',(220.98,203.2,40.64));
#2415 = DIRECTION('',(1.,6.070773319254E-17,-0.));
#2416 = DIRECTION('',(-6.070773319254E-17,1.,0.));
#2417 = ADVANCED_FACE('',(#2418),#2454,.F.);
#2418 = FACE_BOUND('',#2419,.F.);
#2419 = EDGE_LOOP('',(#2420,#2430,#2439,#2447));
#2420 = ORIENTED_EDGE('',*,*,#2421,.T.);
#2421 = EDGE_CURVE('',#2422,#2424,#2426,.T.);
#2422 = VERTEX_POINT('',#2423);
#2423 = CARTESIAN_POINT('',(220.98,93.98,40.639999999999));
#2424 = VERTEX_POINT('',#2425);
#2425 = CARTESIAN_POINT('',(228.6,93.98,40.639999999999));
#2426 = LINE('',#2427,#2428);
#2427 = CARTESIAN_POINT('',(220.98,93.98,40.639999999999));
#2428 = VECTOR('',#2429,1.);
#2429 = DIRECTION('',(1.,6.070773319254E-17,-0.));
#2430 = ORIENTED_EDGE('',*,*,#2431,.F.);
#2431 = EDGE_CURVE('',#2432,#2424,#2434,.T.);
#2432 = VERTEX_POINT('',#2433);
#2433 = CARTESIAN_POINT('',(228.6,88.9,40.639999999999));
#2434 = CIRCLE('',#2435,2.54);
#2435 = AXIS2_PLACEMENT_3D('',#2436,#2437,#2438);
#2436 = CARTESIAN_POINT('',(228.6,91.44,40.639999999999));
#2437 = DIRECTION('',(1.,6.070773319254E-17,0.));
#2438 = DIRECTION('',(-6.070773319254E-17,1.,0.));
#2439 = ORIENTED_EDGE('',*,*,#2440,.F.);
#2440 = EDGE_CURVE('',#2441,#2432,#2443,.T.);
#2441 = VERTEX_POINT('',#2442);
#2442 = CARTESIAN_POINT('',(220.98,88.9,40.639999999999));
#2443 = LINE('',#2444,#2445);
#2444 = CARTESIAN_POINT('',(220.98,88.9,40.639999999999));
#2445 = VECTOR('',#2446,1.);
#2446 = DIRECTION('',(1.,6.070773319254E-17,-0.));
#2447 = ORIENTED_EDGE('',*,*,#2448,.T.);
#2448 = EDGE_CURVE('',#2441,#2422,#2449,.T.);
#2449 = CIRCLE('',#2450,2.54);
#2450 = AXIS2_PLACEMENT_3D('',#2451,#2452,#2453);
#2451 = CARTESIAN_POINT('',(220.98,91.44,40.639999999999));
#2452 = DIRECTION('',(1.,6.070773319254E-17,0.));
#2453 = DIRECTION('',(-6.070773319254E-17,1.,0.));
#2454 = CYLINDRICAL_SURFACE('',#2455,2.54);
#2455 = AXIS2_PLACEMENT_3D('',#2456,#2457,#2458);
#2456 = CARTESIAN_POINT('',(220.98,91.44,40.639999999999));
#2457 = DIRECTION('',(1.,6.070773319254E-17,-0.));
#2458 = DIRECTION('',(-6.070773319254E-17,1.,0.));
#2459 = ADVANCED_FACE('',(#2460),#2496,.F.);
#2460 = FACE_BOUND('',#2461,.F.);
#2461 = EDGE_LOOP('',(#2462,#2472,#2481,#2489));
#2462 = ORIENTED_EDGE('',*,*,#2463,.T.);
#2463 = EDGE_CURVE('',#2464,#2466,#2468,.T.);
#2464 = VERTEX_POINT('',#2465);
#2465 = CARTESIAN_POINT('',(220.98,104.14,40.639999999999));
#2466 = VERTEX_POINT('',#2467);
#2467 = CARTESIAN_POINT('',(228.6,104.14,40.639999999999));
#2468 = LINE('',#2469,#2470);
#2469 = CARTESIAN_POINT('',(220.98,104.14,40.639999999999));
#2470 = VECTOR('',#2471,1.);
#2471 = DIRECTION('',(1.,6.070773319254E-17,-0.));
#2472 = ORIENTED_EDGE('',*,*,#2473,.F.);
#2473 = EDGE_CURVE('',#2474,#2466,#2476,.T.);
#2474 = VERTEX_POINT('',#2475);
#2475 = CARTESIAN_POINT('',(228.6,99.06,40.639999999999));
#2476 = CIRCLE('',#2477,2.54);
#2477 = AXIS2_PLACEMENT_3D('',#2478,#2479,#2480);
#2478 = CARTESIAN_POINT('',(228.6,101.6,40.639999999999));
#2479 = DIRECTION('',(1.,6.070773319254E-17,0.));
#2480 = DIRECTION('',(-6.070773319254E-17,1.,0.));
#2481 = ORIENTED_EDGE('',*,*,#2482,.F.);
#2482 = EDGE_CURVE('',#2483,#2474,#2485,.T.);
#2483 = VERTEX_POINT('',#2484);
#2484 = CARTESIAN_POINT('',(220.98,99.06,40.639999999999));
#2485 = LINE('',#2486,#2487);
#2486 = CARTESIAN_POINT('',(220.98,99.06,40.639999999999));
#2487 = VECTOR('',#2488,1.);
#2488 = DIRECTION('',(1.,6.070773319254E-17,-0.));
#2489 = ORIENTED_EDGE('',*,*,#2490,.T.);
#2490 = EDGE_CURVE('',#2483,#2464,#2491,.T.);
#2491 = CIRCLE('',#2492,2.54);
#2492 = AXIS2_PLACEMENT_3D('',#2493,#2494,#2495);
#2493 = CARTESIAN_POINT('',(220.98,101.6,40.639999999999));
#2494 = DIRECTION('',(1.,6.070773319254E-17,0.));
#2495 = DIRECTION('',(-6.070773319254E-17,1.,0.));
#2496 = CYLINDRICAL_SURFACE('',#2497,2.54);
#2497 = AXIS2_PLACEMENT_3D('',#2498,#2499,#2500);
#2498 = CARTESIAN_POINT('',(220.98,101.6,40.639999999999));
#2499 = DIRECTION('',(1.,6.070773319254E-17,-0.));
#2500 = DIRECTION('',(-6.070773319254E-17,1.,0.));
#2501 = ADVANCED_FACE('',(#2502),#2538,.F.);
#2502 = FACE_BOUND('',#2503,.F.);
#2503 = EDGE_LOOP('',(#2504,#2514,#2523,#2531));
#2504 = ORIENTED_EDGE('',*,*,#2505,.T.);
#2505 = EDGE_CURVE('',#2506,#2508,#2510,.T.);
#2506 = VERTEX_POINT('',#2507);
#2507 = CARTESIAN_POINT('',(220.98,12.7,40.639999999998));
#2508 = VERTEX_POINT('',#2509);
#2509 = CARTESIAN_POINT('',(228.6,12.7,40.639999999998));
#2510 = LINE('',#2511,#2512);
#2511 = CARTESIAN_POINT('',(220.98,12.7,40.639999999998));
#2512 = VECTOR('',#2513,1.);
#2513 = DIRECTION('',(1.,6.070773319254E-17,-0.));
#2514 = ORIENTED_EDGE('',*,*,#2515,.F.);
#2515 = EDGE_CURVE('',#2516,#2508,#2518,.T.);
#2516 = VERTEX_POINT('',#2517);
#2517 = CARTESIAN_POINT('',(228.6,7.62,40.639999999998));
#2518 = CIRCLE('',#2519,2.54);
#2519 = AXIS2_PLACEMENT_3D('',#2520,#2521,#2522);
#2520 = CARTESIAN_POINT('',(228.6,10.16,40.639999999998));
#2521 = DIRECTION('',(1.,6.070773319254E-17,0.));
#2522 = DIRECTION('',(-6.070773319254E-17,1.,0.));
#2523 = ORIENTED_EDGE('',*,*,#2524,.F.);
#2524 = EDGE_CURVE('',#2525,#2516,#2527,.T.);
#2525 = VERTEX_POINT('',#2526);
#2526 = CARTESIAN_POINT('',(220.98,7.62,40.639999999998));
#2527 = LINE('',#2528,#2529);
#2528 = CARTESIAN_POINT('',(220.98,7.62,40.639999999998));
#2529 = VECTOR('',#2530,1.);
#2530 = DIRECTION('',(1.,6.070773319254E-17,-0.));
#2531 = ORIENTED_EDGE('',*,*,#2532,.T.);
#2532 = EDGE_CURVE('',#2525,#2506,#2533,.T.);
#2533 = CIRCLE('',#2534,2.54);
#2534 = AXIS2_PLACEMENT_3D('',#2535,#2536,#2537);
#2535 = CARTESIAN_POINT('',(220.98,10.16,40.639999999998));
#2536 = DIRECTION('',(1.,6.070773319254E-17,0.));
#2537 = DIRECTION('',(-6.070773319254E-17,1.,0.));
#2538 = CYLINDRICAL_SURFACE('',#2539,2.54);
#2539 = AXIS2_PLACEMENT_3D('',#2540,#2541,#2542);
#2540 = CARTESIAN_POINT('',(220.98,10.16,40.639999999998));
#2541 = DIRECTION('',(1.,6.070773319254E-17,-0.));
#2542 = DIRECTION('',(-6.070773319254E-17,1.,0.));
#2543 = ADVANCED_FACE('',(#2544),#2580,.F.);
#2544 = FACE_BOUND('',#2545,.F.);
#2545 = EDGE_LOOP('',(#2546,#2556,#2565,#2573));
#2546 = ORIENTED_EDGE('',*,*,#2547,.T.);
#2547 = EDGE_CURVE('',#2548,#2550,#2552,.T.);
#2548 = VERTEX_POINT('',#2549);
#2549 = CARTESIAN_POINT('',(220.98,22.86,40.639999999998));
#2550 = VERTEX_POINT('',#2551);
#2551 = CARTESIAN_POINT('',(228.6,22.86,40.639999999998));
#2552 = LINE('',#2553,#2554);
#2553 = CARTESIAN_POINT('',(220.98,22.86,40.639999999998));
#2554 = VECTOR('',#2555,1.);
#2555 = DIRECTION('',(1.,6.070773319254E-17,-0.));
#2556 = ORIENTED_EDGE('',*,*,#2557,.F.);
#2557 = EDGE_CURVE('',#2558,#2550,#2560,.T.);
#2558 = VERTEX_POINT('',#2559);
#2559 = CARTESIAN_POINT('',(228.6,17.78,40.639999999998));
#2560 = CIRCLE('',#2561,2.54);
#2561 = AXIS2_PLACEMENT_3D('',#2562,#2563,#2564);
#2562 = CARTESIAN_POINT('',(228.6,20.32,40.639999999998));
#2563 = DIRECTION('',(1.,6.070773319254E-17,0.));
#2564 = DIRECTION('',(-6.070773319254E-17,1.,0.));
#2565 = ORIENTED_EDGE('',*,*,#2566,.F.);
#2566 = EDGE_CURVE('',#2567,#2558,#2569,.T.);
#2567 = VERTEX_POINT('',#2568);
#2568 = CARTESIAN_POINT('',(220.98,17.78,40.639999999998));
#2569 = LINE('',#2570,#2571);
#2570 = CARTESIAN_POINT('',(220.98,17.78,40.639999999998));
#2571 = VECTOR('',#2572,1.);
#2572 = DIRECTION('',(1.,6.070773319254E-17,-0.));
#2573 = ORIENTED_EDGE('',*,*,#2574,.T.);
#2574 = EDGE_CURVE('',#2567,#2548,#2575,.T.);
#2575 = CIRCLE('',#2576,2.54);
#2576 = AXIS2_PLACEMENT_3D('',#2577,#2578,#2579);
#2577 = CARTESIAN_POINT('',(220.98,20.32,40.639999999998));
#2578 = DIRECTION('',(1.,6.070773319254E-17,0.));
#2579 = DIRECTION('',(-6.070773319254E-17,1.,0.));
#2580 = CYLINDRICAL_SURFACE('',#2581,2.54);
#2581 = AXIS2_PLACEMENT_3D('',#2582,#2583,#2584);
#2582 = CARTESIAN_POINT('',(220.98,20.32,40.639999999998));
#2583 = DIRECTION('',(1.,6.070773319254E-17,-0.));
#2584 = DIRECTION('',(-6.070773319254E-17,1.,0.));
#2585 = ADVANCED_FACE('',(#2586),#2622,.F.);
#2586 = FACE_BOUND('',#2587,.F.);
#2587 = EDGE_LOOP('',(#2588,#2598,#2607,#2615));
#2588 = ORIENTED_EDGE('',*,*,#2589,.T.);
#2589 = EDGE_CURVE('',#2590,#2592,#2594,.T.);
#2590 = VERTEX_POINT('',#2591);
#2591 = CARTESIAN_POINT('',(220.98,53.34,40.639999999998));
#2592 = VERTEX_POINT('',#2593);
#2593 = CARTESIAN_POINT('',(228.6,53.34,40.639999999998));
#2594 = LINE('',#2595,#2596);
#2595 = CARTESIAN_POINT('',(220.98,53.34,40.639999999998));
#2596 = VECTOR('',#2597,1.);
#2597 = DIRECTION('',(1.,6.070773319254E-17,-0.));
#2598 = ORIENTED_EDGE('',*,*,#2599,.F.);
#2599 = EDGE_CURVE('',#2600,#2592,#2602,.T.);
#2600 = VERTEX_POINT('',#2601);
#2601 = CARTESIAN_POINT('',(228.6,48.26,40.639999999998));
#2602 = CIRCLE('',#2603,2.54);
#2603 = AXIS2_PLACEMENT_3D('',#2604,#2605,#2606);
#2604 = CARTESIAN_POINT('',(228.6,50.8,40.639999999998));
#2605 = DIRECTION('',(1.,6.070773319254E-17,0.));
#2606 = DIRECTION('',(-6.070773319254E-17,1.,0.));
#2607 = ORIENTED_EDGE('',*,*,#2608,.F.);
#2608 = EDGE_CURVE('',#2609,#2600,#2611,.T.);
#2609 = VERTEX_POINT('',#2610);
#2610 = CARTESIAN_POINT('',(220.98,48.26,40.639999999998));
#2611 = LINE('',#2612,#2613);
#2612 = CARTESIAN_POINT('',(220.98,48.26,40.639999999998));
#2613 = VECTOR('',#2614,1.);
#2614 = DIRECTION('',(1.,6.070773319254E-17,-0.));
#2615 = ORIENTED_EDGE('',*,*,#2616,.T.);
#2616 = EDGE_CURVE('',#2609,#2590,#2617,.T.);
#2617 = CIRCLE('',#2618,2.54);
#2618 = AXIS2_PLACEMENT_3D('',#2619,#2620,#2621);
#2619 = CARTESIAN_POINT('',(220.98,50.8,40.639999999998));
#2620 = DIRECTION('',(1.,6.070773319254E-17,0.));
#2621 = DIRECTION('',(-6.070773319254E-17,1.,0.));
#2622 = CYLINDRICAL_SURFACE('',#2623,2.54);
#2623 = AXIS2_PLACEMENT_3D('',#2624,#2625,#2626);
#2624 = CARTESIAN_POINT('',(220.98,50.8,40.639999999998));
#2625 = DIRECTION('',(1.,6.070773319254E-17,-0.));
#2626 = DIRECTION('',(-6.070773319254E-17,1.,0.));
#2627 = ADVANCED_FACE('',(#2628),#2664,.F.);
#2628 = FACE_BOUND('',#2629,.F.);
#2629 = EDGE_LOOP('',(#2630,#2640,#2649,#2657));
#2630 = ORIENTED_EDGE('',*,*,#2631,.T.);
#2631 = EDGE_CURVE('',#2632,#2634,#2636,.T.);
#2632 = VERTEX_POINT('',#2633);
#2633 = CARTESIAN_POINT('',(220.98,63.5,40.639999999998));
#2634 = VERTEX_POINT('',#2635);
#2635 = CARTESIAN_POINT('',(228.6,63.5,40.639999999998));
#2636 = LINE('',#2637,#2638);
#2637 = CARTESIAN_POINT('',(220.98,63.5,40.639999999998));
#2638 = VECTOR('',#2639,1.);
#2639 = DIRECTION('',(1.,6.070773319254E-17,-0.));
#2640 = ORIENTED_EDGE('',*,*,#2641,.F.);
#2641 = EDGE_CURVE('',#2642,#2634,#2644,.T.);
#2642 = VERTEX_POINT('',#2643);
#2643 = CARTESIAN_POINT('',(228.6,58.42,40.639999999998));
#2644 = CIRCLE('',#2645,2.54);
#2645 = AXIS2_PLACEMENT_3D('',#2646,#2647,#2648);
#2646 = CARTESIAN_POINT('',(228.6,60.96,40.639999999998));
#2647 = DIRECTION('',(1.,6.070773319254E-17,0.));
#2648 = DIRECTION('',(-6.070773319254E-17,1.,0.));
#2649 = ORIENTED_EDGE('',*,*,#2650,.F.);
#2650 = EDGE_CURVE('',#2651,#2642,#2653,.T.);
#2651 = VERTEX_POINT('',#2652);
#2652 = CARTESIAN_POINT('',(220.98,58.42,40.639999999998));
#2653 = LINE('',#2654,#2655);
#2654 = CARTESIAN_POINT('',(220.98,58.42,40.639999999998));
#2655 = VECTOR('',#2656,1.);
#2656 = DIRECTION('',(1.,6.070773319254E-17,-0.));
#2657 = ORIENTED_EDGE('',*,*,#2658,.T.);
#2658 = EDGE_CURVE('',#2651,#2632,#2659,.T.);
#2659 = CIRCLE('',#2660,2.54);
#2660 = AXIS2_PLACEMENT_3D('',#2661,#2662,#2663);
#2661 = CARTESIAN_POINT('',(220.98,60.96,40.639999999998));
#2662 = DIRECTION('',(1.,6.070773319254E-17,0.));
#2663 = DIRECTION('',(-6.070773319254E-17,1.,0.));
#2664 = CYLINDRICAL_SURFACE('',#2665,2.54);
#2665 = AXIS2_PLACEMENT_3D('',#2666,#2667,#2668);
#2666 = CARTESIAN_POINT('',(220.98,60.96,40.639999999998));
#2667 = DIRECTION('',(1.,6.070773319254E-17,-0.));
#2668 = DIRECTION('',(-6.070773319254E-17,1.,0.));
#2669 = ADVANCED_FACE('',(#2670),#2706,.F.);
#2670 = FACE_BOUND('',#2671,.F.);
#2671 = EDGE_LOOP('',(#2672,#2682,#2691,#2699));
#2672 = ORIENTED_EDGE('',*,*,#2673,.T.);
#2673 = EDGE_CURVE('',#2674,#2676,#2678,.T.);
#2674 = VERTEX_POINT('',#2675);
#2675 = CARTESIAN_POINT('',(220.98,33.02,40.639999999998));
#2676 = VERTEX_POINT('',#2677);
#2677 = CARTESIAN_POINT('',(228.6,33.02,40.639999999998));
#2678 = LINE('',#2679,#2680);
#2679 = CARTESIAN_POINT('',(220.98,33.02,40.639999999998));
#2680 = VECTOR('',#2681,1.);
#2681 = DIRECTION('',(1.,6.070773319254E-17,-0.));
#2682 = ORIENTED_EDGE('',*,*,#2683,.F.);
#2683 = EDGE_CURVE('',#2684,#2676,#2686,.T.);
#2684 = VERTEX_POINT('',#2685);
#2685 = CARTESIAN_POINT('',(228.6,27.94,40.639999999998));
#2686 = CIRCLE('',#2687,2.54);
#2687 = AXIS2_PLACEMENT_3D('',#2688,#2689,#2690);
#2688 = CARTESIAN_POINT('',(228.6,30.48,40.639999999998));
#2689 = DIRECTION('',(1.,6.070773319254E-17,0.));
#2690 = DIRECTION('',(-6.070773319254E-17,1.,0.));
#2691 = ORIENTED_EDGE('',*,*,#2692,.F.);
#2692 = EDGE_CURVE('',#2693,#2684,#2695,.T.);
#2693 = VERTEX_POINT('',#2694);
#2694 = CARTESIAN_POINT('',(220.98,27.94,40.639999999998));
#2695 = LINE('',#2696,#2697);
#2696 = CARTESIAN_POINT('',(220.98,27.94,40.639999999998));
#2697 = VECTOR('',#2698,1.);
#2698 = DIRECTION('',(1.,6.070773319254E-17,-0.));
#2699 = ORIENTED_EDGE('',*,*,#2700,.T.);
#2700 = EDGE_CURVE('',#2693,#2674,#2701,.T.);
#2701 = CIRCLE('',#2702,2.54);
#2702 = AXIS2_PLACEMENT_3D('',#2703,#2704,#2705);
#2703 = CARTESIAN_POINT('',(220.98,30.48,40.639999999998));
#2704 = DIRECTION('',(1.,6.070773319254E-17,0.));
#2705 = DIRECTION('',(-6.070773319254E-17,1.,0.));
#2706 = CYLINDRICAL_SURFACE('',#2707,2.54);
#2707 = AXIS2_PLACEMENT_3D('',#2708,#2709,#2710);
#2708 = CARTESIAN_POINT('',(220.98,30.48,40.639999999998));
#2709 = DIRECTION('',(1.,6.070773319254E-17,-0.));
#2710 = DIRECTION('',(-6.070773319254E-17,1.,0.));
#2711 = ADVANCED_FACE('',(#2712),#2748,.F.);
#2712 = FACE_BOUND('',#2713,.F.);
#2713 = EDGE_LOOP('',(#2714,#2724,#2733,#2741));
#2714 = ORIENTED_EDGE('',*,*,#2715,.T.);
#2715 = EDGE_CURVE('',#2716,#2718,#2720,.T.);
#2716 = VERTEX_POINT('',#2717);
#2717 = CARTESIAN_POINT('',(220.98,43.18,40.639999999998));
#2718 = VERTEX_POINT('',#2719);
#2719 = CARTESIAN_POINT('',(228.6,43.18,40.639999999998));
#2720 = LINE('',#2721,#2722);
#2721 = CARTESIAN_POINT('',(220.98,43.18,40.639999999998));
#2722 = VECTOR('',#2723,1.);
#2723 = DIRECTION('',(1.,6.070773319254E-17,-0.));
#2724 = ORIENTED_EDGE('',*,*,#2725,.F.);
#2725 = EDGE_CURVE('',#2726,#2718,#2728,.T.);
#2726 = VERTEX_POINT('',#2727);
#2727 = CARTESIAN_POINT('',(228.6,38.1,40.639999999998));
#2728 = CIRCLE('',#2729,2.54);
#2729 = AXIS2_PLACEMENT_3D('',#2730,#2731,#2732);
#2730 = CARTESIAN_POINT('',(228.6,40.64,40.639999999998));
#2731 = DIRECTION('',(1.,6.070773319254E-17,0.));
#2732 = DIRECTION('',(-6.070773319254E-17,1.,0.));
#2733 = ORIENTED_EDGE('',*,*,#2734,.F.);
#2734 = EDGE_CURVE('',#2735,#2726,#2737,.T.);
#2735 = VERTEX_POINT('',#2736);
#2736 = CARTESIAN_POINT('',(220.98,38.1,40.639999999998));
#2737 = LINE('',#2738,#2739);
#2738 = CARTESIAN_POINT('',(220.98,38.1,40.639999999998));
#2739 = VECTOR('',#2740,1.);
#2740 = DIRECTION('',(1.,6.070773319254E-17,-0.));
#2741 = ORIENTED_EDGE('',*,*,#2742,.T.);
#2742 = EDGE_CURVE('',#2735,#2716,#2743,.T.);
#2743 = CIRCLE('',#2744,2.54);
#2744 = AXIS2_PLACEMENT_3D('',#2745,#2746,#2747);
#2745 = CARTESIAN_POINT('',(220.98,40.64,40.639999999998));
#2746 = DIRECTION('',(1.,6.070773319254E-17,0.));
#2747 = DIRECTION('',(-6.070773319254E-17,1.,0.));
#2748 = CYLINDRICAL_SURFACE('',#2749,2.54);
#2749 = AXIS2_PLACEMENT_3D('',#2750,#2751,#2752);
#2750 = CARTESIAN_POINT('',(220.98,40.64,40.639999999998));
#2751 = DIRECTION('',(1.,6.070773319254E-17,-0.));
#2752 = DIRECTION('',(-6.070773319254E-17,1.,0.));
#2753 = ADVANCED_FACE('',(#2754),#2790,.F.);
#2754 = FACE_BOUND('',#2755,.F.);
#2755 = EDGE_LOOP('',(#2756,#2766,#2775,#2783));
#2756 = ORIENTED_EDGE('',*,*,#2757,.T.);
#2757 = EDGE_CURVE('',#2758,#2760,#2762,.T.);
#2758 = VERTEX_POINT('',#2759);
#2759 = CARTESIAN_POINT('',(220.98,175.26,40.64));
#2760 = VERTEX_POINT('',#2761);
#2761 = CARTESIAN_POINT('',(228.6,175.26,40.64));
#2762 = LINE('',#2763,#2764);
#2763 = CARTESIAN_POINT('',(220.98,175.26,40.64));
#2764 = VECTOR('',#2765,1.);
#2765 = DIRECTION('',(1.,6.070773319254E-17,-0.));
#2766 = ORIENTED_EDGE('',*,*,#2767,.F.);
#2767 = EDGE_CURVE('',#2768,#2760,#2770,.T.);
#2768 = VERTEX_POINT('',#2769);
#2769 = CARTESIAN_POINT('',(228.6,170.18,40.64));
#2770 = CIRCLE('',#2771,2.54);
#2771 = AXIS2_PLACEMENT_3D('',#2772,#2773,#2774);
#2772 = CARTESIAN_POINT('',(228.6,172.72,40.64));
#2773 = DIRECTION('',(1.,6.070773319254E-17,0.));
#2774 = DIRECTION('',(-6.070773319254E-17,1.,0.));
#2775 = ORIENTED_EDGE('',*,*,#2776,.F.);
#2776 = EDGE_CURVE('',#2777,#2768,#2779,.T.);
#2777 = VERTEX_POINT('',#2778);
#2778 = CARTESIAN_POINT('',(220.98,170.18,40.64));
#2779 = LINE('',#2780,#2781);
#2780 = CARTESIAN_POINT('',(220.98,170.18,40.64));
#2781 = VECTOR('',#2782,1.);
#2782 = DIRECTION('',(1.,6.070773319254E-17,-0.));
#2783 = ORIENTED_EDGE('',*,*,#2784,.T.);
#2784 = EDGE_CURVE('',#2777,#2758,#2785,.T.);
#2785 = CIRCLE('',#2786,2.54);
#2786 = AXIS2_PLACEMENT_3D('',#2787,#2788,#2789);
#2787 = CARTESIAN_POINT('',(220.98,172.72,40.64));
#2788 = DIRECTION('',(1.,6.070773319254E-17,0.));
#2789 = DIRECTION('',(-6.070773319254E-17,1.,0.));
#2790 = CYLINDRICAL_SURFACE('',#2791,2.54);
#2791 = AXIS2_PLACEMENT_3D('',#2792,#2793,#2794);
#2792 = CARTESIAN_POINT('',(220.98,172.72,40.64));
#2793 = DIRECTION('',(1.,6.070773319254E-17,-0.));
#2794 = DIRECTION('',(-6.070773319254E-17,1.,0.));
#2795 = ADVANCED_FACE('',(#2796),#2832,.F.);
#2796 = FACE_BOUND('',#2797,.F.);
#2797 = EDGE_LOOP('',(#2798,#2808,#2817,#2825));
#2798 = ORIENTED_EDGE('',*,*,#2799,.T.);
#2799 = EDGE_CURVE('',#2800,#2802,#2804,.T.);
#2800 = VERTEX_POINT('',#2801);
#2801 = CARTESIAN_POINT('',(220.98,185.42,40.64));
#2802 = VERTEX_POINT('',#2803);
#2803 = CARTESIAN_POINT('',(228.6,185.42,40.64));
#2804 = LINE('',#2805,#2806);
#2805 = CARTESIAN_POINT('',(220.98,185.42,40.64));
#2806 = VECTOR('',#2807,1.);
#2807 = DIRECTION('',(1.,6.070773319254E-17,-0.));
#2808 = ORIENTED_EDGE('',*,*,#2809,.F.);
#2809 = EDGE_CURVE('',#2810,#2802,#2812,.T.);
#2810 = VERTEX_POINT('',#2811);
#2811 = CARTESIAN_POINT('',(228.6,180.34,40.64));
#2812 = CIRCLE('',#2813,2.54);
#2813 = AXIS2_PLACEMENT_3D('',#2814,#2815,#2816);
#2814 = CARTESIAN_POINT('',(228.6,182.88,40.64));
#2815 = DIRECTION('',(1.,6.070773319254E-17,0.));
#2816 = DIRECTION('',(-6.070773319254E-17,1.,0.));
#2817 = ORIENTED_EDGE('',*,*,#2818,.F.);
#2818 = EDGE_CURVE('',#2819,#2810,#2821,.T.);
#2819 = VERTEX_POINT('',#2820);
#2820 = CARTESIAN_POINT('',(220.98,180.34,40.64));
#2821 = LINE('',#2822,#2823);
#2822 = CARTESIAN_POINT('',(220.98,180.34,40.64));
#2823 = VECTOR('',#2824,1.);
#2824 = DIRECTION('',(1.,6.070773319254E-17,-0.));
#2825 = ORIENTED_EDGE('',*,*,#2826,.T.);
#2826 = EDGE_CURVE('',#2819,#2800,#2827,.T.);
#2827 = CIRCLE('',#2828,2.54);
#2828 = AXIS2_PLACEMENT_3D('',#2829,#2830,#2831);
#2829 = CARTESIAN_POINT('',(220.98,182.88,40.64));
#2830 = DIRECTION('',(1.,6.070773319254E-17,0.));
#2831 = DIRECTION('',(-6.070773319254E-17,1.,0.));
#2832 = CYLINDRICAL_SURFACE('',#2833,2.54);
#2833 = AXIS2_PLACEMENT_3D('',#2834,#2835,#2836);
#2834 = CARTESIAN_POINT('',(220.98,182.88,40.64));
#2835 = DIRECTION('',(1.,6.070773319254E-17,-0.));
#2836 = DIRECTION('',(-6.070773319254E-17,1.,0.));
#2837 = ADVANCED_FACE('',(#2838),#2874,.F.);
#2838 = FACE_BOUND('',#2839,.F.);
#2839 = EDGE_LOOP('',(#2840,#2850,#2859,#2867));
#2840 = ORIENTED_EDGE('',*,*,#2841,.T.);
#2841 = EDGE_CURVE('',#2842,#2844,#2846,.T.);
#2842 = VERTEX_POINT('',#2843);
#2843 = CARTESIAN_POINT('',(220.98,195.58,30.48));
#2844 = VERTEX_POINT('',#2845);
#2845 = CARTESIAN_POINT('',(228.6,195.58,30.48));
#2846 = LINE('',#2847,#2848);
#2847 = CARTESIAN_POINT('',(220.98,195.58,30.48));
#2848 = VECTOR('',#2849,1.);
#2849 = DIRECTION('',(1.,6.070773319254E-17,-0.));
#2850 = ORIENTED_EDGE('',*,*,#2851,.F.);
#2851 = EDGE_CURVE('',#2852,#2844,#2854,.T.);
#2852 = VERTEX_POINT('',#2853);
#2853 = CARTESIAN_POINT('',(228.6,190.5,30.48));
#2854 = CIRCLE('',#2855,2.54);
#2855 = AXIS2_PLACEMENT_3D('',#2856,#2857,#2858);
#2856 = CARTESIAN_POINT('',(228.6,193.04,30.48));
#2857 = DIRECTION('',(1.,6.070773319254E-17,0.));
#2858 = DIRECTION('',(-6.070773319254E-17,1.,0.));
#2859 = ORIENTED_EDGE('',*,*,#2860,.F.);
#2860 = EDGE_CURVE('',#2861,#2852,#2863,.T.);
#2861 = VERTEX_POINT('',#2862);
#2862 = CARTESIAN_POINT('',(220.98,190.5,30.48));
#2863 = LINE('',#2864,#2865);
#2864 = CARTESIAN_POINT('',(220.98,190.5,30.48));
#2865 = VECTOR('',#2866,1.);
#2866 = DIRECTION('',(1.,6.070773319254E-17,-0.));
#2867 = ORIENTED_EDGE('',*,*,#2868,.T.);
#2868 = EDGE_CURVE('',#2861,#2842,#2869,.T.);
#2869 = CIRCLE('',#2870,2.54);
#2870 = AXIS2_PLACEMENT_3D('',#2871,#2872,#2873);
#2871 = CARTESIAN_POINT('',(220.98,193.04,30.48));
#2872 = DIRECTION('',(1.,6.070773319254E-17,0.));
#2873 = DIRECTION('',(-6.070773319254E-17,1.,0.));
#2874 = CYLINDRICAL_SURFACE('',#2875,2.54);
#2875 = AXIS2_PLACEMENT_3D('',#2876,#2877,#2878);
#2876 = CARTESIAN_POINT('',(220.98,193.04,30.48));
#2877 = DIRECTION('',(1.,6.070773319254E-17,-0.));
#2878 = DIRECTION('',(-6.070773319254E-17,1.,0.));
#2879 = ADVANCED_FACE('',(#2880),#2925,.F.);
#2880 = FACE_BOUND('',#2881,.F.);
#2881 = EDGE_LOOP('',(#2882,#2893,#2901,#2910,#2918));
#2882 = ORIENTED_EDGE('',*,*,#2883,.T.);
#2883 = EDGE_CURVE('',#2884,#2886,#2888,.T.);
#2884 = VERTEX_POINT('',#2885);
#2885 = CARTESIAN_POINT('',(220.98,203.2,7.62));
#2886 = VERTEX_POINT('',#2887);
#2887 = CARTESIAN_POINT('',(220.98,205.74,10.16));
#2888 = CIRCLE('',#2889,2.54);
#2889 = AXIS2_PLACEMENT_3D('',#2890,#2891,#2892);
#2890 = CARTESIAN_POINT('',(220.98,203.2,10.16));
#2891 = DIRECTION('',(1.,6.070773319254E-17,0.));
#2892 = DIRECTION('',(-6.070773319254E-17,1.,0.));
#2893 = ORIENTED_EDGE('',*,*,#2894,.T.);
#2894 = EDGE_CURVE('',#2886,#2895,#2897,.T.);
#2895 = VERTEX_POINT('',#2896);
#2896 = CARTESIAN_POINT('',(228.6,205.74,10.16));
#2897 = LINE('',#2898,#2899);
#2898 = CARTESIAN_POINT('',(220.98,205.74,10.16));
#2899 = VECTOR('',#2900,1.);
#2900 = DIRECTION('',(1.,6.070773319254E-17,-0.));
#2901 = ORIENTED_EDGE('',*,*,#2902,.F.);
#2902 = EDGE_CURVE('',#2903,#2895,#2905,.T.);
#2903 = VERTEX_POINT('',#2904);
#2904 = CARTESIAN_POINT('',(228.6,200.66,10.16));
#2905 = CIRCLE('',#2906,2.54);
#2906 = AXIS2_PLACEMENT_3D('',#2907,#2908,#2909);
#2907 = CARTESIAN_POINT('',(228.6,203.2,10.16));
#2908 = DIRECTION('',(1.,6.070773319254E-17,0.));
#2909 = DIRECTION('',(-6.070773319254E-17,1.,0.));
#2910 = ORIENTED_EDGE('',*,*,#2911,.F.);
#2911 = EDGE_CURVE('',#2912,#2903,#2914,.T.);
#2912 = VERTEX_POINT('',#2913);
#2913 = CARTESIAN_POINT('',(220.98,200.66,10.16));
#2914 = LINE('',#2915,#2916);
#2915 = CARTESIAN_POINT('',(220.98,200.66,10.16));
#2916 = VECTOR('',#2917,1.);
#2917 = DIRECTION('',(1.,6.070773319254E-17,-0.));
#2918 = ORIENTED_EDGE('',*,*,#2919,.T.);
#2919 = EDGE_CURVE('',#2912,#2884,#2920,.T.);
#2920 = CIRCLE('',#2921,2.54);
#2921 = AXIS2_PLACEMENT_3D('',#2922,#2923,#2924);
#2922 = CARTESIAN_POINT('',(220.98,203.2,10.16));
#2923 = DIRECTION('',(1.,6.070773319254E-17,0.));
#2924 = DIRECTION('',(-6.070773319254E-17,1.,0.));
#2925 = CYLINDRICAL_SURFACE('',#2926,2.54);
#2926 = AXIS2_PLACEMENT_3D('',#2927,#2928,#2929);
#2927 = CARTESIAN_POINT('',(220.98,203.2,10.16));
#2928 = DIRECTION('',(1.,6.070773319254E-17,-0.));
#2929 = DIRECTION('',(-6.070773319254E-17,1.,0.));
#2930 = ADVANCED_FACE('',(#2931),#2967,.F.);
#2931 = FACE_BOUND('',#2932,.F.);
#2932 = EDGE_LOOP('',(#2933,#2943,#2952,#2960));
#2933 = ORIENTED_EDGE('',*,*,#2934,.T.);
#2934 = EDGE_CURVE('',#2935,#2937,#2939,.T.);
#2935 = VERTEX_POINT('',#2936);
#2936 = CARTESIAN_POINT('',(220.98,215.9,30.48));
#2937 = VERTEX_POINT('',#2938);
#2938 = CARTESIAN_POINT('',(228.6,215.9,30.48));
#2939 = LINE('',#2940,#2941);
#2940 = CARTESIAN_POINT('',(220.98,215.9,30.48));
#2941 = VECTOR('',#2942,1.);
#2942 = DIRECTION('',(1.,6.070773319254E-17,-0.));
#2943 = ORIENTED_EDGE('',*,*,#2944,.F.);
#2944 = EDGE_CURVE('',#2945,#2937,#2947,.T.);
#2945 = VERTEX_POINT('',#2946);
#2946 = CARTESIAN_POINT('',(228.6,210.82,30.48));
#2947 = CIRCLE('',#2948,2.54);
#2948 = AXIS2_PLACEMENT_3D('',#2949,#2950,#2951);
#2949 = CARTESIAN_POINT('',(228.6,213.36,30.48));
#2950 = DIRECTION('',(1.,6.070773319254E-17,0.));
#2951 = DIRECTION('',(-6.070773319254E-17,1.,0.));
#2952 = ORIENTED_EDGE('',*,*,#2953,.F.);
#2953 = EDGE_CURVE('',#2954,#2945,#2956,.T.);
#2954 = VERTEX_POINT('',#2955);
#2955 = CARTESIAN_POINT('',(220.98,210.82,30.48));
#2956 = LINE('',#2957,#2958);
#2957 = CARTESIAN_POINT('',(220.98,210.82,30.48));
#2958 = VECTOR('',#2959,1.);
#2959 = DIRECTION('',(1.,6.070773319254E-17,-0.));
#2960 = ORIENTED_EDGE('',*,*,#2961,.T.);
#2961 = EDGE_CURVE('',#2954,#2935,#2962,.T.);
#2962 = CIRCLE('',#2963,2.54);
#2963 = AXIS2_PLACEMENT_3D('',#2964,#2965,#2966);
#2964 = CARTESIAN_POINT('',(220.98,213.36,30.48));
#2965 = DIRECTION('',(1.,6.070773319254E-17,0.));
#2966 = DIRECTION('',(-6.070773319254E-17,1.,0.));
#2967 = CYLINDRICAL_SURFACE('',#2968,2.54);
#2968 = AXIS2_PLACEMENT_3D('',#2969,#2970,#2971);
#2969 = CARTESIAN_POINT('',(220.98,213.36,30.48));
#2970 = DIRECTION('',(1.,6.070773319254E-17,-0.));
#2971 = DIRECTION('',(-6.070773319254E-17,1.,0.));
#2972 = ADVANCED_FACE('',(#2973),#3009,.F.);
#2973 = FACE_BOUND('',#2974,.F.);
#2974 = EDGE_LOOP('',(#2975,#2985,#2994,#3002));
#2975 = ORIENTED_EDGE('',*,*,#2976,.T.);
#2976 = EDGE_CURVE('',#2977,#2979,#2981,.T.);
#2977 = VERTEX_POINT('',#2978);
#2978 = CARTESIAN_POINT('',(220.98,215.9,40.64));
#2979 = VERTEX_POINT('',#2980);
#2980 = CARTESIAN_POINT('',(228.6,215.9,40.64));
#2981 = LINE('',#2982,#2983);
#2982 = CARTESIAN_POINT('',(220.98,215.9,40.64));
#2983 = VECTOR('',#2984,1.);
#2984 = DIRECTION('',(1.,6.070773319254E-17,-0.));
#2985 = ORIENTED_EDGE('',*,*,#2986,.F.);
#2986 = EDGE_CURVE('',#2987,#2979,#2989,.T.);
#2987 = VERTEX_POINT('',#2988);
#2988 = CARTESIAN_POINT('',(228.6,210.82,40.64));
#2989 = CIRCLE('',#2990,2.54);
#2990 = AXIS2_PLACEMENT_3D('',#2991,#2992,#2993);
#2991 = CARTESIAN_POINT('',(228.6,213.36,40.64));
#2992 = DIRECTION('',(1.,6.070773319254E-17,0.));
#2993 = DIRECTION('',(-6.070773319254E-17,1.,0.));
#2994 = ORIENTED_EDGE('',*,*,#2995,.F.);
#2995 = EDGE_CURVE('',#2996,#2987,#2998,.T.);
#2996 = VERTEX_POINT('',#2997);
#2997 = CARTESIAN_POINT('',(220.98,210.82,40.64));
#2998 = LINE('',#2999,#3000);
#2999 = CARTESIAN_POINT('',(220.98,210.82,40.64));
#3000 = VECTOR('',#3001,1.);
#3001 = DIRECTION('',(1.,6.070773319254E-17,-0.));
#3002 = ORIENTED_EDGE('',*,*,#3003,.T.);
#3003 = EDGE_CURVE('',#2996,#2977,#3004,.T.);
#3004 = CIRCLE('',#3005,2.54);
#3005 = AXIS2_PLACEMENT_3D('',#3006,#3007,#3008);
#3006 = CARTESIAN_POINT('',(220.98,213.36,40.64));
#3007 = DIRECTION('',(1.,6.070773319254E-17,0.));
#3008 = DIRECTION('',(-6.070773319254E-17,1.,0.));
#3009 = CYLINDRICAL_SURFACE('',#3010,2.54);
#3010 = AXIS2_PLACEMENT_3D('',#3011,#3012,#3013);
#3011 = CARTESIAN_POINT('',(220.98,213.36,40.64));
#3012 = DIRECTION('',(1.,6.070773319254E-17,-0.));
#3013 = DIRECTION('',(-6.070773319254E-17,1.,0.));
#3014 = ADVANCED_FACE('',(#3015),#3060,.F.);
#3015 = FACE_BOUND('',#3016,.F.);
#3016 = EDGE_LOOP('',(#3017,#3028,#3036,#3045,#3053));
#3017 = ORIENTED_EDGE('',*,*,#3018,.T.);
#3018 = EDGE_CURVE('',#3019,#3021,#3023,.T.);
#3019 = VERTEX_POINT('',#3020);
#3020 = CARTESIAN_POINT('',(220.98,213.36,7.62));
#3021 = VERTEX_POINT('',#3022);
#3022 = CARTESIAN_POINT('',(220.98,215.9,10.16));
#3023 = CIRCLE('',#3024,2.54);
#3024 = AXIS2_PLACEMENT_3D('',#3025,#3026,#3027);
#3025 = CARTESIAN_POINT('',(220.98,213.36,10.16));
#3026 = DIRECTION('',(1.,6.070773319254E-17,0.));
#3027 = DIRECTION('',(-6.070773319254E-17,1.,0.));
#3028 = ORIENTED_EDGE('',*,*,#3029,.T.);
#3029 = EDGE_CURVE('',#3021,#3030,#3032,.T.);
#3030 = VERTEX_POINT('',#3031);
#3031 = CARTESIAN_POINT('',(228.6,215.9,10.16));
#3032 = LINE('',#3033,#3034);
#3033 = CARTESIAN_POINT('',(220.98,215.9,10.16));
#3034 = VECTOR('',#3035,1.);
#3035 = DIRECTION('',(1.,6.070773319254E-17,-0.));
#3036 = ORIENTED_EDGE('',*,*,#3037,.F.);
#3037 = EDGE_CURVE('',#3038,#3030,#3040,.T.);
#3038 = VERTEX_POINT('',#3039);
#3039 = CARTESIAN_POINT('',(228.6,210.82,10.16));
#3040 = CIRCLE('',#3041,2.54);
#3041 = AXIS2_PLACEMENT_3D('',#3042,#3043,#3044);
#3042 = CARTESIAN_POINT('',(228.6,213.36,10.16));
#3043 = DIRECTION('',(1.,6.070773319254E-17,0.));
#3044 = DIRECTION('',(-6.070773319254E-17,1.,0.));
#3045 = ORIENTED_EDGE('',*,*,#3046,.F.);
#3046 = EDGE_CURVE('',#3047,#3038,#3049,.T.);
#3047 = VERTEX_POINT('',#3048);
#3048 = CARTESIAN_POINT('',(220.98,210.82,10.16));
#3049 = LINE('',#3050,#3051);
#3050 = CARTESIAN_POINT('',(220.98,210.82,10.16));
#3051 = VECTOR('',#3052,1.);
#3052 = DIRECTION('',(1.,6.070773319254E-17,-0.));
#3053 = ORIENTED_EDGE('',*,*,#3054,.T.);
#3054 = EDGE_CURVE('',#3047,#3019,#3055,.T.);
#3055 = CIRCLE('',#3056,2.54);
#3056 = AXIS2_PLACEMENT_3D('',#3057,#3058,#3059);
#3057 = CARTESIAN_POINT('',(220.98,213.36,10.16));
#3058 = DIRECTION('',(1.,6.070773319254E-17,0.));
#3059 = DIRECTION('',(-6.070773319254E-17,1.,0.));
#3060 = CYLINDRICAL_SURFACE('',#3061,2.54);
#3061 = AXIS2_PLACEMENT_3D('',#3062,#3063,#3064);
#3062 = CARTESIAN_POINT('',(220.98,213.36,10.16));
#3063 = DIRECTION('',(1.,6.070773319254E-17,-0.));
#3064 = DIRECTION('',(-6.070773319254E-17,1.,0.));
#3065 = ADVANCED_FACE('',(#3066),#3102,.F.);
#3066 = FACE_BOUND('',#3067,.F.);
#3067 = EDGE_LOOP('',(#3068,#3078,#3087,#3095));
#3068 = ORIENTED_EDGE('',*,*,#3069,.T.);
#3069 = EDGE_CURVE('',#3070,#3072,#3074,.T.);
#3070 = VERTEX_POINT('',#3071);
#3071 = CARTESIAN_POINT('',(220.98,215.9,20.32));
#3072 = VERTEX_POINT('',#3073);
#3073 = CARTESIAN_POINT('',(228.6,215.9,20.32));
#3074 = LINE('',#3075,#3076);
#3075 = CARTESIAN_POINT('',(220.98,215.9,20.32));
#3076 = VECTOR('',#3077,1.);
#3077 = DIRECTION('',(1.,6.070773319254E-17,-0.));
#3078 = ORIENTED_EDGE('',*,*,#3079,.F.);
#3079 = EDGE_CURVE('',#3080,#3072,#3082,.T.);
#3080 = VERTEX_POINT('',#3081);
#3081 = CARTESIAN_POINT('',(228.6,210.82,20.32));
#3082 = CIRCLE('',#3083,2.54);
#3083 = AXIS2_PLACEMENT_3D('',#3084,#3085,#3086);
#3084 = CARTESIAN_POINT('',(228.6,213.36,20.32));
#3085 = DIRECTION('',(1.,6.070773319254E-17,0.));
#3086 = DIRECTION('',(-6.070773319254E-17,1.,0.));
#3087 = ORIENTED_EDGE('',*,*,#3088,.F.);
#3088 = EDGE_CURVE('',#3089,#3080,#3091,.T.);
#3089 = VERTEX_POINT('',#3090);
#3090 = CARTESIAN_POINT('',(220.98,210.82,20.32));
#3091 = LINE('',#3092,#3093);
#3092 = CARTESIAN_POINT('',(220.98,210.82,20.32));
#3093 = VECTOR('',#3094,1.);
#3094 = DIRECTION('',(1.,6.070773319254E-17,-0.));
#3095 = ORIENTED_EDGE('',*,*,#3096,.T.);
#3096 = EDGE_CURVE('',#3089,#3070,#3097,.T.);
#3097 = CIRCLE('',#3098,2.54);
#3098 = AXIS2_PLACEMENT_3D('',#3099,#3100,#3101);
#3099 = CARTESIAN_POINT('',(220.98,213.36,20.32));
#3100 = DIRECTION('',(1.,6.070773319254E-17,0.));
#3101 = DIRECTION('',(-6.070773319254E-17,1.,0.));
#3102 = CYLINDRICAL_SURFACE('',#3103,2.54);
#3103 = AXIS2_PLACEMENT_3D('',#3104,#3105,#3106);
#3104 = CARTESIAN_POINT('',(220.98,213.36,20.32));
#3105 = DIRECTION('',(1.,6.070773319254E-17,-0.));
#3106 = DIRECTION('',(-6.070773319254E-17,1.,0.));
#3107 = ADVANCED_FACE('',(#3108),#3144,.F.);
#3108 = FACE_BOUND('',#3109,.F.);
#3109 = EDGE_LOOP('',(#3110,#3120,#3129,#3137));
#3110 = ORIENTED_EDGE('',*,*,#3111,.T.);
#3111 = EDGE_CURVE('',#3112,#3114,#3116,.T.);
#3112 = VERTEX_POINT('',#3113);
#3113 = CARTESIAN_POINT('',(220.98,175.26,30.48));
#3114 = VERTEX_POINT('',#3115);
#3115 = CARTESIAN_POINT('',(228.6,175.26,30.48));
#3116 = LINE('',#3117,#3118);
#3117 = CARTESIAN_POINT('',(220.98,175.26,30.48));
#3118 = VECTOR('',#3119,1.);
#3119 = DIRECTION('',(1.,6.070773319254E-17,-0.));
#3120 = ORIENTED_EDGE('',*,*,#3121,.F.);
#3121 = EDGE_CURVE('',#3122,#3114,#3124,.T.);
#3122 = VERTEX_POINT('',#3123);
#3123 = CARTESIAN_POINT('',(228.6,170.18,30.48));
#3124 = CIRCLE('',#3125,2.54);
#3125 = AXIS2_PLACEMENT_3D('',#3126,#3127,#3128);
#3126 = CARTESIAN_POINT('',(228.6,172.72,30.48));
#3127 = DIRECTION('',(1.,6.070773319254E-17,0.));
#3128 = DIRECTION('',(-6.070773319254E-17,1.,0.));
#3129 = ORIENTED_EDGE('',*,*,#3130,.F.);
#3130 = EDGE_CURVE('',#3131,#3122,#3133,.T.);
#3131 = VERTEX_POINT('',#3132);
#3132 = CARTESIAN_POINT('',(220.98,170.18,30.48));
#3133 = LINE('',#3134,#3135);
#3134 = CARTESIAN_POINT('',(220.98,170.18,30.48));
#3135 = VECTOR('',#3136,1.);
#3136 = DIRECTION('',(1.,6.070773319254E-17,-0.));
#3137 = ORIENTED_EDGE('',*,*,#3138,.T.);
#3138 = EDGE_CURVE('',#3131,#3112,#3139,.T.);
#3139 = CIRCLE('',#3140,2.54);
#3140 = AXIS2_PLACEMENT_3D('',#3141,#3142,#3143);
#3141 = CARTESIAN_POINT('',(220.98,172.72,30.48));
#3142 = DIRECTION('',(1.,6.070773319254E-17,0.));
#3143 = DIRECTION('',(-6.070773319254E-17,1.,0.));
#3144 = CYLINDRICAL_SURFACE('',#3145,2.54);
#3145 = AXIS2_PLACEMENT_3D('',#3146,#3147,#3148);
#3146 = CARTESIAN_POINT('',(220.98,172.72,30.48));
#3147 = DIRECTION('',(1.,6.070773319254E-17,-0.));
#3148 = DIRECTION('',(-6.070773319254E-17,1.,0.));
#3149 = ADVANCED_FACE('',(#3150),#3195,.F.);
#3150 = FACE_BOUND('',#3151,.F.);
#3151 = EDGE_LOOP('',(#3152,#3163,#3171,#3180,#3188));
#3152 = ORIENTED_EDGE('',*,*,#3153,.T.);
#3153 = EDGE_CURVE('',#3154,#3156,#3158,.T.);
#3154 = VERTEX_POINT('',#3155);
#3155 = CARTESIAN_POINT('',(220.98,182.88,7.62));
#3156 = VERTEX_POINT('',#3157);
#3157 = CARTESIAN_POINT('',(220.98,185.42,10.16));
#3158 = CIRCLE('',#3159,2.54);
#3159 = AXIS2_PLACEMENT_3D('',#3160,#3161,#3162);
#3160 = CARTESIAN_POINT('',(220.98,182.88,10.16));
#3161 = DIRECTION('',(1.,6.070773319254E-17,0.));
#3162 = DIRECTION('',(-6.070773319254E-17,1.,0.));
#3163 = ORIENTED_EDGE('',*,*,#3164,.T.);
#3164 = EDGE_CURVE('',#3156,#3165,#3167,.T.);
#3165 = VERTEX_POINT('',#3166);
#3166 = CARTESIAN_POINT('',(228.6,185.42,10.16));
#3167 = LINE('',#3168,#3169);
#3168 = CARTESIAN_POINT('',(220.98,185.42,10.16));
#3169 = VECTOR('',#3170,1.);
#3170 = DIRECTION('',(1.,6.070773319254E-17,-0.));
#3171 = ORIENTED_EDGE('',*,*,#3172,.F.);
#3172 = EDGE_CURVE('',#3173,#3165,#3175,.T.);
#3173 = VERTEX_POINT('',#3174);
#3174 = CARTESIAN_POINT('',(228.6,180.34,10.16));
#3175 = CIRCLE('',#3176,2.54);
#3176 = AXIS2_PLACEMENT_3D('',#3177,#3178,#3179);
#3177 = CARTESIAN_POINT('',(228.6,182.88,10.16));
#3178 = DIRECTION('',(1.,6.070773319254E-17,0.));
#3179 = DIRECTION('',(-6.070773319254E-17,1.,0.));
#3180 = ORIENTED_EDGE('',*,*,#3181,.F.);
#3181 = EDGE_CURVE('',#3182,#3173,#3184,.T.);
#3182 = VERTEX_POINT('',#3183);
#3183 = CARTESIAN_POINT('',(220.98,180.34,10.16));
#3184 = LINE('',#3185,#3186);
#3185 = CARTESIAN_POINT('',(220.98,180.34,10.16));
#3186 = VECTOR('',#3187,1.);
#3187 = DIRECTION('',(1.,6.070773319254E-17,-0.));
#3188 = ORIENTED_EDGE('',*,*,#3189,.T.);
#3189 = EDGE_CURVE('',#3182,#3154,#3190,.T.);
#3190 = CIRCLE('',#3191,2.54);
#3191 = AXIS2_PLACEMENT_3D('',#3192,#3193,#3194);
#3192 = CARTESIAN_POINT('',(220.98,182.88,10.16));
#3193 = DIRECTION('',(1.,6.070773319254E-17,0.));
#3194 = DIRECTION('',(-6.070773319254E-17,1.,0.));
#3195 = CYLINDRICAL_SURFACE('',#3196,2.54);
#3196 = AXIS2_PLACEMENT_3D('',#3197,#3198,#3199);
#3197 = CARTESIAN_POINT('',(220.98,182.88,10.16));
#3198 = DIRECTION('',(1.,6.070773319254E-17,-0.));
#3199 = DIRECTION('',(-6.070773319254E-17,1.,0.));
#3200 = ADVANCED_FACE('',(#3201),#3237,.F.);
#3201 = FACE_BOUND('',#3202,.F.);
#3202 = EDGE_LOOP('',(#3203,#3213,#3222,#3230));
#3203 = ORIENTED_EDGE('',*,*,#3204,.T.);
#3204 = EDGE_CURVE('',#3205,#3207,#3209,.T.);
#3205 = VERTEX_POINT('',#3206);
#3206 = CARTESIAN_POINT('',(220.98,73.66,40.639999999999));
#3207 = VERTEX_POINT('',#3208);
#3208 = CARTESIAN_POINT('',(228.6,73.66,40.639999999999));
#3209 = LINE('',#3210,#3211);
#3210 = CARTESIAN_POINT('',(220.98,73.66,40.639999999999));
#3211 = VECTOR('',#3212,1.);
#3212 = DIRECTION('',(1.,6.070773319254E-17,-0.));
#3213 = ORIENTED_EDGE('',*,*,#3214,.F.);
#3214 = EDGE_CURVE('',#3215,#3207,#3217,.T.);
#3215 = VERTEX_POINT('',#3216);
#3216 = CARTESIAN_POINT('',(228.6,68.58,40.639999999999));
#3217 = CIRCLE('',#3218,2.54);
#3218 = AXIS2_PLACEMENT_3D('',#3219,#3220,#3221);
#3219 = CARTESIAN_POINT('',(228.6,71.12,40.639999999999));
#3220 = DIRECTION('',(1.,6.070773319254E-17,0.));
#3221 = DIRECTION('',(-6.070773319254E-17,1.,0.));
#3222 = ORIENTED_EDGE('',*,*,#3223,.F.);
#3223 = EDGE_CURVE('',#3224,#3215,#3226,.T.);
#3224 = VERTEX_POINT('',#3225);
#3225 = CARTESIAN_POINT('',(220.98,68.58,40.639999999999));
#3226 = LINE('',#3227,#3228);
#3227 = CARTESIAN_POINT('',(220.98,68.58,40.639999999999));
#3228 = VECTOR('',#3229,1.);
#3229 = DIRECTION('',(1.,6.070773319254E-17,-0.));
#3230 = ORIENTED_EDGE('',*,*,#3231,.T.);
#3231 = EDGE_CURVE('',#3224,#3205,#3232,.T.);
#3232 = CIRCLE('',#3233,2.54);
#3233 = AXIS2_PLACEMENT_3D('',#3234,#3235,#3236);
#3234 = CARTESIAN_POINT('',(220.98,71.12,40.639999999999));
#3235 = DIRECTION('',(1.,6.070773319254E-17,0.));
#3236 = DIRECTION('',(-6.070773319254E-17,1.,0.));
#3237 = CYLINDRICAL_SURFACE('',#3238,2.54);
#3238 = AXIS2_PLACEMENT_3D('',#3239,#3240,#3241);
#3239 = CARTESIAN_POINT('',(220.98,71.12,40.639999999999));
#3240 = DIRECTION('',(1.,6.070773319254E-17,-0.));
#3241 = DIRECTION('',(-6.070773319254E-17,1.,0.));
#3242 = ADVANCED_FACE('',(#3243),#3279,.F.);
#3243 = FACE_BOUND('',#3244,.F.);
#3244 = EDGE_LOOP('',(#3245,#3255,#3264,#3272));
#3245 = ORIENTED_EDGE('',*,*,#3246,.T.);
#3246 = EDGE_CURVE('',#3247,#3249,#3251,.T.);
#3247 = VERTEX_POINT('',#3248);
#3248 = CARTESIAN_POINT('',(220.98,83.82,40.639999999999));
#3249 = VERTEX_POINT('',#3250);
#3250 = CARTESIAN_POINT('',(228.6,83.82,40.639999999999));
#3251 = LINE('',#3252,#3253);
#3252 = CARTESIAN_POINT('',(220.98,83.82,40.639999999999));
#3253 = VECTOR('',#3254,1.);
#3254 = DIRECTION('',(1.,6.070773319254E-17,-0.));
#3255 = ORIENTED_EDGE('',*,*,#3256,.F.);
#3256 = EDGE_CURVE('',#3257,#3249,#3259,.T.);
#3257 = VERTEX_POINT('',#3258);
#3258 = CARTESIAN_POINT('',(228.6,78.74,40.639999999999));
#3259 = CIRCLE('',#3260,2.54);
#3260 = AXIS2_PLACEMENT_3D('',#3261,#3262,#3263);
#3261 = CARTESIAN_POINT('',(228.6,81.28,40.639999999999));
#3262 = DIRECTION('',(1.,6.070773319254E-17,0.));
#3263 = DIRECTION('',(-6.070773319254E-17,1.,0.));
#3264 = ORIENTED_EDGE('',*,*,#3265,.F.);
#3265 = EDGE_CURVE('',#3266,#3257,#3268,.T.);
#3266 = VERTEX_POINT('',#3267);
#3267 = CARTESIAN_POINT('',(220.98,78.74,40.639999999999));
#3268 = LINE('',#3269,#3270);
#3269 = CARTESIAN_POINT('',(220.98,78.74,40.639999999999));
#3270 = VECTOR('',#3271,1.);
#3271 = DIRECTION('',(1.,6.070773319254E-17,-0.));
#3272 = ORIENTED_EDGE('',*,*,#3273,.T.);
#3273 = EDGE_CURVE('',#3266,#3247,#3274,.T.);
#3274 = CIRCLE('',#3275,2.54);
#3275 = AXIS2_PLACEMENT_3D('',#3276,#3277,#3278);
#3276 = CARTESIAN_POINT('',(220.98,81.28,40.639999999999));
#3277 = DIRECTION('',(1.,6.070773319254E-17,0.));
#3278 = DIRECTION('',(-6.070773319254E-17,1.,0.));
#3279 = CYLINDRICAL_SURFACE('',#3280,2.54);
#3280 = AXIS2_PLACEMENT_3D('',#3281,#3282,#3283);
#3281 = CARTESIAN_POINT('',(220.98,81.28,40.639999999999));
#3282 = DIRECTION('',(1.,6.070773319254E-17,-0.));
#3283 = DIRECTION('',(-6.070773319254E-17,1.,0.));
#3284 = ADVANCED_FACE('',(#3285),#3321,.F.);
#3285 = FACE_BOUND('',#3286,.F.);
#3286 = EDGE_LOOP('',(#3287,#3297,#3306,#3314));
#3287 = ORIENTED_EDGE('',*,*,#3288,.T.);
#3288 = EDGE_CURVE('',#3289,#3291,#3293,.T.);
#3289 = VERTEX_POINT('',#3290);
#3290 = CARTESIAN_POINT('',(220.98,134.62,40.639999999999));
#3291 = VERTEX_POINT('',#3292);
#3292 = CARTESIAN_POINT('',(228.6,134.62,40.639999999999));
#3293 = LINE('',#3294,#3295);
#3294 = CARTESIAN_POINT('',(220.98,134.62,40.639999999999));
#3295 = VECTOR('',#3296,1.);
#3296 = DIRECTION('',(1.,6.070773319254E-17,-0.));
#3297 = ORIENTED_EDGE('',*,*,#3298,.F.);
#3298 = EDGE_CURVE('',#3299,#3291,#3301,.T.);
#3299 = VERTEX_POINT('',#3300);
#3300 = CARTESIAN_POINT('',(228.6,129.54,40.639999999999));
#3301 = CIRCLE('',#3302,2.54);
#3302 = AXIS2_PLACEMENT_3D('',#3303,#3304,#3305);
#3303 = CARTESIAN_POINT('',(228.6,132.08,40.639999999999));
#3304 = DIRECTION('',(1.,6.070773319254E-17,0.));
#3305 = DIRECTION('',(-6.070773319254E-17,1.,0.));
#3306 = ORIENTED_EDGE('',*,*,#3307,.F.);
#3307 = EDGE_CURVE('',#3308,#3299,#3310,.T.);
#3308 = VERTEX_POINT('',#3309);
#3309 = CARTESIAN_POINT('',(220.98,129.54,40.639999999999));
#3310 = LINE('',#3311,#3312);
#3311 = CARTESIAN_POINT('',(220.98,129.54,40.639999999999));
#3312 = VECTOR('',#3313,1.);
#3313 = DIRECTION('',(1.,6.070773319254E-17,-0.));
#3314 = ORIENTED_EDGE('',*,*,#3315,.T.);
#3315 = EDGE_CURVE('',#3308,#3289,#3316,.T.);
#3316 = CIRCLE('',#3317,2.54);
#3317 = AXIS2_PLACEMENT_3D('',#3318,#3319,#3320);
#3318 = CARTESIAN_POINT('',(220.98,132.08,40.639999999999));
#3319 = DIRECTION('',(1.,6.070773319254E-17,0.));
#3320 = DIRECTION('',(-6.070773319254E-17,1.,0.));
#3321 = CYLINDRICAL_SURFACE('',#3322,2.54);
#3322 = AXIS2_PLACEMENT_3D('',#3323,#3324,#3325);
#3323 = CARTESIAN_POINT('',(220.98,132.08,40.639999999999));
#3324 = DIRECTION('',(1.,6.070773319254E-17,-0.));
#3325 = DIRECTION('',(-6.070773319254E-17,1.,0.));
#3326 = ADVANCED_FACE('',(#3327),#3363,.F.);
#3327 = FACE_BOUND('',#3328,.F.);
#3328 = EDGE_LOOP('',(#3329,#3339,#3348,#3356));
#3329 = ORIENTED_EDGE('',*,*,#3330,.T.);
#3330 = EDGE_CURVE('',#3331,#3333,#3335,.T.);
#3331 = VERTEX_POINT('',#3332);
#3332 = CARTESIAN_POINT('',(220.98,144.78,40.639999999999));
#3333 = VERTEX_POINT('',#3334);
#3334 = CARTESIAN_POINT('',(228.6,144.78,40.639999999999));
#3335 = LINE('',#3336,#3337);
#3336 = CARTESIAN_POINT('',(220.98,144.78,40.639999999999));
#3337 = VECTOR('',#3338,1.);
#3338 = DIRECTION('',(1.,6.070773319254E-17,-0.));
#3339 = ORIENTED_EDGE('',*,*,#3340,.F.);
#3340 = EDGE_CURVE('',#3341,#3333,#3343,.T.);
#3341 = VERTEX_POINT('',#3342);
#3342 = CARTESIAN_POINT('',(228.6,139.7,40.639999999999));
#3343 = CIRCLE('',#3344,2.54);
#3344 = AXIS2_PLACEMENT_3D('',#3345,#3346,#3347);
#3345 = CARTESIAN_POINT('',(228.6,142.24,40.639999999999));
#3346 = DIRECTION('',(1.,6.070773319254E-17,0.));
#3347 = DIRECTION('',(-6.070773319254E-17,1.,0.));
#3348 = ORIENTED_EDGE('',*,*,#3349,.F.);
#3349 = EDGE_CURVE('',#3350,#3341,#3352,.T.);
#3350 = VERTEX_POINT('',#3351);
#3351 = CARTESIAN_POINT('',(220.98,139.7,40.639999999999));
#3352 = LINE('',#3353,#3354);
#3353 = CARTESIAN_POINT('',(220.98,139.7,40.639999999999));
#3354 = VECTOR('',#3355,1.);
#3355 = DIRECTION('',(1.,6.070773319254E-17,-0.));
#3356 = ORIENTED_EDGE('',*,*,#3357,.T.);
#3357 = EDGE_CURVE('',#3350,#3331,#3358,.T.);
#3358 = CIRCLE('',#3359,2.54);
#3359 = AXIS2_PLACEMENT_3D('',#3360,#3361,#3362);
#3360 = CARTESIAN_POINT('',(220.98,142.24,40.639999999999));
#3361 = DIRECTION('',(1.,6.070773319254E-17,0.));
#3362 = DIRECTION('',(-6.070773319254E-17,1.,0.));
#3363 = CYLINDRICAL_SURFACE('',#3364,2.54);
#3364 = AXIS2_PLACEMENT_3D('',#3365,#3366,#3367);
#3365 = CARTESIAN_POINT('',(220.98,142.24,40.639999999999));
#3366 = DIRECTION('',(1.,6.070773319254E-17,-0.));
#3367 = DIRECTION('',(-6.070773319254E-17,1.,0.));
#3368 = ADVANCED_FACE('',(#3369),#3405,.F.);
#3369 = FACE_BOUND('',#3370,.F.);
#3370 = EDGE_LOOP('',(#3371,#3381,#3390,#3398));
#3371 = ORIENTED_EDGE('',*,*,#3372,.T.);
#3372 = EDGE_CURVE('',#3373,#3375,#3377,.T.);
#3373 = VERTEX_POINT('',#3374);
#3374 = CARTESIAN_POINT('',(220.98,114.3,40.639999999999));
#3375 = VERTEX_POINT('',#3376);
#3376 = CARTESIAN_POINT('',(228.6,114.3,40.639999999999));
#3377 = LINE('',#3378,#3379);
#3378 = CARTESIAN_POINT('',(220.98,114.3,40.639999999999));
#3379 = VECTOR('',#3380,1.);
#3380 = DIRECTION('',(1.,6.070773319254E-17,-0.));
#3381 = ORIENTED_EDGE('',*,*,#3382,.F.);
#3382 = EDGE_CURVE('',#3383,#3375,#3385,.T.);
#3383 = VERTEX_POINT('',#3384);
#3384 = CARTESIAN_POINT('',(228.6,109.22,40.639999999999));
#3385 = CIRCLE('',#3386,2.54);
#3386 = AXIS2_PLACEMENT_3D('',#3387,#3388,#3389);
#3387 = CARTESIAN_POINT('',(228.6,111.76,40.639999999999));
#3388 = DIRECTION('',(1.,6.070773319254E-17,0.));
#3389 = DIRECTION('',(-6.070773319254E-17,1.,0.));
#3390 = ORIENTED_EDGE('',*,*,#3391,.F.);
#3391 = EDGE_CURVE('',#3392,#3383,#3394,.T.);
#3392 = VERTEX_POINT('',#3393);
#3393 = CARTESIAN_POINT('',(220.98,109.22,40.639999999999));
#3394 = LINE('',#3395,#3396);
#3395 = CARTESIAN_POINT('',(220.98,109.22,40.639999999999));
#3396 = VECTOR('',#3397,1.);
#3397 = DIRECTION('',(1.,6.070773319254E-17,-0.));
#3398 = ORIENTED_EDGE('',*,*,#3399,.T.);
#3399 = EDGE_CURVE('',#3392,#3373,#3400,.T.);
#3400 = CIRCLE('',#3401,2.54);
#3401 = AXIS2_PLACEMENT_3D('',#3402,#3403,#3404);
#3402 = CARTESIAN_POINT('',(220.98,111.76,40.639999999999));
#3403 = DIRECTION('',(1.,6.070773319254E-17,0.));
#3404 = DIRECTION('',(-6.070773319254E-17,1.,0.));
#3405 = CYLINDRICAL_SURFACE('',#3406,2.54);
#3406 = AXIS2_PLACEMENT_3D('',#3407,#3408,#3409);
#3407 = CARTESIAN_POINT('',(220.98,111.76,40.639999999999));
#3408 = DIRECTION('',(1.,6.070773319254E-17,-0.));
#3409 = DIRECTION('',(-6.070773319254E-17,1.,0.));
#3410 = ADVANCED_FACE('',(#3411),#3447,.F.);
#3411 = FACE_BOUND('',#3412,.F.);
#3412 = EDGE_LOOP('',(#3413,#3423,#3432,#3440));
#3413 = ORIENTED_EDGE('',*,*,#3414,.T.);
#3414 = EDGE_CURVE('',#3415,#3417,#3419,.T.);
#3415 = VERTEX_POINT('',#3416);
#3416 = CARTESIAN_POINT('',(220.98,124.46,40.639999999999));
#3417 = VERTEX_POINT('',#3418);
#3418 = CARTESIAN_POINT('',(228.6,124.46,40.639999999999));
#3419 = LINE('',#3420,#3421);
#3420 = CARTESIAN_POINT('',(220.98,124.46,40.639999999999));
#3421 = VECTOR('',#3422,1.);
#3422 = DIRECTION('',(1.,6.070773319254E-17,-0.));
#3423 = ORIENTED_EDGE('',*,*,#3424,.F.);
#3424 = EDGE_CURVE('',#3425,#3417,#3427,.T.);
#3425 = VERTEX_POINT('',#3426);
#3426 = CARTESIAN_POINT('',(228.6,119.38,40.639999999999));
#3427 = CIRCLE('',#3428,2.54);
#3428 = AXIS2_PLACEMENT_3D('',#3429,#3430,#3431);
#3429 = CARTESIAN_POINT('',(228.6,121.92,40.639999999999));
#3430 = DIRECTION('',(1.,6.070773319254E-17,0.));
#3431 = DIRECTION('',(-6.070773319254E-17,1.,0.));
#3432 = ORIENTED_EDGE('',*,*,#3433,.F.);
#3433 = EDGE_CURVE('',#3434,#3425,#3436,.T.);
#3434 = VERTEX_POINT('',#3435);
#3435 = CARTESIAN_POINT('',(220.98,119.38,40.639999999999));
#3436 = LINE('',#3437,#3438);
#3437 = CARTESIAN_POINT('',(220.98,119.38,40.639999999999));
#3438 = VECTOR('',#3439,1.);
#3439 = DIRECTION('',(1.,6.070773319254E-17,-0.));
#3440 = ORIENTED_EDGE('',*,*,#3441,.T.);
#3441 = EDGE_CURVE('',#3434,#3415,#3442,.T.);
#3442 = CIRCLE('',#3443,2.54);
#3443 = AXIS2_PLACEMENT_3D('',#3444,#3445,#3446);
#3444 = CARTESIAN_POINT('',(220.98,121.92,40.639999999999));
#3445 = DIRECTION('',(1.,6.070773319254E-17,0.));
#3446 = DIRECTION('',(-6.070773319254E-17,1.,0.));
#3447 = CYLINDRICAL_SURFACE('',#3448,2.54);
#3448 = AXIS2_PLACEMENT_3D('',#3449,#3450,#3451);
#3449 = CARTESIAN_POINT('',(220.98,121.92,40.639999999999));
#3450 = DIRECTION('',(1.,6.070773319254E-17,-0.));
#3451 = DIRECTION('',(-6.070773319254E-17,1.,0.));
#3452 = ADVANCED_FACE('',(#3453),#3489,.F.);
#3453 = FACE_BOUND('',#3454,.F.);
#3454 = EDGE_LOOP('',(#3455,#3465,#3474,#3482));
#3455 = ORIENTED_EDGE('',*,*,#3456,.T.);
#3456 = EDGE_CURVE('',#3457,#3459,#3461,.T.);
#3457 = VERTEX_POINT('',#3458);
#3458 = CARTESIAN_POINT('',(220.98,205.74,20.32));
#3459 = VERTEX_POINT('',#3460);
#3460 = CARTESIAN_POINT('',(228.6,205.74,20.32));
#3461 = LINE('',#3462,#3463);
#3462 = CARTESIAN_POINT('',(220.98,205.74,20.32));
#3463 = VECTOR('',#3464,1.);
#3464 = DIRECTION('',(1.,6.070773319254E-17,-0.));
#3465 = ORIENTED_EDGE('',*,*,#3466,.F.);
#3466 = EDGE_CURVE('',#3467,#3459,#3469,.T.);
#3467 = VERTEX_POINT('',#3468);
#3468 = CARTESIAN_POINT('',(228.6,200.66,20.32));
#3469 = CIRCLE('',#3470,2.54);
#3470 = AXIS2_PLACEMENT_3D('',#3471,#3472,#3473);
#3471 = CARTESIAN_POINT('',(228.6,203.2,20.32));
#3472 = DIRECTION('',(1.,6.070773319254E-17,0.));
#3473 = DIRECTION('',(-6.070773319254E-17,1.,0.));
#3474 = ORIENTED_EDGE('',*,*,#3475,.F.);
#3475 = EDGE_CURVE('',#3476,#3467,#3478,.T.);
#3476 = VERTEX_POINT('',#3477);
#3477 = CARTESIAN_POINT('',(220.98,200.66,20.32));
#3478 = LINE('',#3479,#3480);
#3479 = CARTESIAN_POINT('',(220.98,200.66,20.32));
#3480 = VECTOR('',#3481,1.);
#3481 = DIRECTION('',(1.,6.070773319254E-17,-0.));
#3482 = ORIENTED_EDGE('',*,*,#3483,.T.);
#3483 = EDGE_CURVE('',#3476,#3457,#3484,.T.);
#3484 = CIRCLE('',#3485,2.54);
#3485 = AXIS2_PLACEMENT_3D('',#3486,#3487,#3488);
#3486 = CARTESIAN_POINT('',(220.98,203.2,20.32));
#3487 = DIRECTION('',(1.,6.070773319254E-17,0.));
#3488 = DIRECTION('',(-6.070773319254E-17,1.,0.));
#3489 = CYLINDRICAL_SURFACE('',#3490,2.54);
#3490 = AXIS2_PLACEMENT_3D('',#3491,#3492,#3493);
#3491 = CARTESIAN_POINT('',(220.98,203.2,20.32));
#3492 = DIRECTION('',(1.,6.070773319254E-17,-0.));
#3493 = DIRECTION('',(-6.070773319254E-17,1.,0.));
#3494 = ADVANCED_FACE('',(#3495),#3531,.F.);
#3495 = FACE_BOUND('',#3496,.F.);
#3496 = EDGE_LOOP('',(#3497,#3507,#3516,#3524));
#3497 = ORIENTED_EDGE('',*,*,#3498,.T.);
#3498 = EDGE_CURVE('',#3499,#3501,#3503,.T.);
#3499 = VERTEX_POINT('',#3500);
#3500 = CARTESIAN_POINT('',(220.98,205.74,30.48));
#3501 = VERTEX_POINT('',#3502);
#3502 = CARTESIAN_POINT('',(228.6,205.74,30.48));
#3503 = LINE('',#3504,#3505);
#3504 = CARTESIAN_POINT('',(220.98,205.74,30.48));
#3505 = VECTOR('',#3506,1.);
#3506 = DIRECTION('',(1.,6.070773319254E-17,-0.));
#3507 = ORIENTED_EDGE('',*,*,#3508,.F.);
#3508 = EDGE_CURVE('',#3509,#3501,#3511,.T.);
#3509 = VERTEX_POINT('',#3510);
#3510 = CARTESIAN_POINT('',(228.6,200.66,30.48));
#3511 = CIRCLE('',#3512,2.54);
#3512 = AXIS2_PLACEMENT_3D('',#3513,#3514,#3515);
#3513 = CARTESIAN_POINT('',(228.6,203.2,30.48));
#3514 = DIRECTION('',(1.,6.070773319254E-17,0.));
#3515 = DIRECTION('',(-6.070773319254E-17,1.,0.));
#3516 = ORIENTED_EDGE('',*,*,#3517,.F.);
#3517 = EDGE_CURVE('',#3518,#3509,#3520,.T.);
#3518 = VERTEX_POINT('',#3519);
#3519 = CARTESIAN_POINT('',(220.98,200.66,30.48));
#3520 = LINE('',#3521,#3522);
#3521 = CARTESIAN_POINT('',(220.98,200.66,30.48));
#3522 = VECTOR('',#3523,1.);
#3523 = DIRECTION('',(1.,6.070773319254E-17,-0.));
#3524 = ORIENTED_EDGE('',*,*,#3525,.T.);
#3525 = EDGE_CURVE('',#3518,#3499,#3526,.T.);
#3526 = CIRCLE('',#3527,2.54);
#3527 = AXIS2_PLACEMENT_3D('',#3528,#3529,#3530);
#3528 = CARTESIAN_POINT('',(220.98,203.2,30.48));
#3529 = DIRECTION('',(1.,6.070773319254E-17,0.));
#3530 = DIRECTION('',(-6.070773319254E-17,1.,0.));
#3531 = CYLINDRICAL_SURFACE('',#3532,2.54);
#3532 = AXIS2_PLACEMENT_3D('',#3533,#3534,#3535);
#3533 = CARTESIAN_POINT('',(220.98,203.2,30.48));
#3534 = DIRECTION('',(1.,6.070773319254E-17,-0.));
#3535 = DIRECTION('',(-6.070773319254E-17,1.,0.));
#3536 = ADVANCED_FACE('',(#3537),#3573,.F.);
#3537 = FACE_BOUND('',#3538,.F.);
#3538 = EDGE_LOOP('',(#3539,#3549,#3558,#3566));
#3539 = ORIENTED_EDGE('',*,*,#3540,.T.);
#3540 = EDGE_CURVE('',#3541,#3543,#3545,.T.);
#3541 = VERTEX_POINT('',#3542);
#3542 = CARTESIAN_POINT('',(220.98,83.82,30.479999999999));
#3543 = VERTEX_POINT('',#3544);
#3544 = CARTESIAN_POINT('',(228.6,83.82,30.479999999999));
#3545 = LINE('',#3546,#3547);
#3546 = CARTESIAN_POINT('',(220.98,83.82,30.479999999999));
#3547 = VECTOR('',#3548,1.);
#3548 = DIRECTION('',(1.,6.070773319254E-17,-0.));
#3549 = ORIENTED_EDGE('',*,*,#3550,.F.);
#3550 = EDGE_CURVE('',#3551,#3543,#3553,.T.);
#3551 = VERTEX_POINT('',#3552);
#3552 = CARTESIAN_POINT('',(228.6,78.74,30.479999999999));
#3553 = CIRCLE('',#3554,2.54);
#3554 = AXIS2_PLACEMENT_3D('',#3555,#3556,#3557);
#3555 = CARTESIAN_POINT('',(228.6,81.28,30.479999999999));
#3556 = DIRECTION('',(1.,6.070773319254E-17,0.));
#3557 = DIRECTION('',(-6.070773319254E-17,1.,0.));
#3558 = ORIENTED_EDGE('',*,*,#3559,.F.);
#3559 = EDGE_CURVE('',#3560,#3551,#3562,.T.);
#3560 = VERTEX_POINT('',#3561);
#3561 = CARTESIAN_POINT('',(220.98,78.74,30.479999999999));
#3562 = LINE('',#3563,#3564);
#3563 = CARTESIAN_POINT('',(220.98,78.74,30.479999999999));
#3564 = VECTOR('',#3565,1.);
#3565 = DIRECTION('',(1.,6.070773319254E-17,-0.));
#3566 = ORIENTED_EDGE('',*,*,#3567,.T.);
#3567 = EDGE_CURVE('',#3560,#3541,#3568,.T.);
#3568 = CIRCLE('',#3569,2.54);
#3569 = AXIS2_PLACEMENT_3D('',#3570,#3571,#3572);
#3570 = CARTESIAN_POINT('',(220.98,81.28,30.479999999999));
#3571 = DIRECTION('',(1.,6.070773319254E-17,0.));
#3572 = DIRECTION('',(-6.070773319254E-17,1.,0.));
#3573 = CYLINDRICAL_SURFACE('',#3574,2.54);
#3574 = AXIS2_PLACEMENT_3D('',#3575,#3576,#3577);
#3575 = CARTESIAN_POINT('',(220.98,81.28,30.479999999999));
#3576 = DIRECTION('',(1.,6.070773319254E-17,-0.));
#3577 = DIRECTION('',(-6.070773319254E-17,1.,0.));
#3578 = ADVANCED_FACE('',(#3579),#3615,.F.);
#3579 = FACE_BOUND('',#3580,.F.);
#3580 = EDGE_LOOP('',(#3581,#3591,#3600,#3608));
#3581 = ORIENTED_EDGE('',*,*,#3582,.T.);
#3582 = EDGE_CURVE('',#3583,#3585,#3587,.T.);
#3583 = VERTEX_POINT('',#3584);
#3584 = CARTESIAN_POINT('',(220.98,83.82,20.319999999999));
#3585 = VERTEX_POINT('',#3586);
#3586 = CARTESIAN_POINT('',(228.6,83.82,20.319999999999));
#3587 = LINE('',#3588,#3589);
#3588 = CARTESIAN_POINT('',(220.98,83.82,20.319999999999));
#3589 = VECTOR('',#3590,1.);
#3590 = DIRECTION('',(1.,6.070773319254E-17,-0.));
#3591 = ORIENTED_EDGE('',*,*,#3592,.F.);
#3592 = EDGE_CURVE('',#3593,#3585,#3595,.T.);
#3593 = VERTEX_POINT('',#3594);
#3594 = CARTESIAN_POINT('',(228.6,78.74,20.319999999999));
#3595 = CIRCLE('',#3596,2.54);
#3596 = AXIS2_PLACEMENT_3D('',#3597,#3598,#3599);
#3597 = CARTESIAN_POINT('',(228.6,81.28,20.319999999999));
#3598 = DIRECTION('',(1.,6.070773319254E-17,0.));
#3599 = DIRECTION('',(-6.070773319254E-17,1.,0.));
#3600 = ORIENTED_EDGE('',*,*,#3601,.F.);
#3601 = EDGE_CURVE('',#3602,#3593,#3604,.T.);
#3602 = VERTEX_POINT('',#3603);
#3603 = CARTESIAN_POINT('',(220.98,78.74,20.319999999999));
#3604 = LINE('',#3605,#3606);
#3605 = CARTESIAN_POINT('',(220.98,78.74,20.319999999999));
#3606 = VECTOR('',#3607,1.);
#3607 = DIRECTION('',(1.,6.070773319254E-17,-0.));
#3608 = ORIENTED_EDGE('',*,*,#3609,.T.);
#3609 = EDGE_CURVE('',#3602,#3583,#3610,.T.);
#3610 = CIRCLE('',#3611,2.54);
#3611 = AXIS2_PLACEMENT_3D('',#3612,#3613,#3614);
#3612 = CARTESIAN_POINT('',(220.98,81.28,20.319999999999));
#3613 = DIRECTION('',(1.,6.070773319254E-17,0.));
#3614 = DIRECTION('',(-6.070773319254E-17,1.,0.));
#3615 = CYLINDRICAL_SURFACE('',#3616,2.54);
#3616 = AXIS2_PLACEMENT_3D('',#3617,#3618,#3619);
#3617 = CARTESIAN_POINT('',(220.98,81.28,20.319999999999));
#3618 = DIRECTION('',(1.,6.070773319254E-17,-0.));
#3619 = DIRECTION('',(-6.070773319254E-17,1.,0.));
#3620 = ADVANCED_FACE('',(#3621),#3657,.F.);
#3621 = FACE_BOUND('',#3622,.F.);
#3622 = EDGE_LOOP('',(#3623,#3633,#3642,#3650));
#3623 = ORIENTED_EDGE('',*,*,#3624,.T.);
#3624 = EDGE_CURVE('',#3625,#3627,#3629,.T.);
#3625 = VERTEX_POINT('',#3626);
#3626 = CARTESIAN_POINT('',(220.98,104.14,30.479999999999));
#3627 = VERTEX_POINT('',#3628);
#3628 = CARTESIAN_POINT('',(228.6,104.14,30.479999999999));
#3629 = LINE('',#3630,#3631);
#3630 = CARTESIAN_POINT('',(220.98,104.14,30.479999999999));
#3631 = VECTOR('',#3632,1.);
#3632 = DIRECTION('',(1.,6.070773319254E-17,-0.));
#3633 = ORIENTED_EDGE('',*,*,#3634,.F.);
#3634 = EDGE_CURVE('',#3635,#3627,#3637,.T.);
#3635 = VERTEX_POINT('',#3636);
#3636 = CARTESIAN_POINT('',(228.6,99.06,30.479999999999));
#3637 = CIRCLE('',#3638,2.54);
#3638 = AXIS2_PLACEMENT_3D('',#3639,#3640,#3641);
#3639 = CARTESIAN_POINT('',(228.6,101.6,30.479999999999));
#3640 = DIRECTION('',(1.,6.070773319254E-17,0.));
#3641 = DIRECTION('',(-6.070773319254E-17,1.,0.));
#3642 = ORIENTED_EDGE('',*,*,#3643,.F.);
#3643 = EDGE_CURVE('',#3644,#3635,#3646,.T.);
#3644 = VERTEX_POINT('',#3645);
#3645 = CARTESIAN_POINT('',(220.98,99.06,30.479999999999));
#3646 = LINE('',#3647,#3648);
#3647 = CARTESIAN_POINT('',(220.98,99.06,30.479999999999));
#3648 = VECTOR('',#3649,1.);
#3649 = DIRECTION('',(1.,6.070773319254E-17,-0.));
#3650 = ORIENTED_EDGE('',*,*,#3651,.T.);
#3651 = EDGE_CURVE('',#3644,#3625,#3652,.T.);
#3652 = CIRCLE('',#3653,2.54);
#3653 = AXIS2_PLACEMENT_3D('',#3654,#3655,#3656);
#3654 = CARTESIAN_POINT('',(220.98,101.6,30.479999999999));
#3655 = DIRECTION('',(1.,6.070773319254E-17,0.));
#3656 = DIRECTION('',(-6.070773319254E-17,1.,0.));
#3657 = CYLINDRICAL_SURFACE('',#3658,2.54);
#3658 = AXIS2_PLACEMENT_3D('',#3659,#3660,#3661);
#3659 = CARTESIAN_POINT('',(220.98,101.6,30.479999999999));
#3660 = DIRECTION('',(1.,6.070773319254E-17,-0.));
#3661 = DIRECTION('',(-6.070773319254E-17,1.,0.));
#3662 = ADVANCED_FACE('',(#3663),#3699,.F.);
#3663 = FACE_BOUND('',#3664,.F.);
#3664 = EDGE_LOOP('',(#3665,#3675,#3684,#3692));
#3665 = ORIENTED_EDGE('',*,*,#3666,.T.);
#3666 = EDGE_CURVE('',#3667,#3669,#3671,.T.);
#3667 = VERTEX_POINT('',#3668);
#3668 = CARTESIAN_POINT('',(220.98,93.98,30.479999999999));
#3669 = VERTEX_POINT('',#3670);
#3670 = CARTESIAN_POINT('',(228.6,93.98,30.479999999999));
#3671 = LINE('',#3672,#3673);
#3672 = CARTESIAN_POINT('',(220.98,93.98,30.479999999999));
#3673 = VECTOR('',#3674,1.);
#3674 = DIRECTION('',(1.,6.070773319254E-17,-0.));
#3675 = ORIENTED_EDGE('',*,*,#3676,.F.);
#3676 = EDGE_CURVE('',#3677,#3669,#3679,.T.);
#3677 = VERTEX_POINT('',#3678);
#3678 = CARTESIAN_POINT('',(228.6,88.9,30.479999999999));
#3679 = CIRCLE('',#3680,2.54);
#3680 = AXIS2_PLACEMENT_3D('',#3681,#3682,#3683);
#3681 = CARTESIAN_POINT('',(228.6,91.44,30.479999999999));
#3682 = DIRECTION('',(1.,6.070773319254E-17,0.));
#3683 = DIRECTION('',(-6.070773319254E-17,1.,0.));
#3684 = ORIENTED_EDGE('',*,*,#3685,.F.);
#3685 = EDGE_CURVE('',#3686,#3677,#3688,.T.);
#3686 = VERTEX_POINT('',#3687);
#3687 = CARTESIAN_POINT('',(220.98,88.9,30.479999999999));
#3688 = LINE('',#3689,#3690);
#3689 = CARTESIAN_POINT('',(220.98,88.9,30.479999999999));
#3690 = VECTOR('',#3691,1.);
#3691 = DIRECTION('',(1.,6.070773319254E-17,-0.));
#3692 = ORIENTED_EDGE('',*,*,#3693,.T.);
#3693 = EDGE_CURVE('',#3686,#3667,#3694,.T.);
#3694 = CIRCLE('',#3695,2.54);
#3695 = AXIS2_PLACEMENT_3D('',#3696,#3697,#3698);
#3696 = CARTESIAN_POINT('',(220.98,91.44,30.479999999999));
#3697 = DIRECTION('',(1.,6.070773319254E-17,0.));
#3698 = DIRECTION('',(-6.070773319254E-17,1.,0.));
#3699 = CYLINDRICAL_SURFACE('',#3700,2.54);
#3700 = AXIS2_PLACEMENT_3D('',#3701,#3702,#3703);
#3701 = CARTESIAN_POINT('',(220.98,91.44,30.479999999999));
#3702 = DIRECTION('',(1.,6.070773319254E-17,-0.));
#3703 = DIRECTION('',(-6.070773319254E-17,1.,0.));
#3704 = ADVANCED_FACE('',(#3705),#3741,.F.);
#3705 = FACE_BOUND('',#3706,.F.);
#3706 = EDGE_LOOP('',(#3707,#3717,#3726,#3734));
#3707 = ORIENTED_EDGE('',*,*,#3708,.T.);
#3708 = EDGE_CURVE('',#3709,#3711,#3713,.T.);
#3709 = VERTEX_POINT('',#3710);
#3710 = CARTESIAN_POINT('',(220.98,73.66,20.319999999999));
#3711 = VERTEX_POINT('',#3712);
#3712 = CARTESIAN_POINT('',(228.6,73.66,20.319999999999));
#3713 = LINE('',#3714,#3715);
#3714 = CARTESIAN_POINT('',(220.98,73.66,20.319999999999));
#3715 = VECTOR('',#3716,1.);
#3716 = DIRECTION('',(1.,6.070773319254E-17,-0.));
#3717 = ORIENTED_EDGE('',*,*,#3718,.F.);
#3718 = EDGE_CURVE('',#3719,#3711,#3721,.T.);
#3719 = VERTEX_POINT('',#3720);
#3720 = CARTESIAN_POINT('',(228.6,68.58,20.319999999999));
#3721 = CIRCLE('',#3722,2.54);
#3722 = AXIS2_PLACEMENT_3D('',#3723,#3724,#3725);
#3723 = CARTESIAN_POINT('',(228.6,71.12,20.319999999999));
#3724 = DIRECTION('',(1.,6.070773319254E-17,0.));
#3725 = DIRECTION('',(-6.070773319254E-17,1.,0.));
#3726 = ORIENTED_EDGE('',*,*,#3727,.F.);
#3727 = EDGE_CURVE('',#3728,#3719,#3730,.T.);
#3728 = VERTEX_POINT('',#3729);
#3729 = CARTESIAN_POINT('',(220.98,68.58,20.319999999999));
#3730 = LINE('',#3731,#3732);
#3731 = CARTESIAN_POINT('',(220.98,68.58,20.319999999999));
#3732 = VECTOR('',#3733,1.);
#3733 = DIRECTION('',(1.,6.070773319254E-17,-0.));
#3734 = ORIENTED_EDGE('',*,*,#3735,.T.);
#3735 = EDGE_CURVE('',#3728,#3709,#3736,.T.);
#3736 = CIRCLE('',#3737,2.54);
#3737 = AXIS2_PLACEMENT_3D('',#3738,#3739,#3740);
#3738 = CARTESIAN_POINT('',(220.98,71.12,20.319999999999));
#3739 = DIRECTION('',(1.,6.070773319254E-17,0.));
#3740 = DIRECTION('',(-6.070773319254E-17,1.,0.));
#3741 = CYLINDRICAL_SURFACE('',#3742,2.54);
#3742 = AXIS2_PLACEMENT_3D('',#3743,#3744,#3745);
#3743 = CARTESIAN_POINT('',(220.98,71.12,20.319999999999));
#3744 = DIRECTION('',(1.,6.070773319254E-17,-0.));
#3745 = DIRECTION('',(-6.070773319254E-17,1.,0.));
#3746 = ADVANCED_FACE('',(#3747),#3792,.F.);
#3747 = FACE_BOUND('',#3748,.F.);
#3748 = EDGE_LOOP('',(#3749,#3760,#3768,#3777,#3785));
#3749 = ORIENTED_EDGE('',*,*,#3750,.T.);
#3750 = EDGE_CURVE('',#3751,#3753,#3755,.T.);
#3751 = VERTEX_POINT('',#3752);
#3752 = CARTESIAN_POINT('',(220.98,71.12,7.62));
#3753 = VERTEX_POINT('',#3754);
#3754 = CARTESIAN_POINT('',(220.98,73.66,10.159999999999));
#3755 = CIRCLE('',#3756,2.54);
#3756 = AXIS2_PLACEMENT_3D('',#3757,#3758,#3759);
#3757 = CARTESIAN_POINT('',(220.98,71.12,10.159999999999));
#3758 = DIRECTION('',(1.,6.070773319254E-17,0.));
#3759 = DIRECTION('',(-6.070773319254E-17,1.,0.));
#3760 = ORIENTED_EDGE('',*,*,#3761,.T.);
#3761 = EDGE_CURVE('',#3753,#3762,#3764,.T.);
#3762 = VERTEX_POINT('',#3763);
#3763 = CARTESIAN_POINT('',(228.6,73.66,10.159999999999));
#3764 = LINE('',#3765,#3766);
#3765 = CARTESIAN_POINT('',(220.98,73.66,10.159999999999));
#3766 = VECTOR('',#3767,1.);
#3767 = DIRECTION('',(1.,6.070773319254E-17,-0.));
#3768 = ORIENTED_EDGE('',*,*,#3769,.F.);
#3769 = EDGE_CURVE('',#3770,#3762,#3772,.T.);
#3770 = VERTEX_POINT('',#3771);
#3771 = CARTESIAN_POINT('',(228.6,68.58,10.159999999999));
#3772 = CIRCLE('',#3773,2.54);
#3773 = AXIS2_PLACEMENT_3D('',#3774,#3775,#3776);
#3774 = CARTESIAN_POINT('',(228.6,71.12,10.159999999999));
#3775 = DIRECTION('',(1.,6.070773319254E-17,0.));
#3776 = DIRECTION('',(-6.070773319254E-17,1.,0.));
#3777 = ORIENTED_EDGE('',*,*,#3778,.F.);
#3778 = EDGE_CURVE('',#3779,#3770,#3781,.T.);
#3779 = VERTEX_POINT('',#3780);
#3780 = CARTESIAN_POINT('',(220.98,68.58,10.159999999999));
#3781 = LINE('',#3782,#3783);
#3782 = CARTESIAN_POINT('',(220.98,68.58,10.159999999999));
#3783 = VECTOR('',#3784,1.);
#3784 = DIRECTION('',(1.,6.070773319254E-17,-0.));
#3785 = ORIENTED_EDGE('',*,*,#3786,.T.);
#3786 = EDGE_CURVE('',#3779,#3751,#3787,.T.);
#3787 = CIRCLE('',#3788,2.54);
#3788 = AXIS2_PLACEMENT_3D('',#3789,#3790,#3791);
#3789 = CARTESIAN_POINT('',(220.98,71.12,10.159999999999));
#3790 = DIRECTION('',(1.,6.070773319254E-17,0.));
#3791 = DIRECTION('',(-6.070773319254E-17,1.,0.));
#3792 = CYLINDRICAL_SURFACE('',#3793,2.54);
#3793 = AXIS2_PLACEMENT_3D('',#3794,#3795,#3796);
#3794 = CARTESIAN_POINT('',(220.98,71.12,10.159999999999));
#3795 = DIRECTION('',(1.,6.070773319254E-17,-0.));
#3796 = DIRECTION('',(-6.070773319254E-17,1.,0.));
#3797 = ADVANCED_FACE('',(#3798),#3834,.F.);
#3798 = FACE_BOUND('',#3799,.F.);
#3799 = EDGE_LOOP('',(#3800,#3810,#3819,#3827));
#3800 = ORIENTED_EDGE('',*,*,#3801,.T.);
#3801 = EDGE_CURVE('',#3802,#3804,#3806,.T.);
#3802 = VERTEX_POINT('',#3803);
#3803 = CARTESIAN_POINT('',(152.4,220.98,41.275));
#3804 = VERTEX_POINT('',#3805);
#3805 = CARTESIAN_POINT('',(152.4,223.52,41.275));
#3806 = LINE('',#3807,#3808);
#3807 = CARTESIAN_POINT('',(152.4,208.28,41.275));
#3808 = VECTOR('',#3809,1.);
#3809 = DIRECTION('',(-0.,1.,-0.));
#3810 = ORIENTED_EDGE('',*,*,#3811,.F.);
#3811 = EDGE_CURVE('',#3812,#3804,#3814,.T.);
#3812 = VERTEX_POINT('',#3813);
#3813 = CARTESIAN_POINT('',(152.4,223.52,34.925));
#3814 = CIRCLE('',#3815,3.175);
#3815 = AXIS2_PLACEMENT_3D('',#3816,#3817,#3818);
#3816 = CARTESIAN_POINT('',(152.4,223.52,38.1));
#3817 = DIRECTION('',(0.,1.,0.));
#3818 = DIRECTION('',(0.,-0.,1.));
#3819 = ORIENTED_EDGE('',*,*,#3820,.F.);
#3820 = EDGE_CURVE('',#3821,#3812,#3823,.T.);
#3821 = VERTEX_POINT('',#3822);
#3822 = CARTESIAN_POINT('',(152.4,220.98,34.925));
#3823 = LINE('',#3824,#3825);
#3824 = CARTESIAN_POINT('',(152.4,208.28,34.925));
#3825 = VECTOR('',#3826,1.);
#3826 = DIRECTION('',(-0.,1.,-0.));
#3827 = ORIENTED_EDGE('',*,*,#3828,.F.);
#3828 = EDGE_CURVE('',#3802,#3821,#3829,.T.);
#3829 = CIRCLE('',#3830,3.175);
#3830 = AXIS2_PLACEMENT_3D('',#3831,#3832,#3833);
#3831 = CARTESIAN_POINT('',(152.4,220.98,38.1));
#3832 = DIRECTION('',(0.,-1.,0.));
#3833 = DIRECTION('',(0.,0.,-1.));
#3834 = CYLINDRICAL_SURFACE('',#3835,3.175);
#3835 = AXIS2_PLACEMENT_3D('',#3836,#3837,#3838);
#3836 = CARTESIAN_POINT('',(152.4,208.28,38.1));
#3837 = DIRECTION('',(-0.,1.,-0.));
#3838 = DIRECTION('',(0.,0.,1.));
#3839 = ADVANCED_FACE('',(#3840),#3876,.F.);
#3840 = FACE_BOUND('',#3841,.F.);
#3841 = EDGE_LOOP('',(#3842,#3852,#3861,#3869));
#3842 = ORIENTED_EDGE('',*,*,#3843,.T.);
#3843 = EDGE_CURVE('',#3844,#3846,#3848,.T.);
#3844 = VERTEX_POINT('',#3845);
#3845 = CARTESIAN_POINT('',(152.4,220.98,15.875));
#3846 = VERTEX_POINT('',#3847);
#3847 = CARTESIAN_POINT('',(152.4,223.52,15.875));
#3848 = LINE('',#3849,#3850);
#3849 = CARTESIAN_POINT('',(152.4,208.28,15.875));
#3850 = VECTOR('',#3851,1.);
#3851 = DIRECTION('',(-0.,1.,-0.));
#3852 = ORIENTED_EDGE('',*,*,#3853,.F.);
#3853 = EDGE_CURVE('',#3854,#3846,#3856,.T.);
#3854 = VERTEX_POINT('',#3855);
#3855 = CARTESIAN_POINT('',(152.4,223.52,9.525));
#3856 = CIRCLE('',#3857,3.175);
#3857 = AXIS2_PLACEMENT_3D('',#3858,#3859,#3860);
#3858 = CARTESIAN_POINT('',(152.4,223.52,12.7));
#3859 = DIRECTION('',(0.,1.,0.));
#3860 = DIRECTION('',(0.,-0.,1.));
#3861 = ORIENTED_EDGE('',*,*,#3862,.F.);
#3862 = EDGE_CURVE('',#3863,#3854,#3865,.T.);
#3863 = VERTEX_POINT('',#3864);
#3864 = CARTESIAN_POINT('',(152.4,220.98,9.525));
#3865 = LINE('',#3866,#3867);
#3866 = CARTESIAN_POINT('',(152.4,208.28,9.525));
#3867 = VECTOR('',#3868,1.);
#3868 = DIRECTION('',(-0.,1.,-0.));
#3869 = ORIENTED_EDGE('',*,*,#3870,.F.);
#3870 = EDGE_CURVE('',#3844,#3863,#3871,.T.);
#3871 = CIRCLE('',#3872,3.175);
#3872 = AXIS2_PLACEMENT_3D('',#3873,#3874,#3875);
#3873 = CARTESIAN_POINT('',(152.4,220.98,12.7));
#3874 = DIRECTION('',(0.,-1.,0.));
#3875 = DIRECTION('',(0.,0.,-1.));
#3876 = CYLINDRICAL_SURFACE('',#3877,3.175);
#3877 = AXIS2_PLACEMENT_3D('',#3878,#3879,#3880);
#3878 = CARTESIAN_POINT('',(152.4,208.28,12.7));
#3879 = DIRECTION('',(-0.,1.,-0.));
#3880 = DIRECTION('',(0.,0.,1.));
#3881 = ADVANCED_FACE('',(#3882),#3918,.F.);
#3882 = FACE_BOUND('',#3883,.F.);
#3883 = EDGE_LOOP('',(#3884,#3894,#3903,#3911));
#3884 = ORIENTED_EDGE('',*,*,#3885,.T.);
#3885 = EDGE_CURVE('',#3886,#3888,#3890,.T.);
#3886 = VERTEX_POINT('',#3887);
#3887 = CARTESIAN_POINT('',(152.4,220.98,28.575));
#3888 = VERTEX_POINT('',#3889);
#3889 = CARTESIAN_POINT('',(152.4,223.52,28.575));
#3890 = LINE('',#3891,#3892);
#3891 = CARTESIAN_POINT('',(152.4,208.28,28.575));
#3892 = VECTOR('',#3893,1.);
#3893 = DIRECTION('',(-0.,1.,-0.));
#3894 = ORIENTED_EDGE('',*,*,#3895,.F.);
#3895 = EDGE_CURVE('',#3896,#3888,#3898,.T.);
#3896 = VERTEX_POINT('',#3897);
#3897 = CARTESIAN_POINT('',(152.4,223.52,22.225));
#3898 = CIRCLE('',#3899,3.175);
#3899 = AXIS2_PLACEMENT_3D('',#3900,#3901,#3902);
#3900 = CARTESIAN_POINT('',(152.4,223.52,25.4));
#3901 = DIRECTION('',(0.,1.,0.));
#3902 = DIRECTION('',(0.,-0.,1.));
#3903 = ORIENTED_EDGE('',*,*,#3904,.F.);
#3904 = EDGE_CURVE('',#3905,#3896,#3907,.T.);
#3905 = VERTEX_POINT('',#3906);
#3906 = CARTESIAN_POINT('',(152.4,220.98,22.225));
#3907 = LINE('',#3908,#3909);
#3908 = CARTESIAN_POINT('',(152.4,208.28,22.225));
#3909 = VECTOR('',#3910,1.);
#3910 = DIRECTION('',(-0.,1.,-0.));
#3911 = ORIENTED_EDGE('',*,*,#3912,.F.);
#3912 = EDGE_CURVE('',#3886,#3905,#3913,.T.);
#3913 = CIRCLE('',#3914,3.175);
#3914 = AXIS2_PLACEMENT_3D('',#3915,#3916,#3917);
#3915 = CARTESIAN_POINT('',(152.4,220.98,25.4));
#3916 = DIRECTION('',(0.,-1.,0.));
#3917 = DIRECTION('',(0.,0.,-1.));
#3918 = CYLINDRICAL_SURFACE('',#3919,3.175);
#3919 = AXIS2_PLACEMENT_3D('',#3920,#3921,#3922);
#3920 = CARTESIAN_POINT('',(152.4,208.28,25.4));
#3921 = DIRECTION('',(-0.,1.,-0.));
#3922 = DIRECTION('',(0.,0.,1.));
#3923 = ADVANCED_FACE('',(#3924),#3960,.F.);
#3924 = FACE_BOUND('',#3925,.F.);
#3925 = EDGE_LOOP('',(#3926,#3936,#3945,#3953));
#3926 = ORIENTED_EDGE('',*,*,#3927,.T.);
#3927 = EDGE_CURVE('',#3928,#3930,#3932,.T.);
#3928 = VERTEX_POINT('',#3929);
#3929 = CARTESIAN_POINT('',(138.43,101.854,15.2146));
#3930 = VERTEX_POINT('',#3931);
#3931 = CARTESIAN_POINT('',(134.62,101.854,15.2146));
#3932 = LINE('',#3933,#3934);
#3933 = CARTESIAN_POINT('',(138.43,101.854,15.2146));
#3934 = VECTOR('',#3935,1.);
#3935 = DIRECTION('',(-1.,0.,0.));
#3936 = ORIENTED_EDGE('',*,*,#3937,.T.);
#3937 = EDGE_CURVE('',#3930,#3938,#3940,.T.);
#3938 = VERTEX_POINT('',#3939);
#3939 = CARTESIAN_POINT('',(134.62,101.854,11.7094));
#3940 = CIRCLE('',#3941,1.7526);
#3941 = AXIS2_PLACEMENT_3D('',#3942,#3943,#3944);
#3942 = CARTESIAN_POINT('',(134.62,101.854,13.462));
#3943 = DIRECTION('',(1.,0.,0.));
#3944 = DIRECTION('',(0.,-0.,-1.));
#3945 = ORIENTED_EDGE('',*,*,#3946,.F.);
#3946 = EDGE_CURVE('',#3947,#3938,#3949,.T.);
#3947 = VERTEX_POINT('',#3948);
#3948 = CARTESIAN_POINT('',(138.43,101.854,11.7094));
#3949 = LINE('',#3950,#3951);
#3950 = CARTESIAN_POINT('',(138.43,101.854,11.7094));
#3951 = VECTOR('',#3952,1.);
#3952 = DIRECTION('',(-1.,0.,0.));
#3953 = ORIENTED_EDGE('',*,*,#3954,.T.);
#3954 = EDGE_CURVE('',#3947,#3928,#3955,.T.);
#3955 = CIRCLE('',#3956,1.7526);
#3956 = AXIS2_PLACEMENT_3D('',#3957,#3958,#3959);
#3957 = CARTESIAN_POINT('',(138.43,101.854,13.462));
#3958 = DIRECTION('',(-1.,0.,0.));
#3959 = DIRECTION('',(0.,0.,1.));
#3960 = CYLINDRICAL_SURFACE('',#3961,1.7526);
#3961 = AXIS2_PLACEMENT_3D('',#3962,#3963,#3964);
#3962 = CARTESIAN_POINT('',(138.43,101.854,13.462));
#3963 = DIRECTION('',(-1.,0.,0.));
#3964 = DIRECTION('',(0.,0.,1.));
#3965 = ADVANCED_FACE('',(#3966),#4002,.T.);
#3966 = FACE_BOUND('',#3967,.T.);
#3967 = EDGE_LOOP('',(#3968,#3979,#3987,#3996));
#3968 = ORIENTED_EDGE('',*,*,#3969,.T.);
#3969 = EDGE_CURVE('',#3970,#3972,#3974,.T.);
#3970 = VERTEX_POINT('',#3971);
#3971 = CARTESIAN_POINT('',(138.43,101.854,16.637));
#3972 = VERTEX_POINT('',#3973);
#3973 = CARTESIAN_POINT('',(138.43,101.854,10.287));
#3974 = CIRCLE('',#3975,3.175);
#3975 = AXIS2_PLACEMENT_3D('',#3976,#3977,#3978);
#3976 = CARTESIAN_POINT('',(138.43,101.854,13.462));
#3977 = DIRECTION('',(-1.,0.,0.));
#3978 = DIRECTION('',(0.,0.,1.));
#3979 = ORIENTED_EDGE('',*,*,#3980,.T.);
#3980 = EDGE_CURVE('',#3972,#3981,#3983,.T.);
#3981 = VERTEX_POINT('',#3982);
#3982 = CARTESIAN_POINT('',(134.62,101.854,10.287));
#3983 = LINE('',#3984,#3985);
#3984 = CARTESIAN_POINT('',(138.43,101.854,10.287));
#3985 = VECTOR('',#3986,1.);
#3986 = DIRECTION('',(-1.,0.,0.));
#3987 = ORIENTED_EDGE('',*,*,#3988,.T.);
#3988 = EDGE_CURVE('',#3981,#3989,#3991,.T.);
#3989 = VERTEX_POINT('',#3990);
#3990 = CARTESIAN_POINT('',(134.62,101.854,16.637));
#3991 = CIRCLE('',#3992,3.175);
#3992 = AXIS2_PLACEMENT_3D('',#3993,#3994,#3995);
#3993 = CARTESIAN_POINT('',(134.62,101.854,13.462));
#3994 = DIRECTION('',(1.,0.,0.));
#3995 = DIRECTION('',(0.,-0.,-1.));
#3996 = ORIENTED_EDGE('',*,*,#3997,.F.);
#3997 = EDGE_CURVE('',#3970,#3989,#3998,.T.);
#3998 = LINE('',#3999,#4000);
#3999 = CARTESIAN_POINT('',(138.43,101.854,16.637));
#4000 = VECTOR('',#4001,1.);
#4001 = DIRECTION('',(-1.,0.,0.));
#4002 = CYLINDRICAL_SURFACE('',#4003,3.175);
#4003 = AXIS2_PLACEMENT_3D('',#4004,#4005,#4006);
#4004 = CARTESIAN_POINT('',(138.43,101.854,13.462));
#4005 = DIRECTION('',(-1.,0.,0.));
#4006 = DIRECTION('',(0.,0.,1.));
#4007 = ADVANCED_FACE('',(#4008),#4044,.F.);
#4008 = FACE_BOUND('',#4009,.F.);
#4009 = EDGE_LOOP('',(#4010,#4020,#4029,#4037));
#4010 = ORIENTED_EDGE('',*,*,#4011,.T.);
#4011 = EDGE_CURVE('',#4012,#4014,#4016,.T.);
#4012 = VERTEX_POINT('',#4013);
#4013 = CARTESIAN_POINT('',(138.43,101.854,39.0906));
#4014 = VERTEX_POINT('',#4015);
#4015 = CARTESIAN_POINT('',(134.62,101.854,39.0906));
#4016 = LINE('',#4017,#4018);
#4017 = CARTESIAN_POINT('',(138.43,101.854,39.0906));
#4018 = VECTOR('',#4019,1.);
#4019 = DIRECTION('',(-1.,0.,0.));
#4020 = ORIENTED_EDGE('',*,*,#4021,.T.);
#4021 = EDGE_CURVE('',#4014,#4022,#4024,.T.);
#4022 = VERTEX_POINT('',#4023);
#4023 = CARTESIAN_POINT('',(134.62,101.854,35.5854));
#4024 = CIRCLE('',#4025,1.7526);
#4025 = AXIS2_PLACEMENT_3D('',#4026,#4027,#4028);
#4026 = CARTESIAN_POINT('',(134.62,101.854,37.338));
#4027 = DIRECTION('',(1.,0.,0.));
#4028 = DIRECTION('',(0.,-0.,-1.));
#4029 = ORIENTED_EDGE('',*,*,#4030,.F.);
#4030 = EDGE_CURVE('',#4031,#4022,#4033,.T.);
#4031 = VERTEX_POINT('',#4032);
#4032 = CARTESIAN_POINT('',(138.43,101.854,35.5854));
#4033 = LINE('',#4034,#4035);
#4034 = CARTESIAN_POINT('',(138.43,101.854,35.5854));
#4035 = VECTOR('',#4036,1.);
#4036 = DIRECTION('',(-1.,0.,0.));
#4037 = ORIENTED_EDGE('',*,*,#4038,.T.);
#4038 = EDGE_CURVE('',#4031,#4012,#4039,.T.);
#4039 = CIRCLE('',#4040,1.7526);
#4040 = AXIS2_PLACEMENT_3D('',#4041,#4042,#4043);
#4041 = CARTESIAN_POINT('',(138.43,101.854,37.338));
#4042 = DIRECTION('',(-1.,0.,0.));
#4043 = DIRECTION('',(0.,0.,1.));
#4044 = CYLINDRICAL_SURFACE('',#4045,1.7526);
#4045 = AXIS2_PLACEMENT_3D('',#4046,#4047,#4048);
#4046 = CARTESIAN_POINT('',(138.43,101.854,37.338));
#4047 = DIRECTION('',(-1.,0.,0.));
#4048 = DIRECTION('',(0.,0.,1.));
#4049 = ADVANCED_FACE('',(#4050),#4086,.T.);
#4050 = FACE_BOUND('',#4051,.T.);
#4051 = EDGE_LOOP('',(#4052,#4063,#4071,#4080));
#4052 = ORIENTED_EDGE('',*,*,#4053,.T.);
#4053 = EDGE_CURVE('',#4054,#4056,#4058,.T.);
#4054 = VERTEX_POINT('',#4055);
#4055 = CARTESIAN_POINT('',(138.43,101.854,40.513));
#4056 = VERTEX_POINT('',#4057);
#4057 = CARTESIAN_POINT('',(138.43,101.854,34.163));
#4058 = CIRCLE('',#4059,3.175);
#4059 = AXIS2_PLACEMENT_3D('',#4060,#4061,#4062);
#4060 = CARTESIAN_POINT('',(138.43,101.854,37.338));
#4061 = DIRECTION('',(-1.,0.,0.));
#4062 = DIRECTION('',(0.,0.,1.));
#4063 = ORIENTED_EDGE('',*,*,#4064,.T.);
#4064 = EDGE_CURVE('',#4056,#4065,#4067,.T.);
#4065 = VERTEX_POINT('',#4066);
#4066 = CARTESIAN_POINT('',(134.62,101.854,34.163));
#4067 = LINE('',#4068,#4069);
#4068 = CARTESIAN_POINT('',(138.43,101.854,34.163));
#4069 = VECTOR('',#4070,1.);
#4070 = DIRECTION('',(-1.,0.,0.));
#4071 = ORIENTED_EDGE('',*,*,#4072,.T.);
#4072 = EDGE_CURVE('',#4065,#4073,#4075,.T.);
#4073 = VERTEX_POINT('',#4074);
#4074 = CARTESIAN_POINT('',(134.62,101.854,40.513));
#4075 = CIRCLE('',#4076,3.175);
#4076 = AXIS2_PLACEMENT_3D('',#4077,#4078,#4079);
#4077 = CARTESIAN_POINT('',(134.62,101.854,37.338));
#4078 = DIRECTION('',(1.,0.,0.));
#4079 = DIRECTION('',(0.,-0.,-1.));
#4080 = ORIENTED_EDGE('',*,*,#4081,.F.);
#4081 = EDGE_CURVE('',#4054,#4073,#4082,.T.);
#4082 = LINE('',#4083,#4084);
#4083 = CARTESIAN_POINT('',(138.43,101.854,40.513));
#4084 = VECTOR('',#4085,1.);
#4085 = DIRECTION('',(-1.,0.,0.));
#4086 = CYLINDRICAL_SURFACE('',#4087,3.175);
#4087 = AXIS2_PLACEMENT_3D('',#4088,#4089,#4090);
#4088 = CARTESIAN_POINT('',(138.43,101.854,37.338));
#4089 = DIRECTION('',(-1.,0.,0.));
#4090 = DIRECTION('',(0.,0.,1.));
#4091 = ADVANCED_FACE('',(#4092),#4128,.F.);
#4092 = FACE_BOUND('',#4093,.F.);
#4093 = EDGE_LOOP('',(#4094,#4104,#4113,#4121));
#4094 = ORIENTED_EDGE('',*,*,#4095,.T.);
#4095 = EDGE_CURVE('',#4096,#4098,#4100,.T.);
#4096 = VERTEX_POINT('',#4097);
#4097 = CARTESIAN_POINT('',(138.43,172.72,15.2146));
#4098 = VERTEX_POINT('',#4099);
#4099 = CARTESIAN_POINT('',(134.62,172.72,15.2146));
#4100 = LINE('',#4101,#4102);
#4101 = CARTESIAN_POINT('',(138.43,172.72,15.2146));
#4102 = VECTOR('',#4103,1.);
#4103 = DIRECTION('',(-1.,0.,0.));
#4104 = ORIENTED_EDGE('',*,*,#4105,.T.);
#4105 = EDGE_CURVE('',#4098,#4106,#4108,.T.);
#4106 = VERTEX_POINT('',#4107);
#4107 = CARTESIAN_POINT('',(134.62,172.72,11.7094));
#4108 = CIRCLE('',#4109,1.7526);
#4109 = AXIS2_PLACEMENT_3D('',#4110,#4111,#4112);
#4110 = CARTESIAN_POINT('',(134.62,172.72,13.462));
#4111 = DIRECTION('',(1.,0.,0.));
#4112 = DIRECTION('',(0.,-0.,-1.));
#4113 = ORIENTED_EDGE('',*,*,#4114,.F.);
#4114 = EDGE_CURVE('',#4115,#4106,#4117,.T.);
#4115 = VERTEX_POINT('',#4116);
#4116 = CARTESIAN_POINT('',(138.43,172.72,11.7094));
#4117 = LINE('',#4118,#4119);
#4118 = CARTESIAN_POINT('',(138.43,172.72,11.7094));
#4119 = VECTOR('',#4120,1.);
#4120 = DIRECTION('',(-1.,0.,0.));
#4121 = ORIENTED_EDGE('',*,*,#4122,.T.);
#4122 = EDGE_CURVE('',#4115,#4096,#4123,.T.);
#4123 = CIRCLE('',#4124,1.7526);
#4124 = AXIS2_PLACEMENT_3D('',#4125,#4126,#4127);
#4125 = CARTESIAN_POINT('',(138.43,172.72,13.462));
#4126 = DIRECTION('',(-1.,0.,0.));
#4127 = DIRECTION('',(0.,0.,1.));
#4128 = CYLINDRICAL_SURFACE('',#4129,1.7526);
#4129 = AXIS2_PLACEMENT_3D('',#4130,#4131,#4132);
#4130 = CARTESIAN_POINT('',(138.43,172.72,13.462));
#4131 = DIRECTION('',(-1.,0.,0.));
#4132 = DIRECTION('',(0.,0.,1.));
#4133 = ADVANCED_FACE('',(#4134),#4170,.T.);
#4134 = FACE_BOUND('',#4135,.T.);
#4135 = EDGE_LOOP('',(#4136,#4147,#4155,#4164));
#4136 = ORIENTED_EDGE('',*,*,#4137,.T.);
#4137 = EDGE_CURVE('',#4138,#4140,#4142,.T.);
#4138 = VERTEX_POINT('',#4139);
#4139 = CARTESIAN_POINT('',(138.43,172.72,16.637));
#4140 = VERTEX_POINT('',#4141);
#4141 = CARTESIAN_POINT('',(138.43,172.72,10.287));
#4142 = CIRCLE('',#4143,3.175);
#4143 = AXIS2_PLACEMENT_3D('',#4144,#4145,#4146);
#4144 = CARTESIAN_POINT('',(138.43,172.72,13.462));
#4145 = DIRECTION('',(-1.,0.,0.));
#4146 = DIRECTION('',(0.,0.,1.));
#4147 = ORIENTED_EDGE('',*,*,#4148,.T.);
#4148 = EDGE_CURVE('',#4140,#4149,#4151,.T.);
#4149 = VERTEX_POINT('',#4150);
#4150 = CARTESIAN_POINT('',(134.62,172.72,10.287));
#4151 = LINE('',#4152,#4153);
#4152 = CARTESIAN_POINT('',(138.43,172.72,10.287));
#4153 = VECTOR('',#4154,1.);
#4154 = DIRECTION('',(-1.,0.,0.));
#4155 = ORIENTED_EDGE('',*,*,#4156,.T.);
#4156 = EDGE_CURVE('',#4149,#4157,#4159,.T.);
#4157 = VERTEX_POINT('',#4158);
#4158 = CARTESIAN_POINT('',(134.62,172.72,16.637));
#4159 = CIRCLE('',#4160,3.175);
#4160 = AXIS2_PLACEMENT_3D('',#4161,#4162,#4163);
#4161 = CARTESIAN_POINT('',(134.62,172.72,13.462));
#4162 = DIRECTION('',(1.,0.,0.));
#4163 = DIRECTION('',(0.,-0.,-1.));
#4164 = ORIENTED_EDGE('',*,*,#4165,.F.);
#4165 = EDGE_CURVE('',#4138,#4157,#4166,.T.);
#4166 = LINE('',#4167,#4168);
#4167 = CARTESIAN_POINT('',(138.43,172.72,16.637));
#4168 = VECTOR('',#4169,1.);
#4169 = DIRECTION('',(-1.,0.,0.));
#4170 = CYLINDRICAL_SURFACE('',#4171,3.175);
#4171 = AXIS2_PLACEMENT_3D('',#4172,#4173,#4174);
#4172 = CARTESIAN_POINT('',(138.43,172.72,13.462));
#4173 = DIRECTION('',(-1.,0.,0.));
#4174 = DIRECTION('',(0.,0.,1.));
#4175 = ADVANCED_FACE('',(#4176),#4212,.F.);
#4176 = FACE_BOUND('',#4177,.F.);
#4177 = EDGE_LOOP('',(#4178,#4188,#4197,#4205));
#4178 = ORIENTED_EDGE('',*,*,#4179,.T.);
#4179 = EDGE_CURVE('',#4180,#4182,#4184,.T.);
#4180 = VERTEX_POINT('',#4181);
#4181 = CARTESIAN_POINT('',(138.43,172.72,39.0906));
#4182 = VERTEX_POINT('',#4183);
#4183 = CARTESIAN_POINT('',(134.62,172.72,39.0906));
#4184 = LINE('',#4185,#4186);
#4185 = CARTESIAN_POINT('',(138.43,172.72,39.0906));
#4186 = VECTOR('',#4187,1.);
#4187 = DIRECTION('',(-1.,0.,0.));
#4188 = ORIENTED_EDGE('',*,*,#4189,.T.);
#4189 = EDGE_CURVE('',#4182,#4190,#4192,.T.);
#4190 = VERTEX_POINT('',#4191);
#4191 = CARTESIAN_POINT('',(134.62,172.72,35.5854));
#4192 = CIRCLE('',#4193,1.7526);
#4193 = AXIS2_PLACEMENT_3D('',#4194,#4195,#4196);
#4194 = CARTESIAN_POINT('',(134.62,172.72,37.338));
#4195 = DIRECTION('',(1.,0.,0.));
#4196 = DIRECTION('',(0.,-0.,-1.));
#4197 = ORIENTED_EDGE('',*,*,#4198,.F.);
#4198 = EDGE_CURVE('',#4199,#4190,#4201,.T.);
#4199 = VERTEX_POINT('',#4200);
#4200 = CARTESIAN_POINT('',(138.43,172.72,35.5854));
#4201 = LINE('',#4202,#4203);
#4202 = CARTESIAN_POINT('',(138.43,172.72,35.5854));
#4203 = VECTOR('',#4204,1.);
#4204 = DIRECTION('',(-1.,0.,0.));
#4205 = ORIENTED_EDGE('',*,*,#4206,.T.);
#4206 = EDGE_CURVE('',#4199,#4180,#4207,.T.);
#4207 = CIRCLE('',#4208,1.7526);
#4208 = AXIS2_PLACEMENT_3D('',#4209,#4210,#4211);
#4209 = CARTESIAN_POINT('',(138.43,172.72,37.338));
#4210 = DIRECTION('',(-1.,0.,0.));
#4211 = DIRECTION('',(0.,0.,1.));
#4212 = CYLINDRICAL_SURFACE('',#4213,1.7526);
#4213 = AXIS2_PLACEMENT_3D('',#4214,#4215,#4216);
#4214 = CARTESIAN_POINT('',(138.43,172.72,37.338));
#4215 = DIRECTION('',(-1.,0.,0.));
#4216 = DIRECTION('',(0.,0.,1.));
#4217 = ADVANCED_FACE('',(#4218),#4254,.T.);
#4218 = FACE_BOUND('',#4219,.T.);
#4219 = EDGE_LOOP('',(#4220,#4231,#4239,#4248));
#4220 = ORIENTED_EDGE('',*,*,#4221,.T.);
#4221 = EDGE_CURVE('',#4222,#4224,#4226,.T.);
#4222 = VERTEX_POINT('',#4223);
#4223 = CARTESIAN_POINT('',(138.43,172.72,40.513));
#4224 = VERTEX_POINT('',#4225);
#4225 = CARTESIAN_POINT('',(138.43,172.72,34.163));
#4226 = CIRCLE('',#4227,3.175);
#4227 = AXIS2_PLACEMENT_3D('',#4228,#4229,#4230);
#4228 = CARTESIAN_POINT('',(138.43,172.72,37.338));
#4229 = DIRECTION('',(-1.,0.,0.));
#4230 = DIRECTION('',(0.,0.,1.));
#4231 = ORIENTED_EDGE('',*,*,#4232,.T.);
#4232 = EDGE_CURVE('',#4224,#4233,#4235,.T.);
#4233 = VERTEX_POINT('',#4234);
#4234 = CARTESIAN_POINT('',(134.62,172.72,34.163));
#4235 = LINE('',#4236,#4237);
#4236 = CARTESIAN_POINT('',(138.43,172.72,34.163));
#4237 = VECTOR('',#4238,1.);
#4238 = DIRECTION('',(-1.,0.,0.));
#4239 = ORIENTED_EDGE('',*,*,#4240,.T.);
#4240 = EDGE_CURVE('',#4233,#4241,#4243,.T.);
#4241 = VERTEX_POINT('',#4242);
#4242 = CARTESIAN_POINT('',(134.62,172.72,40.513));
#4243 = CIRCLE('',#4244,3.175);
#4244 = AXIS2_PLACEMENT_3D('',#4245,#4246,#4247);
#4245 = CARTESIAN_POINT('',(134.62,172.72,37.338));
#4246 = DIRECTION('',(1.,0.,0.));
#4247 = DIRECTION('',(0.,-0.,-1.));
#4248 = ORIENTED_EDGE('',*,*,#4249,.F.);
#4249 = EDGE_CURVE('',#4222,#4241,#4250,.T.);
#4250 = LINE('',#4251,#4252);
#4251 = CARTESIAN_POINT('',(138.43,172.72,40.513));
#4252 = VECTOR('',#4253,1.);
#4253 = DIRECTION('',(-1.,0.,0.));
#4254 = CYLINDRICAL_SURFACE('',#4255,3.175);
#4255 = AXIS2_PLACEMENT_3D('',#4256,#4257,#4258);
#4256 = CARTESIAN_POINT('',(138.43,172.72,37.338));
#4257 = DIRECTION('',(-1.,0.,0.));
#4258 = DIRECTION('',(0.,0.,1.));
#4259 = ADVANCED_FACE('',(#4260),#4296,.F.);
#4260 = FACE_BOUND('',#4261,.F.);
#4261 = EDGE_LOOP('',(#4262,#4272,#4281,#4289));
#4262 = ORIENTED_EDGE('',*,*,#4263,.T.);
#4263 = EDGE_CURVE('',#4264,#4266,#4268,.T.);
#4264 = VERTEX_POINT('',#4265);
#4265 = CARTESIAN_POINT('',(161.8234,152.4,12.7));
#4266 = VERTEX_POINT('',#4267);
#4267 = CARTESIAN_POINT('',(161.8234,152.4,7.62));
#4268 = LINE('',#4269,#4270);
#4269 = CARTESIAN_POINT('',(161.8234,152.4,12.7));
#4270 = VECTOR('',#4271,1.);
#4271 = DIRECTION('',(-0.,-0.,-1.));
#4272 = ORIENTED_EDGE('',*,*,#4273,.F.);
#4273 = EDGE_CURVE('',#4274,#4266,#4276,.T.);
#4274 = VERTEX_POINT('',#4275);
#4275 = CARTESIAN_POINT('',(165.3286,152.4,7.62));
#4276 = CIRCLE('',#4277,1.7526);
#4277 = AXIS2_PLACEMENT_3D('',#4278,#4279,#4280);
#4278 = CARTESIAN_POINT('',(163.576,152.4,7.62));
#4279 = DIRECTION('',(0.,0.,-1.));
#4280 = DIRECTION('',(1.,0.,0.));
#4281 = ORIENTED_EDGE('',*,*,#4282,.F.);
#4282 = EDGE_CURVE('',#4283,#4274,#4285,.T.);
#4283 = VERTEX_POINT('',#4284);
#4284 = CARTESIAN_POINT('',(165.3286,152.4,12.7));
#4285 = LINE('',#4286,#4287);
#4286 = CARTESIAN_POINT('',(165.3286,152.4,12.7));
#4287 = VECTOR('',#4288,1.);
#4288 = DIRECTION('',(-0.,-0.,-1.));
#4289 = ORIENTED_EDGE('',*,*,#4290,.F.);
#4290 = EDGE_CURVE('',#4264,#4283,#4291,.T.);
#4291 = CIRCLE('',#4292,1.7526);
#4292 = AXIS2_PLACEMENT_3D('',#4293,#4294,#4295);
#4293 = CARTESIAN_POINT('',(163.576,152.4,12.7));
#4294 = DIRECTION('',(0.,0.,1.));
#4295 = DIRECTION('',(1.,0.,-0.));
#4296 = CYLINDRICAL_SURFACE('',#4297,1.7526);
#4297 = AXIS2_PLACEMENT_3D('',#4298,#4299,#4300);
#4298 = CARTESIAN_POINT('',(163.576,152.4,12.7));
#4299 = DIRECTION('',(-0.,-0.,-1.));
#4300 = DIRECTION('',(-1.,0.,0.));
#4301 = ADVANCED_FACE('',(#4302),#4338,.T.);
#4302 = FACE_BOUND('',#4303,.T.);
#4303 = EDGE_LOOP('',(#4304,#4315,#4323,#4332));
#4304 = ORIENTED_EDGE('',*,*,#4305,.F.);
#4305 = EDGE_CURVE('',#4306,#4308,#4310,.T.);
#4306 = VERTEX_POINT('',#4307);
#4307 = CARTESIAN_POINT('',(166.751,152.4,12.7));
#4308 = VERTEX_POINT('',#4309);
#4309 = CARTESIAN_POINT('',(160.401,152.4,12.7));
#4310 = CIRCLE('',#4311,3.175);
#4311 = AXIS2_PLACEMENT_3D('',#4312,#4313,#4314);
#4312 = CARTESIAN_POINT('',(163.576,152.4,12.7));
#4313 = DIRECTION('',(0.,0.,1.));
#4314 = DIRECTION('',(1.,0.,-0.));
#4315 = ORIENTED_EDGE('',*,*,#4316,.T.);
#4316 = EDGE_CURVE('',#4306,#4317,#4319,.T.);
#4317 = VERTEX_POINT('',#4318);
#4318 = CARTESIAN_POINT('',(166.751,152.4,7.62));
#4319 = LINE('',#4320,#4321);
#4320 = CARTESIAN_POINT('',(166.751,152.4,12.7));
#4321 = VECTOR('',#4322,1.);
#4322 = DIRECTION('',(-0.,-0.,-1.));
#4323 = ORIENTED_EDGE('',*,*,#4324,.T.);
#4324 = EDGE_CURVE('',#4317,#4325,#4327,.T.);
#4325 = VERTEX_POINT('',#4326);
#4326 = CARTESIAN_POINT('',(160.401,152.4,7.62));
#4327 = CIRCLE('',#4328,3.175);
#4328 = AXIS2_PLACEMENT_3D('',#4329,#4330,#4331);
#4329 = CARTESIAN_POINT('',(163.576,152.4,7.62));
#4330 = DIRECTION('',(0.,0.,1.));
#4331 = DIRECTION('',(1.,0.,-0.));
#4332 = ORIENTED_EDGE('',*,*,#4333,.F.);
#4333 = EDGE_CURVE('',#4308,#4325,#4334,.T.);
#4334 = LINE('',#4335,#4336);
#4335 = CARTESIAN_POINT('',(160.401,152.4,12.7));
#4336 = VECTOR('',#4337,1.);
#4337 = DIRECTION('',(-0.,-0.,-1.));
#4338 = CYLINDRICAL_SURFACE('',#4339,3.175);
#4339 = AXIS2_PLACEMENT_3D('',#4340,#4341,#4342);
#4340 = CARTESIAN_POINT('',(163.576,152.4,12.7));
#4341 = DIRECTION('',(-0.,-0.,-1.));
#4342 = DIRECTION('',(-1.,0.,0.));
#4343 = ADVANCED_FACE('',(#4344),#4380,.F.);
#4344 = FACE_BOUND('',#4345,.F.);
#4345 = EDGE_LOOP('',(#4346,#4356,#4365,#4373));
#4346 = ORIENTED_EDGE('',*,*,#4347,.T.);
#4347 = EDGE_CURVE('',#4348,#4350,#4352,.T.);
#4348 = VERTEX_POINT('',#4349);
#4349 = CARTESIAN_POINT('',(161.8234,94.742,12.7));
#4350 = VERTEX_POINT('',#4351);
#4351 = CARTESIAN_POINT('',(161.8234,94.742,7.62));
#4352 = LINE('',#4353,#4354);
#4353 = CARTESIAN_POINT('',(161.8234,94.742,12.7));
#4354 = VECTOR('',#4355,1.);
#4355 = DIRECTION('',(-0.,-0.,-1.));
#4356 = ORIENTED_EDGE('',*,*,#4357,.F.);
#4357 = EDGE_CURVE('',#4358,#4350,#4360,.T.);
#4358 = VERTEX_POINT('',#4359);
#4359 = CARTESIAN_POINT('',(165.3286,94.742,7.62));
#4360 = CIRCLE('',#4361,1.7526);
#4361 = AXIS2_PLACEMENT_3D('',#4362,#4363,#4364);
#4362 = CARTESIAN_POINT('',(163.576,94.742,7.62));
#4363 = DIRECTION('',(0.,0.,-1.));
#4364 = DIRECTION('',(1.,0.,0.));
#4365 = ORIENTED_EDGE('',*,*,#4366,.F.);
#4366 = EDGE_CURVE('',#4367,#4358,#4369,.T.);
#4367 = VERTEX_POINT('',#4368);
#4368 = CARTESIAN_POINT('',(165.3286,94.742,12.7));
#4369 = LINE('',#4370,#4371);
#4370 = CARTESIAN_POINT('',(165.3286,94.742,12.7));
#4371 = VECTOR('',#4372,1.);
#4372 = DIRECTION('',(-0.,-0.,-1.));
#4373 = ORIENTED_EDGE('',*,*,#4374,.F.);
#4374 = EDGE_CURVE('',#4348,#4367,#4375,.T.);
#4375 = CIRCLE('',#4376,1.7526);
#4376 = AXIS2_PLACEMENT_3D('',#4377,#4378,#4379);
#4377 = CARTESIAN_POINT('',(163.576,94.742,12.7));
#4378 = DIRECTION('',(0.,0.,1.));
#4379 = DIRECTION('',(1.,0.,-0.));
#4380 = CYLINDRICAL_SURFACE('',#4381,1.7526);
#4381 = AXIS2_PLACEMENT_3D('',#4382,#4383,#4384);
#4382 = CARTESIAN_POINT('',(163.576,94.742,12.7));
#4383 = DIRECTION('',(-0.,-0.,-1.));
#4384 = DIRECTION('',(-1.,0.,0.));
#4385 = ADVANCED_FACE('',(#4386),#4422,.T.);
#4386 = FACE_BOUND('',#4387,.T.);
#4387 = EDGE_LOOP('',(#4388,#4399,#4407,#4416));
#4388 = ORIENTED_EDGE('',*,*,#4389,.F.);
#4389 = EDGE_CURVE('',#4390,#4392,#4394,.T.);
#4390 = VERTEX_POINT('',#4391);
#4391 = CARTESIAN_POINT('',(166.751,94.742,12.7));
#4392 = VERTEX_POINT('',#4393);
#4393 = CARTESIAN_POINT('',(160.401,94.742,12.7));
#4394 = CIRCLE('',#4395,3.175);
#4395 = AXIS2_PLACEMENT_3D('',#4396,#4397,#4398);
#4396 = CARTESIAN_POINT('',(163.576,94.742,12.7));
#4397 = DIRECTION('',(0.,0.,1.));
#4398 = DIRECTION('',(1.,0.,-0.));
#4399 = ORIENTED_EDGE('',*,*,#4400,.T.);
#4400 = EDGE_CURVE('',#4390,#4401,#4403,.T.);
#4401 = VERTEX_POINT('',#4402);
#4402 = CARTESIAN_POINT('',(166.751,94.742,7.62));
#4403 = LINE('',#4404,#4405);
#4404 = CARTESIAN_POINT('',(166.751,94.742,12.7));
#4405 = VECTOR('',#4406,1.);
#4406 = DIRECTION('',(-0.,-0.,-1.));
#4407 = ORIENTED_EDGE('',*,*,#4408,.T.);
#4408 = EDGE_CURVE('',#4401,#4409,#4411,.T.);
#4409 = VERTEX_POINT('',#4410);
#4410 = CARTESIAN_POINT('',(160.401,94.742,7.62));
#4411 = CIRCLE('',#4412,3.175);
#4412 = AXIS2_PLACEMENT_3D('',#4413,#4414,#4415);
#4413 = CARTESIAN_POINT('',(163.576,94.742,7.62));
#4414 = DIRECTION('',(0.,0.,1.));
#4415 = DIRECTION('',(1.,0.,-0.));
#4416 = ORIENTED_EDGE('',*,*,#4417,.F.);
#4417 = EDGE_CURVE('',#4392,#4409,#4418,.T.);
#4418 = LINE('',#4419,#4420);
#4419 = CARTESIAN_POINT('',(160.401,94.742,12.7));
#4420 = VECTOR('',#4421,1.);
#4421 = DIRECTION('',(-0.,-0.,-1.));
#4422 = CYLINDRICAL_SURFACE('',#4423,3.175);
#4423 = AXIS2_PLACEMENT_3D('',#4424,#4425,#4426);
#4424 = CARTESIAN_POINT('',(163.576,94.742,12.7));
#4425 = DIRECTION('',(-0.,-0.,-1.));
#4426 = DIRECTION('',(-1.,0.,0.));
#4427 = ADVANCED_FACE('',(#4428),#4464,.F.);
#4428 = FACE_BOUND('',#4429,.F.);
#4429 = EDGE_LOOP('',(#4430,#4440,#4449,#4457));
#4430 = ORIENTED_EDGE('',*,*,#4431,.T.);
#4431 = EDGE_CURVE('',#4432,#4434,#4436,.T.);
#4432 = VERTEX_POINT('',#4433);
#4433 = CARTESIAN_POINT('',(210.3374,94.742,12.7));
#4434 = VERTEX_POINT('',#4435);
#4435 = CARTESIAN_POINT('',(210.3374,94.742,7.62));
#4436 = LINE('',#4437,#4438);
#4437 = CARTESIAN_POINT('',(210.3374,94.742,12.7));
#4438 = VECTOR('',#4439,1.);
#4439 = DIRECTION('',(-0.,-0.,-1.));
#4440 = ORIENTED_EDGE('',*,*,#4441,.F.);
#4441 = EDGE_CURVE('',#4442,#4434,#4444,.T.);
#4442 = VERTEX_POINT('',#4443);
#4443 = CARTESIAN_POINT('',(213.8426,94.742,7.62));
#4444 = CIRCLE('',#4445,1.7526);
#4445 = AXIS2_PLACEMENT_3D('',#4446,#4447,#4448);
#4446 = CARTESIAN_POINT('',(212.09,94.742,7.62));
#4447 = DIRECTION('',(0.,0.,-1.));
#4448 = DIRECTION('',(1.,0.,0.));
#4449 = ORIENTED_EDGE('',*,*,#4450,.F.);
#4450 = EDGE_CURVE('',#4451,#4442,#4453,.T.);
#4451 = VERTEX_POINT('',#4452);
#4452 = CARTESIAN_POINT('',(213.8426,94.742,12.7));
#4453 = LINE('',#4454,#4455);
#4454 = CARTESIAN_POINT('',(213.8426,94.742,12.7));
#4455 = VECTOR('',#4456,1.);
#4456 = DIRECTION('',(-0.,-0.,-1.));
#4457 = ORIENTED_EDGE('',*,*,#4458,.F.);
#4458 = EDGE_CURVE('',#4432,#4451,#4459,.T.);
#4459 = CIRCLE('',#4460,1.7526);
#4460 = AXIS2_PLACEMENT_3D('',#4461,#4462,#4463);
#4461 = CARTESIAN_POINT('',(212.09,94.742,12.7));
#4462 = DIRECTION('',(0.,0.,1.));
#4463 = DIRECTION('',(1.,0.,-0.));
#4464 = CYLINDRICAL_SURFACE('',#4465,1.7526);
#4465 = AXIS2_PLACEMENT_3D('',#4466,#4467,#4468);
#4466 = CARTESIAN_POINT('',(212.09,94.742,12.7));
#4467 = DIRECTION('',(-0.,-0.,-1.));
#4468 = DIRECTION('',(-1.,0.,0.));
#4469 = ADVANCED_FACE('',(#4470),#4506,.T.);
#4470 = FACE_BOUND('',#4471,.T.);
#4471 = EDGE_LOOP('',(#4472,#4483,#4491,#4500));
#4472 = ORIENTED_EDGE('',*,*,#4473,.F.);
#4473 = EDGE_CURVE('',#4474,#4476,#4478,.T.);
#4474 = VERTEX_POINT('',#4475);
#4475 = CARTESIAN_POINT('',(215.265,94.742,12.7));
#4476 = VERTEX_POINT('',#4477);
#4477 = CARTESIAN_POINT('',(208.915,94.742,12.7));
#4478 = CIRCLE('',#4479,3.175);
#4479 = AXIS2_PLACEMENT_3D('',#4480,#4481,#4482);
#4480 = CARTESIAN_POINT('',(212.09,94.742,12.7));
#4481 = DIRECTION('',(0.,0.,1.));
#4482 = DIRECTION('',(1.,0.,-0.));
#4483 = ORIENTED_EDGE('',*,*,#4484,.T.);
#4484 = EDGE_CURVE('',#4474,#4485,#4487,.T.);
#4485 = VERTEX_POINT('',#4486);
#4486 = CARTESIAN_POINT('',(215.265,94.742,7.62));
#4487 = LINE('',#4488,#4489);
#4488 = CARTESIAN_POINT('',(215.265,94.742,12.7));
#4489 = VECTOR('',#4490,1.);
#4490 = DIRECTION('',(-0.,-0.,-1.));
#4491 = ORIENTED_EDGE('',*,*,#4492,.T.);
#4492 = EDGE_CURVE('',#4485,#4493,#4495,.T.);
#4493 = VERTEX_POINT('',#4494);
#4494 = CARTESIAN_POINT('',(208.915,94.742,7.62));
#4495 = CIRCLE('',#4496,3.175);
#4496 = AXIS2_PLACEMENT_3D('',#4497,#4498,#4499);
#4497 = CARTESIAN_POINT('',(212.09,94.742,7.62));
#4498 = DIRECTION('',(0.,0.,1.));
#4499 = DIRECTION('',(1.,0.,-0.));
#4500 = ORIENTED_EDGE('',*,*,#4501,.F.);
#4501 = EDGE_CURVE('',#4476,#4493,#4502,.T.);
#4502 = LINE('',#4503,#4504);
#4503 = CARTESIAN_POINT('',(208.915,94.742,12.7));
#4504 = VECTOR('',#4505,1.);
#4505 = DIRECTION('',(-0.,-0.,-1.));
#4506 = CYLINDRICAL_SURFACE('',#4507,3.175);
#4507 = AXIS2_PLACEMENT_3D('',#4508,#4509,#4510);
#4508 = CARTESIAN_POINT('',(212.09,94.742,12.7));
#4509 = DIRECTION('',(-0.,-0.,-1.));
#4510 = DIRECTION('',(-1.,0.,0.));
#4511 = ADVANCED_FACE('',(#4512),#4548,.F.);
#4512 = FACE_BOUND('',#4513,.F.);
#4513 = EDGE_LOOP('',(#4514,#4524,#4533,#4541));
#4514 = ORIENTED_EDGE('',*,*,#4515,.T.);
#4515 = EDGE_CURVE('',#4516,#4518,#4520,.T.);
#4516 = VERTEX_POINT('',#4517);
#4517 = CARTESIAN_POINT('',(210.3374,152.4,12.7));
#4518 = VERTEX_POINT('',#4519);
#4519 = CARTESIAN_POINT('',(210.3374,152.4,7.62));
#4520 = LINE('',#4521,#4522);
#4521 = CARTESIAN_POINT('',(210.3374,152.4,12.7));
#4522 = VECTOR('',#4523,1.);
#4523 = DIRECTION('',(-0.,-0.,-1.));
#4524 = ORIENTED_EDGE('',*,*,#4525,.F.);
#4525 = EDGE_CURVE('',#4526,#4518,#4528,.T.);
#4526 = VERTEX_POINT('',#4527);
#4527 = CARTESIAN_POINT('',(213.8426,152.4,7.62));
#4528 = CIRCLE('',#4529,1.7526);
#4529 = AXIS2_PLACEMENT_3D('',#4530,#4531,#4532);
#4530 = CARTESIAN_POINT('',(212.09,152.4,7.62));
#4531 = DIRECTION('',(0.,0.,-1.));
#4532 = DIRECTION('',(1.,0.,0.));
#4533 = ORIENTED_EDGE('',*,*,#4534,.F.);
#4534 = EDGE_CURVE('',#4535,#4526,#4537,.T.);
#4535 = VERTEX_POINT('',#4536);
#4536 = CARTESIAN_POINT('',(213.8426,152.4,12.7));
#4537 = LINE('',#4538,#4539);
#4538 = CARTESIAN_POINT('',(213.8426,152.4,12.7));
#4539 = VECTOR('',#4540,1.);
#4540 = DIRECTION('',(-0.,-0.,-1.));
#4541 = ORIENTED_EDGE('',*,*,#4542,.F.);
#4542 = EDGE_CURVE('',#4516,#4535,#4543,.T.);
#4543 = CIRCLE('',#4544,1.7526);
#4544 = AXIS2_PLACEMENT_3D('',#4545,#4546,#4547);
#4545 = CARTESIAN_POINT('',(212.09,152.4,12.7));
#4546 = DIRECTION('',(0.,0.,1.));
#4547 = DIRECTION('',(1.,0.,-0.));
#4548 = CYLINDRICAL_SURFACE('',#4549,1.7526);
#4549 = AXIS2_PLACEMENT_3D('',#4550,#4551,#4552);
#4550 = CARTESIAN_POINT('',(212.09,152.4,12.7));
#4551 = DIRECTION('',(-0.,-0.,-1.));
#4552 = DIRECTION('',(-1.,0.,0.));
#4553 = ADVANCED_FACE('',(#4554),#4590,.T.);
#4554 = FACE_BOUND('',#4555,.T.);
#4555 = EDGE_LOOP('',(#4556,#4567,#4575,#4584));
#4556 = ORIENTED_EDGE('',*,*,#4557,.F.);
#4557 = EDGE_CURVE('',#4558,#4560,#4562,.T.);
#4558 = VERTEX_POINT('',#4559);
#4559 = CARTESIAN_POINT('',(215.265,152.4,12.7));
#4560 = VERTEX_POINT('',#4561);
#4561 = CARTESIAN_POINT('',(208.915,152.4,12.7));
#4562 = CIRCLE('',#4563,3.175);
#4563 = AXIS2_PLACEMENT_3D('',#4564,#4565,#4566);
#4564 = CARTESIAN_POINT('',(212.09,152.4,12.7));
#4565 = DIRECTION('',(0.,0.,1.));
#4566 = DIRECTION('',(1.,0.,-0.));
#4567 = ORIENTED_EDGE('',*,*,#4568,.T.);
#4568 = EDGE_CURVE('',#4558,#4569,#4571,.T.);
#4569 = VERTEX_POINT('',#4570);
#4570 = CARTESIAN_POINT('',(215.265,152.4,7.62));
#4571 = LINE('',#4572,#4573);
#4572 = CARTESIAN_POINT('',(215.265,152.4,12.7));
#4573 = VECTOR('',#4574,1.);
#4574 = DIRECTION('',(-0.,-0.,-1.));
#4575 = ORIENTED_EDGE('',*,*,#4576,.T.);
#4576 = EDGE_CURVE('',#4569,#4577,#4579,.T.);
#4577 = VERTEX_POINT('',#4578);
#4578 = CARTESIAN_POINT('',(208.915,152.4,7.62));
#4579 = CIRCLE('',#4580,3.175);
#4580 = AXIS2_PLACEMENT_3D('',#4581,#4582,#4583);
#4581 = CARTESIAN_POINT('',(212.09,152.4,7.62));
#4582 = DIRECTION('',(0.,0.,1.));
#4583 = DIRECTION('',(1.,0.,-0.));
#4584 = ORIENTED_EDGE('',*,*,#4585,.F.);
#4585 = EDGE_CURVE('',#4560,#4577,#4586,.T.);
#4586 = LINE('',#4587,#4588);
#4587 = CARTESIAN_POINT('',(208.915,152.4,12.7));
#4588 = VECTOR('',#4589,1.);
#4589 = DIRECTION('',(-0.,-0.,-1.));
#4590 = CYLINDRICAL_SURFACE('',#4591,3.175);
#4591 = AXIS2_PLACEMENT_3D('',#4592,#4593,#4594);
#4592 = CARTESIAN_POINT('',(212.09,152.4,12.7));
#4593 = DIRECTION('',(-0.,-0.,-1.));
#4594 = DIRECTION('',(-1.,0.,0.));
#4595 = ADVANCED_FACE('',(#4596,#4606,#4616,#4626,#4636,#4646,#4680,
    #4690,#4700,#4710,#4720,#4854),#4888,.T.);
#4596 = FACE_BOUND('',#4597,.T.);
#4597 = EDGE_LOOP('',(#4598,#4605));
#4598 = ORIENTED_EDGE('',*,*,#4599,.F.);
#4599 = EDGE_CURVE('',#234,#242,#4600,.T.);
#4600 = CIRCLE('',#4601,3.1115);
#4601 = AXIS2_PLACEMENT_3D('',#4602,#4603,#4604);
#4602 = CARTESIAN_POINT('',(13.97,87.63,7.62));
#4603 = DIRECTION('',(0.,0.,1.));
#4604 = DIRECTION('',(1.,0.,-0.));
#4605 = ORIENTED_EDGE('',*,*,#241,.F.);
#4606 = FACE_BOUND('',#4607,.T.);
#4607 = EDGE_LOOP('',(#4608,#4615));
#4608 = ORIENTED_EDGE('',*,*,#4609,.F.);
#4609 = EDGE_CURVE('',#276,#284,#4610,.T.);
#4610 = CIRCLE('',#4611,3.1115);
#4611 = AXIS2_PLACEMENT_3D('',#4612,#4613,#4614);
#4612 = CARTESIAN_POINT('',(13.97,13.97,7.62));
#4613 = DIRECTION('',(0.,0.,1.));
#4614 = DIRECTION('',(1.,0.,-0.));
#4615 = ORIENTED_EDGE('',*,*,#283,.F.);
#4616 = FACE_BOUND('',#4617,.T.);
#4617 = EDGE_LOOP('',(#4618,#4625));
#4618 = ORIENTED_EDGE('',*,*,#4619,.F.);
#4619 = EDGE_CURVE('',#318,#326,#4620,.T.);
#4620 = CIRCLE('',#4621,3.1115);
#4621 = AXIS2_PLACEMENT_3D('',#4622,#4623,#4624);
#4622 = CARTESIAN_POINT('',(214.63,13.97,7.62));
#4623 = DIRECTION('',(0.,0.,1.));
#4624 = DIRECTION('',(1.,0.,-0.));
#4625 = ORIENTED_EDGE('',*,*,#325,.F.);
#4626 = FACE_BOUND('',#4627,.T.);
#4627 = EDGE_LOOP('',(#4628,#4635));
#4628 = ORIENTED_EDGE('',*,*,#4629,.F.);
#4629 = EDGE_CURVE('',#360,#368,#4630,.T.);
#4630 = CIRCLE('',#4631,3.1115);
#4631 = AXIS2_PLACEMENT_3D('',#4632,#4633,#4634);
#4632 = CARTESIAN_POINT('',(140.97,214.63,7.62));
#4633 = DIRECTION('',(0.,0.,1.));
#4634 = DIRECTION('',(1.,0.,-0.));
#4635 = ORIENTED_EDGE('',*,*,#367,.F.);
#4636 = FACE_BOUND('',#4637,.T.);
#4637 = EDGE_LOOP('',(#4638,#4645));
#4638 = ORIENTED_EDGE('',*,*,#4639,.F.);
#4639 = EDGE_CURVE('',#402,#410,#4640,.T.);
#4640 = CIRCLE('',#4641,3.1115);
#4641 = AXIS2_PLACEMENT_3D('',#4642,#4643,#4644);
#4642 = CARTESIAN_POINT('',(214.63,214.63,7.62));
#4643 = DIRECTION('',(0.,0.,1.));
#4644 = DIRECTION('',(1.,0.,-0.));
#4645 = ORIENTED_EDGE('',*,*,#409,.F.);
#4646 = FACE_BOUND('',#4647,.T.);
#4647 = EDGE_LOOP('',(#4648,#4658,#4666,#4674));
#4648 = ORIENTED_EDGE('',*,*,#4649,.F.);
#4649 = EDGE_CURVE('',#4650,#4652,#4654,.T.);
#4650 = VERTEX_POINT('',#4651);
#4651 = CARTESIAN_POINT('',(63.5,42.291,7.62));
#4652 = VERTEX_POINT('',#4653);
#4653 = CARTESIAN_POINT('',(120.65,42.291,7.62));
#4654 = LINE('',#4655,#4656);
#4655 = CARTESIAN_POINT('',(63.5,42.291,7.62));
#4656 = VECTOR('',#4657,1.);
#4657 = DIRECTION('',(1.,0.,0.));
#4658 = ORIENTED_EDGE('',*,*,#4659,.F.);
#4659 = EDGE_CURVE('',#4660,#4650,#4662,.T.);
#4660 = VERTEX_POINT('',#4661);
#4661 = CARTESIAN_POINT('',(63.5,89.789,7.62));
#4662 = LINE('',#4663,#4664);
#4663 = CARTESIAN_POINT('',(63.5,42.291,7.62));
#4664 = VECTOR('',#4665,1.);
#4665 = DIRECTION('',(-0.,-1.,-0.));
#4666 = ORIENTED_EDGE('',*,*,#4667,.F.);
#4667 = EDGE_CURVE('',#4668,#4660,#4670,.T.);
#4668 = VERTEX_POINT('',#4669);
#4669 = CARTESIAN_POINT('',(120.65,89.789,7.62));
#4670 = LINE('',#4671,#4672);
#4671 = CARTESIAN_POINT('',(63.5,89.789,7.62));
#4672 = VECTOR('',#4673,1.);
#4673 = DIRECTION('',(-1.,-0.,-0.));
#4674 = ORIENTED_EDGE('',*,*,#4675,.F.);
#4675 = EDGE_CURVE('',#4652,#4668,#4676,.T.);
#4676 = LINE('',#4677,#4678);
#4677 = CARTESIAN_POINT('',(120.65,42.291,7.62));
#4678 = VECTOR('',#4679,1.);
#4679 = DIRECTION('',(0.,1.,0.));
#4680 = FACE_BOUND('',#4681,.T.);
#4681 = EDGE_LOOP('',(#4682,#4689));
#4682 = ORIENTED_EDGE('',*,*,#4683,.F.);
#4683 = EDGE_CURVE('',#4325,#4317,#4684,.T.);
#4684 = CIRCLE('',#4685,3.175);
#4685 = AXIS2_PLACEMENT_3D('',#4686,#4687,#4688);
#4686 = CARTESIAN_POINT('',(163.576,152.4,7.62));
#4687 = DIRECTION('',(0.,0.,1.));
#4688 = DIRECTION('',(1.,0.,-0.));
#4689 = ORIENTED_EDGE('',*,*,#4324,.F.);
#4690 = FACE_BOUND('',#4691,.T.);
#4691 = EDGE_LOOP('',(#4692,#4699));
#4692 = ORIENTED_EDGE('',*,*,#4693,.F.);
#4693 = EDGE_CURVE('',#4409,#4401,#4694,.T.);
#4694 = CIRCLE('',#4695,3.175);
#4695 = AXIS2_PLACEMENT_3D('',#4696,#4697,#4698);
#4696 = CARTESIAN_POINT('',(163.576,94.742,7.62));
#4697 = DIRECTION('',(0.,0.,1.));
#4698 = DIRECTION('',(1.,0.,-0.));
#4699 = ORIENTED_EDGE('',*,*,#4408,.F.);
#4700 = FACE_BOUND('',#4701,.T.);
#4701 = EDGE_LOOP('',(#4702,#4709));
#4702 = ORIENTED_EDGE('',*,*,#4703,.F.);
#4703 = EDGE_CURVE('',#4493,#4485,#4704,.T.);
#4704 = CIRCLE('',#4705,3.175);
#4705 = AXIS2_PLACEMENT_3D('',#4706,#4707,#4708);
#4706 = CARTESIAN_POINT('',(212.09,94.742,7.62));
#4707 = DIRECTION('',(0.,0.,1.));
#4708 = DIRECTION('',(1.,0.,-0.));
#4709 = ORIENTED_EDGE('',*,*,#4492,.F.);
#4710 = FACE_BOUND('',#4711,.T.);
#4711 = EDGE_LOOP('',(#4712,#4719));
#4712 = ORIENTED_EDGE('',*,*,#4713,.F.);
#4713 = EDGE_CURVE('',#4577,#4569,#4714,.T.);
#4714 = CIRCLE('',#4715,3.175);
#4715 = AXIS2_PLACEMENT_3D('',#4716,#4717,#4718);
#4716 = CARTESIAN_POINT('',(212.09,152.4,7.62));
#4717 = DIRECTION('',(0.,0.,1.));
#4718 = DIRECTION('',(1.,0.,-0.));
#4719 = ORIENTED_EDGE('',*,*,#4576,.F.);
#4720 = FACE_BOUND('',#4721,.T.);
#4721 = EDGE_LOOP('',(#4722,#4730,#4736,#4742,#4748,#4754,#4760,#4766,
    #4772,#4778,#4784,#4790,#4796,#4802,#4808,#4816,#4824,#4832,#4840,
    #4848));
#4722 = ORIENTED_EDGE('',*,*,#4723,.T.);
#4723 = EDGE_CURVE('',#4724,#2245,#4726,.T.);
#4724 = VERTEX_POINT('',#4725);
#4725 = CARTESIAN_POINT('',(220.98,7.62,7.62));
#4726 = LINE('',#4727,#4728);
#4727 = CARTESIAN_POINT('',(220.98,228.6,7.62));
#4728 = VECTOR('',#4729,1.);
#4729 = DIRECTION('',(-6.070773319254E-17,1.,-0.));
#4730 = ORIENTED_EDGE('',*,*,#4731,.T.);
#4731 = EDGE_CURVE('',#2245,#1840,#4732,.T.);
#4732 = LINE('',#4733,#4734);
#4733 = CARTESIAN_POINT('',(220.98,228.6,7.62));
#4734 = VECTOR('',#4735,1.);
#4735 = DIRECTION('',(-6.070773319254E-17,1.,-0.));
#4736 = ORIENTED_EDGE('',*,*,#4737,.T.);
#4737 = EDGE_CURVE('',#1840,#1984,#4738,.T.);
#4738 = LINE('',#4739,#4740);
#4739 = CARTESIAN_POINT('',(220.98,228.6,7.62));
#4740 = VECTOR('',#4741,1.);
#4741 = DIRECTION('',(-6.070773319254E-17,1.,-0.));
#4742 = ORIENTED_EDGE('',*,*,#4743,.T.);
#4743 = EDGE_CURVE('',#1984,#1933,#4744,.T.);
#4744 = LINE('',#4745,#4746);
#4745 = CARTESIAN_POINT('',(220.98,228.6,7.62));
#4746 = VECTOR('',#4747,1.);
#4747 = DIRECTION('',(-6.070773319254E-17,1.,-0.));
#4748 = ORIENTED_EDGE('',*,*,#4749,.T.);
#4749 = EDGE_CURVE('',#1933,#1351,#4750,.T.);
#4750 = LINE('',#4751,#4752);
#4751 = CARTESIAN_POINT('',(220.98,228.6,7.62));
#4752 = VECTOR('',#4753,1.);
#4753 = DIRECTION('',(-6.070773319254E-17,1.,-0.));
#4754 = ORIENTED_EDGE('',*,*,#4755,.T.);
#4755 = EDGE_CURVE('',#1351,#946,#4756,.T.);
#4756 = LINE('',#4757,#4758);
#4757 = CARTESIAN_POINT('',(220.98,228.6,7.62));
#4758 = VECTOR('',#4759,1.);
#4759 = DIRECTION('',(-6.070773319254E-17,1.,-0.));
#4760 = ORIENTED_EDGE('',*,*,#4761,.T.);
#4761 = EDGE_CURVE('',#946,#3751,#4762,.T.);
#4762 = LINE('',#4763,#4764);
#4763 = CARTESIAN_POINT('',(220.98,228.6,7.62));
#4764 = VECTOR('',#4765,1.);
#4765 = DIRECTION('',(-6.070773319254E-17,1.,-0.));
#4766 = ORIENTED_EDGE('',*,*,#4767,.T.);
#4767 = EDGE_CURVE('',#3751,#1747,#4768,.T.);
#4768 = LINE('',#4769,#4770);
#4769 = CARTESIAN_POINT('',(220.98,228.6,7.62));
#4770 = VECTOR('',#4771,1.);
#4771 = DIRECTION('',(-6.070773319254E-17,1.,-0.));
#4772 = ORIENTED_EDGE('',*,*,#4773,.T.);
#4773 = EDGE_CURVE('',#1747,#1654,#4774,.T.);
#4774 = LINE('',#4775,#4776);
#4775 = CARTESIAN_POINT('',(220.98,228.6,7.62));
#4776 = VECTOR('',#4777,1.);
#4777 = DIRECTION('',(-6.070773319254E-17,1.,-0.));
#4778 = ORIENTED_EDGE('',*,*,#4779,.T.);
#4779 = EDGE_CURVE('',#1654,#1081,#4780,.T.);
#4780 = LINE('',#4781,#4782);
#4781 = CARTESIAN_POINT('',(220.98,228.6,7.62));
#4782 = VECTOR('',#4783,1.);
#4783 = DIRECTION('',(-6.070773319254E-17,1.,-0.));
#4784 = ORIENTED_EDGE('',*,*,#4785,.T.);
#4785 = EDGE_CURVE('',#1081,#3154,#4786,.T.);
#4786 = LINE('',#4787,#4788);
#4787 = CARTESIAN_POINT('',(220.98,228.6,7.62));
#4788 = VECTOR('',#4789,1.);
#4789 = DIRECTION('',(-6.070773319254E-17,1.,-0.));
#4790 = ORIENTED_EDGE('',*,*,#4791,.T.);
#4791 = EDGE_CURVE('',#3154,#1174,#4792,.T.);
#4792 = LINE('',#4793,#4794);
#4793 = CARTESIAN_POINT('',(220.98,228.6,7.62));
#4794 = VECTOR('',#4795,1.);
#4795 = DIRECTION('',(-6.070773319254E-17,1.,-0.));
#4796 = ORIENTED_EDGE('',*,*,#4797,.T.);
#4797 = EDGE_CURVE('',#1174,#2884,#4798,.T.);
#4798 = LINE('',#4799,#4800);
#4799 = CARTESIAN_POINT('',(220.98,228.6,7.62));
#4800 = VECTOR('',#4801,1.);
#4801 = DIRECTION('',(-6.070773319254E-17,1.,-0.));
#4802 = ORIENTED_EDGE('',*,*,#4803,.T.);
#4803 = EDGE_CURVE('',#2884,#3019,#4804,.T.);
#4804 = LINE('',#4805,#4806);
#4805 = CARTESIAN_POINT('',(220.98,228.6,7.62));
#4806 = VECTOR('',#4807,1.);
#4807 = DIRECTION('',(-6.070773319254E-17,1.,-0.));
#4808 = ORIENTED_EDGE('',*,*,#4809,.T.);
#4809 = EDGE_CURVE('',#3019,#4810,#4812,.T.);
#4810 = VERTEX_POINT('',#4811);
#4811 = CARTESIAN_POINT('',(220.98,220.98,7.62));
#4812 = LINE('',#4813,#4814);
#4813 = CARTESIAN_POINT('',(220.98,228.6,7.62));
#4814 = VECTOR('',#4815,1.);
#4815 = DIRECTION('',(-6.070773319254E-17,1.,-0.));
#4816 = ORIENTED_EDGE('',*,*,#4817,.T.);
#4817 = EDGE_CURVE('',#4810,#4818,#4820,.T.);
#4818 = VERTEX_POINT('',#4819);
#4819 = CARTESIAN_POINT('',(134.62,220.98,7.62));
#4820 = LINE('',#4821,#4822);
#4821 = CARTESIAN_POINT('',(127.,220.98,7.62));
#4822 = VECTOR('',#4823,1.);
#4823 = DIRECTION('',(-1.,0.,0.));
#4824 = ORIENTED_EDGE('',*,*,#4825,.T.);
#4825 = EDGE_CURVE('',#4818,#4826,#4828,.T.);
#4826 = VERTEX_POINT('',#4827);
#4827 = CARTESIAN_POINT('',(134.62,93.98,7.62));
#4828 = LINE('',#4829,#4830);
#4829 = CARTESIAN_POINT('',(134.62,228.6,7.62));
#4830 = VECTOR('',#4831,1.);
#4831 = DIRECTION('',(0.,-1.,0.));
#4832 = ORIENTED_EDGE('',*,*,#4833,.T.);
#4833 = EDGE_CURVE('',#4826,#4834,#4836,.T.);
#4834 = VERTEX_POINT('',#4835);
#4835 = CARTESIAN_POINT('',(7.62,93.98,7.62));
#4836 = LINE('',#4837,#4838);
#4837 = CARTESIAN_POINT('',(0.,93.98,7.62));
#4838 = VECTOR('',#4839,1.);
#4839 = DIRECTION('',(-1.,2.185478394931E-16,-0.));
#4840 = ORIENTED_EDGE('',*,*,#4841,.T.);
#4841 = EDGE_CURVE('',#4834,#4842,#4844,.T.);
#4842 = VERTEX_POINT('',#4843);
#4843 = CARTESIAN_POINT('',(7.62,7.62,7.62));
#4844 = LINE('',#4845,#4846);
#4845 = CARTESIAN_POINT('',(7.62,101.6,7.62));
#4846 = VECTOR('',#4847,1.);
#4847 = DIRECTION('',(5.463695987329E-16,-1.,0.));
#4848 = ORIENTED_EDGE('',*,*,#4849,.T.);
#4849 = EDGE_CURVE('',#4842,#4724,#4850,.T.);
#4850 = LINE('',#4851,#4852);
#4851 = CARTESIAN_POINT('',(5.684341886081E-14,7.62,7.62));
#4852 = VECTOR('',#4853,1.);
#4853 = DIRECTION('',(1.,-0.,0.));
#4854 = FACE_BOUND('',#4855,.T.);
#4855 = EDGE_LOOP('',(#4856,#4866,#4874,#4882));
#4856 = ORIENTED_EDGE('',*,*,#4857,.F.);
#4857 = EDGE_CURVE('',#4858,#4860,#4862,.T.);
#4858 = VERTEX_POINT('',#4859);
#4859 = CARTESIAN_POINT('',(158.75,12.7,7.62));
#4860 = VERTEX_POINT('',#4861);
#4861 = CARTESIAN_POINT('',(195.58,12.7,7.62));
#4862 = LINE('',#4863,#4864);
#4863 = CARTESIAN_POINT('',(158.75,12.7,7.62));
#4864 = VECTOR('',#4865,1.);
#4865 = DIRECTION('',(1.,0.,0.));
#4866 = ORIENTED_EDGE('',*,*,#4867,.F.);
#4867 = EDGE_CURVE('',#4868,#4858,#4870,.T.);
#4868 = VERTEX_POINT('',#4869);
#4869 = CARTESIAN_POINT('',(158.75,77.47,7.62));
#4870 = LINE('',#4871,#4872);
#4871 = CARTESIAN_POINT('',(158.75,12.7,7.62));
#4872 = VECTOR('',#4873,1.);
#4873 = DIRECTION('',(-0.,-1.,-0.));
#4874 = ORIENTED_EDGE('',*,*,#4875,.F.);
#4875 = EDGE_CURVE('',#4876,#4868,#4878,.T.);
#4876 = VERTEX_POINT('',#4877);
#4877 = CARTESIAN_POINT('',(195.58,77.47,7.62));
#4878 = LINE('',#4879,#4880);
#4879 = CARTESIAN_POINT('',(158.75,77.47,7.62));
#4880 = VECTOR('',#4881,1.);
#4881 = DIRECTION('',(-1.,-0.,-0.));
#4882 = ORIENTED_EDGE('',*,*,#4883,.F.);
#4883 = EDGE_CURVE('',#4860,#4876,#4884,.T.);
#4884 = LINE('',#4885,#4886);
#4885 = CARTESIAN_POINT('',(195.58,12.7,7.62));
#4886 = VECTOR('',#4887,1.);
#4887 = DIRECTION('',(0.,1.,0.));
#4888 = PLANE('',#4889);
#4889 = AXIS2_PLACEMENT_3D('',#4890,#4891,#4892);
#4890 = CARTESIAN_POINT('',(283.21,-101.6,7.62));
#4891 = DIRECTION('',(-0.,0.,1.));
#4892 = DIRECTION('',(1.,0.,0.));
#4893 = ADVANCED_FACE('',(#4894,#4904,#4914,#4924,#4934,#4944,#4954,
    #4964,#4974,#4984,#4994,#5004,#5014,#5024,#5034,#5044,#5054,#5064,
    #5074,#5084,#5094,#5104,#5114,#5124,#5134,#5145,#5156,#5167,#5178,
    #5189,#5199,#5209,#5219,#5230,#5241,#5252,#5263,#5274,#5285,#5296,
    #5307,#5371,#5381,#5391,#5401,#5411,#5421,#5431,#5441,#5451,#5461,
    #5471,#5481,#5491,#5501,#5511,#5521,#5531,#5541,#5551,#5561,#5571,
    #5581,#5591,#5601,#5611,#5621,#5631,#5641,#5651,#5661),#5695,.T.);
#4894 = FACE_BOUND('',#4895,.T.);
#4895 = EDGE_LOOP('',(#4896,#4903));
#4896 = ORIENTED_EDGE('',*,*,#4897,.T.);
#4897 = EDGE_CURVE('',#736,#755,#4898,.T.);
#4898 = CIRCLE('',#4899,2.54);
#4899 = AXIS2_PLACEMENT_3D('',#4900,#4901,#4902);
#4900 = CARTESIAN_POINT('',(220.98,40.64,20.319999999998));
#4901 = DIRECTION('',(1.,6.070773319254E-17,0.));
#4902 = DIRECTION('',(-6.070773319254E-17,1.,0.));
#4903 = ORIENTED_EDGE('',*,*,#762,.T.);
#4904 = FACE_BOUND('',#4905,.T.);
#4905 = EDGE_LOOP('',(#4906,#4913));
#4906 = ORIENTED_EDGE('',*,*,#4907,.T.);
#4907 = EDGE_CURVE('',#778,#797,#4908,.T.);
#4908 = CIRCLE('',#4909,2.54);
#4909 = AXIS2_PLACEMENT_3D('',#4910,#4911,#4912);
#4910 = CARTESIAN_POINT('',(220.98,40.64,30.479999999998));
#4911 = DIRECTION('',(1.,6.070773319254E-17,0.));
#4912 = DIRECTION('',(-6.070773319254E-17,1.,0.));
#4913 = ORIENTED_EDGE('',*,*,#804,.T.);
#4914 = FACE_BOUND('',#4915,.T.);
#4915 = EDGE_LOOP('',(#4916,#4923));
#4916 = ORIENTED_EDGE('',*,*,#4917,.T.);
#4917 = EDGE_CURVE('',#820,#839,#4918,.T.);
#4918 = CIRCLE('',#4919,2.54);
#4919 = AXIS2_PLACEMENT_3D('',#4920,#4921,#4922);
#4920 = CARTESIAN_POINT('',(220.98,60.96,20.319999999998));
#4921 = DIRECTION('',(1.,6.070773319254E-17,0.));
#4922 = DIRECTION('',(-6.070773319254E-17,1.,0.));
#4923 = ORIENTED_EDGE('',*,*,#846,.T.);
#4924 = FACE_BOUND('',#4925,.T.);
#4925 = EDGE_LOOP('',(#4926,#4933));
#4926 = ORIENTED_EDGE('',*,*,#4927,.T.);
#4927 = EDGE_CURVE('',#862,#881,#4928,.T.);
#4928 = CIRCLE('',#4929,2.54);
#4929 = AXIS2_PLACEMENT_3D('',#4930,#4931,#4932);
#4930 = CARTESIAN_POINT('',(220.98,60.96,30.479999999998));
#4931 = DIRECTION('',(1.,6.070773319254E-17,0.));
#4932 = DIRECTION('',(-6.070773319254E-17,1.,0.));
#4933 = ORIENTED_EDGE('',*,*,#888,.T.);
#4934 = FACE_BOUND('',#4935,.T.);
#4935 = EDGE_LOOP('',(#4936,#4943));
#4936 = ORIENTED_EDGE('',*,*,#4937,.T.);
#4937 = EDGE_CURVE('',#904,#923,#4938,.T.);
#4938 = CIRCLE('',#4939,2.54);
#4939 = AXIS2_PLACEMENT_3D('',#4940,#4941,#4942);
#4940 = CARTESIAN_POINT('',(220.98,50.8,30.479999999998));
#4941 = DIRECTION('',(1.,6.070773319254E-17,0.));
#4942 = DIRECTION('',(-6.070773319254E-17,1.,0.));
#4943 = ORIENTED_EDGE('',*,*,#930,.T.);
#4944 = FACE_BOUND('',#4945,.T.);
#4945 = EDGE_LOOP('',(#4946,#4953));
#4946 = ORIENTED_EDGE('',*,*,#4947,.T.);
#4947 = EDGE_CURVE('',#997,#1016,#4948,.T.);
#4948 = CIRCLE('',#4949,2.54);
#4949 = AXIS2_PLACEMENT_3D('',#4950,#4951,#4952);
#4950 = CARTESIAN_POINT('',(220.98,20.32,20.319999999998));
#4951 = DIRECTION('',(1.,6.070773319254E-17,0.));
#4952 = DIRECTION('',(-6.070773319254E-17,1.,0.));
#4953 = ORIENTED_EDGE('',*,*,#1023,.T.);
#4954 = FACE_BOUND('',#4955,.T.);
#4955 = EDGE_LOOP('',(#4956,#4963));
#4956 = ORIENTED_EDGE('',*,*,#4957,.T.);
#4957 = EDGE_CURVE('',#1039,#1058,#4958,.T.);
#4958 = CIRCLE('',#4959,2.54);
#4959 = AXIS2_PLACEMENT_3D('',#4960,#4961,#4962);
#4960 = CARTESIAN_POINT('',(220.98,20.32,30.479999999998));
#4961 = DIRECTION('',(1.,6.070773319254E-17,0.));
#4962 = DIRECTION('',(-6.070773319254E-17,1.,0.));
#4963 = ORIENTED_EDGE('',*,*,#1065,.T.);
#4964 = FACE_BOUND('',#4965,.T.);
#4965 = EDGE_LOOP('',(#4966,#4973));
#4966 = ORIENTED_EDGE('',*,*,#4967,.T.);
#4967 = EDGE_CURVE('',#1132,#1151,#4968,.T.);
#4968 = CIRCLE('',#4969,2.54);
#4969 = AXIS2_PLACEMENT_3D('',#4970,#4971,#4972);
#4970 = CARTESIAN_POINT('',(220.98,172.72,20.32));
#4971 = DIRECTION('',(1.,6.070773319254E-17,0.));
#4972 = DIRECTION('',(-6.070773319254E-17,1.,0.));
#4973 = ORIENTED_EDGE('',*,*,#1158,.T.);
#4974 = FACE_BOUND('',#4975,.T.);
#4975 = EDGE_LOOP('',(#4976,#4983));
#4976 = ORIENTED_EDGE('',*,*,#4977,.T.);
#4977 = EDGE_CURVE('',#1225,#1244,#4978,.T.);
#4978 = CIRCLE('',#4979,2.54);
#4979 = AXIS2_PLACEMENT_3D('',#4980,#4981,#4982);
#4980 = CARTESIAN_POINT('',(220.98,193.04,20.32));
#4981 = DIRECTION('',(1.,6.070773319254E-17,0.));
#4982 = DIRECTION('',(-6.070773319254E-17,1.,0.));
#4983 = ORIENTED_EDGE('',*,*,#1251,.T.);
#4984 = FACE_BOUND('',#4985,.T.);
#4985 = EDGE_LOOP('',(#4986,#4993));
#4986 = ORIENTED_EDGE('',*,*,#4987,.T.);
#4987 = EDGE_CURVE('',#1267,#1286,#4988,.T.);
#4988 = CIRCLE('',#4989,2.54);
#4989 = AXIS2_PLACEMENT_3D('',#4990,#4991,#4992);
#4990 = CARTESIAN_POINT('',(220.98,182.88,20.32));
#4991 = DIRECTION('',(1.,6.070773319254E-17,0.));
#4992 = DIRECTION('',(-6.070773319254E-17,1.,0.));
#4993 = ORIENTED_EDGE('',*,*,#1293,.T.);
#4994 = FACE_BOUND('',#4995,.T.);
#4995 = EDGE_LOOP('',(#4996,#5003));
#4996 = ORIENTED_EDGE('',*,*,#4997,.T.);
#4997 = EDGE_CURVE('',#1309,#1328,#4998,.T.);
#4998 = CIRCLE('',#4999,2.54);
#4999 = AXIS2_PLACEMENT_3D('',#5000,#5001,#5002);
#5000 = CARTESIAN_POINT('',(220.98,182.88,30.48));
#5001 = DIRECTION('',(1.,6.070773319254E-17,0.));
#5002 = DIRECTION('',(-6.070773319254E-17,1.,0.));
#5003 = ORIENTED_EDGE('',*,*,#1335,.T.);
#5004 = FACE_BOUND('',#5005,.T.);
#5005 = EDGE_LOOP('',(#5006,#5013));
#5006 = ORIENTED_EDGE('',*,*,#5007,.T.);
#5007 = EDGE_CURVE('',#1402,#1421,#5008,.T.);
#5008 = CIRCLE('',#5009,2.54);
#5009 = AXIS2_PLACEMENT_3D('',#5010,#5011,#5012);
#5010 = CARTESIAN_POINT('',(220.98,50.8,20.319999999998));
#5011 = DIRECTION('',(1.,6.070773319254E-17,0.));
#5012 = DIRECTION('',(-6.070773319254E-17,1.,0.));
#5013 = ORIENTED_EDGE('',*,*,#1428,.T.);
#5014 = FACE_BOUND('',#5015,.T.);
#5015 = EDGE_LOOP('',(#5016,#5023));
#5016 = ORIENTED_EDGE('',*,*,#5017,.T.);
#5017 = EDGE_CURVE('',#1444,#1463,#5018,.T.);
#5018 = CIRCLE('',#5019,2.54);
#5019 = AXIS2_PLACEMENT_3D('',#5020,#5021,#5022);
#5020 = CARTESIAN_POINT('',(220.98,111.76,30.479999999999));
#5021 = DIRECTION('',(1.,6.070773319254E-17,0.));
#5022 = DIRECTION('',(-6.070773319254E-17,1.,0.));
#5023 = ORIENTED_EDGE('',*,*,#1470,.T.);
#5024 = FACE_BOUND('',#5025,.T.);
#5025 = EDGE_LOOP('',(#5026,#5033));
#5026 = ORIENTED_EDGE('',*,*,#5027,.T.);
#5027 = EDGE_CURVE('',#1486,#1505,#5028,.T.);
#5028 = CIRCLE('',#5029,2.54);
#5029 = AXIS2_PLACEMENT_3D('',#5030,#5031,#5032);
#5030 = CARTESIAN_POINT('',(220.98,121.92,30.479999999999));
#5031 = DIRECTION('',(1.,6.070773319254E-17,0.));
#5032 = DIRECTION('',(-6.070773319254E-17,1.,0.));
#5033 = ORIENTED_EDGE('',*,*,#1512,.T.);
#5034 = FACE_BOUND('',#5035,.T.);
#5035 = EDGE_LOOP('',(#5036,#5043));
#5036 = ORIENTED_EDGE('',*,*,#5037,.T.);
#5037 = EDGE_CURVE('',#1528,#1547,#5038,.T.);
#5038 = CIRCLE('',#5039,2.54);
#5039 = AXIS2_PLACEMENT_3D('',#5040,#5041,#5042);
#5040 = CARTESIAN_POINT('',(220.98,162.56,20.319999999999));
#5041 = DIRECTION('',(1.,6.070773319254E-17,0.));
#5042 = DIRECTION('',(-6.070773319254E-17,1.,0.));
#5043 = ORIENTED_EDGE('',*,*,#1554,.T.);
#5044 = FACE_BOUND('',#5045,.T.);
#5045 = EDGE_LOOP('',(#5046,#5053));
#5046 = ORIENTED_EDGE('',*,*,#5047,.T.);
#5047 = EDGE_CURVE('',#1570,#1589,#5048,.T.);
#5048 = CIRCLE('',#5049,2.54);
#5049 = AXIS2_PLACEMENT_3D('',#5050,#5051,#5052);
#5050 = CARTESIAN_POINT('',(220.98,162.56,30.479999999999));
#5051 = DIRECTION('',(1.,6.070773319254E-17,0.));
#5052 = DIRECTION('',(-6.070773319254E-17,1.,0.));
#5053 = ORIENTED_EDGE('',*,*,#1596,.T.);
#5054 = FACE_BOUND('',#5055,.T.);
#5055 = EDGE_LOOP('',(#5056,#5063));
#5056 = ORIENTED_EDGE('',*,*,#5057,.T.);
#5057 = EDGE_CURVE('',#1612,#1631,#5058,.T.);
#5058 = CIRCLE('',#5059,2.54);
#5059 = AXIS2_PLACEMENT_3D('',#5060,#5061,#5062);
#5060 = CARTESIAN_POINT('',(220.98,152.4,30.479999999999));
#5061 = DIRECTION('',(1.,6.070773319254E-17,0.));
#5062 = DIRECTION('',(-6.070773319254E-17,1.,0.));
#5063 = ORIENTED_EDGE('',*,*,#1638,.T.);
#5064 = FACE_BOUND('',#5065,.T.);
#5065 = EDGE_LOOP('',(#5066,#5073));
#5066 = ORIENTED_EDGE('',*,*,#5067,.T.);
#5067 = EDGE_CURVE('',#1705,#1724,#5068,.T.);
#5068 = CIRCLE('',#5069,2.54);
#5069 = AXIS2_PLACEMENT_3D('',#5070,#5071,#5072);
#5070 = CARTESIAN_POINT('',(220.98,71.12,30.479999999999));
#5071 = DIRECTION('',(1.,6.070773319254E-17,0.));
#5072 = DIRECTION('',(-6.070773319254E-17,1.,0.));
#5073 = ORIENTED_EDGE('',*,*,#1731,.T.);
#5074 = FACE_BOUND('',#5075,.T.);
#5075 = EDGE_LOOP('',(#5076,#5083));
#5076 = ORIENTED_EDGE('',*,*,#5077,.T.);
#5077 = EDGE_CURVE('',#1891,#1910,#5078,.T.);
#5078 = CIRCLE('',#5079,2.54);
#5079 = AXIS2_PLACEMENT_3D('',#5080,#5081,#5082);
#5080 = CARTESIAN_POINT('',(220.98,30.48,30.479999999998));
#5081 = DIRECTION('',(1.,6.070773319254E-17,0.));
#5082 = DIRECTION('',(-6.070773319254E-17,1.,0.));
#5083 = ORIENTED_EDGE('',*,*,#1917,.T.);
#5084 = FACE_BOUND('',#5085,.T.);
#5085 = EDGE_LOOP('',(#5086,#5093));
#5086 = ORIENTED_EDGE('',*,*,#5087,.T.);
#5087 = EDGE_CURVE('',#2035,#2054,#5088,.T.);
#5088 = CIRCLE('',#5089,2.54);
#5089 = AXIS2_PLACEMENT_3D('',#5090,#5091,#5092);
#5090 = CARTESIAN_POINT('',(220.98,30.48,20.319999999998));
#5091 = DIRECTION('',(1.,6.070773319254E-17,0.));
#5092 = DIRECTION('',(-6.070773319254E-17,1.,0.));
#5093 = ORIENTED_EDGE('',*,*,#2061,.T.);
#5094 = FACE_BOUND('',#5095,.T.);
#5095 = EDGE_LOOP('',(#5096,#5103));
#5096 = ORIENTED_EDGE('',*,*,#5097,.T.);
#5097 = EDGE_CURVE('',#2077,#2096,#5098,.T.);
#5098 = CIRCLE('',#5099,2.54);
#5099 = AXIS2_PLACEMENT_3D('',#5100,#5101,#5102);
#5100 = CARTESIAN_POINT('',(220.98,132.08,30.479999999999));
#5101 = DIRECTION('',(1.,6.070773319254E-17,0.));
#5102 = DIRECTION('',(-6.070773319254E-17,1.,0.));
#5103 = ORIENTED_EDGE('',*,*,#2103,.T.);
#5104 = FACE_BOUND('',#5105,.T.);
#5105 = EDGE_LOOP('',(#5106,#5113));
#5106 = ORIENTED_EDGE('',*,*,#5107,.T.);
#5107 = EDGE_CURVE('',#2119,#2138,#5108,.T.);
#5108 = CIRCLE('',#5109,2.54);
#5109 = AXIS2_PLACEMENT_3D('',#5110,#5111,#5112);
#5110 = CARTESIAN_POINT('',(220.98,142.24,30.479999999999));
#5111 = DIRECTION('',(1.,6.070773319254E-17,0.));
#5112 = DIRECTION('',(-6.070773319254E-17,1.,0.));
#5113 = ORIENTED_EDGE('',*,*,#2145,.T.);
#5114 = FACE_BOUND('',#5115,.T.);
#5115 = EDGE_LOOP('',(#5116,#5123));
#5116 = ORIENTED_EDGE('',*,*,#5117,.T.);
#5117 = EDGE_CURVE('',#2161,#2180,#5118,.T.);
#5118 = CIRCLE('',#5119,2.54);
#5119 = AXIS2_PLACEMENT_3D('',#5120,#5121,#5122);
#5120 = CARTESIAN_POINT('',(220.98,152.4,40.639999999999));
#5121 = DIRECTION('',(1.,6.070773319254E-17,0.));
#5122 = DIRECTION('',(-6.070773319254E-17,1.,0.));
#5123 = ORIENTED_EDGE('',*,*,#2187,.T.);
#5124 = FACE_BOUND('',#5125,.T.);
#5125 = EDGE_LOOP('',(#5126,#5133));
#5126 = ORIENTED_EDGE('',*,*,#5127,.T.);
#5127 = EDGE_CURVE('',#2203,#2222,#5128,.T.);
#5128 = CIRCLE('',#5129,2.54);
#5129 = AXIS2_PLACEMENT_3D('',#5130,#5131,#5132);
#5130 = CARTESIAN_POINT('',(220.98,162.56,40.639999999999));
#5131 = DIRECTION('',(1.,6.070773319254E-17,0.));
#5132 = DIRECTION('',(-6.070773319254E-17,1.,0.));
#5133 = ORIENTED_EDGE('',*,*,#2229,.T.);
#5134 = FACE_BOUND('',#5135,.T.);
#5135 = EDGE_LOOP('',(#5136,#5137,#5144));
#5136 = ORIENTED_EDGE('',*,*,#945,.T.);
#5137 = ORIENTED_EDGE('',*,*,#5138,.T.);
#5138 = EDGE_CURVE('',#948,#974,#5139,.T.);
#5139 = CIRCLE('',#5140,2.54);
#5140 = AXIS2_PLACEMENT_3D('',#5141,#5142,#5143);
#5141 = CARTESIAN_POINT('',(220.98,60.96,10.159999999998));
#5142 = DIRECTION('',(1.,6.070773319254E-17,0.));
#5143 = DIRECTION('',(-6.070773319254E-17,1.,0.));
#5144 = ORIENTED_EDGE('',*,*,#981,.T.);
#5145 = FACE_BOUND('',#5146,.T.);
#5146 = EDGE_LOOP('',(#5147,#5148,#5155));
#5147 = ORIENTED_EDGE('',*,*,#1350,.T.);
#5148 = ORIENTED_EDGE('',*,*,#5149,.T.);
#5149 = EDGE_CURVE('',#1353,#1379,#5150,.T.);
#5150 = CIRCLE('',#5151,2.54);
#5151 = AXIS2_PLACEMENT_3D('',#5152,#5153,#5154);
#5152 = CARTESIAN_POINT('',(220.98,50.8,10.159999999998));
#5153 = DIRECTION('',(1.,6.070773319254E-17,0.));
#5154 = DIRECTION('',(-6.070773319254E-17,1.,0.));
#5155 = ORIENTED_EDGE('',*,*,#1386,.T.);
#5156 = FACE_BOUND('',#5157,.T.);
#5157 = EDGE_LOOP('',(#5158,#5159,#5166));
#5158 = ORIENTED_EDGE('',*,*,#1932,.T.);
#5159 = ORIENTED_EDGE('',*,*,#5160,.T.);
#5160 = EDGE_CURVE('',#1935,#1961,#5161,.T.);
#5161 = CIRCLE('',#5162,2.54);
#5162 = AXIS2_PLACEMENT_3D('',#5163,#5164,#5165);
#5163 = CARTESIAN_POINT('',(220.98,40.64,10.159999999998));
#5164 = DIRECTION('',(1.,6.070773319254E-17,0.));
#5165 = DIRECTION('',(-6.070773319254E-17,1.,0.));
#5166 = ORIENTED_EDGE('',*,*,#1968,.T.);
#5167 = FACE_BOUND('',#5168,.T.);
#5168 = EDGE_LOOP('',(#5169,#5170,#5177));
#5169 = ORIENTED_EDGE('',*,*,#1983,.T.);
#5170 = ORIENTED_EDGE('',*,*,#5171,.T.);
#5171 = EDGE_CURVE('',#1986,#2012,#5172,.T.);
#5172 = CIRCLE('',#5173,2.54);
#5173 = AXIS2_PLACEMENT_3D('',#5174,#5175,#5176);
#5174 = CARTESIAN_POINT('',(220.98,30.48,10.159999999998));
#5175 = DIRECTION('',(1.,6.070773319254E-17,0.));
#5176 = DIRECTION('',(-6.070773319254E-17,1.,0.));
#5177 = ORIENTED_EDGE('',*,*,#2019,.T.);
#5178 = FACE_BOUND('',#5179,.T.);
#5179 = EDGE_LOOP('',(#5180,#5181,#5188));
#5180 = ORIENTED_EDGE('',*,*,#1839,.T.);
#5181 = ORIENTED_EDGE('',*,*,#5182,.T.);
#5182 = EDGE_CURVE('',#1842,#1868,#5183,.T.);
#5183 = CIRCLE('',#5184,2.54);
#5184 = AXIS2_PLACEMENT_3D('',#5185,#5186,#5187);
#5185 = CARTESIAN_POINT('',(220.98,20.32,10.159999999998));
#5186 = DIRECTION('',(1.,6.070773319254E-17,0.));
#5187 = DIRECTION('',(-6.070773319254E-17,1.,0.));
#5188 = ORIENTED_EDGE('',*,*,#1875,.T.);
#5189 = FACE_BOUND('',#5190,.T.);
#5190 = EDGE_LOOP('',(#5191,#5192));
#5191 = ORIENTED_EDGE('',*,*,#2322,.T.);
#5192 = ORIENTED_EDGE('',*,*,#5193,.T.);
#5193 = EDGE_CURVE('',#2296,#2315,#5194,.T.);
#5194 = CIRCLE('',#5195,2.54);
#5195 = AXIS2_PLACEMENT_3D('',#5196,#5197,#5198);
#5196 = CARTESIAN_POINT('',(220.98,10.16,20.319999999998));
#5197 = DIRECTION('',(1.,6.070773319254E-17,0.));
#5198 = DIRECTION('',(-6.070773319254E-17,1.,0.));
#5199 = FACE_BOUND('',#5200,.T.);
#5200 = EDGE_LOOP('',(#5201,#5202));
#5201 = ORIENTED_EDGE('',*,*,#1824,.T.);
#5202 = ORIENTED_EDGE('',*,*,#5203,.T.);
#5203 = EDGE_CURVE('',#1798,#1817,#5204,.T.);
#5204 = CIRCLE('',#5205,2.54);
#5205 = AXIS2_PLACEMENT_3D('',#5206,#5207,#5208);
#5206 = CARTESIAN_POINT('',(220.98,10.16,30.479999999998));
#5207 = DIRECTION('',(1.,6.070773319254E-17,0.));
#5208 = DIRECTION('',(-6.070773319254E-17,1.,0.));
#5209 = FACE_BOUND('',#5210,.T.);
#5210 = EDGE_LOOP('',(#5211,#5212));
#5211 = ORIENTED_EDGE('',*,*,#2532,.T.);
#5212 = ORIENTED_EDGE('',*,*,#5213,.T.);
#5213 = EDGE_CURVE('',#2506,#2525,#5214,.T.);
#5214 = CIRCLE('',#5215,2.54);
#5215 = AXIS2_PLACEMENT_3D('',#5216,#5217,#5218);
#5216 = CARTESIAN_POINT('',(220.98,10.16,40.639999999998));
#5217 = DIRECTION('',(1.,6.070773319254E-17,0.));
#5218 = DIRECTION('',(-6.070773319254E-17,1.,0.));
#5219 = FACE_BOUND('',#5220,.T.);
#5220 = EDGE_LOOP('',(#5221,#5222,#5229));
#5221 = ORIENTED_EDGE('',*,*,#3018,.T.);
#5222 = ORIENTED_EDGE('',*,*,#5223,.T.);
#5223 = EDGE_CURVE('',#3021,#3047,#5224,.T.);
#5224 = CIRCLE('',#5225,2.54);
#5225 = AXIS2_PLACEMENT_3D('',#5226,#5227,#5228);
#5226 = CARTESIAN_POINT('',(220.98,213.36,10.16));
#5227 = DIRECTION('',(1.,6.070773319254E-17,0.));
#5228 = DIRECTION('',(-6.070773319254E-17,1.,0.));
#5229 = ORIENTED_EDGE('',*,*,#3054,.T.);
#5230 = FACE_BOUND('',#5231,.T.);
#5231 = EDGE_LOOP('',(#5232,#5233,#5240));
#5232 = ORIENTED_EDGE('',*,*,#2883,.T.);
#5233 = ORIENTED_EDGE('',*,*,#5234,.T.);
#5234 = EDGE_CURVE('',#2886,#2912,#5235,.T.);
#5235 = CIRCLE('',#5236,2.54);
#5236 = AXIS2_PLACEMENT_3D('',#5237,#5238,#5239);
#5237 = CARTESIAN_POINT('',(220.98,203.2,10.16));
#5238 = DIRECTION('',(1.,6.070773319254E-17,0.));
#5239 = DIRECTION('',(-6.070773319254E-17,1.,0.));
#5240 = ORIENTED_EDGE('',*,*,#2919,.T.);
#5241 = FACE_BOUND('',#5242,.T.);
#5242 = EDGE_LOOP('',(#5243,#5244,#5251));
#5243 = ORIENTED_EDGE('',*,*,#1173,.T.);
#5244 = ORIENTED_EDGE('',*,*,#5245,.T.);
#5245 = EDGE_CURVE('',#1176,#1202,#5246,.T.);
#5246 = CIRCLE('',#5247,2.54);
#5247 = AXIS2_PLACEMENT_3D('',#5248,#5249,#5250);
#5248 = CARTESIAN_POINT('',(220.98,193.04,10.16));
#5249 = DIRECTION('',(1.,6.070773319254E-17,0.));
#5250 = DIRECTION('',(-6.070773319254E-17,1.,0.));
#5251 = ORIENTED_EDGE('',*,*,#1209,.T.);
#5252 = FACE_BOUND('',#5253,.T.);
#5253 = EDGE_LOOP('',(#5254,#5255,#5262));
#5254 = ORIENTED_EDGE('',*,*,#3153,.T.);
#5255 = ORIENTED_EDGE('',*,*,#5256,.T.);
#5256 = EDGE_CURVE('',#3156,#3182,#5257,.T.);
#5257 = CIRCLE('',#5258,2.54);
#5258 = AXIS2_PLACEMENT_3D('',#5259,#5260,#5261);
#5259 = CARTESIAN_POINT('',(220.98,182.88,10.16));
#5260 = DIRECTION('',(1.,6.070773319254E-17,0.));
#5261 = DIRECTION('',(-6.070773319254E-17,1.,0.));
#5262 = ORIENTED_EDGE('',*,*,#3189,.T.);
#5263 = FACE_BOUND('',#5264,.T.);
#5264 = EDGE_LOOP('',(#5265,#5266,#5273));
#5265 = ORIENTED_EDGE('',*,*,#1080,.T.);
#5266 = ORIENTED_EDGE('',*,*,#5267,.T.);
#5267 = EDGE_CURVE('',#1083,#1109,#5268,.T.);
#5268 = CIRCLE('',#5269,2.54);
#5269 = AXIS2_PLACEMENT_3D('',#5270,#5271,#5272);
#5270 = CARTESIAN_POINT('',(220.98,172.72,10.16));
#5271 = DIRECTION('',(1.,6.070773319254E-17,0.));
#5272 = DIRECTION('',(-6.070773319254E-17,1.,0.));
#5273 = ORIENTED_EDGE('',*,*,#1116,.T.);
#5274 = FACE_BOUND('',#5275,.T.);
#5275 = EDGE_LOOP('',(#5276,#5277,#5284));
#5276 = ORIENTED_EDGE('',*,*,#1653,.T.);
#5277 = ORIENTED_EDGE('',*,*,#5278,.T.);
#5278 = EDGE_CURVE('',#1656,#1682,#5279,.T.);
#5279 = CIRCLE('',#5280,2.54);
#5280 = AXIS2_PLACEMENT_3D('',#5281,#5282,#5283);
#5281 = CARTESIAN_POINT('',(220.98,162.56,10.159999999999));
#5282 = DIRECTION('',(1.,6.070773319254E-17,0.));
#5283 = DIRECTION('',(-6.070773319254E-17,1.,0.));
#5284 = ORIENTED_EDGE('',*,*,#1689,.T.);
#5285 = FACE_BOUND('',#5286,.T.);
#5286 = EDGE_LOOP('',(#5287,#5288,#5295));
#5287 = ORIENTED_EDGE('',*,*,#1746,.T.);
#5288 = ORIENTED_EDGE('',*,*,#5289,.T.);
#5289 = EDGE_CURVE('',#1749,#1775,#5290,.T.);
#5290 = CIRCLE('',#5291,2.54);
#5291 = AXIS2_PLACEMENT_3D('',#5292,#5293,#5294);
#5292 = CARTESIAN_POINT('',(220.98,81.28,10.159999999999));
#5293 = DIRECTION('',(1.,6.070773319254E-17,0.));
#5294 = DIRECTION('',(-6.070773319254E-17,1.,0.));
#5295 = ORIENTED_EDGE('',*,*,#1782,.T.);
#5296 = FACE_BOUND('',#5297,.T.);
#5297 = EDGE_LOOP('',(#5298,#5299,#5306));
#5298 = ORIENTED_EDGE('',*,*,#3750,.T.);
#5299 = ORIENTED_EDGE('',*,*,#5300,.T.);
#5300 = EDGE_CURVE('',#3753,#3779,#5301,.T.);
#5301 = CIRCLE('',#5302,2.54);
#5302 = AXIS2_PLACEMENT_3D('',#5303,#5304,#5305);
#5303 = CARTESIAN_POINT('',(220.98,71.12,10.159999999999));
#5304 = DIRECTION('',(1.,6.070773319254E-17,0.));
#5305 = DIRECTION('',(-6.070773319254E-17,1.,0.));
#5306 = ORIENTED_EDGE('',*,*,#3786,.T.);
#5307 = FACE_BOUND('',#5308,.T.);
#5308 = EDGE_LOOP('',(#5309,#5310,#5311,#5312,#5313,#5314,#5315,#5316,
    #5323,#5329,#5335,#5341,#5349,#5357,#5363,#5364,#5365,#5366,#5367,
    #5368,#5369,#5370));
#5309 = ORIENTED_EDGE('',*,*,#4761,.F.);
#5310 = ORIENTED_EDGE('',*,*,#4755,.F.);
#5311 = ORIENTED_EDGE('',*,*,#4749,.F.);
#5312 = ORIENTED_EDGE('',*,*,#4743,.F.);
#5313 = ORIENTED_EDGE('',*,*,#4737,.F.);
#5314 = ORIENTED_EDGE('',*,*,#4731,.F.);
#5315 = ORIENTED_EDGE('',*,*,#2244,.T.);
#5316 = ORIENTED_EDGE('',*,*,#5317,.T.);
#5317 = EDGE_CURVE('',#2247,#2273,#5318,.T.);
#5318 = CIRCLE('',#5319,2.54);
#5319 = AXIS2_PLACEMENT_3D('',#5320,#5321,#5322);
#5320 = CARTESIAN_POINT('',(220.98,10.16,10.159999999998));
#5321 = DIRECTION('',(1.,6.070773319254E-17,0.));
#5322 = DIRECTION('',(-6.070773319254E-17,1.,0.));
#5323 = ORIENTED_EDGE('',*,*,#5324,.F.);
#5324 = EDGE_CURVE('',#2315,#2273,#5325,.T.);
#5325 = LINE('',#5326,#5327);
#5326 = CARTESIAN_POINT('',(220.98,7.62,50.8));
#5327 = VECTOR('',#5328,1.);
#5328 = DIRECTION('',(0.,0.,-1.));
#5329 = ORIENTED_EDGE('',*,*,#5330,.F.);
#5330 = EDGE_CURVE('',#1817,#2315,#5331,.T.);
#5331 = LINE('',#5332,#5333);
#5332 = CARTESIAN_POINT('',(220.98,7.62,50.8));
#5333 = VECTOR('',#5334,1.);
#5334 = DIRECTION('',(0.,0.,-1.));
#5335 = ORIENTED_EDGE('',*,*,#5336,.F.);
#5336 = EDGE_CURVE('',#2525,#1817,#5337,.T.);
#5337 = LINE('',#5338,#5339);
#5338 = CARTESIAN_POINT('',(220.98,7.62,50.8));
#5339 = VECTOR('',#5340,1.);
#5340 = DIRECTION('',(0.,0.,-1.));
#5341 = ORIENTED_EDGE('',*,*,#5342,.F.);
#5342 = EDGE_CURVE('',#5343,#2525,#5345,.T.);
#5343 = VERTEX_POINT('',#5344);
#5344 = CARTESIAN_POINT('',(220.98,7.62,50.8));
#5345 = LINE('',#5346,#5347);
#5346 = CARTESIAN_POINT('',(220.98,7.62,50.8));
#5347 = VECTOR('',#5348,1.);
#5348 = DIRECTION('',(0.,0.,-1.));
#5349 = ORIENTED_EDGE('',*,*,#5350,.T.);
#5350 = EDGE_CURVE('',#5343,#5351,#5353,.T.);
#5351 = VERTEX_POINT('',#5352);
#5352 = CARTESIAN_POINT('',(220.98,220.98,50.8));
#5353 = LINE('',#5354,#5355);
#5354 = CARTESIAN_POINT('',(220.98,228.6,50.8));
#5355 = VECTOR('',#5356,1.);
#5356 = DIRECTION('',(-6.070773319254E-17,1.,-0.));
#5357 = ORIENTED_EDGE('',*,*,#5358,.T.);
#5358 = EDGE_CURVE('',#5351,#4810,#5359,.T.);
#5359 = LINE('',#5360,#5361);
#5360 = CARTESIAN_POINT('',(220.98,220.98,50.8));
#5361 = VECTOR('',#5362,1.);
#5362 = DIRECTION('',(0.,0.,-1.));
#5363 = ORIENTED_EDGE('',*,*,#4809,.F.);
#5364 = ORIENTED_EDGE('',*,*,#4803,.F.);
#5365 = ORIENTED_EDGE('',*,*,#4797,.F.);
#5366 = ORIENTED_EDGE('',*,*,#4791,.F.);
#5367 = ORIENTED_EDGE('',*,*,#4785,.F.);
#5368 = ORIENTED_EDGE('',*,*,#4779,.F.);
#5369 = ORIENTED_EDGE('',*,*,#4773,.F.);
#5370 = ORIENTED_EDGE('',*,*,#4767,.F.);
#5371 = FACE_BOUND('',#5372,.T.);
#5372 = EDGE_LOOP('',(#5373,#5380));
#5373 = ORIENTED_EDGE('',*,*,#5374,.T.);
#5374 = EDGE_CURVE('',#2338,#2357,#5375,.T.);
#5375 = CIRCLE('',#5376,2.54);
#5376 = AXIS2_PLACEMENT_3D('',#5377,#5378,#5379);
#5377 = CARTESIAN_POINT('',(220.98,193.04,40.64));
#5378 = DIRECTION('',(1.,6.070773319254E-17,0.));
#5379 = DIRECTION('',(-6.070773319254E-17,1.,0.));
#5380 = ORIENTED_EDGE('',*,*,#2364,.T.);
#5381 = FACE_BOUND('',#5382,.T.);
#5382 = EDGE_LOOP('',(#5383,#5390));
#5383 = ORIENTED_EDGE('',*,*,#5384,.T.);
#5384 = EDGE_CURVE('',#2380,#2399,#5385,.T.);
#5385 = CIRCLE('',#5386,2.54);
#5386 = AXIS2_PLACEMENT_3D('',#5387,#5388,#5389);
#5387 = CARTESIAN_POINT('',(220.98,203.2,40.64));
#5388 = DIRECTION('',(1.,6.070773319254E-17,0.));
#5389 = DIRECTION('',(-6.070773319254E-17,1.,0.));
#5390 = ORIENTED_EDGE('',*,*,#2406,.T.);
#5391 = FACE_BOUND('',#5392,.T.);
#5392 = EDGE_LOOP('',(#5393,#5400));
#5393 = ORIENTED_EDGE('',*,*,#5394,.T.);
#5394 = EDGE_CURVE('',#2422,#2441,#5395,.T.);
#5395 = CIRCLE('',#5396,2.54);
#5396 = AXIS2_PLACEMENT_3D('',#5397,#5398,#5399);
#5397 = CARTESIAN_POINT('',(220.98,91.44,40.639999999999));
#5398 = DIRECTION('',(1.,6.070773319254E-17,0.));
#5399 = DIRECTION('',(-6.070773319254E-17,1.,0.));
#5400 = ORIENTED_EDGE('',*,*,#2448,.T.);
#5401 = FACE_BOUND('',#5402,.T.);
#5402 = EDGE_LOOP('',(#5403,#5410));
#5403 = ORIENTED_EDGE('',*,*,#5404,.T.);
#5404 = EDGE_CURVE('',#2464,#2483,#5405,.T.);
#5405 = CIRCLE('',#5406,2.54);
#5406 = AXIS2_PLACEMENT_3D('',#5407,#5408,#5409);
#5407 = CARTESIAN_POINT('',(220.98,101.6,40.639999999999));
#5408 = DIRECTION('',(1.,6.070773319254E-17,0.));
#5409 = DIRECTION('',(-6.070773319254E-17,1.,0.));
#5410 = ORIENTED_EDGE('',*,*,#2490,.T.);
#5411 = FACE_BOUND('',#5412,.T.);
#5412 = EDGE_LOOP('',(#5413,#5420));
#5413 = ORIENTED_EDGE('',*,*,#5414,.T.);
#5414 = EDGE_CURVE('',#2548,#2567,#5415,.T.);
#5415 = CIRCLE('',#5416,2.54);
#5416 = AXIS2_PLACEMENT_3D('',#5417,#5418,#5419);
#5417 = CARTESIAN_POINT('',(220.98,20.32,40.639999999998));
#5418 = DIRECTION('',(1.,6.070773319254E-17,0.));
#5419 = DIRECTION('',(-6.070773319254E-17,1.,0.));
#5420 = ORIENTED_EDGE('',*,*,#2574,.T.);
#5421 = FACE_BOUND('',#5422,.T.);
#5422 = EDGE_LOOP('',(#5423,#5430));
#5423 = ORIENTED_EDGE('',*,*,#5424,.T.);
#5424 = EDGE_CURVE('',#2590,#2609,#5425,.T.);
#5425 = CIRCLE('',#5426,2.54);
#5426 = AXIS2_PLACEMENT_3D('',#5427,#5428,#5429);
#5427 = CARTESIAN_POINT('',(220.98,50.8,40.639999999998));
#5428 = DIRECTION('',(1.,6.070773319254E-17,0.));
#5429 = DIRECTION('',(-6.070773319254E-17,1.,0.));
#5430 = ORIENTED_EDGE('',*,*,#2616,.T.);
#5431 = FACE_BOUND('',#5432,.T.);
#5432 = EDGE_LOOP('',(#5433,#5440));
#5433 = ORIENTED_EDGE('',*,*,#5434,.T.);
#5434 = EDGE_CURVE('',#2632,#2651,#5435,.T.);
#5435 = CIRCLE('',#5436,2.54);
#5436 = AXIS2_PLACEMENT_3D('',#5437,#5438,#5439);
#5437 = CARTESIAN_POINT('',(220.98,60.96,40.639999999998));
#5438 = DIRECTION('',(1.,6.070773319254E-17,0.));
#5439 = DIRECTION('',(-6.070773319254E-17,1.,0.));
#5440 = ORIENTED_EDGE('',*,*,#2658,.T.);
#5441 = FACE_BOUND('',#5442,.T.);
#5442 = EDGE_LOOP('',(#5443,#5450));
#5443 = ORIENTED_EDGE('',*,*,#5444,.T.);
#5444 = EDGE_CURVE('',#2674,#2693,#5445,.T.);
#5445 = CIRCLE('',#5446,2.54);
#5446 = AXIS2_PLACEMENT_3D('',#5447,#5448,#5449);
#5447 = CARTESIAN_POINT('',(220.98,30.48,40.639999999998));
#5448 = DIRECTION('',(1.,6.070773319254E-17,0.));
#5449 = DIRECTION('',(-6.070773319254E-17,1.,0.));
#5450 = ORIENTED_EDGE('',*,*,#2700,.T.);
#5451 = FACE_BOUND('',#5452,.T.);
#5452 = EDGE_LOOP('',(#5453,#5460));
#5453 = ORIENTED_EDGE('',*,*,#5454,.T.);
#5454 = EDGE_CURVE('',#2716,#2735,#5455,.T.);
#5455 = CIRCLE('',#5456,2.54);
#5456 = AXIS2_PLACEMENT_3D('',#5457,#5458,#5459);
#5457 = CARTESIAN_POINT('',(220.98,40.64,40.639999999998));
#5458 = DIRECTION('',(1.,6.070773319254E-17,0.));
#5459 = DIRECTION('',(-6.070773319254E-17,1.,0.));
#5460 = ORIENTED_EDGE('',*,*,#2742,.T.);
#5461 = FACE_BOUND('',#5462,.T.);
#5462 = EDGE_LOOP('',(#5463,#5470));
#5463 = ORIENTED_EDGE('',*,*,#5464,.T.);
#5464 = EDGE_CURVE('',#2758,#2777,#5465,.T.);
#5465 = CIRCLE('',#5466,2.54);
#5466 = AXIS2_PLACEMENT_3D('',#5467,#5468,#5469);
#5467 = CARTESIAN_POINT('',(220.98,172.72,40.64));
#5468 = DIRECTION('',(1.,6.070773319254E-17,0.));
#5469 = DIRECTION('',(-6.070773319254E-17,1.,0.));
#5470 = ORIENTED_EDGE('',*,*,#2784,.T.);
#5471 = FACE_BOUND('',#5472,.T.);
#5472 = EDGE_LOOP('',(#5473,#5480));
#5473 = ORIENTED_EDGE('',*,*,#5474,.T.);
#5474 = EDGE_CURVE('',#2800,#2819,#5475,.T.);
#5475 = CIRCLE('',#5476,2.54);
#5476 = AXIS2_PLACEMENT_3D('',#5477,#5478,#5479);
#5477 = CARTESIAN_POINT('',(220.98,182.88,40.64));
#5478 = DIRECTION('',(1.,6.070773319254E-17,0.));
#5479 = DIRECTION('',(-6.070773319254E-17,1.,0.));
#5480 = ORIENTED_EDGE('',*,*,#2826,.T.);
#5481 = FACE_BOUND('',#5482,.T.);
#5482 = EDGE_LOOP('',(#5483,#5490));
#5483 = ORIENTED_EDGE('',*,*,#5484,.T.);
#5484 = EDGE_CURVE('',#2842,#2861,#5485,.T.);
#5485 = CIRCLE('',#5486,2.54);
#5486 = AXIS2_PLACEMENT_3D('',#5487,#5488,#5489);
#5487 = CARTESIAN_POINT('',(220.98,193.04,30.48));
#5488 = DIRECTION('',(1.,6.070773319254E-17,0.));
#5489 = DIRECTION('',(-6.070773319254E-17,1.,0.));
#5490 = ORIENTED_EDGE('',*,*,#2868,.T.);
#5491 = FACE_BOUND('',#5492,.T.);
#5492 = EDGE_LOOP('',(#5493,#5500));
#5493 = ORIENTED_EDGE('',*,*,#5494,.T.);
#5494 = EDGE_CURVE('',#2935,#2954,#5495,.T.);
#5495 = CIRCLE('',#5496,2.54);
#5496 = AXIS2_PLACEMENT_3D('',#5497,#5498,#5499);
#5497 = CARTESIAN_POINT('',(220.98,213.36,30.48));
#5498 = DIRECTION('',(1.,6.070773319254E-17,0.));
#5499 = DIRECTION('',(-6.070773319254E-17,1.,0.));
#5500 = ORIENTED_EDGE('',*,*,#2961,.T.);
#5501 = FACE_BOUND('',#5502,.T.);
#5502 = EDGE_LOOP('',(#5503,#5510));
#5503 = ORIENTED_EDGE('',*,*,#5504,.T.);
#5504 = EDGE_CURVE('',#2977,#2996,#5505,.T.);
#5505 = CIRCLE('',#5506,2.54);
#5506 = AXIS2_PLACEMENT_3D('',#5507,#5508,#5509);
#5507 = CARTESIAN_POINT('',(220.98,213.36,40.64));
#5508 = DIRECTION('',(1.,6.070773319254E-17,0.));
#5509 = DIRECTION('',(-6.070773319254E-17,1.,0.));
#5510 = ORIENTED_EDGE('',*,*,#3003,.T.);
#5511 = FACE_BOUND('',#5512,.T.);
#5512 = EDGE_LOOP('',(#5513,#5520));
#5513 = ORIENTED_EDGE('',*,*,#5514,.T.);
#5514 = EDGE_CURVE('',#3070,#3089,#5515,.T.);
#5515 = CIRCLE('',#5516,2.54);
#5516 = AXIS2_PLACEMENT_3D('',#5517,#5518,#5519);
#5517 = CARTESIAN_POINT('',(220.98,213.36,20.32));
#5518 = DIRECTION('',(1.,6.070773319254E-17,0.));
#5519 = DIRECTION('',(-6.070773319254E-17,1.,0.));
#5520 = ORIENTED_EDGE('',*,*,#3096,.T.);
#5521 = FACE_BOUND('',#5522,.T.);
#5522 = EDGE_LOOP('',(#5523,#5530));
#5523 = ORIENTED_EDGE('',*,*,#5524,.T.);
#5524 = EDGE_CURVE('',#3112,#3131,#5525,.T.);
#5525 = CIRCLE('',#5526,2.54);
#5526 = AXIS2_PLACEMENT_3D('',#5527,#5528,#5529);
#5527 = CARTESIAN_POINT('',(220.98,172.72,30.48));
#5528 = DIRECTION('',(1.,6.070773319254E-17,0.));
#5529 = DIRECTION('',(-6.070773319254E-17,1.,0.));
#5530 = ORIENTED_EDGE('',*,*,#3138,.T.);
#5531 = FACE_BOUND('',#5532,.T.);
#5532 = EDGE_LOOP('',(#5533,#5540));
#5533 = ORIENTED_EDGE('',*,*,#5534,.T.);
#5534 = EDGE_CURVE('',#3205,#3224,#5535,.T.);
#5535 = CIRCLE('',#5536,2.54);
#5536 = AXIS2_PLACEMENT_3D('',#5537,#5538,#5539);
#5537 = CARTESIAN_POINT('',(220.98,71.12,40.639999999999));
#5538 = DIRECTION('',(1.,6.070773319254E-17,0.));
#5539 = DIRECTION('',(-6.070773319254E-17,1.,0.));
#5540 = ORIENTED_EDGE('',*,*,#3231,.T.);
#5541 = FACE_BOUND('',#5542,.T.);
#5542 = EDGE_LOOP('',(#5543,#5550));
#5543 = ORIENTED_EDGE('',*,*,#5544,.T.);
#5544 = EDGE_CURVE('',#3247,#3266,#5545,.T.);
#5545 = CIRCLE('',#5546,2.54);
#5546 = AXIS2_PLACEMENT_3D('',#5547,#5548,#5549);
#5547 = CARTESIAN_POINT('',(220.98,81.28,40.639999999999));
#5548 = DIRECTION('',(1.,6.070773319254E-17,0.));
#5549 = DIRECTION('',(-6.070773319254E-17,1.,0.));
#5550 = ORIENTED_EDGE('',*,*,#3273,.T.);
#5551 = FACE_BOUND('',#5552,.T.);
#5552 = EDGE_LOOP('',(#5553,#5560));
#5553 = ORIENTED_EDGE('',*,*,#5554,.T.);
#5554 = EDGE_CURVE('',#3289,#3308,#5555,.T.);
#5555 = CIRCLE('',#5556,2.54);
#5556 = AXIS2_PLACEMENT_3D('',#5557,#5558,#5559);
#5557 = CARTESIAN_POINT('',(220.98,132.08,40.639999999999));
#5558 = DIRECTION('',(1.,6.070773319254E-17,0.));
#5559 = DIRECTION('',(-6.070773319254E-17,1.,0.));
#5560 = ORIENTED_EDGE('',*,*,#3315,.T.);
#5561 = FACE_BOUND('',#5562,.T.);
#5562 = EDGE_LOOP('',(#5563,#5570));
#5563 = ORIENTED_EDGE('',*,*,#5564,.T.);
#5564 = EDGE_CURVE('',#3331,#3350,#5565,.T.);
#5565 = CIRCLE('',#5566,2.54);
#5566 = AXIS2_PLACEMENT_3D('',#5567,#5568,#5569);
#5567 = CARTESIAN_POINT('',(220.98,142.24,40.639999999999));
#5568 = DIRECTION('',(1.,6.070773319254E-17,0.));
#5569 = DIRECTION('',(-6.070773319254E-17,1.,0.));
#5570 = ORIENTED_EDGE('',*,*,#3357,.T.);
#5571 = FACE_BOUND('',#5572,.T.);
#5572 = EDGE_LOOP('',(#5573,#5580));
#5573 = ORIENTED_EDGE('',*,*,#5574,.T.);
#5574 = EDGE_CURVE('',#3373,#3392,#5575,.T.);
#5575 = CIRCLE('',#5576,2.54);
#5576 = AXIS2_PLACEMENT_3D('',#5577,#5578,#5579);
#5577 = CARTESIAN_POINT('',(220.98,111.76,40.639999999999));
#5578 = DIRECTION('',(1.,6.070773319254E-17,0.));
#5579 = DIRECTION('',(-6.070773319254E-17,1.,0.));
#5580 = ORIENTED_EDGE('',*,*,#3399,.T.);
#5581 = FACE_BOUND('',#5582,.T.);
#5582 = EDGE_LOOP('',(#5583,#5590));
#5583 = ORIENTED_EDGE('',*,*,#5584,.T.);
#5584 = EDGE_CURVE('',#3415,#3434,#5585,.T.);
#5585 = CIRCLE('',#5586,2.54);
#5586 = AXIS2_PLACEMENT_3D('',#5587,#5588,#5589);
#5587 = CARTESIAN_POINT('',(220.98,121.92,40.639999999999));
#5588 = DIRECTION('',(1.,6.070773319254E-17,0.));
#5589 = DIRECTION('',(-6.070773319254E-17,1.,0.));
#5590 = ORIENTED_EDGE('',*,*,#3441,.T.);
#5591 = FACE_BOUND('',#5592,.T.);
#5592 = EDGE_LOOP('',(#5593,#5600));
#5593 = ORIENTED_EDGE('',*,*,#5594,.T.);
#5594 = EDGE_CURVE('',#3457,#3476,#5595,.T.);
#5595 = CIRCLE('',#5596,2.54);
#5596 = AXIS2_PLACEMENT_3D('',#5597,#5598,#5599);
#5597 = CARTESIAN_POINT('',(220.98,203.2,20.32));
#5598 = DIRECTION('',(1.,6.070773319254E-17,0.));
#5599 = DIRECTION('',(-6.070773319254E-17,1.,0.));
#5600 = ORIENTED_EDGE('',*,*,#3483,.T.);
#5601 = FACE_BOUND('',#5602,.T.);
#5602 = EDGE_LOOP('',(#5603,#5610));
#5603 = ORIENTED_EDGE('',*,*,#5604,.T.);
#5604 = EDGE_CURVE('',#3499,#3518,#5605,.T.);
#5605 = CIRCLE('',#5606,2.54);
#5606 = AXIS2_PLACEMENT_3D('',#5607,#5608,#5609);
#5607 = CARTESIAN_POINT('',(220.98,203.2,30.48));
#5608 = DIRECTION('',(1.,6.070773319254E-17,0.));
#5609 = DIRECTION('',(-6.070773319254E-17,1.,0.));
#5610 = ORIENTED_EDGE('',*,*,#3525,.T.);
#5611 = FACE_BOUND('',#5612,.T.);
#5612 = EDGE_LOOP('',(#5613,#5620));
#5613 = ORIENTED_EDGE('',*,*,#5614,.T.);
#5614 = EDGE_CURVE('',#3541,#3560,#5615,.T.);
#5615 = CIRCLE('',#5616,2.54);
#5616 = AXIS2_PLACEMENT_3D('',#5617,#5618,#5619);
#5617 = CARTESIAN_POINT('',(220.98,81.28,30.479999999999));
#5618 = DIRECTION('',(1.,6.070773319254E-17,0.));
#5619 = DIRECTION('',(-6.070773319254E-17,1.,0.));
#5620 = ORIENTED_EDGE('',*,*,#3567,.T.);
#5621 = FACE_BOUND('',#5622,.T.);
#5622 = EDGE_LOOP('',(#5623,#5630));
#5623 = ORIENTED_EDGE('',*,*,#5624,.T.);
#5624 = EDGE_CURVE('',#3583,#3602,#5625,.T.);
#5625 = CIRCLE('',#5626,2.54);
#5626 = AXIS2_PLACEMENT_3D('',#5627,#5628,#5629);
#5627 = CARTESIAN_POINT('',(220.98,81.28,20.319999999999));
#5628 = DIRECTION('',(1.,6.070773319254E-17,0.));
#5629 = DIRECTION('',(-6.070773319254E-17,1.,0.));
#5630 = ORIENTED_EDGE('',*,*,#3609,.T.);
#5631 = FACE_BOUND('',#5632,.T.);
#5632 = EDGE_LOOP('',(#5633,#5640));
#5633 = ORIENTED_EDGE('',*,*,#5634,.T.);
#5634 = EDGE_CURVE('',#3625,#3644,#5635,.T.);
#5635 = CIRCLE('',#5636,2.54);
#5636 = AXIS2_PLACEMENT_3D('',#5637,#5638,#5639);
#5637 = CARTESIAN_POINT('',(220.98,101.6,30.479999999999));
#5638 = DIRECTION('',(1.,6.070773319254E-17,0.));
#5639 = DIRECTION('',(-6.070773319254E-17,1.,0.));
#5640 = ORIENTED_EDGE('',*,*,#3651,.T.);
#5641 = FACE_BOUND('',#5642,.T.);
#5642 = EDGE_LOOP('',(#5643,#5650));
#5643 = ORIENTED_EDGE('',*,*,#5644,.T.);
#5644 = EDGE_CURVE('',#3667,#3686,#5645,.T.);
#5645 = CIRCLE('',#5646,2.54);
#5646 = AXIS2_PLACEMENT_3D('',#5647,#5648,#5649);
#5647 = CARTESIAN_POINT('',(220.98,91.44,30.479999999999));
#5648 = DIRECTION('',(1.,6.070773319254E-17,0.));
#5649 = DIRECTION('',(-6.070773319254E-17,1.,0.));
#5650 = ORIENTED_EDGE('',*,*,#3693,.T.);
#5651 = FACE_BOUND('',#5652,.T.);
#5652 = EDGE_LOOP('',(#5653,#5660));
#5653 = ORIENTED_EDGE('',*,*,#5654,.T.);
#5654 = EDGE_CURVE('',#3709,#3728,#5655,.T.);
#5655 = CIRCLE('',#5656,2.54);
#5656 = AXIS2_PLACEMENT_3D('',#5657,#5658,#5659);
#5657 = CARTESIAN_POINT('',(220.98,71.12,20.319999999999));
#5658 = DIRECTION('',(1.,6.070773319254E-17,0.));
#5659 = DIRECTION('',(-6.070773319254E-17,1.,0.));
#5660 = ORIENTED_EDGE('',*,*,#3735,.T.);
#5661 = FACE_BOUND('',#5662,.T.);
#5662 = EDGE_LOOP('',(#5663,#5673,#5681,#5689));
#5663 = ORIENTED_EDGE('',*,*,#5664,.T.);
#5664 = EDGE_CURVE('',#5665,#5667,#5669,.T.);
#5665 = VERTEX_POINT('',#5666);
#5666 = CARTESIAN_POINT('',(220.98,152.4,22.86));
#5667 = VERTEX_POINT('',#5668);
#5668 = CARTESIAN_POINT('',(220.98,93.98,22.86));
#5669 = LINE('',#5670,#5671);
#5670 = CARTESIAN_POINT('',(220.98,152.4,22.86));
#5671 = VECTOR('',#5672,1.);
#5672 = DIRECTION('',(0.,-1.,-1.187759997245E-16));
#5673 = ORIENTED_EDGE('',*,*,#5674,.T.);
#5674 = EDGE_CURVE('',#5667,#5675,#5677,.T.);
#5675 = VERTEX_POINT('',#5676);
#5676 = CARTESIAN_POINT('',(220.98,93.98,12.7));
#5677 = LINE('',#5678,#5679);
#5678 = CARTESIAN_POINT('',(220.98,93.98,22.86));
#5679 = VECTOR('',#5680,1.);
#5680 = DIRECTION('',(0.,0.,-1.));
#5681 = ORIENTED_EDGE('',*,*,#5682,.T.);
#5682 = EDGE_CURVE('',#5675,#5683,#5685,.T.);
#5683 = VERTEX_POINT('',#5684);
#5684 = CARTESIAN_POINT('',(220.98,152.4,12.7));
#5685 = LINE('',#5686,#5687);
#5686 = CARTESIAN_POINT('',(220.98,152.4,12.7));
#5687 = VECTOR('',#5688,1.);
#5688 = DIRECTION('',(-0.,1.,1.484699996557E-16));
#5689 = ORIENTED_EDGE('',*,*,#5690,.T.);
#5690 = EDGE_CURVE('',#5683,#5665,#5691,.T.);
#5691 = LINE('',#5692,#5693);
#5692 = CARTESIAN_POINT('',(220.98,152.4,22.86));
#5693 = VECTOR('',#5694,1.);
#5694 = DIRECTION('',(-0.,-0.,1.));
#5695 = PLANE('',#5696);
#5696 = AXIS2_PLACEMENT_3D('',#5697,#5698,#5699);
#5697 = CARTESIAN_POINT('',(220.98,228.6,50.8));
#5698 = DIRECTION('',(-1.,-6.070773319254E-17,0.));
#5699 = DIRECTION('',(6.070773319254E-17,-1.,0.));
#5700 = ADVANCED_FACE('',(#5701,#5711,#5721,#5731,#5741,#5751,#5761,
    #5771,#5781,#5791,#5801,#5811,#5821,#5831,#5841,#5851,#5861,#5871,
    #5881,#5891,#5901,#5911,#5921,#5931,#5941,#5951,#5961,#5971,#5981,
    #5991,#6001,#6011,#6021,#6031,#6041,#6051,#6061,#6071,#6081,#6091,
    #6101,#6111,#6121,#6131,#6141,#6151,#6161,#6171,#6181,#6191,#6201,
    #6211,#6221,#6231,#6241,#6251,#6261,#6271,#6281,#6291,#6301,#6311,
    #6321,#6331,#6341,#6351,#6361,#6371,#6381,#6391,#6401,#6435),#6469,
  .F.);
#5701 = FACE_BOUND('',#5702,.T.);
#5702 = EDGE_LOOP('',(#5703,#5710));
#5703 = ORIENTED_EDGE('',*,*,#5704,.F.);
#5704 = EDGE_CURVE('',#738,#746,#5705,.T.);
#5705 = CIRCLE('',#5706,2.54);
#5706 = AXIS2_PLACEMENT_3D('',#5707,#5708,#5709);
#5707 = CARTESIAN_POINT('',(228.6,40.64,20.319999999998));
#5708 = DIRECTION('',(1.,6.070773319254E-17,0.));
#5709 = DIRECTION('',(-6.070773319254E-17,1.,0.));
#5710 = ORIENTED_EDGE('',*,*,#745,.F.);
#5711 = FACE_BOUND('',#5712,.T.);
#5712 = EDGE_LOOP('',(#5713,#5720));
#5713 = ORIENTED_EDGE('',*,*,#5714,.F.);
#5714 = EDGE_CURVE('',#780,#788,#5715,.T.);
#5715 = CIRCLE('',#5716,2.54);
#5716 = AXIS2_PLACEMENT_3D('',#5717,#5718,#5719);
#5717 = CARTESIAN_POINT('',(228.6,40.64,30.479999999998));
#5718 = DIRECTION('',(1.,6.070773319254E-17,0.));
#5719 = DIRECTION('',(-6.070773319254E-17,1.,0.));
#5720 = ORIENTED_EDGE('',*,*,#787,.F.);
#5721 = FACE_BOUND('',#5722,.T.);
#5722 = EDGE_LOOP('',(#5723,#5730));
#5723 = ORIENTED_EDGE('',*,*,#5724,.F.);
#5724 = EDGE_CURVE('',#822,#830,#5725,.T.);
#5725 = CIRCLE('',#5726,2.54);
#5726 = AXIS2_PLACEMENT_3D('',#5727,#5728,#5729);
#5727 = CARTESIAN_POINT('',(228.6,60.96,20.319999999998));
#5728 = DIRECTION('',(1.,6.070773319254E-17,0.));
#5729 = DIRECTION('',(-6.070773319254E-17,1.,0.));
#5730 = ORIENTED_EDGE('',*,*,#829,.F.);
#5731 = FACE_BOUND('',#5732,.T.);
#5732 = EDGE_LOOP('',(#5733,#5740));
#5733 = ORIENTED_EDGE('',*,*,#5734,.F.);
#5734 = EDGE_CURVE('',#864,#872,#5735,.T.);
#5735 = CIRCLE('',#5736,2.54);
#5736 = AXIS2_PLACEMENT_3D('',#5737,#5738,#5739);
#5737 = CARTESIAN_POINT('',(228.6,60.96,30.479999999998));
#5738 = DIRECTION('',(1.,6.070773319254E-17,0.));
#5739 = DIRECTION('',(-6.070773319254E-17,1.,0.));
#5740 = ORIENTED_EDGE('',*,*,#871,.F.);
#5741 = FACE_BOUND('',#5742,.T.);
#5742 = EDGE_LOOP('',(#5743,#5750));
#5743 = ORIENTED_EDGE('',*,*,#5744,.F.);
#5744 = EDGE_CURVE('',#906,#914,#5745,.T.);
#5745 = CIRCLE('',#5746,2.54);
#5746 = AXIS2_PLACEMENT_3D('',#5747,#5748,#5749);
#5747 = CARTESIAN_POINT('',(228.6,50.8,30.479999999998));
#5748 = DIRECTION('',(1.,6.070773319254E-17,0.));
#5749 = DIRECTION('',(-6.070773319254E-17,1.,0.));
#5750 = ORIENTED_EDGE('',*,*,#913,.F.);
#5751 = FACE_BOUND('',#5752,.T.);
#5752 = EDGE_LOOP('',(#5753,#5760));
#5753 = ORIENTED_EDGE('',*,*,#5754,.F.);
#5754 = EDGE_CURVE('',#957,#965,#5755,.T.);
#5755 = CIRCLE('',#5756,2.54);
#5756 = AXIS2_PLACEMENT_3D('',#5757,#5758,#5759);
#5757 = CARTESIAN_POINT('',(228.6,60.96,10.159999999998));
#5758 = DIRECTION('',(1.,6.070773319254E-17,0.));
#5759 = DIRECTION('',(-6.070773319254E-17,1.,0.));
#5760 = ORIENTED_EDGE('',*,*,#964,.F.);
#5761 = FACE_BOUND('',#5762,.T.);
#5762 = EDGE_LOOP('',(#5763,#5770));
#5763 = ORIENTED_EDGE('',*,*,#5764,.F.);
#5764 = EDGE_CURVE('',#999,#1007,#5765,.T.);
#5765 = CIRCLE('',#5766,2.54);
#5766 = AXIS2_PLACEMENT_3D('',#5767,#5768,#5769);
#5767 = CARTESIAN_POINT('',(228.6,20.32,20.319999999998));
#5768 = DIRECTION('',(1.,6.070773319254E-17,0.));
#5769 = DIRECTION('',(-6.070773319254E-17,1.,0.));
#5770 = ORIENTED_EDGE('',*,*,#1006,.F.);
#5771 = FACE_BOUND('',#5772,.T.);
#5772 = EDGE_LOOP('',(#5773,#5780));
#5773 = ORIENTED_EDGE('',*,*,#5774,.F.);
#5774 = EDGE_CURVE('',#1041,#1049,#5775,.T.);
#5775 = CIRCLE('',#5776,2.54);
#5776 = AXIS2_PLACEMENT_3D('',#5777,#5778,#5779);
#5777 = CARTESIAN_POINT('',(228.6,20.32,30.479999999998));
#5778 = DIRECTION('',(1.,6.070773319254E-17,0.));
#5779 = DIRECTION('',(-6.070773319254E-17,1.,0.));
#5780 = ORIENTED_EDGE('',*,*,#1048,.F.);
#5781 = FACE_BOUND('',#5782,.T.);
#5782 = EDGE_LOOP('',(#5783,#5790));
#5783 = ORIENTED_EDGE('',*,*,#5784,.F.);
#5784 = EDGE_CURVE('',#1092,#1100,#5785,.T.);
#5785 = CIRCLE('',#5786,2.54);
#5786 = AXIS2_PLACEMENT_3D('',#5787,#5788,#5789);
#5787 = CARTESIAN_POINT('',(228.6,172.72,10.16));
#5788 = DIRECTION('',(1.,6.070773319254E-17,0.));
#5789 = DIRECTION('',(-6.070773319254E-17,1.,0.));
#5790 = ORIENTED_EDGE('',*,*,#1099,.F.);
#5791 = FACE_BOUND('',#5792,.T.);
#5792 = EDGE_LOOP('',(#5793,#5800));
#5793 = ORIENTED_EDGE('',*,*,#5794,.F.);
#5794 = EDGE_CURVE('',#1134,#1142,#5795,.T.);
#5795 = CIRCLE('',#5796,2.54);
#5796 = AXIS2_PLACEMENT_3D('',#5797,#5798,#5799);
#5797 = CARTESIAN_POINT('',(228.6,172.72,20.32));
#5798 = DIRECTION('',(1.,6.070773319254E-17,0.));
#5799 = DIRECTION('',(-6.070773319254E-17,1.,0.));
#5800 = ORIENTED_EDGE('',*,*,#1141,.F.);
#5801 = FACE_BOUND('',#5802,.T.);
#5802 = EDGE_LOOP('',(#5803,#5810));
#5803 = ORIENTED_EDGE('',*,*,#5804,.F.);
#5804 = EDGE_CURVE('',#1185,#1193,#5805,.T.);
#5805 = CIRCLE('',#5806,2.54);
#5806 = AXIS2_PLACEMENT_3D('',#5807,#5808,#5809);
#5807 = CARTESIAN_POINT('',(228.6,193.04,10.16));
#5808 = DIRECTION('',(1.,6.070773319254E-17,0.));
#5809 = DIRECTION('',(-6.070773319254E-17,1.,0.));
#5810 = ORIENTED_EDGE('',*,*,#1192,.F.);
#5811 = FACE_BOUND('',#5812,.T.);
#5812 = EDGE_LOOP('',(#5813,#5820));
#5813 = ORIENTED_EDGE('',*,*,#5814,.F.);
#5814 = EDGE_CURVE('',#1227,#1235,#5815,.T.);
#5815 = CIRCLE('',#5816,2.54);
#5816 = AXIS2_PLACEMENT_3D('',#5817,#5818,#5819);
#5817 = CARTESIAN_POINT('',(228.6,193.04,20.32));
#5818 = DIRECTION('',(1.,6.070773319254E-17,0.));
#5819 = DIRECTION('',(-6.070773319254E-17,1.,0.));
#5820 = ORIENTED_EDGE('',*,*,#1234,.F.);
#5821 = FACE_BOUND('',#5822,.T.);
#5822 = EDGE_LOOP('',(#5823,#5830));
#5823 = ORIENTED_EDGE('',*,*,#5824,.F.);
#5824 = EDGE_CURVE('',#1269,#1277,#5825,.T.);
#5825 = CIRCLE('',#5826,2.54);
#5826 = AXIS2_PLACEMENT_3D('',#5827,#5828,#5829);
#5827 = CARTESIAN_POINT('',(228.6,182.88,20.32));
#5828 = DIRECTION('',(1.,6.070773319254E-17,0.));
#5829 = DIRECTION('',(-6.070773319254E-17,1.,0.));
#5830 = ORIENTED_EDGE('',*,*,#1276,.F.);
#5831 = FACE_BOUND('',#5832,.T.);
#5832 = EDGE_LOOP('',(#5833,#5840));
#5833 = ORIENTED_EDGE('',*,*,#5834,.F.);
#5834 = EDGE_CURVE('',#1311,#1319,#5835,.T.);
#5835 = CIRCLE('',#5836,2.54);
#5836 = AXIS2_PLACEMENT_3D('',#5837,#5838,#5839);
#5837 = CARTESIAN_POINT('',(228.6,182.88,30.48));
#5838 = DIRECTION('',(1.,6.070773319254E-17,0.));
#5839 = DIRECTION('',(-6.070773319254E-17,1.,0.));
#5840 = ORIENTED_EDGE('',*,*,#1318,.F.);
#5841 = FACE_BOUND('',#5842,.T.);
#5842 = EDGE_LOOP('',(#5843,#5850));
#5843 = ORIENTED_EDGE('',*,*,#5844,.F.);
#5844 = EDGE_CURVE('',#1362,#1370,#5845,.T.);
#5845 = CIRCLE('',#5846,2.54);
#5846 = AXIS2_PLACEMENT_3D('',#5847,#5848,#5849);
#5847 = CARTESIAN_POINT('',(228.6,50.8,10.159999999998));
#5848 = DIRECTION('',(1.,6.070773319254E-17,0.));
#5849 = DIRECTION('',(-6.070773319254E-17,1.,0.));
#5850 = ORIENTED_EDGE('',*,*,#1369,.F.);
#5851 = FACE_BOUND('',#5852,.T.);
#5852 = EDGE_LOOP('',(#5853,#5860));
#5853 = ORIENTED_EDGE('',*,*,#5854,.F.);
#5854 = EDGE_CURVE('',#1404,#1412,#5855,.T.);
#5855 = CIRCLE('',#5856,2.54);
#5856 = AXIS2_PLACEMENT_3D('',#5857,#5858,#5859);
#5857 = CARTESIAN_POINT('',(228.6,50.8,20.319999999998));
#5858 = DIRECTION('',(1.,6.070773319254E-17,0.));
#5859 = DIRECTION('',(-6.070773319254E-17,1.,0.));
#5860 = ORIENTED_EDGE('',*,*,#1411,.F.);
#5861 = FACE_BOUND('',#5862,.T.);
#5862 = EDGE_LOOP('',(#5863,#5870));
#5863 = ORIENTED_EDGE('',*,*,#5864,.F.);
#5864 = EDGE_CURVE('',#1446,#1454,#5865,.T.);
#5865 = CIRCLE('',#5866,2.54);
#5866 = AXIS2_PLACEMENT_3D('',#5867,#5868,#5869);
#5867 = CARTESIAN_POINT('',(228.6,111.76,30.479999999999));
#5868 = DIRECTION('',(1.,6.070773319254E-17,0.));
#5869 = DIRECTION('',(-6.070773319254E-17,1.,0.));
#5870 = ORIENTED_EDGE('',*,*,#1453,.F.);
#5871 = FACE_BOUND('',#5872,.T.);
#5872 = EDGE_LOOP('',(#5873,#5880));
#5873 = ORIENTED_EDGE('',*,*,#5874,.F.);
#5874 = EDGE_CURVE('',#1488,#1496,#5875,.T.);
#5875 = CIRCLE('',#5876,2.54);
#5876 = AXIS2_PLACEMENT_3D('',#5877,#5878,#5879);
#5877 = CARTESIAN_POINT('',(228.6,121.92,30.479999999999));
#5878 = DIRECTION('',(1.,6.070773319254E-17,0.));
#5879 = DIRECTION('',(-6.070773319254E-17,1.,0.));
#5880 = ORIENTED_EDGE('',*,*,#1495,.F.);
#5881 = FACE_BOUND('',#5882,.T.);
#5882 = EDGE_LOOP('',(#5883,#5890));
#5883 = ORIENTED_EDGE('',*,*,#5884,.F.);
#5884 = EDGE_CURVE('',#1530,#1538,#5885,.T.);
#5885 = CIRCLE('',#5886,2.54);
#5886 = AXIS2_PLACEMENT_3D('',#5887,#5888,#5889);
#5887 = CARTESIAN_POINT('',(228.6,162.56,20.319999999999));
#5888 = DIRECTION('',(1.,6.070773319254E-17,0.));
#5889 = DIRECTION('',(-6.070773319254E-17,1.,0.));
#5890 = ORIENTED_EDGE('',*,*,#1537,.F.);
#5891 = FACE_BOUND('',#5892,.T.);
#5892 = EDGE_LOOP('',(#5893,#5900));
#5893 = ORIENTED_EDGE('',*,*,#5894,.F.);
#5894 = EDGE_CURVE('',#1572,#1580,#5895,.T.);
#5895 = CIRCLE('',#5896,2.54);
#5896 = AXIS2_PLACEMENT_3D('',#5897,#5898,#5899);
#5897 = CARTESIAN_POINT('',(228.6,162.56,30.479999999999));
#5898 = DIRECTION('',(1.,6.070773319254E-17,0.));
#5899 = DIRECTION('',(-6.070773319254E-17,1.,0.));
#5900 = ORIENTED_EDGE('',*,*,#1579,.F.);
#5901 = FACE_BOUND('',#5902,.T.);
#5902 = EDGE_LOOP('',(#5903,#5910));
#5903 = ORIENTED_EDGE('',*,*,#5904,.F.);
#5904 = EDGE_CURVE('',#1614,#1622,#5905,.T.);
#5905 = CIRCLE('',#5906,2.54);
#5906 = AXIS2_PLACEMENT_3D('',#5907,#5908,#5909);
#5907 = CARTESIAN_POINT('',(228.6,152.4,30.479999999999));
#5908 = DIRECTION('',(1.,6.070773319254E-17,0.));
#5909 = DIRECTION('',(-6.070773319254E-17,1.,0.));
#5910 = ORIENTED_EDGE('',*,*,#1621,.F.);
#5911 = FACE_BOUND('',#5912,.T.);
#5912 = EDGE_LOOP('',(#5913,#5920));
#5913 = ORIENTED_EDGE('',*,*,#5914,.F.);
#5914 = EDGE_CURVE('',#1665,#1673,#5915,.T.);
#5915 = CIRCLE('',#5916,2.54);
#5916 = AXIS2_PLACEMENT_3D('',#5917,#5918,#5919);
#5917 = CARTESIAN_POINT('',(228.6,162.56,10.159999999999));
#5918 = DIRECTION('',(1.,6.070773319254E-17,0.));
#5919 = DIRECTION('',(-6.070773319254E-17,1.,0.));
#5920 = ORIENTED_EDGE('',*,*,#1672,.F.);
#5921 = FACE_BOUND('',#5922,.T.);
#5922 = EDGE_LOOP('',(#5923,#5930));
#5923 = ORIENTED_EDGE('',*,*,#5924,.F.);
#5924 = EDGE_CURVE('',#1707,#1715,#5925,.T.);
#5925 = CIRCLE('',#5926,2.54);
#5926 = AXIS2_PLACEMENT_3D('',#5927,#5928,#5929);
#5927 = CARTESIAN_POINT('',(228.6,71.12,30.479999999999));
#5928 = DIRECTION('',(1.,6.070773319254E-17,0.));
#5929 = DIRECTION('',(-6.070773319254E-17,1.,0.));
#5930 = ORIENTED_EDGE('',*,*,#1714,.F.);
#5931 = FACE_BOUND('',#5932,.T.);
#5932 = EDGE_LOOP('',(#5933,#5940));
#5933 = ORIENTED_EDGE('',*,*,#5934,.F.);
#5934 = EDGE_CURVE('',#1758,#1766,#5935,.T.);
#5935 = CIRCLE('',#5936,2.54);
#5936 = AXIS2_PLACEMENT_3D('',#5937,#5938,#5939);
#5937 = CARTESIAN_POINT('',(228.6,81.28,10.159999999999));
#5938 = DIRECTION('',(1.,6.070773319254E-17,0.));
#5939 = DIRECTION('',(-6.070773319254E-17,1.,0.));
#5940 = ORIENTED_EDGE('',*,*,#1765,.F.);
#5941 = FACE_BOUND('',#5942,.T.);
#5942 = EDGE_LOOP('',(#5943,#5950));
#5943 = ORIENTED_EDGE('',*,*,#5944,.F.);
#5944 = EDGE_CURVE('',#1800,#1808,#5945,.T.);
#5945 = CIRCLE('',#5946,2.54);
#5946 = AXIS2_PLACEMENT_3D('',#5947,#5948,#5949);
#5947 = CARTESIAN_POINT('',(228.6,10.16,30.479999999998));
#5948 = DIRECTION('',(1.,6.070773319254E-17,0.));
#5949 = DIRECTION('',(-6.070773319254E-17,1.,0.));
#5950 = ORIENTED_EDGE('',*,*,#1807,.F.);
#5951 = FACE_BOUND('',#5952,.T.);
#5952 = EDGE_LOOP('',(#5953,#5960));
#5953 = ORIENTED_EDGE('',*,*,#5954,.F.);
#5954 = EDGE_CURVE('',#1851,#1859,#5955,.T.);
#5955 = CIRCLE('',#5956,2.54);
#5956 = AXIS2_PLACEMENT_3D('',#5957,#5958,#5959);
#5957 = CARTESIAN_POINT('',(228.6,20.32,10.159999999998));
#5958 = DIRECTION('',(1.,6.070773319254E-17,0.));
#5959 = DIRECTION('',(-6.070773319254E-17,1.,0.));
#5960 = ORIENTED_EDGE('',*,*,#1858,.F.);
#5961 = FACE_BOUND('',#5962,.T.);
#5962 = EDGE_LOOP('',(#5963,#5970));
#5963 = ORIENTED_EDGE('',*,*,#5964,.F.);
#5964 = EDGE_CURVE('',#1893,#1901,#5965,.T.);
#5965 = CIRCLE('',#5966,2.54);
#5966 = AXIS2_PLACEMENT_3D('',#5967,#5968,#5969);
#5967 = CARTESIAN_POINT('',(228.6,30.48,30.479999999998));
#5968 = DIRECTION('',(1.,6.070773319254E-17,0.));
#5969 = DIRECTION('',(-6.070773319254E-17,1.,0.));
#5970 = ORIENTED_EDGE('',*,*,#1900,.F.);
#5971 = FACE_BOUND('',#5972,.T.);
#5972 = EDGE_LOOP('',(#5973,#5980));
#5973 = ORIENTED_EDGE('',*,*,#5974,.F.);
#5974 = EDGE_CURVE('',#1944,#1952,#5975,.T.);
#5975 = CIRCLE('',#5976,2.54);
#5976 = AXIS2_PLACEMENT_3D('',#5977,#5978,#5979);
#5977 = CARTESIAN_POINT('',(228.6,40.64,10.159999999998));
#5978 = DIRECTION('',(1.,6.070773319254E-17,0.));
#5979 = DIRECTION('',(-6.070773319254E-17,1.,0.));
#5980 = ORIENTED_EDGE('',*,*,#1951,.F.);
#5981 = FACE_BOUND('',#5982,.T.);
#5982 = EDGE_LOOP('',(#5983,#5990));
#5983 = ORIENTED_EDGE('',*,*,#5984,.F.);
#5984 = EDGE_CURVE('',#1995,#2003,#5985,.T.);
#5985 = CIRCLE('',#5986,2.54);
#5986 = AXIS2_PLACEMENT_3D('',#5987,#5988,#5989);
#5987 = CARTESIAN_POINT('',(228.6,30.48,10.159999999998));
#5988 = DIRECTION('',(1.,6.070773319254E-17,0.));
#5989 = DIRECTION('',(-6.070773319254E-17,1.,0.));
#5990 = ORIENTED_EDGE('',*,*,#2002,.F.);
#5991 = FACE_BOUND('',#5992,.T.);
#5992 = EDGE_LOOP('',(#5993,#6000));
#5993 = ORIENTED_EDGE('',*,*,#5994,.F.);
#5994 = EDGE_CURVE('',#2037,#2045,#5995,.T.);
#5995 = CIRCLE('',#5996,2.54);
#5996 = AXIS2_PLACEMENT_3D('',#5997,#5998,#5999);
#5997 = CARTESIAN_POINT('',(228.6,30.48,20.319999999998));
#5998 = DIRECTION('',(1.,6.070773319254E-17,0.));
#5999 = DIRECTION('',(-6.070773319254E-17,1.,0.));
#6000 = ORIENTED_EDGE('',*,*,#2044,.F.);
#6001 = FACE_BOUND('',#6002,.T.);
#6002 = EDGE_LOOP('',(#6003,#6010));
#6003 = ORIENTED_EDGE('',*,*,#6004,.F.);
#6004 = EDGE_CURVE('',#2079,#2087,#6005,.T.);
#6005 = CIRCLE('',#6006,2.54);
#6006 = AXIS2_PLACEMENT_3D('',#6007,#6008,#6009);
#6007 = CARTESIAN_POINT('',(228.6,132.08,30.479999999999));
#6008 = DIRECTION('',(1.,6.070773319254E-17,0.));
#6009 = DIRECTION('',(-6.070773319254E-17,1.,0.));
#6010 = ORIENTED_EDGE('',*,*,#2086,.F.);
#6011 = FACE_BOUND('',#6012,.T.);
#6012 = EDGE_LOOP('',(#6013,#6020));
#6013 = ORIENTED_EDGE('',*,*,#6014,.F.);
#6014 = EDGE_CURVE('',#2121,#2129,#6015,.T.);
#6015 = CIRCLE('',#6016,2.54);
#6016 = AXIS2_PLACEMENT_3D('',#6017,#6018,#6019);
#6017 = CARTESIAN_POINT('',(228.6,142.24,30.479999999999));
#6018 = DIRECTION('',(1.,6.070773319254E-17,0.));
#6019 = DIRECTION('',(-6.070773319254E-17,1.,0.));
#6020 = ORIENTED_EDGE('',*,*,#2128,.F.);
#6021 = FACE_BOUND('',#6022,.T.);
#6022 = EDGE_LOOP('',(#6023,#6030));
#6023 = ORIENTED_EDGE('',*,*,#6024,.F.);
#6024 = EDGE_CURVE('',#2163,#2171,#6025,.T.);
#6025 = CIRCLE('',#6026,2.54);
#6026 = AXIS2_PLACEMENT_3D('',#6027,#6028,#6029);
#6027 = CARTESIAN_POINT('',(228.6,152.4,40.639999999999));
#6028 = DIRECTION('',(1.,6.070773319254E-17,0.));
#6029 = DIRECTION('',(-6.070773319254E-17,1.,0.));
#6030 = ORIENTED_EDGE('',*,*,#2170,.F.);
#6031 = FACE_BOUND('',#6032,.T.);
#6032 = EDGE_LOOP('',(#6033,#6040));
#6033 = ORIENTED_EDGE('',*,*,#6034,.F.);
#6034 = EDGE_CURVE('',#2205,#2213,#6035,.T.);
#6035 = CIRCLE('',#6036,2.54);
#6036 = AXIS2_PLACEMENT_3D('',#6037,#6038,#6039);
#6037 = CARTESIAN_POINT('',(228.6,162.56,40.639999999999));
#6038 = DIRECTION('',(1.,6.070773319254E-17,0.));
#6039 = DIRECTION('',(-6.070773319254E-17,1.,0.));
#6040 = ORIENTED_EDGE('',*,*,#2212,.F.);
#6041 = FACE_BOUND('',#6042,.T.);
#6042 = EDGE_LOOP('',(#6043,#6050));
#6043 = ORIENTED_EDGE('',*,*,#6044,.F.);
#6044 = EDGE_CURVE('',#2256,#2264,#6045,.T.);
#6045 = CIRCLE('',#6046,2.54);
#6046 = AXIS2_PLACEMENT_3D('',#6047,#6048,#6049);
#6047 = CARTESIAN_POINT('',(228.6,10.16,10.159999999998));
#6048 = DIRECTION('',(1.,6.070773319254E-17,0.));
#6049 = DIRECTION('',(-6.070773319254E-17,1.,0.));
#6050 = ORIENTED_EDGE('',*,*,#2263,.F.);
#6051 = FACE_BOUND('',#6052,.T.);
#6052 = EDGE_LOOP('',(#6053,#6060));
#6053 = ORIENTED_EDGE('',*,*,#6054,.F.);
#6054 = EDGE_CURVE('',#2298,#2306,#6055,.T.);
#6055 = CIRCLE('',#6056,2.54);
#6056 = AXIS2_PLACEMENT_3D('',#6057,#6058,#6059);
#6057 = CARTESIAN_POINT('',(228.6,10.16,20.319999999998));
#6058 = DIRECTION('',(1.,6.070773319254E-17,0.));
#6059 = DIRECTION('',(-6.070773319254E-17,1.,0.));
#6060 = ORIENTED_EDGE('',*,*,#2305,.F.);
#6061 = FACE_BOUND('',#6062,.T.);
#6062 = EDGE_LOOP('',(#6063,#6070));
#6063 = ORIENTED_EDGE('',*,*,#6064,.F.);
#6064 = EDGE_CURVE('',#2340,#2348,#6065,.T.);
#6065 = CIRCLE('',#6066,2.54);
#6066 = AXIS2_PLACEMENT_3D('',#6067,#6068,#6069);
#6067 = CARTESIAN_POINT('',(228.6,193.04,40.64));
#6068 = DIRECTION('',(1.,6.070773319254E-17,0.));
#6069 = DIRECTION('',(-6.070773319254E-17,1.,0.));
#6070 = ORIENTED_EDGE('',*,*,#2347,.F.);
#6071 = FACE_BOUND('',#6072,.T.);
#6072 = EDGE_LOOP('',(#6073,#6080));
#6073 = ORIENTED_EDGE('',*,*,#6074,.F.);
#6074 = EDGE_CURVE('',#2382,#2390,#6075,.T.);
#6075 = CIRCLE('',#6076,2.54);
#6076 = AXIS2_PLACEMENT_3D('',#6077,#6078,#6079);
#6077 = CARTESIAN_POINT('',(228.6,203.2,40.64));
#6078 = DIRECTION('',(1.,6.070773319254E-17,0.));
#6079 = DIRECTION('',(-6.070773319254E-17,1.,0.));
#6080 = ORIENTED_EDGE('',*,*,#2389,.F.);
#6081 = FACE_BOUND('',#6082,.T.);
#6082 = EDGE_LOOP('',(#6083,#6090));
#6083 = ORIENTED_EDGE('',*,*,#6084,.F.);
#6084 = EDGE_CURVE('',#2424,#2432,#6085,.T.);
#6085 = CIRCLE('',#6086,2.54);
#6086 = AXIS2_PLACEMENT_3D('',#6087,#6088,#6089);
#6087 = CARTESIAN_POINT('',(228.6,91.44,40.639999999999));
#6088 = DIRECTION('',(1.,6.070773319254E-17,0.));
#6089 = DIRECTION('',(-6.070773319254E-17,1.,0.));
#6090 = ORIENTED_EDGE('',*,*,#2431,.F.);
#6091 = FACE_BOUND('',#6092,.T.);
#6092 = EDGE_LOOP('',(#6093,#6100));
#6093 = ORIENTED_EDGE('',*,*,#6094,.F.);
#6094 = EDGE_CURVE('',#2466,#2474,#6095,.T.);
#6095 = CIRCLE('',#6096,2.54);
#6096 = AXIS2_PLACEMENT_3D('',#6097,#6098,#6099);
#6097 = CARTESIAN_POINT('',(228.6,101.6,40.639999999999));
#6098 = DIRECTION('',(1.,6.070773319254E-17,0.));
#6099 = DIRECTION('',(-6.070773319254E-17,1.,0.));
#6100 = ORIENTED_EDGE('',*,*,#2473,.F.);
#6101 = FACE_BOUND('',#6102,.T.);
#6102 = EDGE_LOOP('',(#6103,#6110));
#6103 = ORIENTED_EDGE('',*,*,#6104,.F.);
#6104 = EDGE_CURVE('',#2508,#2516,#6105,.T.);
#6105 = CIRCLE('',#6106,2.54);
#6106 = AXIS2_PLACEMENT_3D('',#6107,#6108,#6109);
#6107 = CARTESIAN_POINT('',(228.6,10.16,40.639999999998));
#6108 = DIRECTION('',(1.,6.070773319254E-17,0.));
#6109 = DIRECTION('',(-6.070773319254E-17,1.,0.));
#6110 = ORIENTED_EDGE('',*,*,#2515,.F.);
#6111 = FACE_BOUND('',#6112,.T.);
#6112 = EDGE_LOOP('',(#6113,#6120));
#6113 = ORIENTED_EDGE('',*,*,#6114,.F.);
#6114 = EDGE_CURVE('',#2550,#2558,#6115,.T.);
#6115 = CIRCLE('',#6116,2.54);
#6116 = AXIS2_PLACEMENT_3D('',#6117,#6118,#6119);
#6117 = CARTESIAN_POINT('',(228.6,20.32,40.639999999998));
#6118 = DIRECTION('',(1.,6.070773319254E-17,0.));
#6119 = DIRECTION('',(-6.070773319254E-17,1.,0.));
#6120 = ORIENTED_EDGE('',*,*,#2557,.F.);
#6121 = FACE_BOUND('',#6122,.T.);
#6122 = EDGE_LOOP('',(#6123,#6130));
#6123 = ORIENTED_EDGE('',*,*,#6124,.F.);
#6124 = EDGE_CURVE('',#2592,#2600,#6125,.T.);
#6125 = CIRCLE('',#6126,2.54);
#6126 = AXIS2_PLACEMENT_3D('',#6127,#6128,#6129);
#6127 = CARTESIAN_POINT('',(228.6,50.8,40.639999999998));
#6128 = DIRECTION('',(1.,6.070773319254E-17,0.));
#6129 = DIRECTION('',(-6.070773319254E-17,1.,0.));
#6130 = ORIENTED_EDGE('',*,*,#2599,.F.);
#6131 = FACE_BOUND('',#6132,.T.);
#6132 = EDGE_LOOP('',(#6133,#6140));
#6133 = ORIENTED_EDGE('',*,*,#6134,.F.);
#6134 = EDGE_CURVE('',#2634,#2642,#6135,.T.);
#6135 = CIRCLE('',#6136,2.54);
#6136 = AXIS2_PLACEMENT_3D('',#6137,#6138,#6139);
#6137 = CARTESIAN_POINT('',(228.6,60.96,40.639999999998));
#6138 = DIRECTION('',(1.,6.070773319254E-17,0.));
#6139 = DIRECTION('',(-6.070773319254E-17,1.,0.));
#6140 = ORIENTED_EDGE('',*,*,#2641,.F.);
#6141 = FACE_BOUND('',#6142,.T.);
#6142 = EDGE_LOOP('',(#6143,#6150));
#6143 = ORIENTED_EDGE('',*,*,#6144,.F.);
#6144 = EDGE_CURVE('',#2676,#2684,#6145,.T.);
#6145 = CIRCLE('',#6146,2.54);
#6146 = AXIS2_PLACEMENT_3D('',#6147,#6148,#6149);
#6147 = CARTESIAN_POINT('',(228.6,30.48,40.639999999998));
#6148 = DIRECTION('',(1.,6.070773319254E-17,0.));
#6149 = DIRECTION('',(-6.070773319254E-17,1.,0.));
#6150 = ORIENTED_EDGE('',*,*,#2683,.F.);
#6151 = FACE_BOUND('',#6152,.T.);
#6152 = EDGE_LOOP('',(#6153,#6160));
#6153 = ORIENTED_EDGE('',*,*,#6154,.F.);
#6154 = EDGE_CURVE('',#2718,#2726,#6155,.T.);
#6155 = CIRCLE('',#6156,2.54);
#6156 = AXIS2_PLACEMENT_3D('',#6157,#6158,#6159);
#6157 = CARTESIAN_POINT('',(228.6,40.64,40.639999999998));
#6158 = DIRECTION('',(1.,6.070773319254E-17,0.));
#6159 = DIRECTION('',(-6.070773319254E-17,1.,0.));
#6160 = ORIENTED_EDGE('',*,*,#2725,.F.);
#6161 = FACE_BOUND('',#6162,.T.);
#6162 = EDGE_LOOP('',(#6163,#6170));
#6163 = ORIENTED_EDGE('',*,*,#6164,.F.);
#6164 = EDGE_CURVE('',#2760,#2768,#6165,.T.);
#6165 = CIRCLE('',#6166,2.54);
#6166 = AXIS2_PLACEMENT_3D('',#6167,#6168,#6169);
#6167 = CARTESIAN_POINT('',(228.6,172.72,40.64));
#6168 = DIRECTION('',(1.,6.070773319254E-17,0.));
#6169 = DIRECTION('',(-6.070773319254E-17,1.,0.));
#6170 = ORIENTED_EDGE('',*,*,#2767,.F.);
#6171 = FACE_BOUND('',#6172,.T.);
#6172 = EDGE_LOOP('',(#6173,#6180));
#6173 = ORIENTED_EDGE('',*,*,#6174,.F.);
#6174 = EDGE_CURVE('',#2802,#2810,#6175,.T.);
#6175 = CIRCLE('',#6176,2.54);
#6176 = AXIS2_PLACEMENT_3D('',#6177,#6178,#6179);
#6177 = CARTESIAN_POINT('',(228.6,182.88,40.64));
#6178 = DIRECTION('',(1.,6.070773319254E-17,0.));
#6179 = DIRECTION('',(-6.070773319254E-17,1.,0.));
#6180 = ORIENTED_EDGE('',*,*,#2809,.F.);
#6181 = FACE_BOUND('',#6182,.T.);
#6182 = EDGE_LOOP('',(#6183,#6190));
#6183 = ORIENTED_EDGE('',*,*,#6184,.F.);
#6184 = EDGE_CURVE('',#2844,#2852,#6185,.T.);
#6185 = CIRCLE('',#6186,2.54);
#6186 = AXIS2_PLACEMENT_3D('',#6187,#6188,#6189);
#6187 = CARTESIAN_POINT('',(228.6,193.04,30.48));
#6188 = DIRECTION('',(1.,6.070773319254E-17,0.));
#6189 = DIRECTION('',(-6.070773319254E-17,1.,0.));
#6190 = ORIENTED_EDGE('',*,*,#2851,.F.);
#6191 = FACE_BOUND('',#6192,.T.);
#6192 = EDGE_LOOP('',(#6193,#6200));
#6193 = ORIENTED_EDGE('',*,*,#6194,.F.);
#6194 = EDGE_CURVE('',#2895,#2903,#6195,.T.);
#6195 = CIRCLE('',#6196,2.54);
#6196 = AXIS2_PLACEMENT_3D('',#6197,#6198,#6199);
#6197 = CARTESIAN_POINT('',(228.6,203.2,10.16));
#6198 = DIRECTION('',(1.,6.070773319254E-17,0.));
#6199 = DIRECTION('',(-6.070773319254E-17,1.,0.));
#6200 = ORIENTED_EDGE('',*,*,#2902,.F.);
#6201 = FACE_BOUND('',#6202,.T.);
#6202 = EDGE_LOOP('',(#6203,#6210));
#6203 = ORIENTED_EDGE('',*,*,#6204,.F.);
#6204 = EDGE_CURVE('',#2937,#2945,#6205,.T.);
#6205 = CIRCLE('',#6206,2.54);
#6206 = AXIS2_PLACEMENT_3D('',#6207,#6208,#6209);
#6207 = CARTESIAN_POINT('',(228.6,213.36,30.48));
#6208 = DIRECTION('',(1.,6.070773319254E-17,0.));
#6209 = DIRECTION('',(-6.070773319254E-17,1.,0.));
#6210 = ORIENTED_EDGE('',*,*,#2944,.F.);
#6211 = FACE_BOUND('',#6212,.T.);
#6212 = EDGE_LOOP('',(#6213,#6220));
#6213 = ORIENTED_EDGE('',*,*,#6214,.F.);
#6214 = EDGE_CURVE('',#2979,#2987,#6215,.T.);
#6215 = CIRCLE('',#6216,2.54);
#6216 = AXIS2_PLACEMENT_3D('',#6217,#6218,#6219);
#6217 = CARTESIAN_POINT('',(228.6,213.36,40.64));
#6218 = DIRECTION('',(1.,6.070773319254E-17,0.));
#6219 = DIRECTION('',(-6.070773319254E-17,1.,0.));
#6220 = ORIENTED_EDGE('',*,*,#2986,.F.);
#6221 = FACE_BOUND('',#6222,.T.);
#6222 = EDGE_LOOP('',(#6223,#6230));
#6223 = ORIENTED_EDGE('',*,*,#6224,.F.);
#6224 = EDGE_CURVE('',#3030,#3038,#6225,.T.);
#6225 = CIRCLE('',#6226,2.54);
#6226 = AXIS2_PLACEMENT_3D('',#6227,#6228,#6229);
#6227 = CARTESIAN_POINT('',(228.6,213.36,10.16));
#6228 = DIRECTION('',(1.,6.070773319254E-17,0.));
#6229 = DIRECTION('',(-6.070773319254E-17,1.,0.));
#6230 = ORIENTED_EDGE('',*,*,#3037,.F.);
#6231 = FACE_BOUND('',#6232,.T.);
#6232 = EDGE_LOOP('',(#6233,#6240));
#6233 = ORIENTED_EDGE('',*,*,#6234,.F.);
#6234 = EDGE_CURVE('',#3072,#3080,#6235,.T.);
#6235 = CIRCLE('',#6236,2.54);
#6236 = AXIS2_PLACEMENT_3D('',#6237,#6238,#6239);
#6237 = CARTESIAN_POINT('',(228.6,213.36,20.32));
#6238 = DIRECTION('',(1.,6.070773319254E-17,0.));
#6239 = DIRECTION('',(-6.070773319254E-17,1.,0.));
#6240 = ORIENTED_EDGE('',*,*,#3079,.F.);
#6241 = FACE_BOUND('',#6242,.T.);
#6242 = EDGE_LOOP('',(#6243,#6250));
#6243 = ORIENTED_EDGE('',*,*,#6244,.F.);
#6244 = EDGE_CURVE('',#3114,#3122,#6245,.T.);
#6245 = CIRCLE('',#6246,2.54);
#6246 = AXIS2_PLACEMENT_3D('',#6247,#6248,#6249);
#6247 = CARTESIAN_POINT('',(228.6,172.72,30.48));
#6248 = DIRECTION('',(1.,6.070773319254E-17,0.));
#6249 = DIRECTION('',(-6.070773319254E-17,1.,0.));
#6250 = ORIENTED_EDGE('',*,*,#3121,.F.);
#6251 = FACE_BOUND('',#6252,.T.);
#6252 = EDGE_LOOP('',(#6253,#6260));
#6253 = ORIENTED_EDGE('',*,*,#6254,.F.);
#6254 = EDGE_CURVE('',#3165,#3173,#6255,.T.);
#6255 = CIRCLE('',#6256,2.54);
#6256 = AXIS2_PLACEMENT_3D('',#6257,#6258,#6259);
#6257 = CARTESIAN_POINT('',(228.6,182.88,10.16));
#6258 = DIRECTION('',(1.,6.070773319254E-17,0.));
#6259 = DIRECTION('',(-6.070773319254E-17,1.,0.));
#6260 = ORIENTED_EDGE('',*,*,#3172,.F.);
#6261 = FACE_BOUND('',#6262,.T.);
#6262 = EDGE_LOOP('',(#6263,#6270));
#6263 = ORIENTED_EDGE('',*,*,#6264,.F.);
#6264 = EDGE_CURVE('',#3207,#3215,#6265,.T.);
#6265 = CIRCLE('',#6266,2.54);
#6266 = AXIS2_PLACEMENT_3D('',#6267,#6268,#6269);
#6267 = CARTESIAN_POINT('',(228.6,71.12,40.639999999999));
#6268 = DIRECTION('',(1.,6.070773319254E-17,0.));
#6269 = DIRECTION('',(-6.070773319254E-17,1.,0.));
#6270 = ORIENTED_EDGE('',*,*,#3214,.F.);
#6271 = FACE_BOUND('',#6272,.T.);
#6272 = EDGE_LOOP('',(#6273,#6280));
#6273 = ORIENTED_EDGE('',*,*,#6274,.F.);
#6274 = EDGE_CURVE('',#3249,#3257,#6275,.T.);
#6275 = CIRCLE('',#6276,2.54);
#6276 = AXIS2_PLACEMENT_3D('',#6277,#6278,#6279);
#6277 = CARTESIAN_POINT('',(228.6,81.28,40.639999999999));
#6278 = DIRECTION('',(1.,6.070773319254E-17,0.));
#6279 = DIRECTION('',(-6.070773319254E-17,1.,0.));
#6280 = ORIENTED_EDGE('',*,*,#3256,.F.);
#6281 = FACE_BOUND('',#6282,.T.);
#6282 = EDGE_LOOP('',(#6283,#6290));
#6283 = ORIENTED_EDGE('',*,*,#6284,.F.);
#6284 = EDGE_CURVE('',#3291,#3299,#6285,.T.);
#6285 = CIRCLE('',#6286,2.54);
#6286 = AXIS2_PLACEMENT_3D('',#6287,#6288,#6289);
#6287 = CARTESIAN_POINT('',(228.6,132.08,40.639999999999));
#6288 = DIRECTION('',(1.,6.070773319254E-17,0.));
#6289 = DIRECTION('',(-6.070773319254E-17,1.,0.));
#6290 = ORIENTED_EDGE('',*,*,#3298,.F.);
#6291 = FACE_BOUND('',#6292,.T.);
#6292 = EDGE_LOOP('',(#6293,#6300));
#6293 = ORIENTED_EDGE('',*,*,#6294,.F.);
#6294 = EDGE_CURVE('',#3333,#3341,#6295,.T.);
#6295 = CIRCLE('',#6296,2.54);
#6296 = AXIS2_PLACEMENT_3D('',#6297,#6298,#6299);
#6297 = CARTESIAN_POINT('',(228.6,142.24,40.639999999999));
#6298 = DIRECTION('',(1.,6.070773319254E-17,0.));
#6299 = DIRECTION('',(-6.070773319254E-17,1.,0.));
#6300 = ORIENTED_EDGE('',*,*,#3340,.F.);
#6301 = FACE_BOUND('',#6302,.T.);
#6302 = EDGE_LOOP('',(#6303,#6310));
#6303 = ORIENTED_EDGE('',*,*,#6304,.F.);
#6304 = EDGE_CURVE('',#3375,#3383,#6305,.T.);
#6305 = CIRCLE('',#6306,2.54);
#6306 = AXIS2_PLACEMENT_3D('',#6307,#6308,#6309);
#6307 = CARTESIAN_POINT('',(228.6,111.76,40.639999999999));
#6308 = DIRECTION('',(1.,6.070773319254E-17,0.));
#6309 = DIRECTION('',(-6.070773319254E-17,1.,0.));
#6310 = ORIENTED_EDGE('',*,*,#3382,.F.);
#6311 = FACE_BOUND('',#6312,.T.);
#6312 = EDGE_LOOP('',(#6313,#6320));
#6313 = ORIENTED_EDGE('',*,*,#6314,.F.);
#6314 = EDGE_CURVE('',#3417,#3425,#6315,.T.);
#6315 = CIRCLE('',#6316,2.54);
#6316 = AXIS2_PLACEMENT_3D('',#6317,#6318,#6319);
#6317 = CARTESIAN_POINT('',(228.6,121.92,40.639999999999));
#6318 = DIRECTION('',(1.,6.070773319254E-17,0.));
#6319 = DIRECTION('',(-6.070773319254E-17,1.,0.));
#6320 = ORIENTED_EDGE('',*,*,#3424,.F.);
#6321 = FACE_BOUND('',#6322,.T.);
#6322 = EDGE_LOOP('',(#6323,#6330));
#6323 = ORIENTED_EDGE('',*,*,#6324,.F.);
#6324 = EDGE_CURVE('',#3459,#3467,#6325,.T.);
#6325 = CIRCLE('',#6326,2.54);
#6326 = AXIS2_PLACEMENT_3D('',#6327,#6328,#6329);
#6327 = CARTESIAN_POINT('',(228.6,203.2,20.32));
#6328 = DIRECTION('',(1.,6.070773319254E-17,0.));
#6329 = DIRECTION('',(-6.070773319254E-17,1.,0.));
#6330 = ORIENTED_EDGE('',*,*,#3466,.F.);
#6331 = FACE_BOUND('',#6332,.T.);
#6332 = EDGE_LOOP('',(#6333,#6340));
#6333 = ORIENTED_EDGE('',*,*,#6334,.F.);
#6334 = EDGE_CURVE('',#3501,#3509,#6335,.T.);
#6335 = CIRCLE('',#6336,2.54);
#6336 = AXIS2_PLACEMENT_3D('',#6337,#6338,#6339);
#6337 = CARTESIAN_POINT('',(228.6,203.2,30.48));
#6338 = DIRECTION('',(1.,6.070773319254E-17,0.));
#6339 = DIRECTION('',(-6.070773319254E-17,1.,0.));
#6340 = ORIENTED_EDGE('',*,*,#3508,.F.);
#6341 = FACE_BOUND('',#6342,.T.);
#6342 = EDGE_LOOP('',(#6343,#6350));
#6343 = ORIENTED_EDGE('',*,*,#6344,.F.);
#6344 = EDGE_CURVE('',#3543,#3551,#6345,.T.);
#6345 = CIRCLE('',#6346,2.54);
#6346 = AXIS2_PLACEMENT_3D('',#6347,#6348,#6349);
#6347 = CARTESIAN_POINT('',(228.6,81.28,30.479999999999));
#6348 = DIRECTION('',(1.,6.070773319254E-17,0.));
#6349 = DIRECTION('',(-6.070773319254E-17,1.,0.));
#6350 = ORIENTED_EDGE('',*,*,#3550,.F.);
#6351 = FACE_BOUND('',#6352,.T.);
#6352 = EDGE_LOOP('',(#6353,#6360));
#6353 = ORIENTED_EDGE('',*,*,#6354,.F.);
#6354 = EDGE_CURVE('',#3585,#3593,#6355,.T.);
#6355 = CIRCLE('',#6356,2.54);
#6356 = AXIS2_PLACEMENT_3D('',#6357,#6358,#6359);
#6357 = CARTESIAN_POINT('',(228.6,81.28,20.319999999999));
#6358 = DIRECTION('',(1.,6.070773319254E-17,0.));
#6359 = DIRECTION('',(-6.070773319254E-17,1.,0.));
#6360 = ORIENTED_EDGE('',*,*,#3592,.F.);
#6361 = FACE_BOUND('',#6362,.T.);
#6362 = EDGE_LOOP('',(#6363,#6370));
#6363 = ORIENTED_EDGE('',*,*,#6364,.F.);
#6364 = EDGE_CURVE('',#3627,#3635,#6365,.T.);
#6365 = CIRCLE('',#6366,2.54);
#6366 = AXIS2_PLACEMENT_3D('',#6367,#6368,#6369);
#6367 = CARTESIAN_POINT('',(228.6,101.6,30.479999999999));
#6368 = DIRECTION('',(1.,6.070773319254E-17,0.));
#6369 = DIRECTION('',(-6.070773319254E-17,1.,0.));
#6370 = ORIENTED_EDGE('',*,*,#3634,.F.);
#6371 = FACE_BOUND('',#6372,.T.);
#6372 = EDGE_LOOP('',(#6373,#6380));
#6373 = ORIENTED_EDGE('',*,*,#6374,.F.);
#6374 = EDGE_CURVE('',#3669,#3677,#6375,.T.);
#6375 = CIRCLE('',#6376,2.54);
#6376 = AXIS2_PLACEMENT_3D('',#6377,#6378,#6379);
#6377 = CARTESIAN_POINT('',(228.6,91.44,30.479999999999));
#6378 = DIRECTION('',(1.,6.070773319254E-17,0.));
#6379 = DIRECTION('',(-6.070773319254E-17,1.,0.));
#6380 = ORIENTED_EDGE('',*,*,#3676,.F.);
#6381 = FACE_BOUND('',#6382,.T.);
#6382 = EDGE_LOOP('',(#6383,#6390));
#6383 = ORIENTED_EDGE('',*,*,#6384,.F.);
#6384 = EDGE_CURVE('',#3711,#3719,#6385,.T.);
#6385 = CIRCLE('',#6386,2.54);
#6386 = AXIS2_PLACEMENT_3D('',#6387,#6388,#6389);
#6387 = CARTESIAN_POINT('',(228.6,71.12,20.319999999999));
#6388 = DIRECTION('',(1.,6.070773319254E-17,0.));
#6389 = DIRECTION('',(-6.070773319254E-17,1.,0.));
#6390 = ORIENTED_EDGE('',*,*,#3718,.F.);
#6391 = FACE_BOUND('',#6392,.T.);
#6392 = EDGE_LOOP('',(#6393,#6400));
#6393 = ORIENTED_EDGE('',*,*,#6394,.F.);
#6394 = EDGE_CURVE('',#3762,#3770,#6395,.T.);
#6395 = CIRCLE('',#6396,2.54);
#6396 = AXIS2_PLACEMENT_3D('',#6397,#6398,#6399);
#6397 = CARTESIAN_POINT('',(228.6,71.12,10.159999999999));
#6398 = DIRECTION('',(1.,6.070773319254E-17,0.));
#6399 = DIRECTION('',(-6.070773319254E-17,1.,0.));
#6400 = ORIENTED_EDGE('',*,*,#3769,.F.);
#6401 = FACE_BOUND('',#6402,.T.);
#6402 = EDGE_LOOP('',(#6403,#6413,#6421,#6429));
#6403 = ORIENTED_EDGE('',*,*,#6404,.F.);
#6404 = EDGE_CURVE('',#6405,#6407,#6409,.T.);
#6405 = VERTEX_POINT('',#6406);
#6406 = CARTESIAN_POINT('',(228.6,93.98,22.86));
#6407 = VERTEX_POINT('',#6408);
#6408 = CARTESIAN_POINT('',(228.6,93.98,12.7));
#6409 = LINE('',#6410,#6411);
#6410 = CARTESIAN_POINT('',(228.6,93.98,22.86));
#6411 = VECTOR('',#6412,1.);
#6412 = DIRECTION('',(0.,0.,-1.));
#6413 = ORIENTED_EDGE('',*,*,#6414,.F.);
#6414 = EDGE_CURVE('',#6415,#6405,#6417,.T.);
#6415 = VERTEX_POINT('',#6416);
#6416 = CARTESIAN_POINT('',(228.6,152.4,22.86));
#6417 = LINE('',#6418,#6419);
#6418 = CARTESIAN_POINT('',(228.6,152.4,22.86));
#6419 = VECTOR('',#6420,1.);
#6420 = DIRECTION('',(0.,-1.,-1.187759997245E-16));
#6421 = ORIENTED_EDGE('',*,*,#6422,.F.);
#6422 = EDGE_CURVE('',#6423,#6415,#6425,.T.);
#6423 = VERTEX_POINT('',#6424);
#6424 = CARTESIAN_POINT('',(228.6,152.4,12.7));
#6425 = LINE('',#6426,#6427);
#6426 = CARTESIAN_POINT('',(228.6,152.4,22.86));
#6427 = VECTOR('',#6428,1.);
#6428 = DIRECTION('',(-0.,-0.,1.));
#6429 = ORIENTED_EDGE('',*,*,#6430,.F.);
#6430 = EDGE_CURVE('',#6407,#6423,#6431,.T.);
#6431 = LINE('',#6432,#6433);
#6432 = CARTESIAN_POINT('',(228.6,152.4,12.7));
#6433 = VECTOR('',#6434,1.);
#6434 = DIRECTION('',(-0.,1.,1.484699996557E-16));
#6435 = FACE_BOUND('',#6436,.T.);
#6436 = EDGE_LOOP('',(#6437,#6447,#6455,#6463));
#6437 = ORIENTED_EDGE('',*,*,#6438,.T.);
#6438 = EDGE_CURVE('',#6439,#6441,#6443,.T.);
#6439 = VERTEX_POINT('',#6440);
#6440 = CARTESIAN_POINT('',(228.6,0.,0.));
#6441 = VERTEX_POINT('',#6442);
#6442 = CARTESIAN_POINT('',(228.6,223.52,0.));
#6443 = LINE('',#6444,#6445);
#6444 = CARTESIAN_POINT('',(228.6,228.6,0.));
#6445 = VECTOR('',#6446,1.);
#6446 = DIRECTION('',(-6.070773319254E-17,1.,-0.));
#6447 = ORIENTED_EDGE('',*,*,#6448,.T.);
#6448 = EDGE_CURVE('',#6441,#6449,#6451,.T.);
#6449 = VERTEX_POINT('',#6450);
#6450 = CARTESIAN_POINT('',(228.6,223.52,50.8));
#6451 = LINE('',#6452,#6453);
#6452 = CARTESIAN_POINT('',(228.6,223.52,0.));
#6453 = VECTOR('',#6454,1.);
#6454 = DIRECTION('',(-0.,-0.,1.));
#6455 = ORIENTED_EDGE('',*,*,#6456,.F.);
#6456 = EDGE_CURVE('',#6457,#6449,#6459,.T.);
#6457 = VERTEX_POINT('',#6458);
#6458 = CARTESIAN_POINT('',(228.6,0.,50.8));
#6459 = LINE('',#6460,#6461);
#6460 = CARTESIAN_POINT('',(228.6,228.6,50.8));
#6461 = VECTOR('',#6462,1.);
#6462 = DIRECTION('',(-6.070773319254E-17,1.,-0.));
#6463 = ORIENTED_EDGE('',*,*,#6464,.T.);
#6464 = EDGE_CURVE('',#6457,#6439,#6465,.T.);
#6465 = LINE('',#6466,#6467);
#6466 = CARTESIAN_POINT('',(228.6,0.,50.8));
#6467 = VECTOR('',#6468,1.);
#6468 = DIRECTION('',(-0.,-0.,-1.));
#6469 = PLANE('',#6470);
#6470 = AXIS2_PLACEMENT_3D('',#6471,#6472,#6473);
#6471 = CARTESIAN_POINT('',(228.6,228.6,50.8));
#6472 = DIRECTION('',(-1.,-6.070773319254E-17,0.));
#6473 = DIRECTION('',(6.070773319254E-17,-1.,0.));
#6474 = ADVANCED_FACE('',(#6475),#6509,.F.);
#6475 = FACE_BOUND('',#6476,.T.);
#6476 = EDGE_LOOP('',(#6477,#6487,#6495,#6503));
#6477 = ORIENTED_EDGE('',*,*,#6478,.F.);
#6478 = EDGE_CURVE('',#6479,#6481,#6483,.T.);
#6479 = VERTEX_POINT('',#6480);
#6480 = CARTESIAN_POINT('',(127.,223.52,50.8));
#6481 = VERTEX_POINT('',#6482);
#6482 = CARTESIAN_POINT('',(127.,101.6,50.8));
#6483 = LINE('',#6484,#6485);
#6484 = CARTESIAN_POINT('',(127.,228.6,50.8));
#6485 = VECTOR('',#6486,1.);
#6486 = DIRECTION('',(0.,-1.,0.));
#6487 = ORIENTED_EDGE('',*,*,#6488,.F.);
#6488 = EDGE_CURVE('',#6489,#6479,#6491,.T.);
#6489 = VERTEX_POINT('',#6490);
#6490 = CARTESIAN_POINT('',(127.,223.52,0.));
#6491 = LINE('',#6492,#6493);
#6492 = CARTESIAN_POINT('',(127.,223.52,0.));
#6493 = VECTOR('',#6494,1.);
#6494 = DIRECTION('',(-0.,-0.,1.));
#6495 = ORIENTED_EDGE('',*,*,#6496,.T.);
#6496 = EDGE_CURVE('',#6489,#6497,#6499,.T.);
#6497 = VERTEX_POINT('',#6498);
#6498 = CARTESIAN_POINT('',(127.,101.6,0.));
#6499 = LINE('',#6500,#6501);
#6500 = CARTESIAN_POINT('',(127.,228.6,0.));
#6501 = VECTOR('',#6502,1.);
#6502 = DIRECTION('',(0.,-1.,0.));
#6503 = ORIENTED_EDGE('',*,*,#6504,.F.);
#6504 = EDGE_CURVE('',#6481,#6497,#6505,.T.);
#6505 = LINE('',#6506,#6507);
#6506 = CARTESIAN_POINT('',(127.,101.6,50.8));
#6507 = VECTOR('',#6508,1.);
#6508 = DIRECTION('',(-0.,-0.,-1.));
#6509 = PLANE('',#6510);
#6510 = AXIS2_PLACEMENT_3D('',#6511,#6512,#6513);
#6511 = CARTESIAN_POINT('',(127.,228.6,50.8));
#6512 = DIRECTION('',(1.,0.,-0.));
#6513 = DIRECTION('',(-0.,0.,-1.));
#6514 = ADVANCED_FACE('',(#6515),#6540,.F.);
#6515 = FACE_BOUND('',#6516,.T.);
#6516 = EDGE_LOOP('',(#6517,#6525,#6533,#6539));
#6517 = ORIENTED_EDGE('',*,*,#6518,.T.);
#6518 = EDGE_CURVE('',#6497,#6519,#6521,.T.);
#6519 = VERTEX_POINT('',#6520);
#6520 = CARTESIAN_POINT('',(0.,101.6,0.));
#6521 = LINE('',#6522,#6523);
#6522 = CARTESIAN_POINT('',(0.,101.6,0.));
#6523 = VECTOR('',#6524,1.);
#6524 = DIRECTION('',(-1.,2.185478394931E-16,-0.));
#6525 = ORIENTED_EDGE('',*,*,#6526,.F.);
#6526 = EDGE_CURVE('',#6527,#6519,#6529,.T.);
#6527 = VERTEX_POINT('',#6528);
#6528 = CARTESIAN_POINT('',(0.,101.6,50.8));
#6529 = LINE('',#6530,#6531);
#6530 = CARTESIAN_POINT('',(0.,101.6,50.8));
#6531 = VECTOR('',#6532,1.);
#6532 = DIRECTION('',(-0.,-0.,-1.));
#6533 = ORIENTED_EDGE('',*,*,#6534,.F.);
#6534 = EDGE_CURVE('',#6481,#6527,#6535,.T.);
#6535 = LINE('',#6536,#6537);
#6536 = CARTESIAN_POINT('',(0.,101.6,50.8));
#6537 = VECTOR('',#6538,1.);
#6538 = DIRECTION('',(-1.,2.185478394931E-16,-0.));
#6539 = ORIENTED_EDGE('',*,*,#6504,.T.);
#6540 = PLANE('',#6541);
#6541 = AXIS2_PLACEMENT_3D('',#6542,#6543,#6544);
#6542 = CARTESIAN_POINT('',(0.,101.6,50.8));
#6543 = DIRECTION('',(-2.185478394931E-16,-1.,0.));
#6544 = DIRECTION('',(1.,-2.185478394931E-16,0.));
#6545 = ADVANCED_FACE('',(#6546,#6556,#6566,#6576,#6586,#6596),#6621,.F.
  );
#6546 = FACE_BOUND('',#6547,.T.);
#6547 = EDGE_LOOP('',(#6548,#6555));
#6548 = ORIENTED_EDGE('',*,*,#6549,.F.);
#6549 = EDGE_CURVE('',#24,#32,#6550,.T.);
#6550 = CIRCLE('',#6551,1.75);
#6551 = AXIS2_PLACEMENT_3D('',#6552,#6553,#6554);
#6552 = CARTESIAN_POINT('',(0.,61.8,40.21));
#6553 = DIRECTION('',(-1.,-5.463695987329E-16,0.));
#6554 = DIRECTION('',(5.463695987329E-16,-1.,0.));
#6555 = ORIENTED_EDGE('',*,*,#31,.F.);
#6556 = FACE_BOUND('',#6557,.T.);
#6557 = EDGE_LOOP('',(#6558,#6565));
#6558 = ORIENTED_EDGE('',*,*,#6559,.F.);
#6559 = EDGE_CURVE('',#66,#74,#6560,.T.);
#6560 = CIRCLE('',#6561,1.75);
#6561 = AXIS2_PLACEMENT_3D('',#6562,#6563,#6564);
#6562 = CARTESIAN_POINT('',(5.684341886081E-14,39.8,18.21));
#6563 = DIRECTION('',(-1.,-5.463695987329E-16,0.));
#6564 = DIRECTION('',(5.463695987329E-16,-1.,0.));
#6565 = ORIENTED_EDGE('',*,*,#73,.F.);
#6566 = FACE_BOUND('',#6567,.T.);
#6567 = EDGE_LOOP('',(#6568,#6575));
#6568 = ORIENTED_EDGE('',*,*,#6569,.F.);
#6569 = EDGE_CURVE('',#108,#116,#6570,.T.);
#6570 = CIRCLE('',#6571,10.5);
#6571 = AXIS2_PLACEMENT_3D('',#6572,#6573,#6574);
#6572 = CARTESIAN_POINT('',(0.,50.8,29.21));
#6573 = DIRECTION('',(-1.,-5.463695987329E-16,0.));
#6574 = DIRECTION('',(5.463695987329E-16,-1.,0.));
#6575 = ORIENTED_EDGE('',*,*,#115,.F.);
#6576 = FACE_BOUND('',#6577,.T.);
#6577 = EDGE_LOOP('',(#6578,#6585));
#6578 = ORIENTED_EDGE('',*,*,#6579,.F.);
#6579 = EDGE_CURVE('',#150,#158,#6580,.T.);
#6580 = CIRCLE('',#6581,1.75);
#6581 = AXIS2_PLACEMENT_3D('',#6582,#6583,#6584);
#6582 = CARTESIAN_POINT('',(5.684341886081E-14,39.8,40.21));
#6583 = DIRECTION('',(-1.,-5.463695987329E-16,0.));
#6584 = DIRECTION('',(5.463695987329E-16,-1.,0.));
#6585 = ORIENTED_EDGE('',*,*,#157,.F.);
#6586 = FACE_BOUND('',#6587,.T.);
#6587 = EDGE_LOOP('',(#6588,#6595));
#6588 = ORIENTED_EDGE('',*,*,#6589,.F.);
#6589 = EDGE_CURVE('',#192,#200,#6590,.T.);
#6590 = CIRCLE('',#6591,1.75);
#6591 = AXIS2_PLACEMENT_3D('',#6592,#6593,#6594);
#6592 = CARTESIAN_POINT('',(0.,61.8,18.21));
#6593 = DIRECTION('',(-1.,-5.463695987329E-16,0.));
#6594 = DIRECTION('',(5.463695987329E-16,-1.,0.));
#6595 = ORIENTED_EDGE('',*,*,#199,.F.);
#6596 = FACE_BOUND('',#6597,.T.);
#6597 = EDGE_LOOP('',(#6598,#6606,#6614,#6620));
#6598 = ORIENTED_EDGE('',*,*,#6599,.T.);
#6599 = EDGE_CURVE('',#6519,#6600,#6602,.T.);
#6600 = VERTEX_POINT('',#6601);
#6601 = CARTESIAN_POINT('',(5.684341886081E-14,0.,0.));
#6602 = LINE('',#6603,#6604);
#6603 = CARTESIAN_POINT('',(0.,101.6,0.));
#6604 = VECTOR('',#6605,1.);
#6605 = DIRECTION('',(5.463695987329E-16,-1.,0.));
#6606 = ORIENTED_EDGE('',*,*,#6607,.F.);
#6607 = EDGE_CURVE('',#6608,#6600,#6610,.T.);
#6608 = VERTEX_POINT('',#6609);
#6609 = CARTESIAN_POINT('',(5.684341886081E-14,0.,50.8));
#6610 = LINE('',#6611,#6612);
#6611 = CARTESIAN_POINT('',(5.684341886081E-14,0.,50.8));
#6612 = VECTOR('',#6613,1.);
#6613 = DIRECTION('',(-0.,-0.,-1.));
#6614 = ORIENTED_EDGE('',*,*,#6615,.F.);
#6615 = EDGE_CURVE('',#6527,#6608,#6616,.T.);
#6616 = LINE('',#6617,#6618);
#6617 = CARTESIAN_POINT('',(0.,101.6,50.8));
#6618 = VECTOR('',#6619,1.);
#6619 = DIRECTION('',(5.463695987329E-16,-1.,0.));
#6620 = ORIENTED_EDGE('',*,*,#6526,.T.);
#6621 = PLANE('',#6622);
#6622 = AXIS2_PLACEMENT_3D('',#6623,#6624,#6625);
#6623 = CARTESIAN_POINT('',(0.,101.6,50.8));
#6624 = DIRECTION('',(1.,5.463695987329E-16,-0.));
#6625 = DIRECTION('',(-5.463695987329E-16,1.,0.));
#6626 = ADVANCED_FACE('',(#6627,#6637,#6647),#6663,.F.);
#6627 = FACE_BOUND('',#6628,.T.);
#6628 = EDGE_LOOP('',(#6629,#6636));
#6629 = ORIENTED_EDGE('',*,*,#6630,.F.);
#6630 = EDGE_CURVE('',#654,#662,#6631,.T.);
#6631 = CIRCLE('',#6632,12.7);
#6632 = AXIS2_PLACEMENT_3D('',#6633,#6634,#6635);
#6633 = CARTESIAN_POINT('',(29.21,0.,25.4));
#6634 = DIRECTION('',(0.,-1.,0.));
#6635 = DIRECTION('',(0.,0.,-1.));
#6636 = ORIENTED_EDGE('',*,*,#661,.F.);
#6637 = FACE_BOUND('',#6638,.T.);
#6638 = EDGE_LOOP('',(#6639,#6646));
#6639 = ORIENTED_EDGE('',*,*,#6640,.F.);
#6640 = EDGE_CURVE('',#696,#704,#6641,.T.);
#6641 = CIRCLE('',#6642,12.7);
#6642 = AXIS2_PLACEMENT_3D('',#6643,#6644,#6645);
#6643 = CARTESIAN_POINT('',(72.39,0.,25.4));
#6644 = DIRECTION('',(0.,-1.,0.));
#6645 = DIRECTION('',(0.,0.,-1.));
#6646 = ORIENTED_EDGE('',*,*,#703,.F.);
#6647 = FACE_BOUND('',#6648,.T.);
#6648 = EDGE_LOOP('',(#6649,#6655,#6656,#6662));
#6649 = ORIENTED_EDGE('',*,*,#6650,.T.);
#6650 = EDGE_CURVE('',#6600,#6439,#6651,.T.);
#6651 = LINE('',#6652,#6653);
#6652 = CARTESIAN_POINT('',(5.684341886081E-14,0.,0.));
#6653 = VECTOR('',#6654,1.);
#6654 = DIRECTION('',(1.,0.,0.));
#6655 = ORIENTED_EDGE('',*,*,#6464,.F.);
#6656 = ORIENTED_EDGE('',*,*,#6657,.F.);
#6657 = EDGE_CURVE('',#6608,#6457,#6658,.T.);
#6658 = LINE('',#6659,#6660);
#6659 = CARTESIAN_POINT('',(5.684341886081E-14,0.,50.8));
#6660 = VECTOR('',#6661,1.);
#6661 = DIRECTION('',(1.,0.,0.));
#6662 = ORIENTED_EDGE('',*,*,#6607,.T.);
#6663 = PLANE('',#6664);
#6664 = AXIS2_PLACEMENT_3D('',#6665,#6666,#6667);
#6665 = CARTESIAN_POINT('',(5.684341886081E-14,0.,50.8));
#6666 = DIRECTION('',(0.,1.,0.));
#6667 = DIRECTION('',(0.,-0.,1.));
#6668 = ADVANCED_FACE('',(#6669,#6679,#6689,#6699,#6709,#6719,#6732),
  #6773,.T.);
#6669 = FACE_BOUND('',#6670,.T.);
#6670 = EDGE_LOOP('',(#6671,#6678));
#6671 = ORIENTED_EDGE('',*,*,#6672,.F.);
#6672 = EDGE_CURVE('',#444,#452,#6673,.T.);
#6673 = CIRCLE('',#6674,2.2225);
#6674 = AXIS2_PLACEMENT_3D('',#6675,#6676,#6677);
#6675 = CARTESIAN_POINT('',(3.81,3.81,50.8));
#6676 = DIRECTION('',(0.,0.,1.));
#6677 = DIRECTION('',(1.,0.,-0.));
#6678 = ORIENTED_EDGE('',*,*,#451,.F.);
#6679 = FACE_BOUND('',#6680,.T.);
#6680 = EDGE_LOOP('',(#6681,#6688));
#6681 = ORIENTED_EDGE('',*,*,#6682,.F.);
#6682 = EDGE_CURVE('',#486,#494,#6683,.T.);
#6683 = CIRCLE('',#6684,2.2225);
#6684 = AXIS2_PLACEMENT_3D('',#6685,#6686,#6687);
#6685 = CARTESIAN_POINT('',(3.81,97.79,50.8));
#6686 = DIRECTION('',(0.,0.,1.));
#6687 = DIRECTION('',(1.,0.,-0.));
#6688 = ORIENTED_EDGE('',*,*,#493,.F.);
#6689 = FACE_BOUND('',#6690,.T.);
#6690 = EDGE_LOOP('',(#6691,#6698));
#6691 = ORIENTED_EDGE('',*,*,#6692,.F.);
#6692 = EDGE_CURVE('',#528,#536,#6693,.T.);
#6693 = CIRCLE('',#6694,2.2225);
#6694 = AXIS2_PLACEMENT_3D('',#6695,#6696,#6697);
#6695 = CARTESIAN_POINT('',(130.81,219.71,50.8));
#6696 = DIRECTION('',(0.,0.,1.));
#6697 = DIRECTION('',(1.,0.,-0.));
#6698 = ORIENTED_EDGE('',*,*,#535,.F.);
#6699 = FACE_BOUND('',#6700,.T.);
#6700 = EDGE_LOOP('',(#6701,#6708));
#6701 = ORIENTED_EDGE('',*,*,#6702,.F.);
#6702 = EDGE_CURVE('',#570,#578,#6703,.T.);
#6703 = CIRCLE('',#6704,2.2225);
#6704 = AXIS2_PLACEMENT_3D('',#6705,#6706,#6707);
#6705 = CARTESIAN_POINT('',(224.79,219.71,50.8));
#6706 = DIRECTION('',(0.,0.,1.));
#6707 = DIRECTION('',(1.,0.,-0.));
#6708 = ORIENTED_EDGE('',*,*,#577,.F.);
#6709 = FACE_BOUND('',#6710,.T.);
#6710 = EDGE_LOOP('',(#6711,#6718));
#6711 = ORIENTED_EDGE('',*,*,#6712,.F.);
#6712 = EDGE_CURVE('',#612,#620,#6713,.T.);
#6713 = CIRCLE('',#6714,2.2225);
#6714 = AXIS2_PLACEMENT_3D('',#6715,#6716,#6717);
#6715 = CARTESIAN_POINT('',(224.79,3.81,50.8));
#6716 = DIRECTION('',(0.,0.,1.));
#6717 = DIRECTION('',(1.,0.,-0.));
#6718 = ORIENTED_EDGE('',*,*,#619,.F.);
#6719 = FACE_BOUND('',#6720,.T.);
#6720 = EDGE_LOOP('',(#6721,#6727,#6728,#6729,#6730,#6731));
#6721 = ORIENTED_EDGE('',*,*,#6722,.F.);
#6722 = EDGE_CURVE('',#6479,#6449,#6723,.T.);
#6723 = LINE('',#6724,#6725);
#6724 = CARTESIAN_POINT('',(127.,223.52,50.8));
#6725 = VECTOR('',#6726,1.);
#6726 = DIRECTION('',(1.,0.,0.));
#6727 = ORIENTED_EDGE('',*,*,#6478,.T.);
#6728 = ORIENTED_EDGE('',*,*,#6534,.T.);
#6729 = ORIENTED_EDGE('',*,*,#6615,.T.);
#6730 = ORIENTED_EDGE('',*,*,#6657,.T.);
#6731 = ORIENTED_EDGE('',*,*,#6456,.T.);
#6732 = FACE_BOUND('',#6733,.T.);
#6733 = EDGE_LOOP('',(#6734,#6735,#6743,#6751,#6759,#6767));
#6734 = ORIENTED_EDGE('',*,*,#5350,.F.);
#6735 = ORIENTED_EDGE('',*,*,#6736,.F.);
#6736 = EDGE_CURVE('',#6737,#5343,#6739,.T.);
#6737 = VERTEX_POINT('',#6738);
#6738 = CARTESIAN_POINT('',(7.62,7.62,50.8));
#6739 = LINE('',#6740,#6741);
#6740 = CARTESIAN_POINT('',(5.684341886081E-14,7.62,50.8));
#6741 = VECTOR('',#6742,1.);
#6742 = DIRECTION('',(1.,-0.,0.));
#6743 = ORIENTED_EDGE('',*,*,#6744,.F.);
#6744 = EDGE_CURVE('',#6745,#6737,#6747,.T.);
#6745 = VERTEX_POINT('',#6746);
#6746 = CARTESIAN_POINT('',(7.62,93.98,50.8));
#6747 = LINE('',#6748,#6749);
#6748 = CARTESIAN_POINT('',(7.62,101.6,50.8));
#6749 = VECTOR('',#6750,1.);
#6750 = DIRECTION('',(5.463695987329E-16,-1.,0.));
#6751 = ORIENTED_EDGE('',*,*,#6752,.F.);
#6752 = EDGE_CURVE('',#6753,#6745,#6755,.T.);
#6753 = VERTEX_POINT('',#6754);
#6754 = CARTESIAN_POINT('',(134.62,93.98,50.8));
#6755 = LINE('',#6756,#6757);
#6756 = CARTESIAN_POINT('',(0.,93.98,50.8));
#6757 = VECTOR('',#6758,1.);
#6758 = DIRECTION('',(-1.,2.185478394931E-16,-0.));
#6759 = ORIENTED_EDGE('',*,*,#6760,.F.);
#6760 = EDGE_CURVE('',#6761,#6753,#6763,.T.);
#6761 = VERTEX_POINT('',#6762);
#6762 = CARTESIAN_POINT('',(134.62,220.98,50.8));
#6763 = LINE('',#6764,#6765);
#6764 = CARTESIAN_POINT('',(134.62,228.6,50.8));
#6765 = VECTOR('',#6766,1.);
#6766 = DIRECTION('',(0.,-1.,0.));
#6767 = ORIENTED_EDGE('',*,*,#6768,.F.);
#6768 = EDGE_CURVE('',#5351,#6761,#6769,.T.);
#6769 = LINE('',#6770,#6771);
#6770 = CARTESIAN_POINT('',(127.,220.98,50.8));
#6771 = VECTOR('',#6772,1.);
#6772 = DIRECTION('',(-1.,0.,0.));
#6773 = PLANE('',#6774);
#6774 = AXIS2_PLACEMENT_3D('',#6775,#6776,#6777);
#6775 = CARTESIAN_POINT('',(283.21,-101.6,50.8));
#6776 = DIRECTION('',(-0.,0.,1.));
#6777 = DIRECTION('',(1.,0.,0.));
#6778 = ADVANCED_FACE('',(#6779,#6789,#6799,#6809,#6819,#6829),#6842,.F.
  );
#6779 = FACE_BOUND('',#6780,.T.);
#6780 = EDGE_LOOP('',(#6781,#6788));
#6781 = ORIENTED_EDGE('',*,*,#6782,.T.);
#6782 = EDGE_CURVE('',#232,#251,#6783,.T.);
#6783 = CIRCLE('',#6784,3.1115);
#6784 = AXIS2_PLACEMENT_3D('',#6785,#6786,#6787);
#6785 = CARTESIAN_POINT('',(13.97,87.63,0.));
#6786 = DIRECTION('',(0.,0.,1.));
#6787 = DIRECTION('',(1.,0.,-0.));
#6788 = ORIENTED_EDGE('',*,*,#258,.T.);
#6789 = FACE_BOUND('',#6790,.T.);
#6790 = EDGE_LOOP('',(#6791,#6798));
#6791 = ORIENTED_EDGE('',*,*,#6792,.T.);
#6792 = EDGE_CURVE('',#274,#293,#6793,.T.);
#6793 = CIRCLE('',#6794,3.1115);
#6794 = AXIS2_PLACEMENT_3D('',#6795,#6796,#6797);
#6795 = CARTESIAN_POINT('',(13.97,13.97,0.));
#6796 = DIRECTION('',(0.,0.,1.));
#6797 = DIRECTION('',(1.,0.,-0.));
#6798 = ORIENTED_EDGE('',*,*,#300,.T.);
#6799 = FACE_BOUND('',#6800,.T.);
#6800 = EDGE_LOOP('',(#6801,#6808));
#6801 = ORIENTED_EDGE('',*,*,#6802,.T.);
#6802 = EDGE_CURVE('',#316,#335,#6803,.T.);
#6803 = CIRCLE('',#6804,3.1115);
#6804 = AXIS2_PLACEMENT_3D('',#6805,#6806,#6807);
#6805 = CARTESIAN_POINT('',(214.63,13.97,0.));
#6806 = DIRECTION('',(0.,0.,1.));
#6807 = DIRECTION('',(1.,0.,-0.));
#6808 = ORIENTED_EDGE('',*,*,#342,.T.);
#6809 = FACE_BOUND('',#6810,.T.);
#6810 = EDGE_LOOP('',(#6811,#6818));
#6811 = ORIENTED_EDGE('',*,*,#6812,.T.);
#6812 = EDGE_CURVE('',#358,#377,#6813,.T.);
#6813 = CIRCLE('',#6814,3.1115);
#6814 = AXIS2_PLACEMENT_3D('',#6815,#6816,#6817);
#6815 = CARTESIAN_POINT('',(140.97,214.63,0.));
#6816 = DIRECTION('',(0.,0.,1.));
#6817 = DIRECTION('',(1.,0.,-0.));
#6818 = ORIENTED_EDGE('',*,*,#384,.T.);
#6819 = FACE_BOUND('',#6820,.T.);
#6820 = EDGE_LOOP('',(#6821,#6828));
#6821 = ORIENTED_EDGE('',*,*,#6822,.T.);
#6822 = EDGE_CURVE('',#400,#419,#6823,.T.);
#6823 = CIRCLE('',#6824,3.1115);
#6824 = AXIS2_PLACEMENT_3D('',#6825,#6826,#6827);
#6825 = CARTESIAN_POINT('',(214.63,214.63,0.));
#6826 = DIRECTION('',(0.,0.,1.));
#6827 = DIRECTION('',(1.,0.,-0.));
#6828 = ORIENTED_EDGE('',*,*,#426,.T.);
#6829 = FACE_BOUND('',#6830,.T.);
#6830 = EDGE_LOOP('',(#6831,#6832,#6838,#6839,#6840,#6841));
#6831 = ORIENTED_EDGE('',*,*,#6496,.F.);
#6832 = ORIENTED_EDGE('',*,*,#6833,.T.);
#6833 = EDGE_CURVE('',#6489,#6441,#6834,.T.);
#6834 = LINE('',#6835,#6836);
#6835 = CARTESIAN_POINT('',(127.,223.52,0.));
#6836 = VECTOR('',#6837,1.);
#6837 = DIRECTION('',(1.,0.,0.));
#6838 = ORIENTED_EDGE('',*,*,#6438,.F.);
#6839 = ORIENTED_EDGE('',*,*,#6650,.F.);
#6840 = ORIENTED_EDGE('',*,*,#6599,.F.);
#6841 = ORIENTED_EDGE('',*,*,#6518,.F.);
#6842 = PLANE('',#6843);
#6843 = AXIS2_PLACEMENT_3D('',#6844,#6845,#6846);
#6844 = CARTESIAN_POINT('',(283.21,-101.6,0.));
#6845 = DIRECTION('',(-0.,0.,1.));
#6846 = DIRECTION('',(1.,0.,0.));
#6847 = ADVANCED_FACE('',(#6848),#6858,.T.);
#6848 = FACE_BOUND('',#6849,.T.);
#6849 = EDGE_LOOP('',(#6850,#6851,#6852));
#6850 = ORIENTED_EDGE('',*,*,#2280,.T.);
#6851 = ORIENTED_EDGE('',*,*,#4723,.F.);
#6852 = ORIENTED_EDGE('',*,*,#6853,.F.);
#6853 = EDGE_CURVE('',#2273,#4724,#6854,.T.);
#6854 = LINE('',#6855,#6856);
#6855 = CARTESIAN_POINT('',(220.98,7.62,50.8));
#6856 = VECTOR('',#6857,1.);
#6857 = DIRECTION('',(0.,0.,-1.));
#6858 = PLANE('',#6859);
#6859 = AXIS2_PLACEMENT_3D('',#6860,#6861,#6862);
#6860 = CARTESIAN_POINT('',(220.98,228.6,50.8));
#6861 = DIRECTION('',(-1.,-6.070773319254E-17,0.));
#6862 = DIRECTION('',(6.070773319254E-17,-1.,0.));
#6863 = ADVANCED_FACE('',(#6864,#6874,#6884,#6894),#6905,.T.);
#6864 = FACE_BOUND('',#6865,.T.);
#6865 = EDGE_LOOP('',(#6866,#6867));
#6866 = ORIENTED_EDGE('',*,*,#3828,.F.);
#6867 = ORIENTED_EDGE('',*,*,#6868,.F.);
#6868 = EDGE_CURVE('',#3821,#3802,#6869,.T.);
#6869 = CIRCLE('',#6870,3.175);
#6870 = AXIS2_PLACEMENT_3D('',#6871,#6872,#6873);
#6871 = CARTESIAN_POINT('',(152.4,220.98,38.1));
#6872 = DIRECTION('',(0.,-1.,0.));
#6873 = DIRECTION('',(0.,0.,-1.));
#6874 = FACE_BOUND('',#6875,.T.);
#6875 = EDGE_LOOP('',(#6876,#6877));
#6876 = ORIENTED_EDGE('',*,*,#3870,.F.);
#6877 = ORIENTED_EDGE('',*,*,#6878,.F.);
#6878 = EDGE_CURVE('',#3863,#3844,#6879,.T.);
#6879 = CIRCLE('',#6880,3.175);
#6880 = AXIS2_PLACEMENT_3D('',#6881,#6882,#6883);
#6881 = CARTESIAN_POINT('',(152.4,220.98,12.7));
#6882 = DIRECTION('',(0.,-1.,0.));
#6883 = DIRECTION('',(0.,0.,-1.));
#6884 = FACE_BOUND('',#6885,.T.);
#6885 = EDGE_LOOP('',(#6886,#6887));
#6886 = ORIENTED_EDGE('',*,*,#3912,.F.);
#6887 = ORIENTED_EDGE('',*,*,#6888,.F.);
#6888 = EDGE_CURVE('',#3905,#3886,#6889,.T.);
#6889 = CIRCLE('',#6890,3.175);
#6890 = AXIS2_PLACEMENT_3D('',#6891,#6892,#6893);
#6891 = CARTESIAN_POINT('',(152.4,220.98,25.4));
#6892 = DIRECTION('',(0.,-1.,0.));
#6893 = DIRECTION('',(0.,0.,-1.));
#6894 = FACE_BOUND('',#6895,.T.);
#6895 = EDGE_LOOP('',(#6896,#6897,#6898,#6899));
#6896 = ORIENTED_EDGE('',*,*,#4817,.F.);
#6897 = ORIENTED_EDGE('',*,*,#5358,.F.);
#6898 = ORIENTED_EDGE('',*,*,#6768,.T.);
#6899 = ORIENTED_EDGE('',*,*,#6900,.T.);
#6900 = EDGE_CURVE('',#6761,#4818,#6901,.T.);
#6901 = LINE('',#6902,#6903);
#6902 = CARTESIAN_POINT('',(134.62,220.98,50.8));
#6903 = VECTOR('',#6904,1.);
#6904 = DIRECTION('',(0.,0.,-1.));
#6905 = PLANE('',#6906);
#6906 = AXIS2_PLACEMENT_3D('',#6907,#6908,#6909);
#6907 = CARTESIAN_POINT('',(127.,220.98,50.8));
#6908 = DIRECTION('',(0.,-1.,0.));
#6909 = DIRECTION('',(0.,-0.,-1.));
#6910 = ADVANCED_FACE('',(#6911,#6921,#6931,#6941,#6951),#6962,.T.);
#6911 = FACE_BOUND('',#6912,.T.);
#6912 = EDGE_LOOP('',(#6913,#6920));
#6913 = ORIENTED_EDGE('',*,*,#6914,.F.);
#6914 = EDGE_CURVE('',#3989,#3981,#6915,.T.);
#6915 = CIRCLE('',#6916,3.175);
#6916 = AXIS2_PLACEMENT_3D('',#6917,#6918,#6919);
#6917 = CARTESIAN_POINT('',(134.62,101.854,13.462));
#6918 = DIRECTION('',(1.,0.,0.));
#6919 = DIRECTION('',(0.,-0.,-1.));
#6920 = ORIENTED_EDGE('',*,*,#3988,.F.);
#6921 = FACE_BOUND('',#6922,.T.);
#6922 = EDGE_LOOP('',(#6923,#6930));
#6923 = ORIENTED_EDGE('',*,*,#6924,.F.);
#6924 = EDGE_CURVE('',#4073,#4065,#6925,.T.);
#6925 = CIRCLE('',#6926,3.175);
#6926 = AXIS2_PLACEMENT_3D('',#6927,#6928,#6929);
#6927 = CARTESIAN_POINT('',(134.62,101.854,37.338));
#6928 = DIRECTION('',(1.,0.,0.));
#6929 = DIRECTION('',(0.,-0.,-1.));
#6930 = ORIENTED_EDGE('',*,*,#4072,.F.);
#6931 = FACE_BOUND('',#6932,.T.);
#6932 = EDGE_LOOP('',(#6933,#6940));
#6933 = ORIENTED_EDGE('',*,*,#6934,.F.);
#6934 = EDGE_CURVE('',#4157,#4149,#6935,.T.);
#6935 = CIRCLE('',#6936,3.175);
#6936 = AXIS2_PLACEMENT_3D('',#6937,#6938,#6939);
#6937 = CARTESIAN_POINT('',(134.62,172.72,13.462));
#6938 = DIRECTION('',(1.,0.,0.));
#6939 = DIRECTION('',(0.,-0.,-1.));
#6940 = ORIENTED_EDGE('',*,*,#4156,.F.);
#6941 = FACE_BOUND('',#6942,.T.);
#6942 = EDGE_LOOP('',(#6943,#6950));
#6943 = ORIENTED_EDGE('',*,*,#6944,.F.);
#6944 = EDGE_CURVE('',#4241,#4233,#6945,.T.);
#6945 = CIRCLE('',#6946,3.175);
#6946 = AXIS2_PLACEMENT_3D('',#6947,#6948,#6949);
#6947 = CARTESIAN_POINT('',(134.62,172.72,37.338));
#6948 = DIRECTION('',(1.,0.,0.));
#6949 = DIRECTION('',(0.,-0.,-1.));
#6950 = ORIENTED_EDGE('',*,*,#4240,.F.);
#6951 = FACE_BOUND('',#6952,.T.);
#6952 = EDGE_LOOP('',(#6953,#6954,#6955,#6956));
#6953 = ORIENTED_EDGE('',*,*,#4825,.F.);
#6954 = ORIENTED_EDGE('',*,*,#6900,.F.);
#6955 = ORIENTED_EDGE('',*,*,#6760,.T.);
#6956 = ORIENTED_EDGE('',*,*,#6957,.T.);
#6957 = EDGE_CURVE('',#6753,#4826,#6958,.T.);
#6958 = LINE('',#6959,#6960);
#6959 = CARTESIAN_POINT('',(134.62,93.98,50.8));
#6960 = VECTOR('',#6961,1.);
#6961 = DIRECTION('',(0.,0.,-1.));
#6962 = PLANE('',#6963);
#6963 = AXIS2_PLACEMENT_3D('',#6964,#6965,#6966);
#6964 = CARTESIAN_POINT('',(134.62,228.6,50.8));
#6965 = DIRECTION('',(1.,0.,-0.));
#6966 = DIRECTION('',(-0.,0.,-1.));
#6967 = ADVANCED_FACE('',(#6968),#6979,.T.);
#6968 = FACE_BOUND('',#6969,.T.);
#6969 = EDGE_LOOP('',(#6970,#6971,#6972,#6973));
#6970 = ORIENTED_EDGE('',*,*,#4833,.F.);
#6971 = ORIENTED_EDGE('',*,*,#6957,.F.);
#6972 = ORIENTED_EDGE('',*,*,#6752,.T.);
#6973 = ORIENTED_EDGE('',*,*,#6974,.T.);
#6974 = EDGE_CURVE('',#6745,#4834,#6975,.T.);
#6975 = LINE('',#6976,#6977);
#6976 = CARTESIAN_POINT('',(7.62,93.98,50.8));
#6977 = VECTOR('',#6978,1.);
#6978 = DIRECTION('',(0.,0.,-1.));
#6979 = PLANE('',#6980);
#6980 = AXIS2_PLACEMENT_3D('',#6981,#6982,#6983);
#6981 = CARTESIAN_POINT('',(0.,93.98,50.8));
#6982 = DIRECTION('',(-2.185478394931E-16,-1.,0.));
#6983 = DIRECTION('',(1.,-2.185478394931E-16,0.));
#6984 = ADVANCED_FACE('',(#6985,#6995,#7005,#7015,#7025,#7035),#7046,.T.
  );
#6985 = FACE_BOUND('',#6986,.T.);
#6986 = EDGE_LOOP('',(#6987,#6994));
#6987 = ORIENTED_EDGE('',*,*,#6988,.T.);
#6988 = EDGE_CURVE('',#22,#41,#6989,.T.);
#6989 = CIRCLE('',#6990,1.75);
#6990 = AXIS2_PLACEMENT_3D('',#6991,#6992,#6993);
#6991 = CARTESIAN_POINT('',(7.62,61.8,40.21));
#6992 = DIRECTION('',(-1.,-5.463695987329E-16,0.));
#6993 = DIRECTION('',(-5.463695987329E-16,1.,0.));
#6994 = ORIENTED_EDGE('',*,*,#48,.T.);
#6995 = FACE_BOUND('',#6996,.T.);
#6996 = EDGE_LOOP('',(#6997,#7004));
#6997 = ORIENTED_EDGE('',*,*,#6998,.T.);
#6998 = EDGE_CURVE('',#64,#83,#6999,.T.);
#6999 = CIRCLE('',#7000,1.75);
#7000 = AXIS2_PLACEMENT_3D('',#7001,#7002,#7003);
#7001 = CARTESIAN_POINT('',(7.62,39.8,18.21));
#7002 = DIRECTION('',(-1.,-5.463695987329E-16,0.));
#7003 = DIRECTION('',(-5.463695987329E-16,1.,0.));
#7004 = ORIENTED_EDGE('',*,*,#90,.T.);
#7005 = FACE_BOUND('',#7006,.T.);
#7006 = EDGE_LOOP('',(#7007,#7014));
#7007 = ORIENTED_EDGE('',*,*,#7008,.T.);
#7008 = EDGE_CURVE('',#106,#125,#7009,.T.);
#7009 = CIRCLE('',#7010,10.5);
#7010 = AXIS2_PLACEMENT_3D('',#7011,#7012,#7013);
#7011 = CARTESIAN_POINT('',(7.62,50.8,29.21));
#7012 = DIRECTION('',(-1.,-5.463695987329E-16,0.));
#7013 = DIRECTION('',(-5.463695987329E-16,1.,0.));
#7014 = ORIENTED_EDGE('',*,*,#132,.T.);
#7015 = FACE_BOUND('',#7016,.T.);
#7016 = EDGE_LOOP('',(#7017,#7024));
#7017 = ORIENTED_EDGE('',*,*,#7018,.T.);
#7018 = EDGE_CURVE('',#148,#167,#7019,.T.);
#7019 = CIRCLE('',#7020,1.75);
#7020 = AXIS2_PLACEMENT_3D('',#7021,#7022,#7023);
#7021 = CARTESIAN_POINT('',(7.62,39.8,40.21));
#7022 = DIRECTION('',(-1.,-5.463695987329E-16,0.));
#7023 = DIRECTION('',(-5.463695987329E-16,1.,0.));
#7024 = ORIENTED_EDGE('',*,*,#174,.T.);
#7025 = FACE_BOUND('',#7026,.T.);
#7026 = EDGE_LOOP('',(#7027,#7034));
#7027 = ORIENTED_EDGE('',*,*,#7028,.T.);
#7028 = EDGE_CURVE('',#190,#209,#7029,.T.);
#7029 = CIRCLE('',#7030,1.75);
#7030 = AXIS2_PLACEMENT_3D('',#7031,#7032,#7033);
#7031 = CARTESIAN_POINT('',(7.62,61.8,18.21));
#7032 = DIRECTION('',(-1.,-5.463695987329E-16,0.));
#7033 = DIRECTION('',(-5.463695987329E-16,1.,0.));
#7034 = ORIENTED_EDGE('',*,*,#216,.T.);
#7035 = FACE_BOUND('',#7036,.T.);
#7036 = EDGE_LOOP('',(#7037,#7038,#7039,#7040));
#7037 = ORIENTED_EDGE('',*,*,#4841,.F.);
#7038 = ORIENTED_EDGE('',*,*,#6974,.F.);
#7039 = ORIENTED_EDGE('',*,*,#6744,.T.);
#7040 = ORIENTED_EDGE('',*,*,#7041,.T.);
#7041 = EDGE_CURVE('',#6737,#4842,#7042,.T.);
#7042 = LINE('',#7043,#7044);
#7043 = CARTESIAN_POINT('',(7.62,7.62,50.8));
#7044 = VECTOR('',#7045,1.);
#7045 = DIRECTION('',(-0.,0.,-1.));
#7046 = PLANE('',#7047);
#7047 = AXIS2_PLACEMENT_3D('',#7048,#7049,#7050);
#7048 = CARTESIAN_POINT('',(7.62,101.6,50.8));
#7049 = DIRECTION('',(1.,5.463695987329E-16,-0.));
#7050 = DIRECTION('',(-5.463695987329E-16,1.,0.));
#7051 = ADVANCED_FACE('',(#7052,#7062,#7072),#7082,.T.);
#7052 = FACE_BOUND('',#7053,.T.);
#7053 = EDGE_LOOP('',(#7054,#7061));
#7054 = ORIENTED_EDGE('',*,*,#7055,.T.);
#7055 = EDGE_CURVE('',#652,#671,#7056,.T.);
#7056 = CIRCLE('',#7057,12.7);
#7057 = AXIS2_PLACEMENT_3D('',#7058,#7059,#7060);
#7058 = CARTESIAN_POINT('',(29.21,7.62,25.4));
#7059 = DIRECTION('',(0.,-1.,0.));
#7060 = DIRECTION('',(0.,0.,-1.));
#7061 = ORIENTED_EDGE('',*,*,#678,.T.);
#7062 = FACE_BOUND('',#7063,.T.);
#7063 = EDGE_LOOP('',(#7064,#7071));
#7064 = ORIENTED_EDGE('',*,*,#7065,.T.);
#7065 = EDGE_CURVE('',#694,#713,#7066,.T.);
#7066 = CIRCLE('',#7067,12.7);
#7067 = AXIS2_PLACEMENT_3D('',#7068,#7069,#7070);
#7068 = CARTESIAN_POINT('',(72.39,7.62,25.4));
#7069 = DIRECTION('',(0.,-1.,0.));
#7070 = DIRECTION('',(0.,0.,-1.));
#7071 = ORIENTED_EDGE('',*,*,#720,.T.);
#7072 = FACE_BOUND('',#7073,.T.);
#7073 = EDGE_LOOP('',(#7074,#7075,#7076,#7077,#7078,#7079,#7080,#7081));
#7074 = ORIENTED_EDGE('',*,*,#4849,.F.);
#7075 = ORIENTED_EDGE('',*,*,#7041,.F.);
#7076 = ORIENTED_EDGE('',*,*,#6736,.T.);
#7077 = ORIENTED_EDGE('',*,*,#5342,.T.);
#7078 = ORIENTED_EDGE('',*,*,#5336,.T.);
#7079 = ORIENTED_EDGE('',*,*,#5330,.T.);
#7080 = ORIENTED_EDGE('',*,*,#5324,.T.);
#7081 = ORIENTED_EDGE('',*,*,#6853,.T.);
#7082 = PLANE('',#7083);
#7083 = AXIS2_PLACEMENT_3D('',#7084,#7085,#7086);
#7084 = CARTESIAN_POINT('',(5.684341886081E-14,7.62,50.8));
#7085 = DIRECTION('',(0.,1.,0.));
#7086 = DIRECTION('',(0.,-0.,1.));
#7087 = ADVANCED_FACE('',(#7088,#7098),#7108,.T.);
#7088 = FACE_BOUND('',#7089,.T.);
#7089 = EDGE_LOOP('',(#7090,#7097));
#7090 = ORIENTED_EDGE('',*,*,#7091,.T.);
#7091 = EDGE_CURVE('',#4560,#4558,#7092,.T.);
#7092 = CIRCLE('',#7093,3.175);
#7093 = AXIS2_PLACEMENT_3D('',#7094,#7095,#7096);
#7094 = CARTESIAN_POINT('',(212.09,152.4,12.7));
#7095 = DIRECTION('',(0.,0.,1.));
#7096 = DIRECTION('',(1.,0.,-0.));
#7097 = ORIENTED_EDGE('',*,*,#4557,.T.);
#7098 = FACE_BOUND('',#7099,.T.);
#7099 = EDGE_LOOP('',(#7100,#7101));
#7100 = ORIENTED_EDGE('',*,*,#4542,.F.);
#7101 = ORIENTED_EDGE('',*,*,#7102,.F.);
#7102 = EDGE_CURVE('',#4535,#4516,#7103,.T.);
#7103 = CIRCLE('',#7104,1.7526);
#7104 = AXIS2_PLACEMENT_3D('',#7105,#7106,#7107);
#7105 = CARTESIAN_POINT('',(212.09,152.4,12.7));
#7106 = DIRECTION('',(0.,0.,1.));
#7107 = DIRECTION('',(1.,0.,-0.));
#7108 = PLANE('',#7109);
#7109 = AXIS2_PLACEMENT_3D('',#7110,#7111,#7112);
#7110 = CARTESIAN_POINT('',(212.09,152.4,12.7));
#7111 = DIRECTION('',(0.,0.,1.));
#7112 = DIRECTION('',(1.,0.,-0.));
#7113 = ADVANCED_FACE('',(#7114),#7120,.T.);
#7114 = FACE_BOUND('',#7115,.T.);
#7115 = EDGE_LOOP('',(#7116,#7117,#7118,#7119));
#7116 = ORIENTED_EDGE('',*,*,#4568,.F.);
#7117 = ORIENTED_EDGE('',*,*,#7091,.F.);
#7118 = ORIENTED_EDGE('',*,*,#4585,.T.);
#7119 = ORIENTED_EDGE('',*,*,#4713,.T.);
#7120 = CYLINDRICAL_SURFACE('',#7121,3.175);
#7121 = AXIS2_PLACEMENT_3D('',#7122,#7123,#7124);
#7122 = CARTESIAN_POINT('',(212.09,152.4,12.7));
#7123 = DIRECTION('',(-0.,-0.,-1.));
#7124 = DIRECTION('',(-1.,0.,0.));
#7125 = ADVANCED_FACE('',(#7126),#7138,.F.);
#7126 = FACE_BOUND('',#7127,.F.);
#7127 = EDGE_LOOP('',(#7128,#7135,#7136,#7137));
#7128 = ORIENTED_EDGE('',*,*,#7129,.F.);
#7129 = EDGE_CURVE('',#4518,#4526,#7130,.T.);
#7130 = CIRCLE('',#7131,1.7526);
#7131 = AXIS2_PLACEMENT_3D('',#7132,#7133,#7134);
#7132 = CARTESIAN_POINT('',(212.09,152.4,7.62));
#7133 = DIRECTION('',(0.,0.,-1.));
#7134 = DIRECTION('',(1.,0.,0.));
#7135 = ORIENTED_EDGE('',*,*,#4515,.F.);
#7136 = ORIENTED_EDGE('',*,*,#7102,.F.);
#7137 = ORIENTED_EDGE('',*,*,#4534,.T.);
#7138 = CYLINDRICAL_SURFACE('',#7139,1.7526);
#7139 = AXIS2_PLACEMENT_3D('',#7140,#7141,#7142);
#7140 = CARTESIAN_POINT('',(212.09,152.4,12.7));
#7141 = DIRECTION('',(-0.,-0.,-1.));
#7142 = DIRECTION('',(-1.,0.,0.));
#7143 = ADVANCED_FACE('',(#7144),#7148,.T.);
#7144 = FACE_BOUND('',#7145,.T.);
#7145 = EDGE_LOOP('',(#7146,#7147));
#7146 = ORIENTED_EDGE('',*,*,#7129,.F.);
#7147 = ORIENTED_EDGE('',*,*,#4525,.F.);
#7148 = PLANE('',#7149);
#7149 = AXIS2_PLACEMENT_3D('',#7150,#7151,#7152);
#7150 = CARTESIAN_POINT('',(283.21,-101.6,7.62));
#7151 = DIRECTION('',(-0.,0.,1.));
#7152 = DIRECTION('',(1.,0.,0.));
#7153 = ADVANCED_FACE('',(#7154,#7164),#7174,.T.);
#7154 = FACE_BOUND('',#7155,.T.);
#7155 = EDGE_LOOP('',(#7156,#7163));
#7156 = ORIENTED_EDGE('',*,*,#7157,.T.);
#7157 = EDGE_CURVE('',#4476,#4474,#7158,.T.);
#7158 = CIRCLE('',#7159,3.175);
#7159 = AXIS2_PLACEMENT_3D('',#7160,#7161,#7162);
#7160 = CARTESIAN_POINT('',(212.09,94.742,12.7));
#7161 = DIRECTION('',(0.,0.,1.));
#7162 = DIRECTION('',(1.,0.,-0.));
#7163 = ORIENTED_EDGE('',*,*,#4473,.T.);
#7164 = FACE_BOUND('',#7165,.T.);
#7165 = EDGE_LOOP('',(#7166,#7167));
#7166 = ORIENTED_EDGE('',*,*,#4458,.F.);
#7167 = ORIENTED_EDGE('',*,*,#7168,.F.);
#7168 = EDGE_CURVE('',#4451,#4432,#7169,.T.);
#7169 = CIRCLE('',#7170,1.7526);
#7170 = AXIS2_PLACEMENT_3D('',#7171,#7172,#7173);
#7171 = CARTESIAN_POINT('',(212.09,94.742,12.7));
#7172 = DIRECTION('',(0.,0.,1.));
#7173 = DIRECTION('',(1.,0.,-0.));
#7174 = PLANE('',#7175);
#7175 = AXIS2_PLACEMENT_3D('',#7176,#7177,#7178);
#7176 = CARTESIAN_POINT('',(212.09,94.742,12.7));
#7177 = DIRECTION('',(0.,0.,1.));
#7178 = DIRECTION('',(1.,0.,-0.));
#7179 = ADVANCED_FACE('',(#7180),#7186,.T.);
#7180 = FACE_BOUND('',#7181,.T.);
#7181 = EDGE_LOOP('',(#7182,#7183,#7184,#7185));
#7182 = ORIENTED_EDGE('',*,*,#4484,.F.);
#7183 = ORIENTED_EDGE('',*,*,#7157,.F.);
#7184 = ORIENTED_EDGE('',*,*,#4501,.T.);
#7185 = ORIENTED_EDGE('',*,*,#4703,.T.);
#7186 = CYLINDRICAL_SURFACE('',#7187,3.175);
#7187 = AXIS2_PLACEMENT_3D('',#7188,#7189,#7190);
#7188 = CARTESIAN_POINT('',(212.09,94.742,12.7));
#7189 = DIRECTION('',(-0.,-0.,-1.));
#7190 = DIRECTION('',(-1.,0.,0.));
#7191 = ADVANCED_FACE('',(#7192),#7204,.F.);
#7192 = FACE_BOUND('',#7193,.F.);
#7193 = EDGE_LOOP('',(#7194,#7201,#7202,#7203));
#7194 = ORIENTED_EDGE('',*,*,#7195,.F.);
#7195 = EDGE_CURVE('',#4434,#4442,#7196,.T.);
#7196 = CIRCLE('',#7197,1.7526);
#7197 = AXIS2_PLACEMENT_3D('',#7198,#7199,#7200);
#7198 = CARTESIAN_POINT('',(212.09,94.742,7.62));
#7199 = DIRECTION('',(0.,0.,-1.));
#7200 = DIRECTION('',(1.,0.,0.));
#7201 = ORIENTED_EDGE('',*,*,#4431,.F.);
#7202 = ORIENTED_EDGE('',*,*,#7168,.F.);
#7203 = ORIENTED_EDGE('',*,*,#4450,.T.);
#7204 = CYLINDRICAL_SURFACE('',#7205,1.7526);
#7205 = AXIS2_PLACEMENT_3D('',#7206,#7207,#7208);
#7206 = CARTESIAN_POINT('',(212.09,94.742,12.7));
#7207 = DIRECTION('',(-0.,-0.,-1.));
#7208 = DIRECTION('',(-1.,0.,0.));
#7209 = ADVANCED_FACE('',(#7210),#7214,.T.);
#7210 = FACE_BOUND('',#7211,.T.);
#7211 = EDGE_LOOP('',(#7212,#7213));
#7212 = ORIENTED_EDGE('',*,*,#7195,.F.);
#7213 = ORIENTED_EDGE('',*,*,#4441,.F.);
#7214 = PLANE('',#7215);
#7215 = AXIS2_PLACEMENT_3D('',#7216,#7217,#7218);
#7216 = CARTESIAN_POINT('',(283.21,-101.6,7.62));
#7217 = DIRECTION('',(-0.,0.,1.));
#7218 = DIRECTION('',(1.,0.,0.));
#7219 = ADVANCED_FACE('',(#7220,#7230),#7240,.T.);
#7220 = FACE_BOUND('',#7221,.T.);
#7221 = EDGE_LOOP('',(#7222,#7229));
#7222 = ORIENTED_EDGE('',*,*,#7223,.T.);
#7223 = EDGE_CURVE('',#4392,#4390,#7224,.T.);
#7224 = CIRCLE('',#7225,3.175);
#7225 = AXIS2_PLACEMENT_3D('',#7226,#7227,#7228);
#7226 = CARTESIAN_POINT('',(163.576,94.742,12.7));
#7227 = DIRECTION('',(0.,0.,1.));
#7228 = DIRECTION('',(1.,0.,-0.));
#7229 = ORIENTED_EDGE('',*,*,#4389,.T.);
#7230 = FACE_BOUND('',#7231,.T.);
#7231 = EDGE_LOOP('',(#7232,#7233));
#7232 = ORIENTED_EDGE('',*,*,#4374,.F.);
#7233 = ORIENTED_EDGE('',*,*,#7234,.F.);
#7234 = EDGE_CURVE('',#4367,#4348,#7235,.T.);
#7235 = CIRCLE('',#7236,1.7526);
#7236 = AXIS2_PLACEMENT_3D('',#7237,#7238,#7239);
#7237 = CARTESIAN_POINT('',(163.576,94.742,12.7));
#7238 = DIRECTION('',(0.,0.,1.));
#7239 = DIRECTION('',(1.,0.,-0.));
#7240 = PLANE('',#7241);
#7241 = AXIS2_PLACEMENT_3D('',#7242,#7243,#7244);
#7242 = CARTESIAN_POINT('',(163.576,94.742,12.7));
#7243 = DIRECTION('',(0.,0.,1.));
#7244 = DIRECTION('',(1.,0.,-0.));
#7245 = ADVANCED_FACE('',(#7246),#7252,.T.);
#7246 = FACE_BOUND('',#7247,.T.);
#7247 = EDGE_LOOP('',(#7248,#7249,#7250,#7251));
#7248 = ORIENTED_EDGE('',*,*,#4400,.F.);
#7249 = ORIENTED_EDGE('',*,*,#7223,.F.);
#7250 = ORIENTED_EDGE('',*,*,#4417,.T.);
#7251 = ORIENTED_EDGE('',*,*,#4693,.T.);
#7252 = CYLINDRICAL_SURFACE('',#7253,3.175);
#7253 = AXIS2_PLACEMENT_3D('',#7254,#7255,#7256);
#7254 = CARTESIAN_POINT('',(163.576,94.742,12.7));
#7255 = DIRECTION('',(-0.,-0.,-1.));
#7256 = DIRECTION('',(-1.,0.,0.));
#7257 = ADVANCED_FACE('',(#7258),#7270,.F.);
#7258 = FACE_BOUND('',#7259,.F.);
#7259 = EDGE_LOOP('',(#7260,#7267,#7268,#7269));
#7260 = ORIENTED_EDGE('',*,*,#7261,.F.);
#7261 = EDGE_CURVE('',#4350,#4358,#7262,.T.);
#7262 = CIRCLE('',#7263,1.7526);
#7263 = AXIS2_PLACEMENT_3D('',#7264,#7265,#7266);
#7264 = CARTESIAN_POINT('',(163.576,94.742,7.62));
#7265 = DIRECTION('',(0.,0.,-1.));
#7266 = DIRECTION('',(1.,0.,0.));
#7267 = ORIENTED_EDGE('',*,*,#4347,.F.);
#7268 = ORIENTED_EDGE('',*,*,#7234,.F.);
#7269 = ORIENTED_EDGE('',*,*,#4366,.T.);
#7270 = CYLINDRICAL_SURFACE('',#7271,1.7526);
#7271 = AXIS2_PLACEMENT_3D('',#7272,#7273,#7274);
#7272 = CARTESIAN_POINT('',(163.576,94.742,12.7));
#7273 = DIRECTION('',(-0.,-0.,-1.));
#7274 = DIRECTION('',(-1.,0.,0.));
#7275 = ADVANCED_FACE('',(#7276),#7280,.T.);
#7276 = FACE_BOUND('',#7277,.T.);
#7277 = EDGE_LOOP('',(#7278,#7279));
#7278 = ORIENTED_EDGE('',*,*,#7261,.F.);
#7279 = ORIENTED_EDGE('',*,*,#4357,.F.);
#7280 = PLANE('',#7281);
#7281 = AXIS2_PLACEMENT_3D('',#7282,#7283,#7284);
#7282 = CARTESIAN_POINT('',(283.21,-101.6,7.62));
#7283 = DIRECTION('',(-0.,0.,1.));
#7284 = DIRECTION('',(1.,0.,0.));
#7285 = ADVANCED_FACE('',(#7286,#7296),#7306,.T.);
#7286 = FACE_BOUND('',#7287,.T.);
#7287 = EDGE_LOOP('',(#7288,#7295));
#7288 = ORIENTED_EDGE('',*,*,#7289,.T.);
#7289 = EDGE_CURVE('',#4308,#4306,#7290,.T.);
#7290 = CIRCLE('',#7291,3.175);
#7291 = AXIS2_PLACEMENT_3D('',#7292,#7293,#7294);
#7292 = CARTESIAN_POINT('',(163.576,152.4,12.7));
#7293 = DIRECTION('',(0.,0.,1.));
#7294 = DIRECTION('',(1.,0.,-0.));
#7295 = ORIENTED_EDGE('',*,*,#4305,.T.);
#7296 = FACE_BOUND('',#7297,.T.);
#7297 = EDGE_LOOP('',(#7298,#7299));
#7298 = ORIENTED_EDGE('',*,*,#4290,.F.);
#7299 = ORIENTED_EDGE('',*,*,#7300,.F.);
#7300 = EDGE_CURVE('',#4283,#4264,#7301,.T.);
#7301 = CIRCLE('',#7302,1.7526);
#7302 = AXIS2_PLACEMENT_3D('',#7303,#7304,#7305);
#7303 = CARTESIAN_POINT('',(163.576,152.4,12.7));
#7304 = DIRECTION('',(0.,0.,1.));
#7305 = DIRECTION('',(1.,0.,-0.));
#7306 = PLANE('',#7307);
#7307 = AXIS2_PLACEMENT_3D('',#7308,#7309,#7310);
#7308 = CARTESIAN_POINT('',(163.576,152.4,12.7));
#7309 = DIRECTION('',(0.,0.,1.));
#7310 = DIRECTION('',(1.,0.,-0.));
#7311 = ADVANCED_FACE('',(#7312),#7318,.T.);
#7312 = FACE_BOUND('',#7313,.T.);
#7313 = EDGE_LOOP('',(#7314,#7315,#7316,#7317));
#7314 = ORIENTED_EDGE('',*,*,#4316,.F.);
#7315 = ORIENTED_EDGE('',*,*,#7289,.F.);
#7316 = ORIENTED_EDGE('',*,*,#4333,.T.);
#7317 = ORIENTED_EDGE('',*,*,#4683,.T.);
#7318 = CYLINDRICAL_SURFACE('',#7319,3.175);
#7319 = AXIS2_PLACEMENT_3D('',#7320,#7321,#7322);
#7320 = CARTESIAN_POINT('',(163.576,152.4,12.7));
#7321 = DIRECTION('',(-0.,-0.,-1.));
#7322 = DIRECTION('',(-1.,0.,0.));
#7323 = ADVANCED_FACE('',(#7324),#7336,.F.);
#7324 = FACE_BOUND('',#7325,.F.);
#7325 = EDGE_LOOP('',(#7326,#7333,#7334,#7335));
#7326 = ORIENTED_EDGE('',*,*,#7327,.F.);
#7327 = EDGE_CURVE('',#4266,#4274,#7328,.T.);
#7328 = CIRCLE('',#7329,1.7526);
#7329 = AXIS2_PLACEMENT_3D('',#7330,#7331,#7332);
#7330 = CARTESIAN_POINT('',(163.576,152.4,7.62));
#7331 = DIRECTION('',(0.,0.,-1.));
#7332 = DIRECTION('',(1.,0.,0.));
#7333 = ORIENTED_EDGE('',*,*,#4263,.F.);
#7334 = ORIENTED_EDGE('',*,*,#7300,.F.);
#7335 = ORIENTED_EDGE('',*,*,#4282,.T.);
#7336 = CYLINDRICAL_SURFACE('',#7337,1.7526);
#7337 = AXIS2_PLACEMENT_3D('',#7338,#7339,#7340);
#7338 = CARTESIAN_POINT('',(163.576,152.4,12.7));
#7339 = DIRECTION('',(-0.,-0.,-1.));
#7340 = DIRECTION('',(-1.,0.,0.));
#7341 = ADVANCED_FACE('',(#7342),#7346,.T.);
#7342 = FACE_BOUND('',#7343,.T.);
#7343 = EDGE_LOOP('',(#7344,#7345));
#7344 = ORIENTED_EDGE('',*,*,#7327,.F.);
#7345 = ORIENTED_EDGE('',*,*,#4273,.F.);
#7346 = PLANE('',#7347);
#7347 = AXIS2_PLACEMENT_3D('',#7348,#7349,#7350);
#7348 = CARTESIAN_POINT('',(283.21,-101.6,7.62));
#7349 = DIRECTION('',(-0.,0.,1.));
#7350 = DIRECTION('',(1.,0.,0.));
#7351 = ADVANCED_FACE('',(#7352),#7364,.T.);
#7352 = FACE_BOUND('',#7353,.T.);
#7353 = EDGE_LOOP('',(#7354,#7355,#7362,#7363));
#7354 = ORIENTED_EDGE('',*,*,#4232,.F.);
#7355 = ORIENTED_EDGE('',*,*,#7356,.T.);
#7356 = EDGE_CURVE('',#4224,#4222,#7357,.T.);
#7357 = CIRCLE('',#7358,3.175);
#7358 = AXIS2_PLACEMENT_3D('',#7359,#7360,#7361);
#7359 = CARTESIAN_POINT('',(138.43,172.72,37.338));
#7360 = DIRECTION('',(-1.,0.,0.));
#7361 = DIRECTION('',(0.,0.,1.));
#7362 = ORIENTED_EDGE('',*,*,#4249,.T.);
#7363 = ORIENTED_EDGE('',*,*,#6944,.T.);
#7364 = CYLINDRICAL_SURFACE('',#7365,3.175);
#7365 = AXIS2_PLACEMENT_3D('',#7366,#7367,#7368);
#7366 = CARTESIAN_POINT('',(138.43,172.72,37.338));
#7367 = DIRECTION('',(-1.,0.,0.));
#7368 = DIRECTION('',(0.,0.,1.));
#7369 = ADVANCED_FACE('',(#7370,#7380),#7384,.F.);
#7370 = FACE_BOUND('',#7371,.T.);
#7371 = EDGE_LOOP('',(#7372,#7379));
#7372 = ORIENTED_EDGE('',*,*,#7373,.T.);
#7373 = EDGE_CURVE('',#4180,#4199,#7374,.T.);
#7374 = CIRCLE('',#7375,1.7526);
#7375 = AXIS2_PLACEMENT_3D('',#7376,#7377,#7378);
#7376 = CARTESIAN_POINT('',(138.43,172.72,37.338));
#7377 = DIRECTION('',(-1.,0.,0.));
#7378 = DIRECTION('',(0.,0.,1.));
#7379 = ORIENTED_EDGE('',*,*,#4206,.T.);
#7380 = FACE_BOUND('',#7381,.T.);
#7381 = EDGE_LOOP('',(#7382,#7383));
#7382 = ORIENTED_EDGE('',*,*,#4221,.F.);
#7383 = ORIENTED_EDGE('',*,*,#7356,.F.);
#7384 = PLANE('',#7385);
#7385 = AXIS2_PLACEMENT_3D('',#7386,#7387,#7388);
#7386 = CARTESIAN_POINT('',(138.43,172.72,37.338));
#7387 = DIRECTION('',(-1.,0.,0.));
#7388 = DIRECTION('',(0.,0.,1.));
#7389 = ADVANCED_FACE('',(#7390),#7402,.F.);
#7390 = FACE_BOUND('',#7391,.F.);
#7391 = EDGE_LOOP('',(#7392,#7399,#7400,#7401));
#7392 = ORIENTED_EDGE('',*,*,#7393,.T.);
#7393 = EDGE_CURVE('',#4190,#4182,#7394,.T.);
#7394 = CIRCLE('',#7395,1.7526);
#7395 = AXIS2_PLACEMENT_3D('',#7396,#7397,#7398);
#7396 = CARTESIAN_POINT('',(134.62,172.72,37.338));
#7397 = DIRECTION('',(1.,0.,0.));
#7398 = DIRECTION('',(0.,-0.,-1.));
#7399 = ORIENTED_EDGE('',*,*,#4179,.F.);
#7400 = ORIENTED_EDGE('',*,*,#7373,.T.);
#7401 = ORIENTED_EDGE('',*,*,#4198,.T.);
#7402 = CYLINDRICAL_SURFACE('',#7403,1.7526);
#7403 = AXIS2_PLACEMENT_3D('',#7404,#7405,#7406);
#7404 = CARTESIAN_POINT('',(138.43,172.72,37.338));
#7405 = DIRECTION('',(-1.,0.,0.));
#7406 = DIRECTION('',(0.,0.,1.));
#7407 = ADVANCED_FACE('',(#7408),#7412,.T.);
#7408 = FACE_BOUND('',#7409,.T.);
#7409 = EDGE_LOOP('',(#7410,#7411));
#7410 = ORIENTED_EDGE('',*,*,#4189,.T.);
#7411 = ORIENTED_EDGE('',*,*,#7393,.T.);
#7412 = PLANE('',#7413);
#7413 = AXIS2_PLACEMENT_3D('',#7414,#7415,#7416);
#7414 = CARTESIAN_POINT('',(134.62,228.6,50.8));
#7415 = DIRECTION('',(1.,0.,-0.));
#7416 = DIRECTION('',(-0.,0.,-1.));
#7417 = ADVANCED_FACE('',(#7418),#7430,.T.);
#7418 = FACE_BOUND('',#7419,.T.);
#7419 = EDGE_LOOP('',(#7420,#7421,#7428,#7429));
#7420 = ORIENTED_EDGE('',*,*,#4148,.F.);
#7421 = ORIENTED_EDGE('',*,*,#7422,.T.);
#7422 = EDGE_CURVE('',#4140,#4138,#7423,.T.);
#7423 = CIRCLE('',#7424,3.175);
#7424 = AXIS2_PLACEMENT_3D('',#7425,#7426,#7427);
#7425 = CARTESIAN_POINT('',(138.43,172.72,13.462));
#7426 = DIRECTION('',(-1.,0.,0.));
#7427 = DIRECTION('',(0.,0.,1.));
#7428 = ORIENTED_EDGE('',*,*,#4165,.T.);
#7429 = ORIENTED_EDGE('',*,*,#6934,.T.);
#7430 = CYLINDRICAL_SURFACE('',#7431,3.175);
#7431 = AXIS2_PLACEMENT_3D('',#7432,#7433,#7434);
#7432 = CARTESIAN_POINT('',(138.43,172.72,13.462));
#7433 = DIRECTION('',(-1.,0.,0.));
#7434 = DIRECTION('',(0.,0.,1.));
#7435 = ADVANCED_FACE('',(#7436,#7446),#7450,.F.);
#7436 = FACE_BOUND('',#7437,.T.);
#7437 = EDGE_LOOP('',(#7438,#7445));
#7438 = ORIENTED_EDGE('',*,*,#7439,.T.);
#7439 = EDGE_CURVE('',#4096,#4115,#7440,.T.);
#7440 = CIRCLE('',#7441,1.7526);
#7441 = AXIS2_PLACEMENT_3D('',#7442,#7443,#7444);
#7442 = CARTESIAN_POINT('',(138.43,172.72,13.462));
#7443 = DIRECTION('',(-1.,0.,0.));
#7444 = DIRECTION('',(0.,0.,1.));
#7445 = ORIENTED_EDGE('',*,*,#4122,.T.);
#7446 = FACE_BOUND('',#7447,.T.);
#7447 = EDGE_LOOP('',(#7448,#7449));
#7448 = ORIENTED_EDGE('',*,*,#4137,.F.);
#7449 = ORIENTED_EDGE('',*,*,#7422,.F.);
#7450 = PLANE('',#7451);
#7451 = AXIS2_PLACEMENT_3D('',#7452,#7453,#7454);
#7452 = CARTESIAN_POINT('',(138.43,172.72,13.462));
#7453 = DIRECTION('',(-1.,0.,0.));
#7454 = DIRECTION('',(0.,0.,1.));
#7455 = ADVANCED_FACE('',(#7456),#7468,.F.);
#7456 = FACE_BOUND('',#7457,.F.);
#7457 = EDGE_LOOP('',(#7458,#7465,#7466,#7467));
#7458 = ORIENTED_EDGE('',*,*,#7459,.T.);
#7459 = EDGE_CURVE('',#4106,#4098,#7460,.T.);
#7460 = CIRCLE('',#7461,1.7526);
#7461 = AXIS2_PLACEMENT_3D('',#7462,#7463,#7464);
#7462 = CARTESIAN_POINT('',(134.62,172.72,13.462));
#7463 = DIRECTION('',(1.,0.,0.));
#7464 = DIRECTION('',(0.,-0.,-1.));
#7465 = ORIENTED_EDGE('',*,*,#4095,.F.);
#7466 = ORIENTED_EDGE('',*,*,#7439,.T.);
#7467 = ORIENTED_EDGE('',*,*,#4114,.T.);
#7468 = CYLINDRICAL_SURFACE('',#7469,1.7526);
#7469 = AXIS2_PLACEMENT_3D('',#7470,#7471,#7472);
#7470 = CARTESIAN_POINT('',(138.43,172.72,13.462));
#7471 = DIRECTION('',(-1.,0.,0.));
#7472 = DIRECTION('',(0.,0.,1.));
#7473 = ADVANCED_FACE('',(#7474),#7478,.T.);
#7474 = FACE_BOUND('',#7475,.T.);
#7475 = EDGE_LOOP('',(#7476,#7477));
#7476 = ORIENTED_EDGE('',*,*,#4105,.T.);
#7477 = ORIENTED_EDGE('',*,*,#7459,.T.);
#7478 = PLANE('',#7479);
#7479 = AXIS2_PLACEMENT_3D('',#7480,#7481,#7482);
#7480 = CARTESIAN_POINT('',(134.62,228.6,50.8));
#7481 = DIRECTION('',(1.,0.,-0.));
#7482 = DIRECTION('',(-0.,0.,-1.));
#7483 = ADVANCED_FACE('',(#7484),#7496,.T.);
#7484 = FACE_BOUND('',#7485,.T.);
#7485 = EDGE_LOOP('',(#7486,#7487,#7494,#7495));
#7486 = ORIENTED_EDGE('',*,*,#4064,.F.);
#7487 = ORIENTED_EDGE('',*,*,#7488,.T.);
#7488 = EDGE_CURVE('',#4056,#4054,#7489,.T.);
#7489 = CIRCLE('',#7490,3.175);
#7490 = AXIS2_PLACEMENT_3D('',#7491,#7492,#7493);
#7491 = CARTESIAN_POINT('',(138.43,101.854,37.338));
#7492 = DIRECTION('',(-1.,0.,0.));
#7493 = DIRECTION('',(0.,0.,1.));
#7494 = ORIENTED_EDGE('',*,*,#4081,.T.);
#7495 = ORIENTED_EDGE('',*,*,#6924,.T.);
#7496 = CYLINDRICAL_SURFACE('',#7497,3.175);
#7497 = AXIS2_PLACEMENT_3D('',#7498,#7499,#7500);
#7498 = CARTESIAN_POINT('',(138.43,101.854,37.338));
#7499 = DIRECTION('',(-1.,0.,0.));
#7500 = DIRECTION('',(0.,0.,1.));
#7501 = ADVANCED_FACE('',(#7502,#7512),#7516,.F.);
#7502 = FACE_BOUND('',#7503,.T.);
#7503 = EDGE_LOOP('',(#7504,#7511));
#7504 = ORIENTED_EDGE('',*,*,#7505,.T.);
#7505 = EDGE_CURVE('',#4012,#4031,#7506,.T.);
#7506 = CIRCLE('',#7507,1.7526);
#7507 = AXIS2_PLACEMENT_3D('',#7508,#7509,#7510);
#7508 = CARTESIAN_POINT('',(138.43,101.854,37.338));
#7509 = DIRECTION('',(-1.,0.,0.));
#7510 = DIRECTION('',(0.,0.,1.));
#7511 = ORIENTED_EDGE('',*,*,#4038,.T.);
#7512 = FACE_BOUND('',#7513,.T.);
#7513 = EDGE_LOOP('',(#7514,#7515));
#7514 = ORIENTED_EDGE('',*,*,#4053,.F.);
#7515 = ORIENTED_EDGE('',*,*,#7488,.F.);
#7516 = PLANE('',#7517);
#7517 = AXIS2_PLACEMENT_3D('',#7518,#7519,#7520);
#7518 = CARTESIAN_POINT('',(138.43,101.854,37.338));
#7519 = DIRECTION('',(-1.,0.,0.));
#7520 = DIRECTION('',(0.,0.,1.));
#7521 = ADVANCED_FACE('',(#7522),#7534,.F.);
#7522 = FACE_BOUND('',#7523,.F.);
#7523 = EDGE_LOOP('',(#7524,#7531,#7532,#7533));
#7524 = ORIENTED_EDGE('',*,*,#7525,.T.);
#7525 = EDGE_CURVE('',#4022,#4014,#7526,.T.);
#7526 = CIRCLE('',#7527,1.7526);
#7527 = AXIS2_PLACEMENT_3D('',#7528,#7529,#7530);
#7528 = CARTESIAN_POINT('',(134.62,101.854,37.338));
#7529 = DIRECTION('',(1.,0.,0.));
#7530 = DIRECTION('',(0.,-0.,-1.));
#7531 = ORIENTED_EDGE('',*,*,#4011,.F.);
#7532 = ORIENTED_EDGE('',*,*,#7505,.T.);
#7533 = ORIENTED_EDGE('',*,*,#4030,.T.);
#7534 = CYLINDRICAL_SURFACE('',#7535,1.7526);
#7535 = AXIS2_PLACEMENT_3D('',#7536,#7537,#7538);
#7536 = CARTESIAN_POINT('',(138.43,101.854,37.338));
#7537 = DIRECTION('',(-1.,0.,0.));
#7538 = DIRECTION('',(0.,0.,1.));
#7539 = ADVANCED_FACE('',(#7540),#7544,.T.);
#7540 = FACE_BOUND('',#7541,.T.);
#7541 = EDGE_LOOP('',(#7542,#7543));
#7542 = ORIENTED_EDGE('',*,*,#4021,.T.);
#7543 = ORIENTED_EDGE('',*,*,#7525,.T.);
#7544 = PLANE('',#7545);
#7545 = AXIS2_PLACEMENT_3D('',#7546,#7547,#7548);
#7546 = CARTESIAN_POINT('',(134.62,228.6,50.8));
#7547 = DIRECTION('',(1.,0.,-0.));
#7548 = DIRECTION('',(-0.,0.,-1.));
#7549 = ADVANCED_FACE('',(#7550),#7562,.T.);
#7550 = FACE_BOUND('',#7551,.T.);
#7551 = EDGE_LOOP('',(#7552,#7553,#7560,#7561));
#7552 = ORIENTED_EDGE('',*,*,#3980,.F.);
#7553 = ORIENTED_EDGE('',*,*,#7554,.T.);
#7554 = EDGE_CURVE('',#3972,#3970,#7555,.T.);
#7555 = CIRCLE('',#7556,3.175);
#7556 = AXIS2_PLACEMENT_3D('',#7557,#7558,#7559);
#7557 = CARTESIAN_POINT('',(138.43,101.854,13.462));
#7558 = DIRECTION('',(-1.,0.,0.));
#7559 = DIRECTION('',(0.,0.,1.));
#7560 = ORIENTED_EDGE('',*,*,#3997,.T.);
#7561 = ORIENTED_EDGE('',*,*,#6914,.T.);
#7562 = CYLINDRICAL_SURFACE('',#7563,3.175);
#7563 = AXIS2_PLACEMENT_3D('',#7564,#7565,#7566);
#7564 = CARTESIAN_POINT('',(138.43,101.854,13.462));
#7565 = DIRECTION('',(-1.,0.,0.));
#7566 = DIRECTION('',(0.,0.,1.));
#7567 = ADVANCED_FACE('',(#7568,#7578),#7582,.F.);
#7568 = FACE_BOUND('',#7569,.T.);
#7569 = EDGE_LOOP('',(#7570,#7577));
#7570 = ORIENTED_EDGE('',*,*,#7571,.T.);
#7571 = EDGE_CURVE('',#3928,#3947,#7572,.T.);
#7572 = CIRCLE('',#7573,1.7526);
#7573 = AXIS2_PLACEMENT_3D('',#7574,#7575,#7576);
#7574 = CARTESIAN_POINT('',(138.43,101.854,13.462));
#7575 = DIRECTION('',(-1.,0.,0.));
#7576 = DIRECTION('',(0.,0.,1.));
#7577 = ORIENTED_EDGE('',*,*,#3954,.T.);
#7578 = FACE_BOUND('',#7579,.T.);
#7579 = EDGE_LOOP('',(#7580,#7581));
#7580 = ORIENTED_EDGE('',*,*,#3969,.F.);
#7581 = ORIENTED_EDGE('',*,*,#7554,.F.);
#7582 = PLANE('',#7583);
#7583 = AXIS2_PLACEMENT_3D('',#7584,#7585,#7586);
#7584 = CARTESIAN_POINT('',(138.43,101.854,13.462));
#7585 = DIRECTION('',(-1.,0.,0.));
#7586 = DIRECTION('',(0.,0.,1.));
#7587 = ADVANCED_FACE('',(#7588),#7600,.F.);
#7588 = FACE_BOUND('',#7589,.F.);
#7589 = EDGE_LOOP('',(#7590,#7597,#7598,#7599));
#7590 = ORIENTED_EDGE('',*,*,#7591,.T.);
#7591 = EDGE_CURVE('',#3938,#3930,#7592,.T.);
#7592 = CIRCLE('',#7593,1.7526);
#7593 = AXIS2_PLACEMENT_3D('',#7594,#7595,#7596);
#7594 = CARTESIAN_POINT('',(134.62,101.854,13.462));
#7595 = DIRECTION('',(1.,0.,0.));
#7596 = DIRECTION('',(0.,-0.,-1.));
#7597 = ORIENTED_EDGE('',*,*,#3927,.F.);
#7598 = ORIENTED_EDGE('',*,*,#7571,.T.);
#7599 = ORIENTED_EDGE('',*,*,#3946,.T.);
#7600 = CYLINDRICAL_SURFACE('',#7601,1.7526);
#7601 = AXIS2_PLACEMENT_3D('',#7602,#7603,#7604);
#7602 = CARTESIAN_POINT('',(138.43,101.854,13.462));
#7603 = DIRECTION('',(-1.,0.,0.));
#7604 = DIRECTION('',(0.,0.,1.));
#7605 = ADVANCED_FACE('',(#7606),#7610,.T.);
#7606 = FACE_BOUND('',#7607,.T.);
#7607 = EDGE_LOOP('',(#7608,#7609));
#7608 = ORIENTED_EDGE('',*,*,#3937,.T.);
#7609 = ORIENTED_EDGE('',*,*,#7591,.T.);
#7610 = PLANE('',#7611);
#7611 = AXIS2_PLACEMENT_3D('',#7612,#7613,#7614);
#7612 = CARTESIAN_POINT('',(134.62,228.6,50.8));
#7613 = DIRECTION('',(1.,0.,-0.));
#7614 = DIRECTION('',(-0.,0.,-1.));
#7615 = ADVANCED_FACE('',(#7616,#7626,#7636,#7646),#7652,.F.);
#7616 = FACE_BOUND('',#7617,.T.);
#7617 = EDGE_LOOP('',(#7618,#7625));
#7618 = ORIENTED_EDGE('',*,*,#7619,.F.);
#7619 = EDGE_CURVE('',#3804,#3812,#7620,.T.);
#7620 = CIRCLE('',#7621,3.175);
#7621 = AXIS2_PLACEMENT_3D('',#7622,#7623,#7624);
#7622 = CARTESIAN_POINT('',(152.4,223.52,38.1));
#7623 = DIRECTION('',(0.,1.,0.));
#7624 = DIRECTION('',(0.,-0.,1.));
#7625 = ORIENTED_EDGE('',*,*,#3811,.F.);
#7626 = FACE_BOUND('',#7627,.T.);
#7627 = EDGE_LOOP('',(#7628,#7635));
#7628 = ORIENTED_EDGE('',*,*,#7629,.F.);
#7629 = EDGE_CURVE('',#3846,#3854,#7630,.T.);
#7630 = CIRCLE('',#7631,3.175);
#7631 = AXIS2_PLACEMENT_3D('',#7632,#7633,#7634);
#7632 = CARTESIAN_POINT('',(152.4,223.52,12.7));
#7633 = DIRECTION('',(0.,1.,0.));
#7634 = DIRECTION('',(0.,-0.,1.));
#7635 = ORIENTED_EDGE('',*,*,#3853,.F.);
#7636 = FACE_BOUND('',#7637,.T.);
#7637 = EDGE_LOOP('',(#7638,#7645));
#7638 = ORIENTED_EDGE('',*,*,#7639,.F.);
#7639 = EDGE_CURVE('',#3888,#3896,#7640,.T.);
#7640 = CIRCLE('',#7641,3.175);
#7641 = AXIS2_PLACEMENT_3D('',#7642,#7643,#7644);
#7642 = CARTESIAN_POINT('',(152.4,223.52,25.4));
#7643 = DIRECTION('',(0.,1.,0.));
#7644 = DIRECTION('',(0.,-0.,1.));
#7645 = ORIENTED_EDGE('',*,*,#3895,.F.);
#7646 = FACE_BOUND('',#7647,.T.);
#7647 = EDGE_LOOP('',(#7648,#7649,#7650,#7651));
#7648 = ORIENTED_EDGE('',*,*,#6722,.T.);
#7649 = ORIENTED_EDGE('',*,*,#6448,.F.);
#7650 = ORIENTED_EDGE('',*,*,#6833,.F.);
#7651 = ORIENTED_EDGE('',*,*,#6488,.T.);
#7652 = PLANE('',#7653);
#7653 = AXIS2_PLACEMENT_3D('',#7654,#7655,#7656);
#7654 = CARTESIAN_POINT('',(127.,223.52,0.));
#7655 = DIRECTION('',(0.,-1.,0.));
#7656 = DIRECTION('',(0.,-0.,-1.));
#7657 = ADVANCED_FACE('',(#7658),#7664,.F.);
#7658 = FACE_BOUND('',#7659,.F.);
#7659 = EDGE_LOOP('',(#7660,#7661,#7662,#7663));
#7660 = ORIENTED_EDGE('',*,*,#7639,.F.);
#7661 = ORIENTED_EDGE('',*,*,#3885,.F.);
#7662 = ORIENTED_EDGE('',*,*,#6888,.F.);
#7663 = ORIENTED_EDGE('',*,*,#3904,.T.);
#7664 = CYLINDRICAL_SURFACE('',#7665,3.175);
#7665 = AXIS2_PLACEMENT_3D('',#7666,#7667,#7668);
#7666 = CARTESIAN_POINT('',(152.4,208.28,25.4));
#7667 = DIRECTION('',(-0.,1.,-0.));
#7668 = DIRECTION('',(0.,0.,1.));
#7669 = ADVANCED_FACE('',(#7670),#7676,.F.);
#7670 = FACE_BOUND('',#7671,.F.);
#7671 = EDGE_LOOP('',(#7672,#7673,#7674,#7675));
#7672 = ORIENTED_EDGE('',*,*,#7629,.F.);
#7673 = ORIENTED_EDGE('',*,*,#3843,.F.);
#7674 = ORIENTED_EDGE('',*,*,#6878,.F.);
#7675 = ORIENTED_EDGE('',*,*,#3862,.T.);
#7676 = CYLINDRICAL_SURFACE('',#7677,3.175);
#7677 = AXIS2_PLACEMENT_3D('',#7678,#7679,#7680);
#7678 = CARTESIAN_POINT('',(152.4,208.28,12.7));
#7679 = DIRECTION('',(-0.,1.,-0.));
#7680 = DIRECTION('',(0.,0.,1.));
#7681 = ADVANCED_FACE('',(#7682),#7688,.F.);
#7682 = FACE_BOUND('',#7683,.F.);
#7683 = EDGE_LOOP('',(#7684,#7685,#7686,#7687));
#7684 = ORIENTED_EDGE('',*,*,#7619,.F.);
#7685 = ORIENTED_EDGE('',*,*,#3801,.F.);
#7686 = ORIENTED_EDGE('',*,*,#6868,.F.);
#7687 = ORIENTED_EDGE('',*,*,#3820,.T.);
#7688 = CYLINDRICAL_SURFACE('',#7689,3.175);
#7689 = AXIS2_PLACEMENT_3D('',#7690,#7691,#7692);
#7690 = CARTESIAN_POINT('',(152.4,208.28,38.1));
#7691 = DIRECTION('',(-0.,1.,-0.));
#7692 = DIRECTION('',(0.,0.,1.));
#7693 = ADVANCED_FACE('',(#7694),#7710,.F.);
#7694 = FACE_BOUND('',#7695,.T.);
#7695 = EDGE_LOOP('',(#7696,#7697,#7703,#7704));
#7696 = ORIENTED_EDGE('',*,*,#6414,.T.);
#7697 = ORIENTED_EDGE('',*,*,#7698,.F.);
#7698 = EDGE_CURVE('',#5667,#6405,#7699,.T.);
#7699 = LINE('',#7700,#7701);
#7700 = CARTESIAN_POINT('',(220.98,93.98,22.86));
#7701 = VECTOR('',#7702,1.);
#7702 = DIRECTION('',(1.,6.070773319254E-17,-0.));
#7703 = ORIENTED_EDGE('',*,*,#5664,.F.);
#7704 = ORIENTED_EDGE('',*,*,#7705,.T.);
#7705 = EDGE_CURVE('',#5665,#6415,#7706,.T.);
#7706 = LINE('',#7707,#7708);
#7707 = CARTESIAN_POINT('',(220.98,152.4,22.86));
#7708 = VECTOR('',#7709,1.);
#7709 = DIRECTION('',(1.,6.070773319254E-17,-0.));
#7710 = PLANE('',#7711);
#7711 = AXIS2_PLACEMENT_3D('',#7712,#7713,#7714);
#7712 = CARTESIAN_POINT('',(220.98,152.4,22.86));
#7713 = DIRECTION('',(7.210621700954E-33,-1.187759997245E-16,1.));
#7714 = DIRECTION('',(0.,-1.,-1.187759997245E-16));
#7715 = ADVANCED_FACE('',(#7716),#7727,.F.);
#7716 = FACE_BOUND('',#7717,.T.);
#7717 = EDGE_LOOP('',(#7718,#7719,#7720,#7721));
#7718 = ORIENTED_EDGE('',*,*,#6422,.T.);
#7719 = ORIENTED_EDGE('',*,*,#7705,.F.);
#7720 = ORIENTED_EDGE('',*,*,#5690,.F.);
#7721 = ORIENTED_EDGE('',*,*,#7722,.T.);
#7722 = EDGE_CURVE('',#5683,#6423,#7723,.T.);
#7723 = LINE('',#7724,#7725);
#7724 = CARTESIAN_POINT('',(220.98,152.4,12.7));
#7725 = VECTOR('',#7726,1.);
#7726 = DIRECTION('',(1.,6.070773319254E-17,-0.));
#7727 = PLANE('',#7728);
#7728 = AXIS2_PLACEMENT_3D('',#7729,#7730,#7731);
#7729 = CARTESIAN_POINT('',(220.98,152.4,22.86));
#7730 = DIRECTION('',(-6.070773319254E-17,1.,0.));
#7731 = DIRECTION('',(-1.,-6.070773319254E-17,0.));
#7732 = ADVANCED_FACE('',(#7733),#7744,.F.);
#7733 = FACE_BOUND('',#7734,.T.);
#7734 = EDGE_LOOP('',(#7735,#7736,#7737,#7738));
#7735 = ORIENTED_EDGE('',*,*,#6430,.T.);
#7736 = ORIENTED_EDGE('',*,*,#7722,.F.);
#7737 = ORIENTED_EDGE('',*,*,#5682,.F.);
#7738 = ORIENTED_EDGE('',*,*,#7739,.T.);
#7739 = EDGE_CURVE('',#5675,#6407,#7740,.T.);
#7740 = LINE('',#7741,#7742);
#7741 = CARTESIAN_POINT('',(220.98,93.98,12.7));
#7742 = VECTOR('',#7743,1.);
#7743 = DIRECTION('',(1.,6.070773319254E-17,-0.));
#7744 = PLANE('',#7745);
#7745 = AXIS2_PLACEMENT_3D('',#7746,#7747,#7748);
#7746 = CARTESIAN_POINT('',(220.98,152.4,12.7));
#7747 = DIRECTION('',(-9.013277126193E-33,1.484699996557E-16,-1.));
#7748 = DIRECTION('',(0.,1.,1.484699996557E-16));
#7749 = ADVANCED_FACE('',(#7750),#7756,.F.);
#7750 = FACE_BOUND('',#7751,.T.);
#7751 = EDGE_LOOP('',(#7752,#7753,#7754,#7755));
#7752 = ORIENTED_EDGE('',*,*,#6404,.T.);
#7753 = ORIENTED_EDGE('',*,*,#7739,.F.);
#7754 = ORIENTED_EDGE('',*,*,#5674,.F.);
#7755 = ORIENTED_EDGE('',*,*,#7698,.T.);
#7756 = PLANE('',#7757);
#7757 = AXIS2_PLACEMENT_3D('',#7758,#7759,#7760);
#7758 = CARTESIAN_POINT('',(220.98,93.98,22.86));
#7759 = DIRECTION('',(6.070773319254E-17,-1.,0.));
#7760 = DIRECTION('',(1.,6.070773319254E-17,0.));
#7761 = ADVANCED_FACE('',(#7762),#7768,.F.);
#7762 = FACE_BOUND('',#7763,.F.);
#7763 = EDGE_LOOP('',(#7764,#7765,#7766,#7767));
#7764 = ORIENTED_EDGE('',*,*,#6394,.F.);
#7765 = ORIENTED_EDGE('',*,*,#3761,.F.);
#7766 = ORIENTED_EDGE('',*,*,#5300,.T.);
#7767 = ORIENTED_EDGE('',*,*,#3778,.T.);
#7768 = CYLINDRICAL_SURFACE('',#7769,2.54);
#7769 = AXIS2_PLACEMENT_3D('',#7770,#7771,#7772);
#7770 = CARTESIAN_POINT('',(220.98,71.12,10.159999999999));
#7771 = DIRECTION('',(1.,6.070773319254E-17,-0.));
#7772 = DIRECTION('',(-6.070773319254E-17,1.,0.));
#7773 = ADVANCED_FACE('',(#7774),#7780,.F.);
#7774 = FACE_BOUND('',#7775,.F.);
#7775 = EDGE_LOOP('',(#7776,#7777,#7778,#7779));
#7776 = ORIENTED_EDGE('',*,*,#6384,.F.);
#7777 = ORIENTED_EDGE('',*,*,#3708,.F.);
#7778 = ORIENTED_EDGE('',*,*,#5654,.T.);
#7779 = ORIENTED_EDGE('',*,*,#3727,.T.);
#7780 = CYLINDRICAL_SURFACE('',#7781,2.54);
#7781 = AXIS2_PLACEMENT_3D('',#7782,#7783,#7784);
#7782 = CARTESIAN_POINT('',(220.98,71.12,20.319999999999));
#7783 = DIRECTION('',(1.,6.070773319254E-17,-0.));
#7784 = DIRECTION('',(-6.070773319254E-17,1.,0.));
#7785 = ADVANCED_FACE('',(#7786),#7792,.F.);
#7786 = FACE_BOUND('',#7787,.F.);
#7787 = EDGE_LOOP('',(#7788,#7789,#7790,#7791));
#7788 = ORIENTED_EDGE('',*,*,#6374,.F.);
#7789 = ORIENTED_EDGE('',*,*,#3666,.F.);
#7790 = ORIENTED_EDGE('',*,*,#5644,.T.);
#7791 = ORIENTED_EDGE('',*,*,#3685,.T.);
#7792 = CYLINDRICAL_SURFACE('',#7793,2.54);
#7793 = AXIS2_PLACEMENT_3D('',#7794,#7795,#7796);
#7794 = CARTESIAN_POINT('',(220.98,91.44,30.479999999999));
#7795 = DIRECTION('',(1.,6.070773319254E-17,-0.));
#7796 = DIRECTION('',(-6.070773319254E-17,1.,0.));
#7797 = ADVANCED_FACE('',(#7798),#7804,.F.);
#7798 = FACE_BOUND('',#7799,.F.);
#7799 = EDGE_LOOP('',(#7800,#7801,#7802,#7803));
#7800 = ORIENTED_EDGE('',*,*,#6364,.F.);
#7801 = ORIENTED_EDGE('',*,*,#3624,.F.);
#7802 = ORIENTED_EDGE('',*,*,#5634,.T.);
#7803 = ORIENTED_EDGE('',*,*,#3643,.T.);
#7804 = CYLINDRICAL_SURFACE('',#7805,2.54);
#7805 = AXIS2_PLACEMENT_3D('',#7806,#7807,#7808);
#7806 = CARTESIAN_POINT('',(220.98,101.6,30.479999999999));
#7807 = DIRECTION('',(1.,6.070773319254E-17,-0.));
#7808 = DIRECTION('',(-6.070773319254E-17,1.,0.));
#7809 = ADVANCED_FACE('',(#7810),#7816,.F.);
#7810 = FACE_BOUND('',#7811,.F.);
#7811 = EDGE_LOOP('',(#7812,#7813,#7814,#7815));
#7812 = ORIENTED_EDGE('',*,*,#6354,.F.);
#7813 = ORIENTED_EDGE('',*,*,#3582,.F.);
#7814 = ORIENTED_EDGE('',*,*,#5624,.T.);
#7815 = ORIENTED_EDGE('',*,*,#3601,.T.);
#7816 = CYLINDRICAL_SURFACE('',#7817,2.54);
#7817 = AXIS2_PLACEMENT_3D('',#7818,#7819,#7820);
#7818 = CARTESIAN_POINT('',(220.98,81.28,20.319999999999));
#7819 = DIRECTION('',(1.,6.070773319254E-17,-0.));
#7820 = DIRECTION('',(-6.070773319254E-17,1.,0.));
#7821 = ADVANCED_FACE('',(#7822),#7828,.F.);
#7822 = FACE_BOUND('',#7823,.F.);
#7823 = EDGE_LOOP('',(#7824,#7825,#7826,#7827));
#7824 = ORIENTED_EDGE('',*,*,#6344,.F.);
#7825 = ORIENTED_EDGE('',*,*,#3540,.F.);
#7826 = ORIENTED_EDGE('',*,*,#5614,.T.);
#7827 = ORIENTED_EDGE('',*,*,#3559,.T.);
#7828 = CYLINDRICAL_SURFACE('',#7829,2.54);
#7829 = AXIS2_PLACEMENT_3D('',#7830,#7831,#7832);
#7830 = CARTESIAN_POINT('',(220.98,81.28,30.479999999999));
#7831 = DIRECTION('',(1.,6.070773319254E-17,-0.));
#7832 = DIRECTION('',(-6.070773319254E-17,1.,0.));
#7833 = ADVANCED_FACE('',(#7834),#7840,.F.);
#7834 = FACE_BOUND('',#7835,.F.);
#7835 = EDGE_LOOP('',(#7836,#7837,#7838,#7839));
#7836 = ORIENTED_EDGE('',*,*,#6334,.F.);
#7837 = ORIENTED_EDGE('',*,*,#3498,.F.);
#7838 = ORIENTED_EDGE('',*,*,#5604,.T.);
#7839 = ORIENTED_EDGE('',*,*,#3517,.T.);
#7840 = CYLINDRICAL_SURFACE('',#7841,2.54);
#7841 = AXIS2_PLACEMENT_3D('',#7842,#7843,#7844);
#7842 = CARTESIAN_POINT('',(220.98,203.2,30.48));
#7843 = DIRECTION('',(1.,6.070773319254E-17,-0.));
#7844 = DIRECTION('',(-6.070773319254E-17,1.,0.));
#7845 = ADVANCED_FACE('',(#7846),#7852,.F.);
#7846 = FACE_BOUND('',#7847,.F.);
#7847 = EDGE_LOOP('',(#7848,#7849,#7850,#7851));
#7848 = ORIENTED_EDGE('',*,*,#6324,.F.);
#7849 = ORIENTED_EDGE('',*,*,#3456,.F.);
#7850 = ORIENTED_EDGE('',*,*,#5594,.T.);
#7851 = ORIENTED_EDGE('',*,*,#3475,.T.);
#7852 = CYLINDRICAL_SURFACE('',#7853,2.54);
#7853 = AXIS2_PLACEMENT_3D('',#7854,#7855,#7856);
#7854 = CARTESIAN_POINT('',(220.98,203.2,20.32));
#7855 = DIRECTION('',(1.,6.070773319254E-17,-0.));
#7856 = DIRECTION('',(-6.070773319254E-17,1.,0.));
#7857 = ADVANCED_FACE('',(#7858),#7864,.F.);
#7858 = FACE_BOUND('',#7859,.F.);
#7859 = EDGE_LOOP('',(#7860,#7861,#7862,#7863));
#7860 = ORIENTED_EDGE('',*,*,#6314,.F.);
#7861 = ORIENTED_EDGE('',*,*,#3414,.F.);
#7862 = ORIENTED_EDGE('',*,*,#5584,.T.);
#7863 = ORIENTED_EDGE('',*,*,#3433,.T.);
#7864 = CYLINDRICAL_SURFACE('',#7865,2.54);
#7865 = AXIS2_PLACEMENT_3D('',#7866,#7867,#7868);
#7866 = CARTESIAN_POINT('',(220.98,121.92,40.639999999999));
#7867 = DIRECTION('',(1.,6.070773319254E-17,-0.));
#7868 = DIRECTION('',(-6.070773319254E-17,1.,0.));
#7869 = ADVANCED_FACE('',(#7870),#7876,.F.);
#7870 = FACE_BOUND('',#7871,.F.);
#7871 = EDGE_LOOP('',(#7872,#7873,#7874,#7875));
#7872 = ORIENTED_EDGE('',*,*,#6304,.F.);
#7873 = ORIENTED_EDGE('',*,*,#3372,.F.);
#7874 = ORIENTED_EDGE('',*,*,#5574,.T.);
#7875 = ORIENTED_EDGE('',*,*,#3391,.T.);
#7876 = CYLINDRICAL_SURFACE('',#7877,2.54);
#7877 = AXIS2_PLACEMENT_3D('',#7878,#7879,#7880);
#7878 = CARTESIAN_POINT('',(220.98,111.76,40.639999999999));
#7879 = DIRECTION('',(1.,6.070773319254E-17,-0.));
#7880 = DIRECTION('',(-6.070773319254E-17,1.,0.));
#7881 = ADVANCED_FACE('',(#7882),#7888,.F.);
#7882 = FACE_BOUND('',#7883,.F.);
#7883 = EDGE_LOOP('',(#7884,#7885,#7886,#7887));
#7884 = ORIENTED_EDGE('',*,*,#6294,.F.);
#7885 = ORIENTED_EDGE('',*,*,#3330,.F.);
#7886 = ORIENTED_EDGE('',*,*,#5564,.T.);
#7887 = ORIENTED_EDGE('',*,*,#3349,.T.);
#7888 = CYLINDRICAL_SURFACE('',#7889,2.54);
#7889 = AXIS2_PLACEMENT_3D('',#7890,#7891,#7892);
#7890 = CARTESIAN_POINT('',(220.98,142.24,40.639999999999));
#7891 = DIRECTION('',(1.,6.070773319254E-17,-0.));
#7892 = DIRECTION('',(-6.070773319254E-17,1.,0.));
#7893 = ADVANCED_FACE('',(#7894),#7900,.F.);
#7894 = FACE_BOUND('',#7895,.F.);
#7895 = EDGE_LOOP('',(#7896,#7897,#7898,#7899));
#7896 = ORIENTED_EDGE('',*,*,#6284,.F.);
#7897 = ORIENTED_EDGE('',*,*,#3288,.F.);
#7898 = ORIENTED_EDGE('',*,*,#5554,.T.);
#7899 = ORIENTED_EDGE('',*,*,#3307,.T.);
#7900 = CYLINDRICAL_SURFACE('',#7901,2.54);
#7901 = AXIS2_PLACEMENT_3D('',#7902,#7903,#7904);
#7902 = CARTESIAN_POINT('',(220.98,132.08,40.639999999999));
#7903 = DIRECTION('',(1.,6.070773319254E-17,-0.));
#7904 = DIRECTION('',(-6.070773319254E-17,1.,0.));
#7905 = ADVANCED_FACE('',(#7906),#7912,.F.);
#7906 = FACE_BOUND('',#7907,.F.);
#7907 = EDGE_LOOP('',(#7908,#7909,#7910,#7911));
#7908 = ORIENTED_EDGE('',*,*,#6274,.F.);
#7909 = ORIENTED_EDGE('',*,*,#3246,.F.);
#7910 = ORIENTED_EDGE('',*,*,#5544,.T.);
#7911 = ORIENTED_EDGE('',*,*,#3265,.T.);
#7912 = CYLINDRICAL_SURFACE('',#7913,2.54);
#7913 = AXIS2_PLACEMENT_3D('',#7914,#7915,#7916);
#7914 = CARTESIAN_POINT('',(220.98,81.28,40.639999999999));
#7915 = DIRECTION('',(1.,6.070773319254E-17,-0.));
#7916 = DIRECTION('',(-6.070773319254E-17,1.,0.));
#7917 = ADVANCED_FACE('',(#7918),#7924,.F.);
#7918 = FACE_BOUND('',#7919,.F.);
#7919 = EDGE_LOOP('',(#7920,#7921,#7922,#7923));
#7920 = ORIENTED_EDGE('',*,*,#6264,.F.);
#7921 = ORIENTED_EDGE('',*,*,#3204,.F.);
#7922 = ORIENTED_EDGE('',*,*,#5534,.T.);
#7923 = ORIENTED_EDGE('',*,*,#3223,.T.);
#7924 = CYLINDRICAL_SURFACE('',#7925,2.54);
#7925 = AXIS2_PLACEMENT_3D('',#7926,#7927,#7928);
#7926 = CARTESIAN_POINT('',(220.98,71.12,40.639999999999));
#7927 = DIRECTION('',(1.,6.070773319254E-17,-0.));
#7928 = DIRECTION('',(-6.070773319254E-17,1.,0.));
#7929 = ADVANCED_FACE('',(#7930),#7936,.F.);
#7930 = FACE_BOUND('',#7931,.F.);
#7931 = EDGE_LOOP('',(#7932,#7933,#7934,#7935));
#7932 = ORIENTED_EDGE('',*,*,#6254,.F.);
#7933 = ORIENTED_EDGE('',*,*,#3164,.F.);
#7934 = ORIENTED_EDGE('',*,*,#5256,.T.);
#7935 = ORIENTED_EDGE('',*,*,#3181,.T.);
#7936 = CYLINDRICAL_SURFACE('',#7937,2.54);
#7937 = AXIS2_PLACEMENT_3D('',#7938,#7939,#7940);
#7938 = CARTESIAN_POINT('',(220.98,182.88,10.16));
#7939 = DIRECTION('',(1.,6.070773319254E-17,-0.));
#7940 = DIRECTION('',(-6.070773319254E-17,1.,0.));
#7941 = ADVANCED_FACE('',(#7942),#7948,.F.);
#7942 = FACE_BOUND('',#7943,.F.);
#7943 = EDGE_LOOP('',(#7944,#7945,#7946,#7947));
#7944 = ORIENTED_EDGE('',*,*,#6244,.F.);
#7945 = ORIENTED_EDGE('',*,*,#3111,.F.);
#7946 = ORIENTED_EDGE('',*,*,#5524,.T.);
#7947 = ORIENTED_EDGE('',*,*,#3130,.T.);
#7948 = CYLINDRICAL_SURFACE('',#7949,2.54);
#7949 = AXIS2_PLACEMENT_3D('',#7950,#7951,#7952);
#7950 = CARTESIAN_POINT('',(220.98,172.72,30.48));
#7951 = DIRECTION('',(1.,6.070773319254E-17,-0.));
#7952 = DIRECTION('',(-6.070773319254E-17,1.,0.));
#7953 = ADVANCED_FACE('',(#7954),#7960,.F.);
#7954 = FACE_BOUND('',#7955,.F.);
#7955 = EDGE_LOOP('',(#7956,#7957,#7958,#7959));
#7956 = ORIENTED_EDGE('',*,*,#6234,.F.);
#7957 = ORIENTED_EDGE('',*,*,#3069,.F.);
#7958 = ORIENTED_EDGE('',*,*,#5514,.T.);
#7959 = ORIENTED_EDGE('',*,*,#3088,.T.);
#7960 = CYLINDRICAL_SURFACE('',#7961,2.54);
#7961 = AXIS2_PLACEMENT_3D('',#7962,#7963,#7964);
#7962 = CARTESIAN_POINT('',(220.98,213.36,20.32));
#7963 = DIRECTION('',(1.,6.070773319254E-17,-0.));
#7964 = DIRECTION('',(-6.070773319254E-17,1.,0.));
#7965 = ADVANCED_FACE('',(#7966),#7972,.F.);
#7966 = FACE_BOUND('',#7967,.F.);
#7967 = EDGE_LOOP('',(#7968,#7969,#7970,#7971));
#7968 = ORIENTED_EDGE('',*,*,#6224,.F.);
#7969 = ORIENTED_EDGE('',*,*,#3029,.F.);
#7970 = ORIENTED_EDGE('',*,*,#5223,.T.);
#7971 = ORIENTED_EDGE('',*,*,#3046,.T.);
#7972 = CYLINDRICAL_SURFACE('',#7973,2.54);
#7973 = AXIS2_PLACEMENT_3D('',#7974,#7975,#7976);
#7974 = CARTESIAN_POINT('',(220.98,213.36,10.16));
#7975 = DIRECTION('',(1.,6.070773319254E-17,-0.));
#7976 = DIRECTION('',(-6.070773319254E-17,1.,0.));
#7977 = ADVANCED_FACE('',(#7978),#7984,.F.);
#7978 = FACE_BOUND('',#7979,.F.);
#7979 = EDGE_LOOP('',(#7980,#7981,#7982,#7983));
#7980 = ORIENTED_EDGE('',*,*,#6214,.F.);
#7981 = ORIENTED_EDGE('',*,*,#2976,.F.);
#7982 = ORIENTED_EDGE('',*,*,#5504,.T.);
#7983 = ORIENTED_EDGE('',*,*,#2995,.T.);
#7984 = CYLINDRICAL_SURFACE('',#7985,2.54);
#7985 = AXIS2_PLACEMENT_3D('',#7986,#7987,#7988);
#7986 = CARTESIAN_POINT('',(220.98,213.36,40.64));
#7987 = DIRECTION('',(1.,6.070773319254E-17,-0.));
#7988 = DIRECTION('',(-6.070773319254E-17,1.,0.));
#7989 = ADVANCED_FACE('',(#7990),#7996,.F.);
#7990 = FACE_BOUND('',#7991,.F.);
#7991 = EDGE_LOOP('',(#7992,#7993,#7994,#7995));
#7992 = ORIENTED_EDGE('',*,*,#6204,.F.);
#7993 = ORIENTED_EDGE('',*,*,#2934,.F.);
#7994 = ORIENTED_EDGE('',*,*,#5494,.T.);
#7995 = ORIENTED_EDGE('',*,*,#2953,.T.);
#7996 = CYLINDRICAL_SURFACE('',#7997,2.54);
#7997 = AXIS2_PLACEMENT_3D('',#7998,#7999,#8000);
#7998 = CARTESIAN_POINT('',(220.98,213.36,30.48));
#7999 = DIRECTION('',(1.,6.070773319254E-17,-0.));
#8000 = DIRECTION('',(-6.070773319254E-17,1.,0.));
#8001 = ADVANCED_FACE('',(#8002),#8008,.F.);
#8002 = FACE_BOUND('',#8003,.F.);
#8003 = EDGE_LOOP('',(#8004,#8005,#8006,#8007));
#8004 = ORIENTED_EDGE('',*,*,#6194,.F.);
#8005 = ORIENTED_EDGE('',*,*,#2894,.F.);
#8006 = ORIENTED_EDGE('',*,*,#5234,.T.);
#8007 = ORIENTED_EDGE('',*,*,#2911,.T.);
#8008 = CYLINDRICAL_SURFACE('',#8009,2.54);
#8009 = AXIS2_PLACEMENT_3D('',#8010,#8011,#8012);
#8010 = CARTESIAN_POINT('',(220.98,203.2,10.16));
#8011 = DIRECTION('',(1.,6.070773319254E-17,-0.));
#8012 = DIRECTION('',(-6.070773319254E-17,1.,0.));
#8013 = ADVANCED_FACE('',(#8014),#8020,.F.);
#8014 = FACE_BOUND('',#8015,.F.);
#8015 = EDGE_LOOP('',(#8016,#8017,#8018,#8019));
#8016 = ORIENTED_EDGE('',*,*,#6184,.F.);
#8017 = ORIENTED_EDGE('',*,*,#2841,.F.);
#8018 = ORIENTED_EDGE('',*,*,#5484,.T.);
#8019 = ORIENTED_EDGE('',*,*,#2860,.T.);
#8020 = CYLINDRICAL_SURFACE('',#8021,2.54);
#8021 = AXIS2_PLACEMENT_3D('',#8022,#8023,#8024);
#8022 = CARTESIAN_POINT('',(220.98,193.04,30.48));
#8023 = DIRECTION('',(1.,6.070773319254E-17,-0.));
#8024 = DIRECTION('',(-6.070773319254E-17,1.,0.));
#8025 = ADVANCED_FACE('',(#8026),#8032,.F.);
#8026 = FACE_BOUND('',#8027,.F.);
#8027 = EDGE_LOOP('',(#8028,#8029,#8030,#8031));
#8028 = ORIENTED_EDGE('',*,*,#6174,.F.);
#8029 = ORIENTED_EDGE('',*,*,#2799,.F.);
#8030 = ORIENTED_EDGE('',*,*,#5474,.T.);
#8031 = ORIENTED_EDGE('',*,*,#2818,.T.);
#8032 = CYLINDRICAL_SURFACE('',#8033,2.54);
#8033 = AXIS2_PLACEMENT_3D('',#8034,#8035,#8036);
#8034 = CARTESIAN_POINT('',(220.98,182.88,40.64));
#8035 = DIRECTION('',(1.,6.070773319254E-17,-0.));
#8036 = DIRECTION('',(-6.070773319254E-17,1.,0.));
#8037 = ADVANCED_FACE('',(#8038),#8044,.F.);
#8038 = FACE_BOUND('',#8039,.F.);
#8039 = EDGE_LOOP('',(#8040,#8041,#8042,#8043));
#8040 = ORIENTED_EDGE('',*,*,#6164,.F.);
#8041 = ORIENTED_EDGE('',*,*,#2757,.F.);
#8042 = ORIENTED_EDGE('',*,*,#5464,.T.);
#8043 = ORIENTED_EDGE('',*,*,#2776,.T.);
#8044 = CYLINDRICAL_SURFACE('',#8045,2.54);
#8045 = AXIS2_PLACEMENT_3D('',#8046,#8047,#8048);
#8046 = CARTESIAN_POINT('',(220.98,172.72,40.64));
#8047 = DIRECTION('',(1.,6.070773319254E-17,-0.));
#8048 = DIRECTION('',(-6.070773319254E-17,1.,0.));
#8049 = ADVANCED_FACE('',(#8050),#8056,.F.);
#8050 = FACE_BOUND('',#8051,.F.);
#8051 = EDGE_LOOP('',(#8052,#8053,#8054,#8055));
#8052 = ORIENTED_EDGE('',*,*,#6154,.F.);
#8053 = ORIENTED_EDGE('',*,*,#2715,.F.);
#8054 = ORIENTED_EDGE('',*,*,#5454,.T.);
#8055 = ORIENTED_EDGE('',*,*,#2734,.T.);
#8056 = CYLINDRICAL_SURFACE('',#8057,2.54);
#8057 = AXIS2_PLACEMENT_3D('',#8058,#8059,#8060);
#8058 = CARTESIAN_POINT('',(220.98,40.64,40.639999999998));
#8059 = DIRECTION('',(1.,6.070773319254E-17,-0.));
#8060 = DIRECTION('',(-6.070773319254E-17,1.,0.));
#8061 = ADVANCED_FACE('',(#8062),#8068,.F.);
#8062 = FACE_BOUND('',#8063,.F.);
#8063 = EDGE_LOOP('',(#8064,#8065,#8066,#8067));
#8064 = ORIENTED_EDGE('',*,*,#6144,.F.);
#8065 = ORIENTED_EDGE('',*,*,#2673,.F.);
#8066 = ORIENTED_EDGE('',*,*,#5444,.T.);
#8067 = ORIENTED_EDGE('',*,*,#2692,.T.);
#8068 = CYLINDRICAL_SURFACE('',#8069,2.54);
#8069 = AXIS2_PLACEMENT_3D('',#8070,#8071,#8072);
#8070 = CARTESIAN_POINT('',(220.98,30.48,40.639999999998));
#8071 = DIRECTION('',(1.,6.070773319254E-17,-0.));
#8072 = DIRECTION('',(-6.070773319254E-17,1.,0.));
#8073 = ADVANCED_FACE('',(#8074),#8080,.F.);
#8074 = FACE_BOUND('',#8075,.F.);
#8075 = EDGE_LOOP('',(#8076,#8077,#8078,#8079));
#8076 = ORIENTED_EDGE('',*,*,#6134,.F.);
#8077 = ORIENTED_EDGE('',*,*,#2631,.F.);
#8078 = ORIENTED_EDGE('',*,*,#5434,.T.);
#8079 = ORIENTED_EDGE('',*,*,#2650,.T.);
#8080 = CYLINDRICAL_SURFACE('',#8081,2.54);
#8081 = AXIS2_PLACEMENT_3D('',#8082,#8083,#8084);
#8082 = CARTESIAN_POINT('',(220.98,60.96,40.639999999998));
#8083 = DIRECTION('',(1.,6.070773319254E-17,-0.));
#8084 = DIRECTION('',(-6.070773319254E-17,1.,0.));
#8085 = ADVANCED_FACE('',(#8086),#8092,.F.);
#8086 = FACE_BOUND('',#8087,.F.);
#8087 = EDGE_LOOP('',(#8088,#8089,#8090,#8091));
#8088 = ORIENTED_EDGE('',*,*,#6124,.F.);
#8089 = ORIENTED_EDGE('',*,*,#2589,.F.);
#8090 = ORIENTED_EDGE('',*,*,#5424,.T.);
#8091 = ORIENTED_EDGE('',*,*,#2608,.T.);
#8092 = CYLINDRICAL_SURFACE('',#8093,2.54);
#8093 = AXIS2_PLACEMENT_3D('',#8094,#8095,#8096);
#8094 = CARTESIAN_POINT('',(220.98,50.8,40.639999999998));
#8095 = DIRECTION('',(1.,6.070773319254E-17,-0.));
#8096 = DIRECTION('',(-6.070773319254E-17,1.,0.));
#8097 = ADVANCED_FACE('',(#8098),#8104,.F.);
#8098 = FACE_BOUND('',#8099,.F.);
#8099 = EDGE_LOOP('',(#8100,#8101,#8102,#8103));
#8100 = ORIENTED_EDGE('',*,*,#6114,.F.);
#8101 = ORIENTED_EDGE('',*,*,#2547,.F.);
#8102 = ORIENTED_EDGE('',*,*,#5414,.T.);
#8103 = ORIENTED_EDGE('',*,*,#2566,.T.);
#8104 = CYLINDRICAL_SURFACE('',#8105,2.54);
#8105 = AXIS2_PLACEMENT_3D('',#8106,#8107,#8108);
#8106 = CARTESIAN_POINT('',(220.98,20.32,40.639999999998));
#8107 = DIRECTION('',(1.,6.070773319254E-17,-0.));
#8108 = DIRECTION('',(-6.070773319254E-17,1.,0.));
#8109 = ADVANCED_FACE('',(#8110),#8116,.F.);
#8110 = FACE_BOUND('',#8111,.F.);
#8111 = EDGE_LOOP('',(#8112,#8113,#8114,#8115));
#8112 = ORIENTED_EDGE('',*,*,#6104,.F.);
#8113 = ORIENTED_EDGE('',*,*,#2505,.F.);
#8114 = ORIENTED_EDGE('',*,*,#5213,.T.);
#8115 = ORIENTED_EDGE('',*,*,#2524,.T.);
#8116 = CYLINDRICAL_SURFACE('',#8117,2.54);
#8117 = AXIS2_PLACEMENT_3D('',#8118,#8119,#8120);
#8118 = CARTESIAN_POINT('',(220.98,10.16,40.639999999998));
#8119 = DIRECTION('',(1.,6.070773319254E-17,-0.));
#8120 = DIRECTION('',(-6.070773319254E-17,1.,0.));
#8121 = ADVANCED_FACE('',(#8122),#8128,.F.);
#8122 = FACE_BOUND('',#8123,.F.);
#8123 = EDGE_LOOP('',(#8124,#8125,#8126,#8127));
#8124 = ORIENTED_EDGE('',*,*,#6094,.F.);
#8125 = ORIENTED_EDGE('',*,*,#2463,.F.);
#8126 = ORIENTED_EDGE('',*,*,#5404,.T.);
#8127 = ORIENTED_EDGE('',*,*,#2482,.T.);
#8128 = CYLINDRICAL_SURFACE('',#8129,2.54);
#8129 = AXIS2_PLACEMENT_3D('',#8130,#8131,#8132);
#8130 = CARTESIAN_POINT('',(220.98,101.6,40.639999999999));
#8131 = DIRECTION('',(1.,6.070773319254E-17,-0.));
#8132 = DIRECTION('',(-6.070773319254E-17,1.,0.));
#8133 = ADVANCED_FACE('',(#8134),#8140,.F.);
#8134 = FACE_BOUND('',#8135,.F.);
#8135 = EDGE_LOOP('',(#8136,#8137,#8138,#8139));
#8136 = ORIENTED_EDGE('',*,*,#6084,.F.);
#8137 = ORIENTED_EDGE('',*,*,#2421,.F.);
#8138 = ORIENTED_EDGE('',*,*,#5394,.T.);
#8139 = ORIENTED_EDGE('',*,*,#2440,.T.);
#8140 = CYLINDRICAL_SURFACE('',#8141,2.54);
#8141 = AXIS2_PLACEMENT_3D('',#8142,#8143,#8144);
#8142 = CARTESIAN_POINT('',(220.98,91.44,40.639999999999));
#8143 = DIRECTION('',(1.,6.070773319254E-17,-0.));
#8144 = DIRECTION('',(-6.070773319254E-17,1.,0.));
#8145 = ADVANCED_FACE('',(#8146),#8152,.F.);
#8146 = FACE_BOUND('',#8147,.F.);
#8147 = EDGE_LOOP('',(#8148,#8149,#8150,#8151));
#8148 = ORIENTED_EDGE('',*,*,#6074,.F.);
#8149 = ORIENTED_EDGE('',*,*,#2379,.F.);
#8150 = ORIENTED_EDGE('',*,*,#5384,.T.);
#8151 = ORIENTED_EDGE('',*,*,#2398,.T.);
#8152 = CYLINDRICAL_SURFACE('',#8153,2.54);
#8153 = AXIS2_PLACEMENT_3D('',#8154,#8155,#8156);
#8154 = CARTESIAN_POINT('',(220.98,203.2,40.64));
#8155 = DIRECTION('',(1.,6.070773319254E-17,-0.));
#8156 = DIRECTION('',(-6.070773319254E-17,1.,0.));
#8157 = ADVANCED_FACE('',(#8158),#8164,.F.);
#8158 = FACE_BOUND('',#8159,.F.);
#8159 = EDGE_LOOP('',(#8160,#8161,#8162,#8163));
#8160 = ORIENTED_EDGE('',*,*,#6064,.F.);
#8161 = ORIENTED_EDGE('',*,*,#2337,.F.);
#8162 = ORIENTED_EDGE('',*,*,#5374,.T.);
#8163 = ORIENTED_EDGE('',*,*,#2356,.T.);
#8164 = CYLINDRICAL_SURFACE('',#8165,2.54);
#8165 = AXIS2_PLACEMENT_3D('',#8166,#8167,#8168);
#8166 = CARTESIAN_POINT('',(220.98,193.04,40.64));
#8167 = DIRECTION('',(1.,6.070773319254E-17,-0.));
#8168 = DIRECTION('',(-6.070773319254E-17,1.,0.));
#8169 = ADVANCED_FACE('',(#8170),#8176,.F.);
#8170 = FACE_BOUND('',#8171,.F.);
#8171 = EDGE_LOOP('',(#8172,#8173,#8174,#8175));
#8172 = ORIENTED_EDGE('',*,*,#6054,.F.);
#8173 = ORIENTED_EDGE('',*,*,#2295,.F.);
#8174 = ORIENTED_EDGE('',*,*,#5193,.T.);
#8175 = ORIENTED_EDGE('',*,*,#2314,.T.);
#8176 = CYLINDRICAL_SURFACE('',#8177,2.54);
#8177 = AXIS2_PLACEMENT_3D('',#8178,#8179,#8180);
#8178 = CARTESIAN_POINT('',(220.98,10.16,20.319999999998));
#8179 = DIRECTION('',(1.,6.070773319254E-17,-0.));
#8180 = DIRECTION('',(-6.070773319254E-17,1.,0.));
#8181 = ADVANCED_FACE('',(#8182),#8188,.F.);
#8182 = FACE_BOUND('',#8183,.F.);
#8183 = EDGE_LOOP('',(#8184,#8185,#8186,#8187));
#8184 = ORIENTED_EDGE('',*,*,#6044,.F.);
#8185 = ORIENTED_EDGE('',*,*,#2255,.F.);
#8186 = ORIENTED_EDGE('',*,*,#5317,.T.);
#8187 = ORIENTED_EDGE('',*,*,#2272,.T.);
#8188 = CYLINDRICAL_SURFACE('',#8189,2.54);
#8189 = AXIS2_PLACEMENT_3D('',#8190,#8191,#8192);
#8190 = CARTESIAN_POINT('',(220.98,10.16,10.159999999998));
#8191 = DIRECTION('',(1.,6.070773319254E-17,-0.));
#8192 = DIRECTION('',(-6.070773319254E-17,1.,0.));
#8193 = ADVANCED_FACE('',(#8194),#8200,.F.);
#8194 = FACE_BOUND('',#8195,.F.);
#8195 = EDGE_LOOP('',(#8196,#8197,#8198,#8199));
#8196 = ORIENTED_EDGE('',*,*,#6034,.F.);
#8197 = ORIENTED_EDGE('',*,*,#2202,.F.);
#8198 = ORIENTED_EDGE('',*,*,#5127,.T.);
#8199 = ORIENTED_EDGE('',*,*,#2221,.T.);
#8200 = CYLINDRICAL_SURFACE('',#8201,2.54);
#8201 = AXIS2_PLACEMENT_3D('',#8202,#8203,#8204);
#8202 = CARTESIAN_POINT('',(220.98,162.56,40.639999999999));
#8203 = DIRECTION('',(1.,6.070773319254E-17,-0.));
#8204 = DIRECTION('',(-6.070773319254E-17,1.,0.));
#8205 = ADVANCED_FACE('',(#8206),#8212,.F.);
#8206 = FACE_BOUND('',#8207,.F.);
#8207 = EDGE_LOOP('',(#8208,#8209,#8210,#8211));
#8208 = ORIENTED_EDGE('',*,*,#6024,.F.);
#8209 = ORIENTED_EDGE('',*,*,#2160,.F.);
#8210 = ORIENTED_EDGE('',*,*,#5117,.T.);
#8211 = ORIENTED_EDGE('',*,*,#2179,.T.);
#8212 = CYLINDRICAL_SURFACE('',#8213,2.54);
#8213 = AXIS2_PLACEMENT_3D('',#8214,#8215,#8216);
#8214 = CARTESIAN_POINT('',(220.98,152.4,40.639999999999));
#8215 = DIRECTION('',(1.,6.070773319254E-17,-0.));
#8216 = DIRECTION('',(-6.070773319254E-17,1.,0.));
#8217 = ADVANCED_FACE('',(#8218),#8224,.F.);
#8218 = FACE_BOUND('',#8219,.F.);
#8219 = EDGE_LOOP('',(#8220,#8221,#8222,#8223));
#8220 = ORIENTED_EDGE('',*,*,#6014,.F.);
#8221 = ORIENTED_EDGE('',*,*,#2118,.F.);
#8222 = ORIENTED_EDGE('',*,*,#5107,.T.);
#8223 = ORIENTED_EDGE('',*,*,#2137,.T.);
#8224 = CYLINDRICAL_SURFACE('',#8225,2.54);
#8225 = AXIS2_PLACEMENT_3D('',#8226,#8227,#8228);
#8226 = CARTESIAN_POINT('',(220.98,142.24,30.479999999999));
#8227 = DIRECTION('',(1.,6.070773319254E-17,-0.));
#8228 = DIRECTION('',(-6.070773319254E-17,1.,0.));
#8229 = ADVANCED_FACE('',(#8230),#8236,.F.);
#8230 = FACE_BOUND('',#8231,.F.);
#8231 = EDGE_LOOP('',(#8232,#8233,#8234,#8235));
#8232 = ORIENTED_EDGE('',*,*,#6004,.F.);
#8233 = ORIENTED_EDGE('',*,*,#2076,.F.);
#8234 = ORIENTED_EDGE('',*,*,#5097,.T.);
#8235 = ORIENTED_EDGE('',*,*,#2095,.T.);
#8236 = CYLINDRICAL_SURFACE('',#8237,2.54);
#8237 = AXIS2_PLACEMENT_3D('',#8238,#8239,#8240);
#8238 = CARTESIAN_POINT('',(220.98,132.08,30.479999999999));
#8239 = DIRECTION('',(1.,6.070773319254E-17,-0.));
#8240 = DIRECTION('',(-6.070773319254E-17,1.,0.));
#8241 = ADVANCED_FACE('',(#8242),#8248,.F.);
#8242 = FACE_BOUND('',#8243,.F.);
#8243 = EDGE_LOOP('',(#8244,#8245,#8246,#8247));
#8244 = ORIENTED_EDGE('',*,*,#5994,.F.);
#8245 = ORIENTED_EDGE('',*,*,#2034,.F.);
#8246 = ORIENTED_EDGE('',*,*,#5087,.T.);
#8247 = ORIENTED_EDGE('',*,*,#2053,.T.);
#8248 = CYLINDRICAL_SURFACE('',#8249,2.54);
#8249 = AXIS2_PLACEMENT_3D('',#8250,#8251,#8252);
#8250 = CARTESIAN_POINT('',(220.98,30.48,20.319999999998));
#8251 = DIRECTION('',(1.,6.070773319254E-17,-0.));
#8252 = DIRECTION('',(-6.070773319254E-17,1.,0.));
#8253 = ADVANCED_FACE('',(#8254),#8260,.F.);
#8254 = FACE_BOUND('',#8255,.F.);
#8255 = EDGE_LOOP('',(#8256,#8257,#8258,#8259));
#8256 = ORIENTED_EDGE('',*,*,#5984,.F.);
#8257 = ORIENTED_EDGE('',*,*,#1994,.F.);
#8258 = ORIENTED_EDGE('',*,*,#5171,.T.);
#8259 = ORIENTED_EDGE('',*,*,#2011,.T.);
#8260 = CYLINDRICAL_SURFACE('',#8261,2.54);
#8261 = AXIS2_PLACEMENT_3D('',#8262,#8263,#8264);
#8262 = CARTESIAN_POINT('',(220.98,30.48,10.159999999998));
#8263 = DIRECTION('',(1.,6.070773319254E-17,-0.));
#8264 = DIRECTION('',(-6.070773319254E-17,1.,0.));
#8265 = ADVANCED_FACE('',(#8266),#8272,.F.);
#8266 = FACE_BOUND('',#8267,.F.);
#8267 = EDGE_LOOP('',(#8268,#8269,#8270,#8271));
#8268 = ORIENTED_EDGE('',*,*,#5974,.F.);
#8269 = ORIENTED_EDGE('',*,*,#1943,.F.);
#8270 = ORIENTED_EDGE('',*,*,#5160,.T.);
#8271 = ORIENTED_EDGE('',*,*,#1960,.T.);
#8272 = CYLINDRICAL_SURFACE('',#8273,2.54);
#8273 = AXIS2_PLACEMENT_3D('',#8274,#8275,#8276);
#8274 = CARTESIAN_POINT('',(220.98,40.64,10.159999999998));
#8275 = DIRECTION('',(1.,6.070773319254E-17,-0.));
#8276 = DIRECTION('',(-6.070773319254E-17,1.,0.));
#8277 = ADVANCED_FACE('',(#8278),#8284,.F.);
#8278 = FACE_BOUND('',#8279,.F.);
#8279 = EDGE_LOOP('',(#8280,#8281,#8282,#8283));
#8280 = ORIENTED_EDGE('',*,*,#5964,.F.);
#8281 = ORIENTED_EDGE('',*,*,#1890,.F.);
#8282 = ORIENTED_EDGE('',*,*,#5077,.T.);
#8283 = ORIENTED_EDGE('',*,*,#1909,.T.);
#8284 = CYLINDRICAL_SURFACE('',#8285,2.54);
#8285 = AXIS2_PLACEMENT_3D('',#8286,#8287,#8288);
#8286 = CARTESIAN_POINT('',(220.98,30.48,30.479999999998));
#8287 = DIRECTION('',(1.,6.070773319254E-17,-0.));
#8288 = DIRECTION('',(-6.070773319254E-17,1.,0.));
#8289 = ADVANCED_FACE('',(#8290),#8296,.F.);
#8290 = FACE_BOUND('',#8291,.F.);
#8291 = EDGE_LOOP('',(#8292,#8293,#8294,#8295));
#8292 = ORIENTED_EDGE('',*,*,#5954,.F.);
#8293 = ORIENTED_EDGE('',*,*,#1850,.F.);
#8294 = ORIENTED_EDGE('',*,*,#5182,.T.);
#8295 = ORIENTED_EDGE('',*,*,#1867,.T.);
#8296 = CYLINDRICAL_SURFACE('',#8297,2.54);
#8297 = AXIS2_PLACEMENT_3D('',#8298,#8299,#8300);
#8298 = CARTESIAN_POINT('',(220.98,20.32,10.159999999998));
#8299 = DIRECTION('',(1.,6.070773319254E-17,-0.));
#8300 = DIRECTION('',(-6.070773319254E-17,1.,0.));
#8301 = ADVANCED_FACE('',(#8302),#8308,.F.);
#8302 = FACE_BOUND('',#8303,.F.);
#8303 = EDGE_LOOP('',(#8304,#8305,#8306,#8307));
#8304 = ORIENTED_EDGE('',*,*,#5944,.F.);
#8305 = ORIENTED_EDGE('',*,*,#1797,.F.);
#8306 = ORIENTED_EDGE('',*,*,#5203,.T.);
#8307 = ORIENTED_EDGE('',*,*,#1816,.T.);
#8308 = CYLINDRICAL_SURFACE('',#8309,2.54);
#8309 = AXIS2_PLACEMENT_3D('',#8310,#8311,#8312);
#8310 = CARTESIAN_POINT('',(220.98,10.16,30.479999999998));
#8311 = DIRECTION('',(1.,6.070773319254E-17,-0.));
#8312 = DIRECTION('',(-6.070773319254E-17,1.,0.));
#8313 = ADVANCED_FACE('',(#8314),#8320,.F.);
#8314 = FACE_BOUND('',#8315,.F.);
#8315 = EDGE_LOOP('',(#8316,#8317,#8318,#8319));
#8316 = ORIENTED_EDGE('',*,*,#5934,.F.);
#8317 = ORIENTED_EDGE('',*,*,#1757,.F.);
#8318 = ORIENTED_EDGE('',*,*,#5289,.T.);
#8319 = ORIENTED_EDGE('',*,*,#1774,.T.);
#8320 = CYLINDRICAL_SURFACE('',#8321,2.54);
#8321 = AXIS2_PLACEMENT_3D('',#8322,#8323,#8324);
#8322 = CARTESIAN_POINT('',(220.98,81.28,10.159999999999));
#8323 = DIRECTION('',(1.,6.070773319254E-17,-0.));
#8324 = DIRECTION('',(-6.070773319254E-17,1.,0.));
#8325 = ADVANCED_FACE('',(#8326),#8332,.F.);
#8326 = FACE_BOUND('',#8327,.F.);
#8327 = EDGE_LOOP('',(#8328,#8329,#8330,#8331));
#8328 = ORIENTED_EDGE('',*,*,#5924,.F.);
#8329 = ORIENTED_EDGE('',*,*,#1704,.F.);
#8330 = ORIENTED_EDGE('',*,*,#5067,.T.);
#8331 = ORIENTED_EDGE('',*,*,#1723,.T.);
#8332 = CYLINDRICAL_SURFACE('',#8333,2.54);
#8333 = AXIS2_PLACEMENT_3D('',#8334,#8335,#8336);
#8334 = CARTESIAN_POINT('',(220.98,71.12,30.479999999999));
#8335 = DIRECTION('',(1.,6.070773319254E-17,-0.));
#8336 = DIRECTION('',(-6.070773319254E-17,1.,0.));
#8337 = ADVANCED_FACE('',(#8338),#8344,.F.);
#8338 = FACE_BOUND('',#8339,.F.);
#8339 = EDGE_LOOP('',(#8340,#8341,#8342,#8343));
#8340 = ORIENTED_EDGE('',*,*,#5914,.F.);
#8341 = ORIENTED_EDGE('',*,*,#1664,.F.);
#8342 = ORIENTED_EDGE('',*,*,#5278,.T.);
#8343 = ORIENTED_EDGE('',*,*,#1681,.T.);
#8344 = CYLINDRICAL_SURFACE('',#8345,2.54);
#8345 = AXIS2_PLACEMENT_3D('',#8346,#8347,#8348);
#8346 = CARTESIAN_POINT('',(220.98,162.56,10.159999999999));
#8347 = DIRECTION('',(1.,6.070773319254E-17,-0.));
#8348 = DIRECTION('',(-6.070773319254E-17,1.,0.));
#8349 = ADVANCED_FACE('',(#8350),#8356,.F.);
#8350 = FACE_BOUND('',#8351,.F.);
#8351 = EDGE_LOOP('',(#8352,#8353,#8354,#8355));
#8352 = ORIENTED_EDGE('',*,*,#5904,.F.);
#8353 = ORIENTED_EDGE('',*,*,#1611,.F.);
#8354 = ORIENTED_EDGE('',*,*,#5057,.T.);
#8355 = ORIENTED_EDGE('',*,*,#1630,.T.);
#8356 = CYLINDRICAL_SURFACE('',#8357,2.54);
#8357 = AXIS2_PLACEMENT_3D('',#8358,#8359,#8360);
#8358 = CARTESIAN_POINT('',(220.98,152.4,30.479999999999));
#8359 = DIRECTION('',(1.,6.070773319254E-17,-0.));
#8360 = DIRECTION('',(-6.070773319254E-17,1.,0.));
#8361 = ADVANCED_FACE('',(#8362),#8368,.F.);
#8362 = FACE_BOUND('',#8363,.F.);
#8363 = EDGE_LOOP('',(#8364,#8365,#8366,#8367));
#8364 = ORIENTED_EDGE('',*,*,#5894,.F.);
#8365 = ORIENTED_EDGE('',*,*,#1569,.F.);
#8366 = ORIENTED_EDGE('',*,*,#5047,.T.);
#8367 = ORIENTED_EDGE('',*,*,#1588,.T.);
#8368 = CYLINDRICAL_SURFACE('',#8369,2.54);
#8369 = AXIS2_PLACEMENT_3D('',#8370,#8371,#8372);
#8370 = CARTESIAN_POINT('',(220.98,162.56,30.479999999999));
#8371 = DIRECTION('',(1.,6.070773319254E-17,-0.));
#8372 = DIRECTION('',(-6.070773319254E-17,1.,0.));
#8373 = ADVANCED_FACE('',(#8374),#8380,.F.);
#8374 = FACE_BOUND('',#8375,.F.);
#8375 = EDGE_LOOP('',(#8376,#8377,#8378,#8379));
#8376 = ORIENTED_EDGE('',*,*,#5884,.F.);
#8377 = ORIENTED_EDGE('',*,*,#1527,.F.);
#8378 = ORIENTED_EDGE('',*,*,#5037,.T.);
#8379 = ORIENTED_EDGE('',*,*,#1546,.T.);
#8380 = CYLINDRICAL_SURFACE('',#8381,2.54);
#8381 = AXIS2_PLACEMENT_3D('',#8382,#8383,#8384);
#8382 = CARTESIAN_POINT('',(220.98,162.56,20.319999999999));
#8383 = DIRECTION('',(1.,6.070773319254E-17,-0.));
#8384 = DIRECTION('',(-6.070773319254E-17,1.,0.));
#8385 = ADVANCED_FACE('',(#8386),#8392,.F.);
#8386 = FACE_BOUND('',#8387,.F.);
#8387 = EDGE_LOOP('',(#8388,#8389,#8390,#8391));
#8388 = ORIENTED_EDGE('',*,*,#5874,.F.);
#8389 = ORIENTED_EDGE('',*,*,#1485,.F.);
#8390 = ORIENTED_EDGE('',*,*,#5027,.T.);
#8391 = ORIENTED_EDGE('',*,*,#1504,.T.);
#8392 = CYLINDRICAL_SURFACE('',#8393,2.54);
#8393 = AXIS2_PLACEMENT_3D('',#8394,#8395,#8396);
#8394 = CARTESIAN_POINT('',(220.98,121.92,30.479999999999));
#8395 = DIRECTION('',(1.,6.070773319254E-17,-0.));
#8396 = DIRECTION('',(-6.070773319254E-17,1.,0.));
#8397 = ADVANCED_FACE('',(#8398),#8404,.F.);
#8398 = FACE_BOUND('',#8399,.F.);
#8399 = EDGE_LOOP('',(#8400,#8401,#8402,#8403));
#8400 = ORIENTED_EDGE('',*,*,#5864,.F.);
#8401 = ORIENTED_EDGE('',*,*,#1443,.F.);
#8402 = ORIENTED_EDGE('',*,*,#5017,.T.);
#8403 = ORIENTED_EDGE('',*,*,#1462,.T.);
#8404 = CYLINDRICAL_SURFACE('',#8405,2.54);
#8405 = AXIS2_PLACEMENT_3D('',#8406,#8407,#8408);
#8406 = CARTESIAN_POINT('',(220.98,111.76,30.479999999999));
#8407 = DIRECTION('',(1.,6.070773319254E-17,-0.));
#8408 = DIRECTION('',(-6.070773319254E-17,1.,0.));
#8409 = ADVANCED_FACE('',(#8410),#8416,.F.);
#8410 = FACE_BOUND('',#8411,.F.);
#8411 = EDGE_LOOP('',(#8412,#8413,#8414,#8415));
#8412 = ORIENTED_EDGE('',*,*,#5854,.F.);
#8413 = ORIENTED_EDGE('',*,*,#1401,.F.);
#8414 = ORIENTED_EDGE('',*,*,#5007,.T.);
#8415 = ORIENTED_EDGE('',*,*,#1420,.T.);
#8416 = CYLINDRICAL_SURFACE('',#8417,2.54);
#8417 = AXIS2_PLACEMENT_3D('',#8418,#8419,#8420);
#8418 = CARTESIAN_POINT('',(220.98,50.8,20.319999999998));
#8419 = DIRECTION('',(1.,6.070773319254E-17,-0.));
#8420 = DIRECTION('',(-6.070773319254E-17,1.,0.));
#8421 = ADVANCED_FACE('',(#8422),#8428,.F.);
#8422 = FACE_BOUND('',#8423,.F.);
#8423 = EDGE_LOOP('',(#8424,#8425,#8426,#8427));
#8424 = ORIENTED_EDGE('',*,*,#5844,.F.);
#8425 = ORIENTED_EDGE('',*,*,#1361,.F.);
#8426 = ORIENTED_EDGE('',*,*,#5149,.T.);
#8427 = ORIENTED_EDGE('',*,*,#1378,.T.);
#8428 = CYLINDRICAL_SURFACE('',#8429,2.54);
#8429 = AXIS2_PLACEMENT_3D('',#8430,#8431,#8432);
#8430 = CARTESIAN_POINT('',(220.98,50.8,10.159999999998));
#8431 = DIRECTION('',(1.,6.070773319254E-17,-0.));
#8432 = DIRECTION('',(-6.070773319254E-17,1.,0.));
#8433 = ADVANCED_FACE('',(#8434),#8440,.F.);
#8434 = FACE_BOUND('',#8435,.F.);
#8435 = EDGE_LOOP('',(#8436,#8437,#8438,#8439));
#8436 = ORIENTED_EDGE('',*,*,#5834,.F.);
#8437 = ORIENTED_EDGE('',*,*,#1308,.F.);
#8438 = ORIENTED_EDGE('',*,*,#4997,.T.);
#8439 = ORIENTED_EDGE('',*,*,#1327,.T.);
#8440 = CYLINDRICAL_SURFACE('',#8441,2.54);
#8441 = AXIS2_PLACEMENT_3D('',#8442,#8443,#8444);
#8442 = CARTESIAN_POINT('',(220.98,182.88,30.48));
#8443 = DIRECTION('',(1.,6.070773319254E-17,-0.));
#8444 = DIRECTION('',(-6.070773319254E-17,1.,0.));
#8445 = ADVANCED_FACE('',(#8446),#8452,.F.);
#8446 = FACE_BOUND('',#8447,.F.);
#8447 = EDGE_LOOP('',(#8448,#8449,#8450,#8451));
#8448 = ORIENTED_EDGE('',*,*,#5824,.F.);
#8449 = ORIENTED_EDGE('',*,*,#1266,.F.);
#8450 = ORIENTED_EDGE('',*,*,#4987,.T.);
#8451 = ORIENTED_EDGE('',*,*,#1285,.T.);
#8452 = CYLINDRICAL_SURFACE('',#8453,2.54);
#8453 = AXIS2_PLACEMENT_3D('',#8454,#8455,#8456);
#8454 = CARTESIAN_POINT('',(220.98,182.88,20.32));
#8455 = DIRECTION('',(1.,6.070773319254E-17,-0.));
#8456 = DIRECTION('',(-6.070773319254E-17,1.,0.));
#8457 = ADVANCED_FACE('',(#8458),#8464,.F.);
#8458 = FACE_BOUND('',#8459,.F.);
#8459 = EDGE_LOOP('',(#8460,#8461,#8462,#8463));
#8460 = ORIENTED_EDGE('',*,*,#5814,.F.);
#8461 = ORIENTED_EDGE('',*,*,#1224,.F.);
#8462 = ORIENTED_EDGE('',*,*,#4977,.T.);
#8463 = ORIENTED_EDGE('',*,*,#1243,.T.);
#8464 = CYLINDRICAL_SURFACE('',#8465,2.54);
#8465 = AXIS2_PLACEMENT_3D('',#8466,#8467,#8468);
#8466 = CARTESIAN_POINT('',(220.98,193.04,20.32));
#8467 = DIRECTION('',(1.,6.070773319254E-17,-0.));
#8468 = DIRECTION('',(-6.070773319254E-17,1.,0.));
#8469 = ADVANCED_FACE('',(#8470),#8476,.F.);
#8470 = FACE_BOUND('',#8471,.F.);
#8471 = EDGE_LOOP('',(#8472,#8473,#8474,#8475));
#8472 = ORIENTED_EDGE('',*,*,#5804,.F.);
#8473 = ORIENTED_EDGE('',*,*,#1184,.F.);
#8474 = ORIENTED_EDGE('',*,*,#5245,.T.);
#8475 = ORIENTED_EDGE('',*,*,#1201,.T.);
#8476 = CYLINDRICAL_SURFACE('',#8477,2.54);
#8477 = AXIS2_PLACEMENT_3D('',#8478,#8479,#8480);
#8478 = CARTESIAN_POINT('',(220.98,193.04,10.16));
#8479 = DIRECTION('',(1.,6.070773319254E-17,-0.));
#8480 = DIRECTION('',(-6.070773319254E-17,1.,0.));
#8481 = ADVANCED_FACE('',(#8482),#8488,.F.);
#8482 = FACE_BOUND('',#8483,.F.);
#8483 = EDGE_LOOP('',(#8484,#8485,#8486,#8487));
#8484 = ORIENTED_EDGE('',*,*,#5794,.F.);
#8485 = ORIENTED_EDGE('',*,*,#1131,.F.);
#8486 = ORIENTED_EDGE('',*,*,#4967,.T.);
#8487 = ORIENTED_EDGE('',*,*,#1150,.T.);
#8488 = CYLINDRICAL_SURFACE('',#8489,2.54);
#8489 = AXIS2_PLACEMENT_3D('',#8490,#8491,#8492);
#8490 = CARTESIAN_POINT('',(220.98,172.72,20.32));
#8491 = DIRECTION('',(1.,6.070773319254E-17,-0.));
#8492 = DIRECTION('',(-6.070773319254E-17,1.,0.));
#8493 = ADVANCED_FACE('',(#8494),#8500,.F.);
#8494 = FACE_BOUND('',#8495,.F.);
#8495 = EDGE_LOOP('',(#8496,#8497,#8498,#8499));
#8496 = ORIENTED_EDGE('',*,*,#5784,.F.);
#8497 = ORIENTED_EDGE('',*,*,#1091,.F.);
#8498 = ORIENTED_EDGE('',*,*,#5267,.T.);
#8499 = ORIENTED_EDGE('',*,*,#1108,.T.);
#8500 = CYLINDRICAL_SURFACE('',#8501,2.54);
#8501 = AXIS2_PLACEMENT_3D('',#8502,#8503,#8504);
#8502 = CARTESIAN_POINT('',(220.98,172.72,10.16));
#8503 = DIRECTION('',(1.,6.070773319254E-17,-0.));
#8504 = DIRECTION('',(-6.070773319254E-17,1.,0.));
#8505 = ADVANCED_FACE('',(#8506),#8512,.F.);
#8506 = FACE_BOUND('',#8507,.F.);
#8507 = EDGE_LOOP('',(#8508,#8509,#8510,#8511));
#8508 = ORIENTED_EDGE('',*,*,#5774,.F.);
#8509 = ORIENTED_EDGE('',*,*,#1038,.F.);
#8510 = ORIENTED_EDGE('',*,*,#4957,.T.);
#8511 = ORIENTED_EDGE('',*,*,#1057,.T.);
#8512 = CYLINDRICAL_SURFACE('',#8513,2.54);
#8513 = AXIS2_PLACEMENT_3D('',#8514,#8515,#8516);
#8514 = CARTESIAN_POINT('',(220.98,20.32,30.479999999998));
#8515 = DIRECTION('',(1.,6.070773319254E-17,-0.));
#8516 = DIRECTION('',(-6.070773319254E-17,1.,0.));
#8517 = ADVANCED_FACE('',(#8518),#8524,.F.);
#8518 = FACE_BOUND('',#8519,.F.);
#8519 = EDGE_LOOP('',(#8520,#8521,#8522,#8523));
#8520 = ORIENTED_EDGE('',*,*,#5764,.F.);
#8521 = ORIENTED_EDGE('',*,*,#996,.F.);
#8522 = ORIENTED_EDGE('',*,*,#4947,.T.);
#8523 = ORIENTED_EDGE('',*,*,#1015,.T.);
#8524 = CYLINDRICAL_SURFACE('',#8525,2.54);
#8525 = AXIS2_PLACEMENT_3D('',#8526,#8527,#8528);
#8526 = CARTESIAN_POINT('',(220.98,20.32,20.319999999998));
#8527 = DIRECTION('',(1.,6.070773319254E-17,-0.));
#8528 = DIRECTION('',(-6.070773319254E-17,1.,0.));
#8529 = ADVANCED_FACE('',(#8530),#8536,.F.);
#8530 = FACE_BOUND('',#8531,.F.);
#8531 = EDGE_LOOP('',(#8532,#8533,#8534,#8535));
#8532 = ORIENTED_EDGE('',*,*,#5754,.F.);
#8533 = ORIENTED_EDGE('',*,*,#956,.F.);
#8534 = ORIENTED_EDGE('',*,*,#5138,.T.);
#8535 = ORIENTED_EDGE('',*,*,#973,.T.);
#8536 = CYLINDRICAL_SURFACE('',#8537,2.54);
#8537 = AXIS2_PLACEMENT_3D('',#8538,#8539,#8540);
#8538 = CARTESIAN_POINT('',(220.98,60.96,10.159999999998));
#8539 = DIRECTION('',(1.,6.070773319254E-17,-0.));
#8540 = DIRECTION('',(-6.070773319254E-17,1.,0.));
#8541 = ADVANCED_FACE('',(#8542),#8548,.F.);
#8542 = FACE_BOUND('',#8543,.F.);
#8543 = EDGE_LOOP('',(#8544,#8545,#8546,#8547));
#8544 = ORIENTED_EDGE('',*,*,#5744,.F.);
#8545 = ORIENTED_EDGE('',*,*,#903,.F.);
#8546 = ORIENTED_EDGE('',*,*,#4937,.T.);
#8547 = ORIENTED_EDGE('',*,*,#922,.T.);
#8548 = CYLINDRICAL_SURFACE('',#8549,2.54);
#8549 = AXIS2_PLACEMENT_3D('',#8550,#8551,#8552);
#8550 = CARTESIAN_POINT('',(220.98,50.8,30.479999999998));
#8551 = DIRECTION('',(1.,6.070773319254E-17,-0.));
#8552 = DIRECTION('',(-6.070773319254E-17,1.,0.));
#8553 = ADVANCED_FACE('',(#8554),#8560,.F.);
#8554 = FACE_BOUND('',#8555,.F.);
#8555 = EDGE_LOOP('',(#8556,#8557,#8558,#8559));
#8556 = ORIENTED_EDGE('',*,*,#5734,.F.);
#8557 = ORIENTED_EDGE('',*,*,#861,.F.);
#8558 = ORIENTED_EDGE('',*,*,#4927,.T.);
#8559 = ORIENTED_EDGE('',*,*,#880,.T.);
#8560 = CYLINDRICAL_SURFACE('',#8561,2.54);
#8561 = AXIS2_PLACEMENT_3D('',#8562,#8563,#8564);
#8562 = CARTESIAN_POINT('',(220.98,60.96,30.479999999998));
#8563 = DIRECTION('',(1.,6.070773319254E-17,-0.));
#8564 = DIRECTION('',(-6.070773319254E-17,1.,0.));
#8565 = ADVANCED_FACE('',(#8566),#8572,.F.);
#8566 = FACE_BOUND('',#8567,.F.);
#8567 = EDGE_LOOP('',(#8568,#8569,#8570,#8571));
#8568 = ORIENTED_EDGE('',*,*,#5724,.F.);
#8569 = ORIENTED_EDGE('',*,*,#819,.F.);
#8570 = ORIENTED_EDGE('',*,*,#4917,.T.);
#8571 = ORIENTED_EDGE('',*,*,#838,.T.);
#8572 = CYLINDRICAL_SURFACE('',#8573,2.54);
#8573 = AXIS2_PLACEMENT_3D('',#8574,#8575,#8576);
#8574 = CARTESIAN_POINT('',(220.98,60.96,20.319999999998));
#8575 = DIRECTION('',(1.,6.070773319254E-17,-0.));
#8576 = DIRECTION('',(-6.070773319254E-17,1.,0.));
#8577 = ADVANCED_FACE('',(#8578),#8584,.F.);
#8578 = FACE_BOUND('',#8579,.F.);
#8579 = EDGE_LOOP('',(#8580,#8581,#8582,#8583));
#8580 = ORIENTED_EDGE('',*,*,#5714,.F.);
#8581 = ORIENTED_EDGE('',*,*,#777,.F.);
#8582 = ORIENTED_EDGE('',*,*,#4907,.T.);
#8583 = ORIENTED_EDGE('',*,*,#796,.T.);
#8584 = CYLINDRICAL_SURFACE('',#8585,2.54);
#8585 = AXIS2_PLACEMENT_3D('',#8586,#8587,#8588);
#8586 = CARTESIAN_POINT('',(220.98,40.64,30.479999999998));
#8587 = DIRECTION('',(1.,6.070773319254E-17,-0.));
#8588 = DIRECTION('',(-6.070773319254E-17,1.,0.));
#8589 = ADVANCED_FACE('',(#8590),#8596,.F.);
#8590 = FACE_BOUND('',#8591,.F.);
#8591 = EDGE_LOOP('',(#8592,#8593,#8594,#8595));
#8592 = ORIENTED_EDGE('',*,*,#5704,.F.);
#8593 = ORIENTED_EDGE('',*,*,#735,.F.);
#8594 = ORIENTED_EDGE('',*,*,#4897,.T.);
#8595 = ORIENTED_EDGE('',*,*,#754,.T.);
#8596 = CYLINDRICAL_SURFACE('',#8597,2.54);
#8597 = AXIS2_PLACEMENT_3D('',#8598,#8599,#8600);
#8598 = CARTESIAN_POINT('',(220.98,40.64,20.319999999998));
#8599 = DIRECTION('',(1.,6.070773319254E-17,-0.));
#8600 = DIRECTION('',(-6.070773319254E-17,1.,0.));
#8601 = ADVANCED_FACE('',(#8602,#8636),#8670,.F.);
#8602 = FACE_BOUND('',#8603,.T.);
#8603 = EDGE_LOOP('',(#8604,#8614,#8622,#8630));
#8604 = ORIENTED_EDGE('',*,*,#8605,.T.);
#8605 = EDGE_CURVE('',#8606,#8608,#8610,.T.);
#8606 = VERTEX_POINT('',#8607);
#8607 = CARTESIAN_POINT('',(63.5,89.789,11.43));
#8608 = VERTEX_POINT('',#8609);
#8609 = CARTESIAN_POINT('',(63.5,42.291,11.43));
#8610 = LINE('',#8611,#8612);
#8611 = CARTESIAN_POINT('',(63.5,42.291,11.43));
#8612 = VECTOR('',#8613,1.);
#8613 = DIRECTION('',(-0.,-1.,-0.));
#8614 = ORIENTED_EDGE('',*,*,#8615,.T.);
#8615 = EDGE_CURVE('',#8608,#8616,#8618,.T.);
#8616 = VERTEX_POINT('',#8617);
#8617 = CARTESIAN_POINT('',(120.65,42.291,11.43));
#8618 = LINE('',#8619,#8620);
#8619 = CARTESIAN_POINT('',(63.5,42.291,11.43));
#8620 = VECTOR('',#8621,1.);
#8621 = DIRECTION('',(1.,0.,0.));
#8622 = ORIENTED_EDGE('',*,*,#8623,.T.);
#8623 = EDGE_CURVE('',#8616,#8624,#8626,.T.);
#8624 = VERTEX_POINT('',#8625);
#8625 = CARTESIAN_POINT('',(120.65,89.789,11.43));
#8626 = LINE('',#8627,#8628);
#8627 = CARTESIAN_POINT('',(120.65,42.291,11.43));
#8628 = VECTOR('',#8629,1.);
#8629 = DIRECTION('',(0.,1.,0.));
#8630 = ORIENTED_EDGE('',*,*,#8631,.T.);
#8631 = EDGE_CURVE('',#8624,#8606,#8632,.T.);
#8632 = LINE('',#8633,#8634);
#8633 = CARTESIAN_POINT('',(63.5,89.789,11.43));
#8634 = VECTOR('',#8635,1.);
#8635 = DIRECTION('',(-1.,-0.,-0.));
#8636 = FACE_BOUND('',#8637,.T.);
#8637 = EDGE_LOOP('',(#8638,#8648,#8656,#8664));
#8638 = ORIENTED_EDGE('',*,*,#8639,.F.);
#8639 = EDGE_CURVE('',#8640,#8642,#8644,.T.);
#8640 = VERTEX_POINT('',#8641);
#8641 = CARTESIAN_POINT('',(66.04,87.249,11.43));
#8642 = VERTEX_POINT('',#8643);
#8643 = CARTESIAN_POINT('',(66.04,44.831,11.43));
#8644 = LINE('',#8645,#8646);
#8645 = CARTESIAN_POINT('',(66.04,87.249,11.43));
#8646 = VECTOR('',#8647,1.);
#8647 = DIRECTION('',(0.,-1.,0.));
#8648 = ORIENTED_EDGE('',*,*,#8649,.F.);
#8649 = EDGE_CURVE('',#8650,#8640,#8652,.T.);
#8650 = VERTEX_POINT('',#8651);
#8651 = CARTESIAN_POINT('',(118.11,87.249,11.43));
#8652 = LINE('',#8653,#8654);
#8653 = CARTESIAN_POINT('',(66.04,87.249,11.43));
#8654 = VECTOR('',#8655,1.);
#8655 = DIRECTION('',(-1.,-0.,-0.));
#8656 = ORIENTED_EDGE('',*,*,#8657,.F.);
#8657 = EDGE_CURVE('',#8658,#8650,#8660,.T.);
#8658 = VERTEX_POINT('',#8659);
#8659 = CARTESIAN_POINT('',(118.11,44.831,11.43));
#8660 = LINE('',#8661,#8662);
#8661 = CARTESIAN_POINT('',(118.11,87.249,11.43));
#8662 = VECTOR('',#8663,1.);
#8663 = DIRECTION('',(-6.543348487819E-16,1.,-0.));
#8664 = ORIENTED_EDGE('',*,*,#8665,.F.);
#8665 = EDGE_CURVE('',#8642,#8658,#8666,.T.);
#8666 = LINE('',#8667,#8668);
#8667 = CARTESIAN_POINT('',(66.04,44.831,11.43));
#8668 = VECTOR('',#8669,1.);
#8669 = DIRECTION('',(1.,0.,0.));
#8670 = PLANE('',#8671);
#8671 = AXIS2_PLACEMENT_3D('',#8672,#8673,#8674);
#8672 = CARTESIAN_POINT('',(283.21,-101.6,11.43));
#8673 = DIRECTION('',(0.,0.,-1.));
#8674 = DIRECTION('',(-1.,0.,-0.));
#8675 = ADVANCED_FACE('',(#8676),#8692,.F.);
#8676 = FACE_BOUND('',#8677,.T.);
#8677 = EDGE_LOOP('',(#8678,#8679,#8685,#8686));
#8678 = ORIENTED_EDGE('',*,*,#4659,.T.);
#8679 = ORIENTED_EDGE('',*,*,#8680,.F.);
#8680 = EDGE_CURVE('',#8608,#4650,#8681,.T.);
#8681 = LINE('',#8682,#8683);
#8682 = CARTESIAN_POINT('',(63.5,42.291,11.43));
#8683 = VECTOR('',#8684,1.);
#8684 = DIRECTION('',(-0.,-0.,-1.));
#8685 = ORIENTED_EDGE('',*,*,#8605,.F.);
#8686 = ORIENTED_EDGE('',*,*,#8687,.T.);
#8687 = EDGE_CURVE('',#8606,#4660,#8688,.T.);
#8688 = LINE('',#8689,#8690);
#8689 = CARTESIAN_POINT('',(63.5,89.789,11.43));
#8690 = VECTOR('',#8691,1.);
#8691 = DIRECTION('',(-0.,-0.,-1.));
#8692 = PLANE('',#8693);
#8693 = AXIS2_PLACEMENT_3D('',#8694,#8695,#8696);
#8694 = CARTESIAN_POINT('',(63.5,42.291,11.43));
#8695 = DIRECTION('',(1.,0.,0.));
#8696 = DIRECTION('',(0.,0.,-1.));
#8697 = ADVANCED_FACE('',(#8698),#8709,.F.);
#8698 = FACE_BOUND('',#8699,.T.);
#8699 = EDGE_LOOP('',(#8700,#8701,#8707,#8708));
#8700 = ORIENTED_EDGE('',*,*,#4649,.T.);
#8701 = ORIENTED_EDGE('',*,*,#8702,.F.);
#8702 = EDGE_CURVE('',#8616,#4652,#8703,.T.);
#8703 = LINE('',#8704,#8705);
#8704 = CARTESIAN_POINT('',(120.65,42.291,11.43));
#8705 = VECTOR('',#8706,1.);
#8706 = DIRECTION('',(-0.,-0.,-1.));
#8707 = ORIENTED_EDGE('',*,*,#8615,.F.);
#8708 = ORIENTED_EDGE('',*,*,#8680,.T.);
#8709 = PLANE('',#8710);
#8710 = AXIS2_PLACEMENT_3D('',#8711,#8712,#8713);
#8711 = CARTESIAN_POINT('',(63.5,42.291,11.43));
#8712 = DIRECTION('',(0.,1.,0.));
#8713 = DIRECTION('',(0.,-0.,1.));
#8714 = ADVANCED_FACE('',(#8715),#8726,.F.);
#8715 = FACE_BOUND('',#8716,.T.);
#8716 = EDGE_LOOP('',(#8717,#8718,#8724,#8725));
#8717 = ORIENTED_EDGE('',*,*,#4675,.T.);
#8718 = ORIENTED_EDGE('',*,*,#8719,.F.);
#8719 = EDGE_CURVE('',#8624,#4668,#8720,.T.);
#8720 = LINE('',#8721,#8722);
#8721 = CARTESIAN_POINT('',(120.65,89.789,11.43));
#8722 = VECTOR('',#8723,1.);
#8723 = DIRECTION('',(-0.,-0.,-1.));
#8724 = ORIENTED_EDGE('',*,*,#8623,.F.);
#8725 = ORIENTED_EDGE('',*,*,#8702,.T.);
#8726 = PLANE('',#8727);
#8727 = AXIS2_PLACEMENT_3D('',#8728,#8729,#8730);
#8728 = CARTESIAN_POINT('',(120.65,42.291,11.43));
#8729 = DIRECTION('',(-1.,0.,0.));
#8730 = DIRECTION('',(0.,0.,1.));
#8731 = ADVANCED_FACE('',(#8732),#8738,.F.);
#8732 = FACE_BOUND('',#8733,.T.);
#8733 = EDGE_LOOP('',(#8734,#8735,#8736,#8737));
#8734 = ORIENTED_EDGE('',*,*,#4667,.T.);
#8735 = ORIENTED_EDGE('',*,*,#8687,.F.);
#8736 = ORIENTED_EDGE('',*,*,#8631,.F.);
#8737 = ORIENTED_EDGE('',*,*,#8719,.T.);
#8738 = PLANE('',#8739);
#8739 = AXIS2_PLACEMENT_3D('',#8740,#8741,#8742);
#8740 = CARTESIAN_POINT('',(63.5,89.789,11.43));
#8741 = DIRECTION('',(0.,-1.,0.));
#8742 = DIRECTION('',(0.,-0.,-1.));
#8743 = ADVANCED_FACE('',(#8744),#8769,.T.);
#8744 = FACE_BOUND('',#8745,.T.);
#8745 = EDGE_LOOP('',(#8746,#8756,#8762,#8763));
#8746 = ORIENTED_EDGE('',*,*,#8747,.F.);
#8747 = EDGE_CURVE('',#8748,#8750,#8752,.T.);
#8748 = VERTEX_POINT('',#8749);
#8749 = CARTESIAN_POINT('',(66.04,87.249,7.62));
#8750 = VERTEX_POINT('',#8751);
#8751 = CARTESIAN_POINT('',(66.04,44.831,7.62));
#8752 = LINE('',#8753,#8754);
#8753 = CARTESIAN_POINT('',(66.04,87.249,7.62));
#8754 = VECTOR('',#8755,1.);
#8755 = DIRECTION('',(0.,-1.,0.));
#8756 = ORIENTED_EDGE('',*,*,#8757,.F.);
#8757 = EDGE_CURVE('',#8640,#8748,#8758,.T.);
#8758 = LINE('',#8759,#8760);
#8759 = CARTESIAN_POINT('',(66.04,87.249,11.43));
#8760 = VECTOR('',#8761,1.);
#8761 = DIRECTION('',(-0.,-0.,-1.));
#8762 = ORIENTED_EDGE('',*,*,#8639,.T.);
#8763 = ORIENTED_EDGE('',*,*,#8764,.T.);
#8764 = EDGE_CURVE('',#8642,#8750,#8765,.T.);
#8765 = LINE('',#8766,#8767);
#8766 = CARTESIAN_POINT('',(66.04,44.831,11.43));
#8767 = VECTOR('',#8768,1.);
#8768 = DIRECTION('',(-0.,-0.,-1.));
#8769 = PLANE('',#8770);
#8770 = AXIS2_PLACEMENT_3D('',#8771,#8772,#8773);
#8771 = CARTESIAN_POINT('',(66.04,87.249,11.43));
#8772 = DIRECTION('',(1.,0.,-0.));
#8773 = DIRECTION('',(-0.,0.,-1.));
#8774 = ADVANCED_FACE('',(#8775),#8793,.T.);
#8775 = FACE_BOUND('',#8776,.T.);
#8776 = EDGE_LOOP('',(#8777,#8785,#8786,#8787));
#8777 = ORIENTED_EDGE('',*,*,#8778,.F.);
#8778 = EDGE_CURVE('',#8750,#8779,#8781,.T.);
#8779 = VERTEX_POINT('',#8780);
#8780 = CARTESIAN_POINT('',(118.11,44.831,7.62));
#8781 = LINE('',#8782,#8783);
#8782 = CARTESIAN_POINT('',(66.04,44.831,7.62));
#8783 = VECTOR('',#8784,1.);
#8784 = DIRECTION('',(1.,0.,0.));
#8785 = ORIENTED_EDGE('',*,*,#8764,.F.);
#8786 = ORIENTED_EDGE('',*,*,#8665,.T.);
#8787 = ORIENTED_EDGE('',*,*,#8788,.T.);
#8788 = EDGE_CURVE('',#8658,#8779,#8789,.T.);
#8789 = LINE('',#8790,#8791);
#8790 = CARTESIAN_POINT('',(118.11,44.831,11.43));
#8791 = VECTOR('',#8792,1.);
#8792 = DIRECTION('',(-0.,-0.,-1.));
#8793 = PLANE('',#8794);
#8794 = AXIS2_PLACEMENT_3D('',#8795,#8796,#8797);
#8795 = CARTESIAN_POINT('',(66.04,44.831,11.43));
#8796 = DIRECTION('',(0.,1.,0.));
#8797 = DIRECTION('',(0.,-0.,1.));
#8798 = ADVANCED_FACE('',(#8799),#8817,.T.);
#8799 = FACE_BOUND('',#8800,.T.);
#8800 = EDGE_LOOP('',(#8801,#8809,#8810,#8811));
#8801 = ORIENTED_EDGE('',*,*,#8802,.F.);
#8802 = EDGE_CURVE('',#8779,#8803,#8805,.T.);
#8803 = VERTEX_POINT('',#8804);
#8804 = CARTESIAN_POINT('',(118.11,87.249,7.62));
#8805 = LINE('',#8806,#8807);
#8806 = CARTESIAN_POINT('',(118.11,87.249,7.62));
#8807 = VECTOR('',#8808,1.);
#8808 = DIRECTION('',(-6.543348487819E-16,1.,-0.));
#8809 = ORIENTED_EDGE('',*,*,#8788,.F.);
#8810 = ORIENTED_EDGE('',*,*,#8657,.T.);
#8811 = ORIENTED_EDGE('',*,*,#8812,.T.);
#8812 = EDGE_CURVE('',#8650,#8803,#8813,.T.);
#8813 = LINE('',#8814,#8815);
#8814 = CARTESIAN_POINT('',(118.11,87.249,11.43));
#8815 = VECTOR('',#8816,1.);
#8816 = DIRECTION('',(-0.,-0.,-1.));
#8817 = PLANE('',#8818);
#8818 = AXIS2_PLACEMENT_3D('',#8819,#8820,#8821);
#8819 = CARTESIAN_POINT('',(118.11,87.249,11.43));
#8820 = DIRECTION('',(-1.,-6.543348487819E-16,0.));
#8821 = DIRECTION('',(6.543348487819E-16,-1.,0.));
#8822 = ADVANCED_FACE('',(#8823),#8834,.T.);
#8823 = FACE_BOUND('',#8824,.T.);
#8824 = EDGE_LOOP('',(#8825,#8831,#8832,#8833));
#8825 = ORIENTED_EDGE('',*,*,#8826,.F.);
#8826 = EDGE_CURVE('',#8803,#8748,#8827,.T.);
#8827 = LINE('',#8828,#8829);
#8828 = CARTESIAN_POINT('',(66.04,87.249,7.62));
#8829 = VECTOR('',#8830,1.);
#8830 = DIRECTION('',(-1.,-0.,-0.));
#8831 = ORIENTED_EDGE('',*,*,#8812,.F.);
#8832 = ORIENTED_EDGE('',*,*,#8649,.T.);
#8833 = ORIENTED_EDGE('',*,*,#8757,.T.);
#8834 = PLANE('',#8835);
#8835 = AXIS2_PLACEMENT_3D('',#8836,#8837,#8838);
#8836 = CARTESIAN_POINT('',(66.04,87.249,11.43));
#8837 = DIRECTION('',(0.,-1.,0.));
#8838 = DIRECTION('',(0.,-0.,-1.));
#8839 = ADVANCED_FACE('',(#8840),#8846,.T.);
#8840 = FACE_BOUND('',#8841,.T.);
#8841 = EDGE_LOOP('',(#8842,#8843,#8844,#8845));
#8842 = ORIENTED_EDGE('',*,*,#8747,.T.);
#8843 = ORIENTED_EDGE('',*,*,#8778,.T.);
#8844 = ORIENTED_EDGE('',*,*,#8802,.T.);
#8845 = ORIENTED_EDGE('',*,*,#8826,.T.);
#8846 = PLANE('',#8847);
#8847 = AXIS2_PLACEMENT_3D('',#8848,#8849,#8850);
#8848 = CARTESIAN_POINT('',(283.21,-101.6,7.62));
#8849 = DIRECTION('',(-0.,0.,1.));
#8850 = DIRECTION('',(1.,0.,0.));
#8851 = ADVANCED_FACE('',(#8852,#8886),#8920,.F.);
#8852 = FACE_BOUND('',#8853,.T.);
#8853 = EDGE_LOOP('',(#8854,#8864,#8872,#8880));
#8854 = ORIENTED_EDGE('',*,*,#8855,.T.);
#8855 = EDGE_CURVE('',#8856,#8858,#8860,.T.);
#8856 = VERTEX_POINT('',#8857);
#8857 = CARTESIAN_POINT('',(158.75,77.47,11.43));
#8858 = VERTEX_POINT('',#8859);
#8859 = CARTESIAN_POINT('',(158.75,12.7,11.43));
#8860 = LINE('',#8861,#8862);
#8861 = CARTESIAN_POINT('',(158.75,12.7,11.43));
#8862 = VECTOR('',#8863,1.);
#8863 = DIRECTION('',(-0.,-1.,-0.));
#8864 = ORIENTED_EDGE('',*,*,#8865,.T.);
#8865 = EDGE_CURVE('',#8858,#8866,#8868,.T.);
#8866 = VERTEX_POINT('',#8867);
#8867 = CARTESIAN_POINT('',(195.58,12.7,11.43));
#8868 = LINE('',#8869,#8870);
#8869 = CARTESIAN_POINT('',(158.75,12.7,11.43));
#8870 = VECTOR('',#8871,1.);
#8871 = DIRECTION('',(1.,0.,0.));
#8872 = ORIENTED_EDGE('',*,*,#8873,.T.);
#8873 = EDGE_CURVE('',#8866,#8874,#8876,.T.);
#8874 = VERTEX_POINT('',#8875);
#8875 = CARTESIAN_POINT('',(195.58,77.47,11.43));
#8876 = LINE('',#8877,#8878);
#8877 = CARTESIAN_POINT('',(195.58,12.7,11.43));
#8878 = VECTOR('',#8879,1.);
#8879 = DIRECTION('',(0.,1.,0.));
#8880 = ORIENTED_EDGE('',*,*,#8881,.T.);
#8881 = EDGE_CURVE('',#8874,#8856,#8882,.T.);
#8882 = LINE('',#8883,#8884);
#8883 = CARTESIAN_POINT('',(158.75,77.47,11.43));
#8884 = VECTOR('',#8885,1.);
#8885 = DIRECTION('',(-1.,-0.,-0.));
#8886 = FACE_BOUND('',#8887,.T.);
#8887 = EDGE_LOOP('',(#8888,#8898,#8906,#8914));
#8888 = ORIENTED_EDGE('',*,*,#8889,.F.);
#8889 = EDGE_CURVE('',#8890,#8892,#8894,.T.);
#8890 = VERTEX_POINT('',#8891);
#8891 = CARTESIAN_POINT('',(161.29,74.93,11.43));
#8892 = VERTEX_POINT('',#8893);
#8893 = CARTESIAN_POINT('',(161.29,15.24,11.43));
#8894 = LINE('',#8895,#8896);
#8895 = CARTESIAN_POINT('',(161.29,74.93,11.43));
#8896 = VECTOR('',#8897,1.);
#8897 = DIRECTION('',(0.,-1.,0.));
#8898 = ORIENTED_EDGE('',*,*,#8899,.F.);
#8899 = EDGE_CURVE('',#8900,#8890,#8902,.T.);
#8900 = VERTEX_POINT('',#8901);
#8901 = CARTESIAN_POINT('',(193.04,74.93,11.43));
#8902 = LINE('',#8903,#8904);
#8903 = CARTESIAN_POINT('',(161.29,74.93,11.43));
#8904 = VECTOR('',#8905,1.);
#8905 = DIRECTION('',(-1.,8.741913579726E-16,-0.));
#8906 = ORIENTED_EDGE('',*,*,#8907,.F.);
#8907 = EDGE_CURVE('',#8908,#8900,#8910,.T.);
#8908 = VERTEX_POINT('',#8909);
#8909 = CARTESIAN_POINT('',(193.04,15.24,11.43));
#8910 = LINE('',#8911,#8912);
#8911 = CARTESIAN_POINT('',(193.04,74.93,11.43));
#8912 = VECTOR('',#8913,1.);
#8913 = DIRECTION('',(-2.324977015884E-16,1.,-0.));
#8914 = ORIENTED_EDGE('',*,*,#8915,.F.);
#8915 = EDGE_CURVE('',#8892,#8908,#8916,.T.);
#8916 = LINE('',#8917,#8918);
#8917 = CARTESIAN_POINT('',(161.29,15.24,11.43));
#8918 = VECTOR('',#8919,1.);
#8919 = DIRECTION('',(1.,0.,0.));
#8920 = PLANE('',#8921);
#8921 = AXIS2_PLACEMENT_3D('',#8922,#8923,#8924);
#8922 = CARTESIAN_POINT('',(283.21,-101.6,11.43));
#8923 = DIRECTION('',(0.,0.,-1.));
#8924 = DIRECTION('',(-1.,0.,-0.));
#8925 = ADVANCED_FACE('',(#8926),#8942,.F.);
#8926 = FACE_BOUND('',#8927,.T.);
#8927 = EDGE_LOOP('',(#8928,#8929,#8935,#8936));
#8928 = ORIENTED_EDGE('',*,*,#4867,.T.);
#8929 = ORIENTED_EDGE('',*,*,#8930,.F.);
#8930 = EDGE_CURVE('',#8858,#4858,#8931,.T.);
#8931 = LINE('',#8932,#8933);
#8932 = CARTESIAN_POINT('',(158.75,12.7,11.43));
#8933 = VECTOR('',#8934,1.);
#8934 = DIRECTION('',(-0.,-0.,-1.));
#8935 = ORIENTED_EDGE('',*,*,#8855,.F.);
#8936 = ORIENTED_EDGE('',*,*,#8937,.T.);
#8937 = EDGE_CURVE('',#8856,#4868,#8938,.T.);
#8938 = LINE('',#8939,#8940);
#8939 = CARTESIAN_POINT('',(158.75,77.47,11.43));
#8940 = VECTOR('',#8941,1.);
#8941 = DIRECTION('',(-0.,-0.,-1.));
#8942 = PLANE('',#8943);
#8943 = AXIS2_PLACEMENT_3D('',#8944,#8945,#8946);
#8944 = CARTESIAN_POINT('',(158.75,12.7,11.43));
#8945 = DIRECTION('',(1.,0.,0.));
#8946 = DIRECTION('',(0.,0.,-1.));
#8947 = ADVANCED_FACE('',(#8948),#8959,.F.);
#8948 = FACE_BOUND('',#8949,.T.);
#8949 = EDGE_LOOP('',(#8950,#8951,#8957,#8958));
#8950 = ORIENTED_EDGE('',*,*,#4857,.T.);
#8951 = ORIENTED_EDGE('',*,*,#8952,.F.);
#8952 = EDGE_CURVE('',#8866,#4860,#8953,.T.);
#8953 = LINE('',#8954,#8955);
#8954 = CARTESIAN_POINT('',(195.58,12.7,11.43));
#8955 = VECTOR('',#8956,1.);
#8956 = DIRECTION('',(-0.,-0.,-1.));
#8957 = ORIENTED_EDGE('',*,*,#8865,.F.);
#8958 = ORIENTED_EDGE('',*,*,#8930,.T.);
#8959 = PLANE('',#8960);
#8960 = AXIS2_PLACEMENT_3D('',#8961,#8962,#8963);
#8961 = CARTESIAN_POINT('',(158.75,12.7,11.43));
#8962 = DIRECTION('',(0.,1.,0.));
#8963 = DIRECTION('',(0.,-0.,1.));
#8964 = ADVANCED_FACE('',(#8965),#8976,.F.);
#8965 = FACE_BOUND('',#8966,.T.);
#8966 = EDGE_LOOP('',(#8967,#8968,#8974,#8975));
#8967 = ORIENTED_EDGE('',*,*,#4883,.T.);
#8968 = ORIENTED_EDGE('',*,*,#8969,.F.);
#8969 = EDGE_CURVE('',#8874,#4876,#8970,.T.);
#8970 = LINE('',#8971,#8972);
#8971 = CARTESIAN_POINT('',(195.58,77.47,11.43));
#8972 = VECTOR('',#8973,1.);
#8973 = DIRECTION('',(-0.,-0.,-1.));
#8974 = ORIENTED_EDGE('',*,*,#8873,.F.);
#8975 = ORIENTED_EDGE('',*,*,#8952,.T.);
#8976 = PLANE('',#8977);
#8977 = AXIS2_PLACEMENT_3D('',#8978,#8979,#8980);
#8978 = CARTESIAN_POINT('',(195.58,12.7,11.43));
#8979 = DIRECTION('',(-1.,0.,0.));
#8980 = DIRECTION('',(0.,0.,1.));
#8981 = ADVANCED_FACE('',(#8982),#8988,.F.);
#8982 = FACE_BOUND('',#8983,.T.);
#8983 = EDGE_LOOP('',(#8984,#8985,#8986,#8987));
#8984 = ORIENTED_EDGE('',*,*,#4875,.T.);
#8985 = ORIENTED_EDGE('',*,*,#8937,.F.);
#8986 = ORIENTED_EDGE('',*,*,#8881,.F.);
#8987 = ORIENTED_EDGE('',*,*,#8969,.T.);
#8988 = PLANE('',#8989);
#8989 = AXIS2_PLACEMENT_3D('',#8990,#8991,#8992);
#8990 = CARTESIAN_POINT('',(158.75,77.47,11.43));
#8991 = DIRECTION('',(0.,-1.,0.));
#8992 = DIRECTION('',(0.,-0.,-1.));
#8993 = ADVANCED_FACE('',(#8994),#9019,.T.);
#8994 = FACE_BOUND('',#8995,.T.);
#8995 = EDGE_LOOP('',(#8996,#9006,#9012,#9013));
#8996 = ORIENTED_EDGE('',*,*,#8997,.F.);
#8997 = EDGE_CURVE('',#8998,#9000,#9002,.T.);
#8998 = VERTEX_POINT('',#8999);
#8999 = CARTESIAN_POINT('',(161.29,74.93,7.62));
#9000 = VERTEX_POINT('',#9001);
#9001 = CARTESIAN_POINT('',(161.29,15.24,7.62));
#9002 = LINE('',#9003,#9004);
#9003 = CARTESIAN_POINT('',(161.29,74.93,7.62));
#9004 = VECTOR('',#9005,1.);
#9005 = DIRECTION('',(0.,-1.,0.));
#9006 = ORIENTED_EDGE('',*,*,#9007,.F.);
#9007 = EDGE_CURVE('',#8890,#8998,#9008,.T.);
#9008 = LINE('',#9009,#9010);
#9009 = CARTESIAN_POINT('',(161.29,74.93,11.43));
#9010 = VECTOR('',#9011,1.);
#9011 = DIRECTION('',(-0.,-0.,-1.));
#9012 = ORIENTED_EDGE('',*,*,#8889,.T.);
#9013 = ORIENTED_EDGE('',*,*,#9014,.T.);
#9014 = EDGE_CURVE('',#8892,#9000,#9015,.T.);
#9015 = LINE('',#9016,#9017);
#9016 = CARTESIAN_POINT('',(161.29,15.24,11.43));
#9017 = VECTOR('',#9018,1.);
#9018 = DIRECTION('',(-0.,-0.,-1.));
#9019 = PLANE('',#9020);
#9020 = AXIS2_PLACEMENT_3D('',#9021,#9022,#9023);
#9021 = CARTESIAN_POINT('',(161.29,74.93,11.43));
#9022 = DIRECTION('',(1.,0.,-0.));
#9023 = DIRECTION('',(-0.,0.,-1.));
#9024 = ADVANCED_FACE('',(#9025),#9043,.T.);
#9025 = FACE_BOUND('',#9026,.T.);
#9026 = EDGE_LOOP('',(#9027,#9035,#9036,#9037));
#9027 = ORIENTED_EDGE('',*,*,#9028,.F.);
#9028 = EDGE_CURVE('',#9000,#9029,#9031,.T.);
#9029 = VERTEX_POINT('',#9030);
#9030 = CARTESIAN_POINT('',(193.04,15.24,7.62));
#9031 = LINE('',#9032,#9033);
#9032 = CARTESIAN_POINT('',(161.29,15.24,7.62));
#9033 = VECTOR('',#9034,1.);
#9034 = DIRECTION('',(1.,0.,0.));
#9035 = ORIENTED_EDGE('',*,*,#9014,.F.);
#9036 = ORIENTED_EDGE('',*,*,#8915,.T.);
#9037 = ORIENTED_EDGE('',*,*,#9038,.T.);
#9038 = EDGE_CURVE('',#8908,#9029,#9039,.T.);
#9039 = LINE('',#9040,#9041);
#9040 = CARTESIAN_POINT('',(193.04,15.24,11.43));
#9041 = VECTOR('',#9042,1.);
#9042 = DIRECTION('',(-0.,-0.,-1.));
#9043 = PLANE('',#9044);
#9044 = AXIS2_PLACEMENT_3D('',#9045,#9046,#9047);
#9045 = CARTESIAN_POINT('',(161.29,15.24,11.43));
#9046 = DIRECTION('',(0.,1.,0.));
#9047 = DIRECTION('',(0.,-0.,1.));
#9048 = ADVANCED_FACE('',(#9049),#9067,.T.);
#9049 = FACE_BOUND('',#9050,.T.);
#9050 = EDGE_LOOP('',(#9051,#9059,#9060,#9061));
#9051 = ORIENTED_EDGE('',*,*,#9052,.F.);
#9052 = EDGE_CURVE('',#9029,#9053,#9055,.T.);
#9053 = VERTEX_POINT('',#9054);
#9054 = CARTESIAN_POINT('',(193.04,74.93,7.62));
#9055 = LINE('',#9056,#9057);
#9056 = CARTESIAN_POINT('',(193.04,74.93,7.62));
#9057 = VECTOR('',#9058,1.);
#9058 = DIRECTION('',(-2.324977015884E-16,1.,-0.));
#9059 = ORIENTED_EDGE('',*,*,#9038,.F.);
#9060 = ORIENTED_EDGE('',*,*,#8907,.T.);
#9061 = ORIENTED_EDGE('',*,*,#9062,.T.);
#9062 = EDGE_CURVE('',#8900,#9053,#9063,.T.);
#9063 = LINE('',#9064,#9065);
#9064 = CARTESIAN_POINT('',(193.04,74.93,11.43));
#9065 = VECTOR('',#9066,1.);
#9066 = DIRECTION('',(-0.,-0.,-1.));
#9067 = PLANE('',#9068);
#9068 = AXIS2_PLACEMENT_3D('',#9069,#9070,#9071);
#9069 = CARTESIAN_POINT('',(193.04,74.93,11.43));
#9070 = DIRECTION('',(-1.,-2.324977015884E-16,0.));
#9071 = DIRECTION('',(2.324977015884E-16,-1.,0.));
#9072 = ADVANCED_FACE('',(#9073),#9084,.T.);
#9073 = FACE_BOUND('',#9074,.T.);
#9074 = EDGE_LOOP('',(#9075,#9081,#9082,#9083));
#9075 = ORIENTED_EDGE('',*,*,#9076,.F.);
#9076 = EDGE_CURVE('',#9053,#8998,#9077,.T.);
#9077 = LINE('',#9078,#9079);
#9078 = CARTESIAN_POINT('',(161.29,74.93,7.62));
#9079 = VECTOR('',#9080,1.);
#9080 = DIRECTION('',(-1.,8.741913579726E-16,-0.));
#9081 = ORIENTED_EDGE('',*,*,#9062,.F.);
#9082 = ORIENTED_EDGE('',*,*,#8899,.T.);
#9083 = ORIENTED_EDGE('',*,*,#9007,.T.);
#9084 = PLANE('',#9085);
#9085 = AXIS2_PLACEMENT_3D('',#9086,#9087,#9088);
#9086 = CARTESIAN_POINT('',(161.29,74.93,11.43));
#9087 = DIRECTION('',(-8.741913579726E-16,-1.,0.));
#9088 = DIRECTION('',(1.,-8.741913579726E-16,0.));
#9089 = ADVANCED_FACE('',(#9090),#9096,.T.);
#9090 = FACE_BOUND('',#9091,.T.);
#9091 = EDGE_LOOP('',(#9092,#9093,#9094,#9095));
#9092 = ORIENTED_EDGE('',*,*,#8997,.T.);
#9093 = ORIENTED_EDGE('',*,*,#9028,.T.);
#9094 = ORIENTED_EDGE('',*,*,#9052,.T.);
#9095 = ORIENTED_EDGE('',*,*,#9076,.T.);
#9096 = PLANE('',#9097);
#9097 = AXIS2_PLACEMENT_3D('',#9098,#9099,#9100);
#9098 = CARTESIAN_POINT('',(283.21,-101.6,7.62));
#9099 = DIRECTION('',(-0.,0.,1.));
#9100 = DIRECTION('',(1.,0.,0.));
#9101 = ADVANCED_FACE('',(#9102),#9108,.F.);
#9102 = FACE_BOUND('',#9103,.F.);
#9103 = EDGE_LOOP('',(#9104,#9105,#9106,#9107));
#9104 = ORIENTED_EDGE('',*,*,#6640,.F.);
#9105 = ORIENTED_EDGE('',*,*,#693,.F.);
#9106 = ORIENTED_EDGE('',*,*,#7065,.T.);
#9107 = ORIENTED_EDGE('',*,*,#712,.T.);
#9108 = CYLINDRICAL_SURFACE('',#9109,12.7);
#9109 = AXIS2_PLACEMENT_3D('',#9110,#9111,#9112);
#9110 = CARTESIAN_POINT('',(72.39,7.62,25.4));
#9111 = DIRECTION('',(-0.,-1.,-0.));
#9112 = DIRECTION('',(0.,0.,-1.));
#9113 = ADVANCED_FACE('',(#9114),#9120,.F.);
#9114 = FACE_BOUND('',#9115,.F.);
#9115 = EDGE_LOOP('',(#9116,#9117,#9118,#9119));
#9116 = ORIENTED_EDGE('',*,*,#6630,.F.);
#9117 = ORIENTED_EDGE('',*,*,#651,.F.);
#9118 = ORIENTED_EDGE('',*,*,#7055,.T.);
#9119 = ORIENTED_EDGE('',*,*,#670,.T.);
#9120 = CYLINDRICAL_SURFACE('',#9121,12.7);
#9121 = AXIS2_PLACEMENT_3D('',#9122,#9123,#9124);
#9122 = CARTESIAN_POINT('',(29.21,7.62,25.4));
#9123 = DIRECTION('',(-0.,-1.,-0.));
#9124 = DIRECTION('',(0.,0.,-1.));
#9125 = ADVANCED_FACE('',(#9126),#9138,.F.);
#9126 = FACE_BOUND('',#9127,.F.);
#9127 = EDGE_LOOP('',(#9128,#9129,#9130,#9137));
#9128 = ORIENTED_EDGE('',*,*,#6712,.F.);
#9129 = ORIENTED_EDGE('',*,*,#609,.F.);
#9130 = ORIENTED_EDGE('',*,*,#9131,.T.);
#9131 = EDGE_CURVE('',#610,#629,#9132,.T.);
#9132 = CIRCLE('',#9133,2.2225);
#9133 = AXIS2_PLACEMENT_3D('',#9134,#9135,#9136);
#9134 = CARTESIAN_POINT('',(224.79,3.81,47.498));
#9135 = DIRECTION('',(0.,0.,1.));
#9136 = DIRECTION('',(1.,0.,-0.));
#9137 = ORIENTED_EDGE('',*,*,#628,.T.);
#9138 = CYLINDRICAL_SURFACE('',#9139,2.2225);
#9139 = AXIS2_PLACEMENT_3D('',#9140,#9141,#9142);
#9140 = CARTESIAN_POINT('',(224.79,3.81,47.498));
#9141 = DIRECTION('',(-0.,-0.,1.));
#9142 = DIRECTION('',(1.,0.,0.));
#9143 = ADVANCED_FACE('',(#9144),#9148,.T.);
#9144 = FACE_BOUND('',#9145,.T.);
#9145 = EDGE_LOOP('',(#9146,#9147));
#9146 = ORIENTED_EDGE('',*,*,#9131,.T.);
#9147 = ORIENTED_EDGE('',*,*,#636,.T.);
#9148 = PLANE('',#9149);
#9149 = AXIS2_PLACEMENT_3D('',#9150,#9151,#9152);
#9150 = CARTESIAN_POINT('',(224.79,3.81,47.498));
#9151 = DIRECTION('',(0.,0.,1.));
#9152 = DIRECTION('',(1.,0.,-0.));
#9153 = ADVANCED_FACE('',(#9154),#9166,.F.);
#9154 = FACE_BOUND('',#9155,.F.);
#9155 = EDGE_LOOP('',(#9156,#9157,#9158,#9165));
#9156 = ORIENTED_EDGE('',*,*,#6702,.F.);
#9157 = ORIENTED_EDGE('',*,*,#567,.F.);
#9158 = ORIENTED_EDGE('',*,*,#9159,.T.);
#9159 = EDGE_CURVE('',#568,#587,#9160,.T.);
#9160 = CIRCLE('',#9161,2.2225);
#9161 = AXIS2_PLACEMENT_3D('',#9162,#9163,#9164);
#9162 = CARTESIAN_POINT('',(224.79,219.71,47.498));
#9163 = DIRECTION('',(0.,0.,1.));
#9164 = DIRECTION('',(1.,0.,-0.));
#9165 = ORIENTED_EDGE('',*,*,#586,.T.);
#9166 = CYLINDRICAL_SURFACE('',#9167,2.2225);
#9167 = AXIS2_PLACEMENT_3D('',#9168,#9169,#9170);
#9168 = CARTESIAN_POINT('',(224.79,219.71,47.498));
#9169 = DIRECTION('',(-0.,-0.,1.));
#9170 = DIRECTION('',(1.,0.,0.));
#9171 = ADVANCED_FACE('',(#9172),#9176,.T.);
#9172 = FACE_BOUND('',#9173,.T.);
#9173 = EDGE_LOOP('',(#9174,#9175));
#9174 = ORIENTED_EDGE('',*,*,#9159,.T.);
#9175 = ORIENTED_EDGE('',*,*,#594,.T.);
#9176 = PLANE('',#9177);
#9177 = AXIS2_PLACEMENT_3D('',#9178,#9179,#9180);
#9178 = CARTESIAN_POINT('',(224.79,219.71,47.498));
#9179 = DIRECTION('',(0.,0.,1.));
#9180 = DIRECTION('',(1.,0.,-0.));
#9181 = ADVANCED_FACE('',(#9182),#9194,.F.);
#9182 = FACE_BOUND('',#9183,.F.);
#9183 = EDGE_LOOP('',(#9184,#9185,#9186,#9193));
#9184 = ORIENTED_EDGE('',*,*,#6692,.F.);
#9185 = ORIENTED_EDGE('',*,*,#525,.F.);
#9186 = ORIENTED_EDGE('',*,*,#9187,.T.);
#9187 = EDGE_CURVE('',#526,#545,#9188,.T.);
#9188 = CIRCLE('',#9189,2.2225);
#9189 = AXIS2_PLACEMENT_3D('',#9190,#9191,#9192);
#9190 = CARTESIAN_POINT('',(130.81,219.71,47.498));
#9191 = DIRECTION('',(0.,0.,1.));
#9192 = DIRECTION('',(1.,0.,-0.));
#9193 = ORIENTED_EDGE('',*,*,#544,.T.);
#9194 = CYLINDRICAL_SURFACE('',#9195,2.2225);
#9195 = AXIS2_PLACEMENT_3D('',#9196,#9197,#9198);
#9196 = CARTESIAN_POINT('',(130.81,219.71,47.498));
#9197 = DIRECTION('',(-0.,-0.,1.));
#9198 = DIRECTION('',(1.,0.,0.));
#9199 = ADVANCED_FACE('',(#9200),#9204,.T.);
#9200 = FACE_BOUND('',#9201,.T.);
#9201 = EDGE_LOOP('',(#9202,#9203));
#9202 = ORIENTED_EDGE('',*,*,#9187,.T.);
#9203 = ORIENTED_EDGE('',*,*,#552,.T.);
#9204 = PLANE('',#9205);
#9205 = AXIS2_PLACEMENT_3D('',#9206,#9207,#9208);
#9206 = CARTESIAN_POINT('',(130.81,219.71,47.498));
#9207 = DIRECTION('',(0.,0.,1.));
#9208 = DIRECTION('',(1.,0.,-0.));
#9209 = ADVANCED_FACE('',(#9210),#9222,.F.);
#9210 = FACE_BOUND('',#9211,.F.);
#9211 = EDGE_LOOP('',(#9212,#9213,#9214,#9221));
#9212 = ORIENTED_EDGE('',*,*,#6682,.F.);
#9213 = ORIENTED_EDGE('',*,*,#483,.F.);
#9214 = ORIENTED_EDGE('',*,*,#9215,.T.);
#9215 = EDGE_CURVE('',#484,#503,#9216,.T.);
#9216 = CIRCLE('',#9217,2.2225);
#9217 = AXIS2_PLACEMENT_3D('',#9218,#9219,#9220);
#9218 = CARTESIAN_POINT('',(3.81,97.79,47.498));
#9219 = DIRECTION('',(0.,0.,1.));
#9220 = DIRECTION('',(1.,0.,-0.));
#9221 = ORIENTED_EDGE('',*,*,#502,.T.);
#9222 = CYLINDRICAL_SURFACE('',#9223,2.2225);
#9223 = AXIS2_PLACEMENT_3D('',#9224,#9225,#9226);
#9224 = CARTESIAN_POINT('',(3.81,97.79,47.498));
#9225 = DIRECTION('',(-0.,-0.,1.));
#9226 = DIRECTION('',(1.,0.,0.));
#9227 = ADVANCED_FACE('',(#9228),#9232,.T.);
#9228 = FACE_BOUND('',#9229,.T.);
#9229 = EDGE_LOOP('',(#9230,#9231));
#9230 = ORIENTED_EDGE('',*,*,#9215,.T.);
#9231 = ORIENTED_EDGE('',*,*,#510,.T.);
#9232 = PLANE('',#9233);
#9233 = AXIS2_PLACEMENT_3D('',#9234,#9235,#9236);
#9234 = CARTESIAN_POINT('',(3.81,97.79,47.498));
#9235 = DIRECTION('',(0.,0.,1.));
#9236 = DIRECTION('',(1.,0.,-0.));
#9237 = ADVANCED_FACE('',(#9238),#9250,.F.);
#9238 = FACE_BOUND('',#9239,.F.);
#9239 = EDGE_LOOP('',(#9240,#9241,#9242,#9249));
#9240 = ORIENTED_EDGE('',*,*,#6672,.F.);
#9241 = ORIENTED_EDGE('',*,*,#441,.F.);
#9242 = ORIENTED_EDGE('',*,*,#9243,.T.);
#9243 = EDGE_CURVE('',#442,#461,#9244,.T.);
#9244 = CIRCLE('',#9245,2.2225);
#9245 = AXIS2_PLACEMENT_3D('',#9246,#9247,#9248);
#9246 = CARTESIAN_POINT('',(3.81,3.81,47.498));
#9247 = DIRECTION('',(0.,0.,1.));
#9248 = DIRECTION('',(1.,0.,-0.));
#9249 = ORIENTED_EDGE('',*,*,#460,.T.);
#9250 = CYLINDRICAL_SURFACE('',#9251,2.2225);
#9251 = AXIS2_PLACEMENT_3D('',#9252,#9253,#9254);
#9252 = CARTESIAN_POINT('',(3.81,3.81,47.498));
#9253 = DIRECTION('',(-0.,-0.,1.));
#9254 = DIRECTION('',(1.,0.,0.));
#9255 = ADVANCED_FACE('',(#9256),#9260,.T.);
#9256 = FACE_BOUND('',#9257,.T.);
#9257 = EDGE_LOOP('',(#9258,#9259));
#9258 = ORIENTED_EDGE('',*,*,#9243,.T.);
#9259 = ORIENTED_EDGE('',*,*,#468,.T.);
#9260 = PLANE('',#9261);
#9261 = AXIS2_PLACEMENT_3D('',#9262,#9263,#9264);
#9262 = CARTESIAN_POINT('',(3.81,3.81,47.498));
#9263 = DIRECTION('',(0.,0.,1.));
#9264 = DIRECTION('',(1.,0.,-0.));
#9265 = ADVANCED_FACE('',(#9266),#9272,.F.);
#9266 = FACE_BOUND('',#9267,.F.);
#9267 = EDGE_LOOP('',(#9268,#9269,#9270,#9271));
#9268 = ORIENTED_EDGE('',*,*,#4639,.F.);
#9269 = ORIENTED_EDGE('',*,*,#399,.F.);
#9270 = ORIENTED_EDGE('',*,*,#6822,.T.);
#9271 = ORIENTED_EDGE('',*,*,#418,.T.);
#9272 = CYLINDRICAL_SURFACE('',#9273,3.1115);
#9273 = AXIS2_PLACEMENT_3D('',#9274,#9275,#9276);
#9274 = CARTESIAN_POINT('',(214.63,214.63,0.));
#9275 = DIRECTION('',(-0.,-0.,1.));
#9276 = DIRECTION('',(1.,0.,0.));
#9277 = ADVANCED_FACE('',(#9278),#9284,.F.);
#9278 = FACE_BOUND('',#9279,.F.);
#9279 = EDGE_LOOP('',(#9280,#9281,#9282,#9283));
#9280 = ORIENTED_EDGE('',*,*,#4629,.F.);
#9281 = ORIENTED_EDGE('',*,*,#357,.F.);
#9282 = ORIENTED_EDGE('',*,*,#6812,.T.);
#9283 = ORIENTED_EDGE('',*,*,#376,.T.);
#9284 = CYLINDRICAL_SURFACE('',#9285,3.1115);
#9285 = AXIS2_PLACEMENT_3D('',#9286,#9287,#9288);
#9286 = CARTESIAN_POINT('',(140.97,214.63,0.));
#9287 = DIRECTION('',(-0.,-0.,1.));
#9288 = DIRECTION('',(1.,0.,0.));
#9289 = ADVANCED_FACE('',(#9290),#9296,.F.);
#9290 = FACE_BOUND('',#9291,.F.);
#9291 = EDGE_LOOP('',(#9292,#9293,#9294,#9295));
#9292 = ORIENTED_EDGE('',*,*,#4619,.F.);
#9293 = ORIENTED_EDGE('',*,*,#315,.F.);
#9294 = ORIENTED_EDGE('',*,*,#6802,.T.);
#9295 = ORIENTED_EDGE('',*,*,#334,.T.);
#9296 = CYLINDRICAL_SURFACE('',#9297,3.1115);
#9297 = AXIS2_PLACEMENT_3D('',#9298,#9299,#9300);
#9298 = CARTESIAN_POINT('',(214.63,13.97,0.));
#9299 = DIRECTION('',(-0.,-0.,1.));
#9300 = DIRECTION('',(1.,0.,0.));
#9301 = ADVANCED_FACE('',(#9302),#9308,.F.);
#9302 = FACE_BOUND('',#9303,.F.);
#9303 = EDGE_LOOP('',(#9304,#9305,#9306,#9307));
#9304 = ORIENTED_EDGE('',*,*,#4609,.F.);
#9305 = ORIENTED_EDGE('',*,*,#273,.F.);
#9306 = ORIENTED_EDGE('',*,*,#6792,.T.);
#9307 = ORIENTED_EDGE('',*,*,#292,.T.);
#9308 = CYLINDRICAL_SURFACE('',#9309,3.1115);
#9309 = AXIS2_PLACEMENT_3D('',#9310,#9311,#9312);
#9310 = CARTESIAN_POINT('',(13.97,13.97,0.));
#9311 = DIRECTION('',(-0.,-0.,1.));
#9312 = DIRECTION('',(1.,0.,0.));
#9313 = ADVANCED_FACE('',(#9314),#9320,.F.);
#9314 = FACE_BOUND('',#9315,.F.);
#9315 = EDGE_LOOP('',(#9316,#9317,#9318,#9319));
#9316 = ORIENTED_EDGE('',*,*,#4599,.F.);
#9317 = ORIENTED_EDGE('',*,*,#231,.F.);
#9318 = ORIENTED_EDGE('',*,*,#6782,.T.);
#9319 = ORIENTED_EDGE('',*,*,#250,.T.);
#9320 = CYLINDRICAL_SURFACE('',#9321,3.1115);
#9321 = AXIS2_PLACEMENT_3D('',#9322,#9323,#9324);
#9322 = CARTESIAN_POINT('',(13.97,87.63,0.));
#9323 = DIRECTION('',(-0.,-0.,1.));
#9324 = DIRECTION('',(1.,0.,0.));
#9325 = ADVANCED_FACE('',(#9326),#9332,.F.);
#9326 = FACE_BOUND('',#9327,.F.);
#9327 = EDGE_LOOP('',(#9328,#9329,#9330,#9331));
#9328 = ORIENTED_EDGE('',*,*,#6589,.F.);
#9329 = ORIENTED_EDGE('',*,*,#189,.F.);
#9330 = ORIENTED_EDGE('',*,*,#7028,.T.);
#9331 = ORIENTED_EDGE('',*,*,#208,.T.);
#9332 = CYLINDRICAL_SURFACE('',#9333,1.75);
#9333 = AXIS2_PLACEMENT_3D('',#9334,#9335,#9336);
#9334 = CARTESIAN_POINT('',(37.318484809835,61.8,18.21));
#9335 = DIRECTION('',(-1.,-5.463695987329E-16,-0.));
#9336 = DIRECTION('',(5.463695987329E-16,-1.,0.));
#9337 = ADVANCED_FACE('',(#9338),#9344,.F.);
#9338 = FACE_BOUND('',#9339,.F.);
#9339 = EDGE_LOOP('',(#9340,#9341,#9342,#9343));
#9340 = ORIENTED_EDGE('',*,*,#6579,.F.);
#9341 = ORIENTED_EDGE('',*,*,#147,.F.);
#9342 = ORIENTED_EDGE('',*,*,#7018,.T.);
#9343 = ORIENTED_EDGE('',*,*,#166,.T.);
#9344 = CYLINDRICAL_SURFACE('',#9345,1.75);
#9345 = AXIS2_PLACEMENT_3D('',#9346,#9347,#9348);
#9346 = CARTESIAN_POINT('',(37.318484809835,39.8,40.21));
#9347 = DIRECTION('',(-1.,-5.463695987329E-16,-0.));
#9348 = DIRECTION('',(5.463695987329E-16,-1.,0.));
#9349 = ADVANCED_FACE('',(#9350),#9356,.F.);
#9350 = FACE_BOUND('',#9351,.F.);
#9351 = EDGE_LOOP('',(#9352,#9353,#9354,#9355));
#9352 = ORIENTED_EDGE('',*,*,#6569,.F.);
#9353 = ORIENTED_EDGE('',*,*,#105,.F.);
#9354 = ORIENTED_EDGE('',*,*,#7008,.T.);
#9355 = ORIENTED_EDGE('',*,*,#124,.T.);
#9356 = CYLINDRICAL_SURFACE('',#9357,10.5);
#9357 = AXIS2_PLACEMENT_3D('',#9358,#9359,#9360);
#9358 = CARTESIAN_POINT('',(37.318484809835,50.8,29.21));
#9359 = DIRECTION('',(-1.,-5.463695987329E-16,-0.));
#9360 = DIRECTION('',(5.463695987329E-16,-1.,0.));
#9361 = ADVANCED_FACE('',(#9362),#9368,.F.);
#9362 = FACE_BOUND('',#9363,.F.);
#9363 = EDGE_LOOP('',(#9364,#9365,#9366,#9367));
#9364 = ORIENTED_EDGE('',*,*,#6559,.F.);
#9365 = ORIENTED_EDGE('',*,*,#63,.F.);
#9366 = ORIENTED_EDGE('',*,*,#6998,.T.);
#9367 = ORIENTED_EDGE('',*,*,#82,.T.);
#9368 = CYLINDRICAL_SURFACE('',#9369,1.75);
#9369 = AXIS2_PLACEMENT_3D('',#9370,#9371,#9372);
#9370 = CARTESIAN_POINT('',(37.318484809835,39.8,18.21));
#9371 = DIRECTION('',(-1.,-5.463695987329E-16,-0.));
#9372 = DIRECTION('',(5.463695987329E-16,-1.,0.));
#9373 = ADVANCED_FACE('',(#9374),#9380,.F.);
#9374 = FACE_BOUND('',#9375,.F.);
#9375 = EDGE_LOOP('',(#9376,#9377,#9378,#9379));
#9376 = ORIENTED_EDGE('',*,*,#6549,.F.);
#9377 = ORIENTED_EDGE('',*,*,#21,.F.);
#9378 = ORIENTED_EDGE('',*,*,#6988,.T.);
#9379 = ORIENTED_EDGE('',*,*,#40,.T.);
#9380 = CYLINDRICAL_SURFACE('',#9381,1.75);
#9381 = AXIS2_PLACEMENT_3D('',#9382,#9383,#9384);
#9382 = CARTESIAN_POINT('',(37.318484809835,61.8,40.21));
#9383 = DIRECTION('',(-1.,-5.463695987329E-16,-0.));
#9384 = DIRECTION('',(5.463695987329E-16,-1.,0.));
#9385 = ( GEOMETRIC_REPRESENTATION_CONTEXT(3) 
GLOBAL_UNCERTAINTY_ASSIGNED_CONTEXT((#9389)) 
GLOBAL_UNIT_ASSIGNED_CONTEXT((#9386,#9387,#9388)) REPRESENTATION_CONTEXT
('Context #1','3D Context with UNIT and UNCERTAINTY') );
#9386 = ( LENGTH_UNIT() NAMED_UNIT(*) SI_UNIT(.MILLI.,.METRE.) );
#9387 = ( NAMED_UNIT(*) PLANE_ANGLE_UNIT() SI_UNIT($,.RADIAN.) );
#9388 = ( NAMED_UNIT(*) SI_UNIT($,.STERADIAN.) SOLID_ANGLE_UNIT() );
#9389 = UNCERTAINTY_MEASURE_WITH_UNIT(LENGTH_MEASURE(1.E-07),#9386,
  'distance_accuracy_value','confusion accuracy');
#9390 = PRODUCT_RELATED_PRODUCT_CATEGORY('part',$,(#7));
ENDSEC;
END-ISO-10303-21;
