ISO-10303-21;
HEADER;
FILE_DESCRIPTION (( 'STEP AP214' ),
    '1' );
FILE_NAME ('EnclosureBSLnew (1).STEP',
    '2024-05-13T20:14:13',
    ( '' ),
    ( '' ),
    'SwSTEP 2.0',
    'SolidWorks 2023',
    '' );
FILE_SCHEMA (( 'AUTOMOTIVE_DESIGN' ));
ENDSEC;

DATA;
#1 = CARTESIAN_POINT ( 'NONE',  ( -11.00000000000000178, 4.150000000000000355, 1.870000000000000107 ) ) ;
#2 = VERTEX_POINT ( 'NONE', #1151 ) ;
#3 = DIRECTION ( 'NONE',  ( 1.000000000000000000, 6.070773319253920728E-17, -0.000000000000000000 ) ) ;
#4 = ORIENTED_EDGE ( 'NONE', *, *, #3348, .T. ) ;
#5 = LINE ( 'NONE', #5698, #8683 ) ;
#6 = VERTEX_POINT ( 'NONE', #5453 ) ;
#7 = EDGE_CURVE ( 'NONE', #5154, #7402, #472, .T. ) ;
#8 = ORIENTED_EDGE ( 'NONE', *, *, #4722, .T. ) ;
#9 = VERTEX_POINT ( 'NONE', #5636 ) ;
#10 = DIRECTION ( 'NONE',  ( 1.000000000000000000, 0.000000000000000000, 0.000000000000000000 ) ) ;
#11 = FACE_OUTER_BOUND ( 'NONE', #5303, .T. ) ;
#12 = FACE_OUTER_BOUND ( 'NONE', #9263, .T. ) ;
#13 = CIRCLE ( 'NONE', #2747, 0.1000000000000005745 ) ;
#14 = VERTEX_POINT ( 'NONE', #9143 ) ;
#15 = EDGE_CURVE ( 'NONE', #1091, #7032, #4523, .T. ) ;
#16 = ORIENTED_EDGE ( 'NONE', *, *, #5312, .T. ) ;
#17 = DIRECTION ( 'NONE',  ( -1.000000000000000000, 0.000000000000000000, 0.000000000000000000 ) ) ;
#18 = EDGE_LOOP ( 'NONE', ( #587, #2536, #1607, #7837 ) ) ;
#19 = DIRECTION ( 'NONE',  ( 0.000000000000000000, 1.000000000000000000, 0.000000000000000000 ) ) ;
#20 = CARTESIAN_POINT ( 'NONE',  ( -2.150000000000000799, 5.099999999999999645, 1.599999999999925038 ) ) ;
#21 = DIRECTION ( 'NONE',  ( 0.000000000000000000, 1.000000000000000000, 0.000000000000000000 ) ) ;
#22 = CARTESIAN_POINT ( 'NONE',  ( -2.150000000000000799, 6.000000000000006217, 1.199999999999933120 ) ) ;
#23 = DIRECTION ( 'NONE',  ( -0.000000000000000000, -0.000000000000000000, -1.000000000000000000 ) ) ;
#24 = EDGE_LOOP ( 'NONE', ( #2641, #1531 ) ) ;
#25 = CARTESIAN_POINT ( 'NONE',  ( -2.150000000000001243, 12.00000000000000711, 1.199999999999995737 ) ) ;
#26 = ORIENTED_EDGE ( 'NONE', *, *, #942, .T. ) ;
#27 = PRESENTATION_LAYER_ASSIGNMENT (  '', '', ( #1391 ) ) ;
#28 = CARTESIAN_POINT ( 'NONE',  ( -2.450000000000001066, 8.500000000000000000, 1.599999999999958344 ) ) ;
#29 = ORIENTED_EDGE ( 'NONE', *, *, #6001, .F. ) ;
#30 = DIRECTION ( 'NONE',  ( 1.000000000000000000, 6.070773319253919496E-17, 0.000000000000000000 ) ) ;
#31 = CYLINDRICAL_SURFACE ( 'NONE', #9136, 0.1000000000000016709 ) ;
#32 = DIRECTION ( 'NONE',  ( 1.000000000000000000, 6.070773319253919496E-17, 0.000000000000000000 ) ) ;
#33 = ADVANCED_FACE ( 'NONE', ( #6208 ), #2664, .F. ) ;
#34 = AXIS2_PLACEMENT_3D ( 'NONE', #7638, #6079, #1160 ) ;
#35 = LINE ( 'NONE', #8804, #6950 ) ;
#36 = VECTOR ( 'NONE', #6895, 39.37007874015748143 ) ;
#37 = EDGE_LOOP ( 'NONE', ( #1775, #1266 ) ) ;
#38 = FACE_OUTER_BOUND ( 'NONE', #9186, .T. ) ;
#39 = CIRCLE ( 'NONE', #5637, 0.1000000000000005745 ) ;
#40 = VERTEX_POINT ( 'NONE', #6255 ) ;
#41 = CARTESIAN_POINT ( 'NONE',  ( -2.450000000000001510, 12.00000000000001776, 0.3000000000000000999 ) ) ;
#42 = FACE_OUTER_BOUND ( 'NONE', #2811, .T. ) ;
#43 = AXIS2_PLACEMENT_3D ( 'NONE', #3371, #7775, #7829 ) ;
#44 = DIRECTION ( 'NONE',  ( 0.000000000000000000, 1.000000000000000000, 0.000000000000000000 ) ) ;
#45 = VECTOR ( 'NONE', #4553, 39.37007874015748143 ) ;
#46 = FACE_BOUND ( 'NONE', #7984, .T. ) ;
#47 = CIRCLE ( 'NONE', #5354, 0.1000000000000005745 ) ;
#48 = EDGE_CURVE ( 'NONE', #9240, #878, #7725, .T. ) ;
#49 = DIRECTION ( 'NONE',  ( 1.000000000000000000, 6.070773319253920728E-17, -0.000000000000000000 ) ) ;
#50 = ORIENTED_EDGE ( 'NONE', *, *, #5386, .F. ) ;
#51 = DIRECTION ( 'NONE',  ( 0.000000000000000000, 1.000000000000000000, 0.000000000000000000 ) ) ;
#52 = ORIENTED_EDGE ( 'NONE', *, *, #5001, .T. ) ;
#53 = CARTESIAN_POINT ( 'NONE',  ( -2.450000000000001066, 10.80000000000000071, 1.599999999999983213 ) ) ;
#54 = ORIENTED_EDGE ( 'NONE', *, *, #9340, .T. ) ;
#55 = ORIENTED_EDGE ( 'NONE', *, *, #7407, .T. ) ;
#56 = CIRCLE ( 'NONE', #367, 0.1249999999999999029 ) ;
#57 = EDGE_LOOP ( 'NONE', ( #8356, #4646, #2058, #1055, #2287 ) ) ;
#58 = DIRECTION ( 'NONE',  ( 0.000000000000000000, 0.000000000000000000, 1.000000000000000000 ) ) ;
#59 = VECTOR ( 'NONE', #23, 39.37007874015748143 ) ;
#60 = FACE_OUTER_BOUND ( 'NONE', #4197, .T. ) ;
#61 = EDGE_CURVE ( 'NONE', #8888, #7059, #2544, .T. ) ;
#62 = DIRECTION ( 'NONE',  ( 0.000000000000000000, 1.000000000000000000, 0.000000000000000000 ) ) ;
#63 = CIRCLE ( 'NONE', #1279, 0.06900000000000089395 ) ;
#64 = ORIENTED_EDGE ( 'NONE', *, *, #6467, .T. ) ;
#65 = ORIENTED_EDGE ( 'NONE', *, *, #1115, .T. ) ;
#66 = DIRECTION ( 'NONE',  ( 1.000000000000000000, 6.070773319253920728E-17, -0.000000000000000000 ) ) ;
#67 = VERTEX_POINT ( 'NONE', #5495 ) ;
#68 = LINE ( 'NONE', #2966, #4803 ) ;
#69 = ORIENTED_EDGE ( 'NONE', *, *, #7570, .F. ) ;
#70 = CARTESIAN_POINT ( 'NONE',  ( -5.700000000000001066, 8.010000000000003340, 0.5989999999999999769 ) ) ;
#71 = LINE ( 'NONE', #5188, #2194 ) ;
#72 = CIRCLE ( 'NONE', #3709, 0.4133858267716539192 ) ;
#73 = FACE_OUTER_BOUND ( 'NONE', #373, .T. ) ;
#74 = CARTESIAN_POINT ( 'NONE',  ( -2.450000000000001066, 4.900000000000000355, 1.599999999999920597 ) ) ;
#75 = EDGE_CURVE ( 'NONE', #2293, #6470, #6787, .T. ) ;
#76 = FACE_OUTER_BOUND ( 'NONE', #1056, .T. ) ;
#77 = EDGE_LOOP ( 'NONE', ( #1015, #3585, #6751, #3963 ) ) ;
#78 = DIRECTION ( 'NONE',  ( 0.000000000000000000, 1.000000000000000000, 0.000000000000000000 ) ) ;
#79 = EDGE_CURVE ( 'NONE', #9276, #423, #3771, .T. ) ;
#80 = AXIS2_PLACEMENT_3D ( 'NONE', #4871, #9131, #4169 ) ;
#81 = ORIENTED_EDGE ( 'NONE', *, *, #5988, .T. ) ;
#82 = AXIS2_PLACEMENT_3D ( 'NONE', #2162, #5106, #5719 ) ;
#83 = AXIS2_PLACEMENT_3D ( 'NONE', #1643, #3950, #3235 ) ;
#84 = CARTESIAN_POINT ( 'NONE',  ( -11.00000000000000178, 7.849999999999998757, 1.870000000000000107 ) ) ;
#85 = ORIENTED_EDGE ( 'NONE', *, *, #3238, .T. ) ;
#86 = CARTESIAN_POINT ( 'NONE',  ( -2.800000000000000711, 10.00000000000000000, 0.2999999999999999889 ) ) ;
#87 = DIRECTION ( 'NONE',  ( -1.000000000000000000, -5.463695987328527423E-16, 0.000000000000000000 ) ) ;
#88 = DIRECTION ( 'NONE',  ( 1.000000000000000000, 6.070773319253919496E-17, 0.000000000000000000 ) ) ;
#89 = CIRCLE ( 'NONE', #8708, 0.1000000000000005745 ) ;
#90 = DIRECTION ( 'NONE',  ( 0.000000000000000000, -1.000000000000000000, 0.000000000000000000 ) ) ;
#91 = AXIS2_PLACEMENT_3D ( 'NONE', #7181, #694, #2080 ) ;
#92 = EDGE_CURVE ( 'NONE', #3715, #3936, #5124, .T. ) ;
#93 = AXIS2_PLACEMENT_3D ( 'NONE', #4592, #32, #8046 ) ;
#94 = ORIENTED_EDGE ( 'NONE', *, *, #9107, .F. ) ;
#95 = EDGE_CURVE ( 'NONE', #7389, #6325, #3463, .T. ) ;
#97 = CYLINDRICAL_SURFACE ( 'NONE', #3082, 0.1000000000000005745 ) ;
#96 = AXIS2_PLACEMENT_3D ( 'NONE', #5593, #2131, #7063 ) ;
#98 = AXIS2_PLACEMENT_3D ( 'NONE', #6398, #9148, #9289 ) ;
#99 = ORIENTED_EDGE ( 'NONE', *, *, #2006, .F. ) ;
#100 = DIRECTION ( 'NONE',  ( 0.000000000000000000, 1.000000000000000000, 0.000000000000000000 ) ) ;
#101 = DIRECTION ( 'NONE',  ( 0.000000000000000000, 1.000000000000000000, 0.000000000000000000 ) ) ;
#102 = VECTOR ( 'NONE', #1315, 39.37007874015748143 ) ;
#103 = LINE ( 'NONE', #2094, #5764 ) ;
#104 = AXIS2_PLACEMENT_3D ( 'NONE', #8899, #1830, #4715 ) ;
#105 = DIRECTION ( 'NONE',  ( 1.000000000000000000, 6.070773319253919496E-17, 0.000000000000000000 ) ) ;
#106 = EDGE_CURVE ( 'NONE', #461, #4289, #889, .T. ) ;
#107 = CYLINDRICAL_SURFACE ( 'NONE', #260, 0.06889763779527564858 ) ;
#108 = ORIENTED_EDGE ( 'NONE', *, *, #8946, .F. ) ;
#109 = EDGE_CURVE ( 'NONE', #6056, #1280, #4072, .T. ) ;
#110 = DIRECTION ( 'NONE',  ( -0.000000000000000000, 0.000000000000000000, -1.000000000000000000 ) ) ;
#111 = EDGE_LOOP ( 'NONE', ( #1295, #2577, #9044, #6042 ) ) ;
#112 = LINE ( 'NONE', #3854, #5503 ) ;
#113 = EDGE_LOOP ( 'NONE', ( #1145, #5722, #6307, #6965 ) ) ;
#114 = ORIENTED_EDGE ( 'NONE', *, *, #1414, .T. ) ;
#115 = VECTOR ( 'NONE', #3148, 39.37007874015748143 ) ;
#116 = ORIENTED_EDGE ( 'NONE', *, *, #3607, .T. ) ;
#117 = FACE_OUTER_BOUND ( 'NONE', #4532, .T. ) ;
#118 = DIRECTION ( 'NONE',  ( 0.000000000000000000, 0.000000000000000000, 1.000000000000000000 ) ) ;
#119 = DIRECTION ( 'NONE',  ( 1.000000000000000000, 6.070773319253919496E-17, 0.000000000000000000 ) ) ;
#120 = EDGE_LOOP ( 'NONE', ( #1162, #7532 ) ) ;
#121 = ORIENTED_EDGE ( 'NONE', *, *, #8761, .F. ) ;
#122 = CYLINDRICAL_SURFACE ( 'NONE', #1869, 0.1000000000000005745 ) ;
#123 = EDGE_LOOP ( 'NONE', ( #2294, #201, #9356, #7360 ) ) ;
#124 = EDGE_LOOP ( 'NONE', ( #7372, #1858, #8586, #1063 ) ) ;
#125 = CARTESIAN_POINT ( 'NONE',  ( -2.450000000000001510, 12.10000000000002096, 0.3999999999999957478 ) ) ;
#126 = CARTESIAN_POINT ( 'NONE',  ( -2.450000000000001510, 13.00000000000000000, 0.3000000000000000999 ) ) ;
#127 = ADVANCED_FACE ( 'NONE', ( #7683 ), #4797, .F. ) ;
#128 = CARTESIAN_POINT ( 'NONE',  ( -2.150000000000001243, 11.10000000000001741, 0.3999999999999874212 ) ) ;
#129 = CARTESIAN_POINT ( 'NONE',  ( -2.450000000000001066, 5.300000000000000711, 1.599999999999925038 ) ) ;
#130 = CARTESIAN_POINT ( 'NONE',  ( -2.450000000000001066, 10.30000000000000959, 0.7999999999999790612 ) ) ;
#131 = VERTEX_POINT ( 'NONE', #3423 ) ;
#132 = CYLINDRICAL_SURFACE ( 'NONE', #8552, 0.1000000000000016709 ) ;
#133 = EDGE_LOOP ( 'NONE', ( #2738, #6878, #2594, #3434 ) ) ;
#134 = DIRECTION ( 'NONE',  ( 0.000000000000000000, 0.000000000000000000, 1.000000000000000000 ) ) ;
#135 = ORIENTED_EDGE ( 'NONE', *, *, #7120, .T. ) ;
#136 = LINE ( 'NONE', #2268, #6285 ) ;
#137 = DIRECTION ( 'NONE',  ( 1.000000000000000000, 6.070773319253920728E-17, -0.000000000000000000 ) ) ;
#138 = EDGE_CURVE ( 'NONE', #8696, #8317, #7673, .T. ) ;
#139 = CARTESIAN_POINT ( 'NONE',  ( -2.450000000000001066, 10.40000000000001812, 0.3999999999999790945 ) ) ;
#140 = CARTESIAN_POINT ( 'NONE',  ( -2.150000000000001243, 9.200000000000001066, 1.599999999999966560 ) ) ;
#141 = ORIENTED_EDGE ( 'NONE', *, *, #4713, .F. ) ;
#142 = DIRECTION ( 'NONE',  ( 0.000000000000000000, 1.000000000000000000, 0.000000000000000000 ) ) ;
#143 = ORIENTED_EDGE ( 'NONE', *, *, #430, .F. ) ;
#144 = CARTESIAN_POINT ( 'NONE',  ( 0.000000000000000000, 0.000000000000000000, 0.2999999999999999889 ) ) ;
#145 = CYLINDRICAL_SURFACE ( 'NONE', #4576, 0.1224999999999995814 ) ;
#146 = EDGE_CURVE ( 'NONE', #3388, #1683, #2289, .T. ) ;
#147 = CARTESIAN_POINT ( 'NONE',  ( -2.150000000000001243, 12.40000000000000746, 1.199999999999999734 ) ) ;
#148 = AXIS2_PLACEMENT_3D ( 'NONE', #6110, #3901, #2515 ) ;
#149 = CARTESIAN_POINT ( 'NONE',  ( -11.15000000000000036, 8.000000000000000000, 2.000000000000000000 ) ) ;
#150 = CARTESIAN_POINT ( 'NONE',  ( -2.700000000000000622, 4.550000000000000711, 0.000000000000000000 ) ) ;
#151 = VERTEX_POINT ( 'NONE', #9059 ) ;
#152 = CYLINDRICAL_SURFACE ( 'NONE', #1102, 0.1000000000000005745 ) ;
#153 = EDGE_LOOP ( 'NONE', ( #361, #2449, #3005, #7949 ) ) ;
#154 = DIRECTION ( 'NONE',  ( 1.000000000000000000, 6.070773319253920728E-17, -0.000000000000000000 ) ) ;
#155 = ORIENTED_EDGE ( 'NONE', *, *, #3060, .F. ) ;
#156 = ORIENTED_EDGE ( 'NONE', *, *, #4438, .T. ) ;
#157 = CARTESIAN_POINT ( 'NONE',  ( -2.150000000000001243, 9.700000000000001066, 1.599999999999970557 ) ) ;
#158 = EDGE_CURVE ( 'NONE', #8774, #40, #4744, .T. ) ;
#159 = CARTESIAN_POINT ( 'NONE',  ( -2.150000000000000799, 5.500000000000010658, 0.7999999999999289901 ) ) ;
#160 = FACE_OUTER_BOUND ( 'NONE', #7809, .T. ) ;
#161 = ORIENTED_EDGE ( 'NONE', *, *, #3630, .F. ) ;
#162 = ORIENTED_EDGE ( 'NONE', *, *, #8155, .F. ) ;
#163 = CARTESIAN_POINT ( 'NONE',  ( -2.450000000000001066, 4.300000000000015810, 0.3999999999999165334 ) ) ;
#164 = ORIENTED_EDGE ( 'NONE', *, *, #6410, .T. ) ;
#165 = EDGE_LOOP ( 'NONE', ( #8534, #7000 ) ) ;
#166 = CARTESIAN_POINT ( 'NONE',  ( -2.150000000000000799, 5.900000000000005684, 1.199999999999933120 ) ) ;
#167 = LINE ( 'NONE', #6511, #7817 ) ;
#168 = DIRECTION ( 'NONE',  ( 0.000000000000000000, 1.000000000000000000, 0.000000000000000000 ) ) ;
#169 = DIRECTION ( 'NONE',  ( 0.000000000000000000, 1.000000000000000000, 0.000000000000000000 ) ) ;
#170 = ORIENTED_EDGE ( 'NONE', *, *, #5445, .F. ) ;
#171 = FACE_OUTER_BOUND ( 'NONE', #6626, .T. ) ;
#172 = ORIENTED_EDGE ( 'NONE', *, *, #8545, .F. ) ;
#173 = DIRECTION ( 'NONE',  ( -0.000000000000000000, 0.000000000000000000, -1.000000000000000000 ) ) ;
#174 = ORIENTED_EDGE ( 'NONE', *, *, #1087, .T. ) ;
#175 = DIRECTION ( 'NONE',  ( 0.000000000000000000, 1.000000000000000000, 0.000000000000000000 ) ) ;
#176 = FACE_OUTER_BOUND ( 'NONE', #153, .T. ) ;
#177 = CARTESIAN_POINT ( 'NONE',  ( -5.850000000000001421, 10.80000000000000249, 1.469999999999999973 ) ) ;
#178 = FACE_OUTER_BOUND ( 'NONE', #4656, .T. ) ;
#179 = AXIS2_PLACEMENT_3D ( 'NONE', #8106, #3085, #5971 ) ;
#180 = EDGE_CURVE ( 'NONE', #5186, #5364, #103, .T. ) ;
#181 = CIRCLE ( 'NONE', #8953, 0.06900000000000026945 ) ;
#182 = ORIENTED_EDGE ( 'NONE', *, *, #4550, .T. ) ;
#183 = CARTESIAN_POINT ( 'NONE',  ( -2.450000000000001066, 8.400000000000005684, 1.199999999999958211 ) ) ;
#184 = ORIENTED_EDGE ( 'NONE', *, *, #1031, .T. ) ;
#185 = CARTESIAN_POINT ( 'NONE',  ( -2.450000000000001066, 10.40000000000001101, 0.7999999999999790612 ) ) ;
#186 = CARTESIAN_POINT ( 'NONE',  ( -2.450000000000001066, 8.400000000000000355, 1.599999999999958344 ) ) ;
#187 = CIRCLE ( 'NONE', #1396, 0.06900000000000026945 ) ;
#188 = DIRECTION ( 'NONE',  ( 1.000000000000000000, 6.070773319253919496E-17, 0.000000000000000000 ) ) ;
#189 = AXIS2_PLACEMENT_3D ( 'NONE', #8221, #8350, #6048 ) ;
#190 = PLANE ( 'NONE',  #2777 ) ;
#191 = EDGE_CURVE ( 'NONE', #5958, #6013, #6978, .T. ) ;
#193 = CARTESIAN_POINT ( 'NONE',  ( -2.150000000000001243, 11.60000000000001918, 0.3999999999999914735 ) ) ;
#192 = AXIS2_PLACEMENT_3D ( 'NONE', #1990, #4877, #7906 ) ;
#194 = ORIENTED_EDGE ( 'NONE', *, *, #704, .F. ) ;
#195 = CARTESIAN_POINT ( 'NONE',  ( -2.450000000000001066, 8.800000000000000711, 1.599999999999962341 ) ) ;
#196 = AXIS2_PLACEMENT_3D ( 'NONE', #3195, #5418, #7587 ) ;
#197 = EDGE_CURVE ( 'NONE', #7411, #9206, #2894, .T. ) ;
#198 = ORIENTED_EDGE ( 'NONE', *, *, #1685, .F. ) ;
#199 = CARTESIAN_POINT ( 'NONE',  ( -2.450000000000001066, 9.200000000000006395, 1.199999999999966427 ) ) ;
#200 = ORIENTED_EDGE ( 'NONE', *, *, #8681, .T. ) ;
#201 = ORIENTED_EDGE ( 'NONE', *, *, #3102, .F. ) ;
#202 = FACE_BOUND ( 'NONE', #7299, .T. ) ;
#203 = VECTOR ( 'NONE', #2791, 39.37007874015748143 ) ;
#204 = VECTOR ( 'NONE', #5169, 39.37007874015748143 ) ;
#205 = CARTESIAN_POINT ( 'NONE',  ( -9.999999999999998224, 4.000000000000000888, 1.000000000000000000 ) ) ;
#206 = EDGE_CURVE ( 'NONE', #1244, #2937, #767, .T. ) ;
#207 = CARTESIAN_POINT ( 'NONE',  ( -2.800000000000000711, 10.00000000000000000, 0.5000000000000000000 ) ) ;
#208 = VERTEX_POINT ( 'NONE', #8577 ) ;
#209 = ADVANCED_FACE ( 'NONE', ( #5879 ), #8767, .F. ) ;
#210 = FACE_OUTER_BOUND ( 'NONE', #9058, .T. ) ;
#211 = ORIENTED_EDGE ( 'NONE', *, *, #4008, .F. ) ;
#212 = VECTOR ( 'NONE', #6088, 39.37007874015748143 ) ;
#213 = ORIENTED_EDGE ( 'NONE', *, *, #5791, .T. ) ;
#214 = FACE_OUTER_BOUND ( 'NONE', #1640, .T. ) ;
#215 = CARTESIAN_POINT ( 'NONE',  ( -2.450000000000001510, 12.40000000000001812, 0.3999999999999998557 ) ) ;
#216 = AXIS2_PLACEMENT_3D ( 'NONE', #1296, #2003, #4892 ) ;
#217 = CARTESIAN_POINT ( 'NONE',  ( -2.450000000000001066, 10.40000000000001812, 0.3999999999999790945 ) ) ;
#218 = AXIS2_PLACEMENT_3D ( 'NONE', #2453, #321, #3346 ) ;
#219 = CARTESIAN_POINT ( 'NONE',  ( -2.450000000000001066, 4.800000000000006040, 1.199999999999920686 ) ) ;
#220 = ORIENTED_EDGE ( 'NONE', *, *, #7963, .F. ) ;
#221 = DIRECTION ( 'NONE',  ( 1.000000000000000000, 6.070773319253920728E-17, -0.000000000000000000 ) ) ;
#222 = EDGE_CURVE ( 'NONE', #5580, #5323, #9198, .T. ) ;
#223 = ORIENTED_EDGE ( 'NONE', *, *, #5732, .T. ) ;
#224 = EDGE_CURVE ( 'NONE', #5958, #6242, #4411, .T. ) ;
#225 = CARTESIAN_POINT ( 'NONE',  ( -2.450000000000001066, 4.500000000000011546, 0.7999999999999164446 ) ) ;
#226 = CIRCLE ( 'NONE', #984, 0.1224999999999995814 ) ;
#227 = EDGE_LOOP ( 'NONE', ( #1180, #5720 ) ) ;
#228 = CARTESIAN_POINT ( 'NONE',  ( -4.710000000000000853, 10.00000000000000000, 0.2999999999999999889 ) ) ;
#229 = DIRECTION ( 'NONE',  ( 0.000000000000000000, 1.000000000000000000, 0.000000000000000000 ) ) ;
#230 = AXIS2_PLACEMENT_3D ( 'NONE', #882, #3779, #2916 ) ;
#231 = CARTESIAN_POINT ( 'NONE',  ( -6.400000000000001243, 7.534999999999998366, 0.4499999999999999556 ) ) ;
#232 = EDGE_CURVE ( 'NONE', #3580, #3876, #13, .T. ) ;
#233 = CARTESIAN_POINT ( 'NONE',  ( -9.999999999999998224, 4.000000000000000888, 0.5000000000000003331 ) ) ;
#234 = AXIS2_PLACEMENT_3D ( 'NONE', #7575, #3138, #2513 ) ;
#235 = CIRCLE ( 'NONE', #6766, 0.1000000000000005745 ) ;
#236 = AXIS2_PLACEMENT_3D ( 'NONE', #6794, #1684, #3912 ) ;
#237 = ORIENTED_EDGE ( 'NONE', *, *, #3861, .F. ) ;
#238 = CARTESIAN_POINT ( 'NONE',  ( -2.450000000000001066, 4.300000000000000711, 2.000000000000000000 ) ) ;
#239 = DIRECTION ( 'NONE',  ( 0.000000000000000000, 0.000000000000000000, 1.000000000000000000 ) ) ;
#240 = CARTESIAN_POINT ( 'NONE',  ( -2.450000000000001066, 6.100000000000006750, 1.199999999999933120 ) ) ;
#241 = AXIS2_PLACEMENT_3D ( 'NONE', #8986, #8278, #4547 ) ;
#242 = CARTESIAN_POINT ( 'NONE',  ( -5.150000000000000355, 12.69999999999999929, 1.624999999999999778 ) ) ;
#243 = CIRCLE ( 'NONE', #5527, 0.1000000000000016709 ) ;
#244 = EDGE_CURVE ( 'NONE', #7371, #5323, #8485, .T. ) ;
#245 = AXIS2_PLACEMENT_3D ( 'NONE', #6577, #88, #2368 ) ;
#246 = DIRECTION ( 'NONE',  ( -6.070773319253919496E-17, 1.000000000000000000, -0.000000000000000000 ) ) ;
#247 = VECTOR ( 'NONE', #6229, 39.37007874015748143 ) ;
#248 = VERTEX_POINT ( 'NONE', #5070 ) ;
#249 = CIRCLE ( 'NONE', #4494, 0.1000000000000016709 ) ;
#250 = DIRECTION ( 'NONE',  ( 1.000000000000000000, 6.070773319253920728E-17, -0.000000000000000000 ) ) ;
#251 = AXIS2_PLACEMENT_3D ( 'NONE', #7177, #688, #6473 ) ;
#252 = ORIENTED_EDGE ( 'NONE', *, *, #2387, .F. ) ;
#253 = FACE_OUTER_BOUND ( 'NONE', #892, .T. ) ;
#254 = DIRECTION ( 'NONE',  ( 0.000000000000000000, 0.000000000000000000, 1.000000000000000000 ) ) ;
#255 = EDGE_LOOP ( 'NONE', ( #2193, #6582, #2052, #8266 ) ) ;
#256 = EDGE_LOOP ( 'NONE', ( #2603, #1886 ) ) ;
#257 = CARTESIAN_POINT ( 'NONE',  ( -2.450000000000001066, 6.300000000000016698, 0.3999999999999374056 ) ) ;
#258 = EDGE_CURVE ( 'NONE', #5887, #4062, #1423, .T. ) ;
#259 = AXIS2_PLACEMENT_3D ( 'NONE', #8754, #134, #5254 ) ;
#260 = AXIS2_PLACEMENT_3D ( 'NONE', #5881, #7917, #865 ) ;
#261 = DIRECTION ( 'NONE',  ( 1.000000000000000000, 6.070773319253919496E-17, 0.000000000000000000 ) ) ;
#262 = DIRECTION ( 'NONE',  ( 1.000000000000000000, 6.070773319253920728E-17, -0.000000000000000000 ) ) ;
#263 = CIRCLE ( 'NONE', #8138, 0.1000000000000016709 ) ;
#264 = VERTEX_POINT ( 'NONE', #711 ) ;
#265 = CARTESIAN_POINT ( 'NONE',  ( -5.150000000000000355, 12.80000000000000071, 1.000000000000000000 ) ) ;
#266 = VERTEX_POINT ( 'NONE', #9380 ) ;
#267 = EDGE_LOOP ( 'NONE', ( #1033, #364, #8094, #8354 ) ) ;
#268 = DIRECTION ( 'NONE',  ( -0.000000000000000000, -0.000000000000000000, -1.000000000000000000 ) ) ;
#269 = EDGE_CURVE ( 'NONE', #5684, #9323, #9338, .T. ) ;
#270 = FACE_OUTER_BOUND ( 'NONE', #5314, .T. ) ;
#271 = VECTOR ( 'NONE', #3484, 39.37007874015748143 ) ;
#272 = PLANE ( 'NONE',  #7903 ) ;
#273 = CYLINDRICAL_SURFACE ( 'NONE', #6866, 0.1000000000000005745 ) ;
#274 = ORIENTED_EDGE ( 'NONE', *, *, #1239, .F. ) ;
#275 = LINE ( 'NONE', #5153, #5077 ) ;
#276 = EDGE_LOOP ( 'NONE', ( #2103, #1988, #3797, #1487 ) ) ;
#277 = ORIENTED_EDGE ( 'NONE', *, *, #3719, .F. ) ;
#278 = CARTESIAN_POINT ( 'NONE',  ( -2.150000000000001243, 10.40000000000001101, 0.7999999999999790612 ) ) ;
#279 = ORIENTED_EDGE ( 'NONE', *, *, #1859, .T. ) ;
#280 = DIRECTION ( 'NONE',  ( -0.000000000000000000, 0.000000000000000000, 1.000000000000000000 ) ) ;
#281 = FACE_BOUND ( 'NONE', #5277, .T. ) ;
#282 = DIRECTION ( 'NONE',  ( 0.000000000000000000, 0.000000000000000000, 1.000000000000000000 ) ) ;
#283 = EDGE_CURVE ( 'NONE', #649, #9347, #656, .T. ) ;
#284 = LENGTH_MEASURE_WITH_UNIT ( LENGTH_MEASURE( 0.02539999999999999897 ), #3349 );
#285 = ADVANCED_FACE ( 'NONE', ( #6449 ), #2851, .T. ) ;
#286 = ORIENTED_EDGE ( 'NONE', *, *, #7836, .F. ) ;
#287 = CARTESIAN_POINT ( 'NONE',  ( -2.450000000000001066, 5.200000000000010836, 0.7999999999999247713 ) ) ;
#288 = ORIENTED_EDGE ( 'NONE', *, *, #4106, .F. ) ;
#289 = DIRECTION ( 'NONE',  ( 0.000000000000000000, 0.000000000000000000, 1.000000000000000000 ) ) ;
#290 = CARTESIAN_POINT ( 'NONE',  ( 0.000000000000000000, 0.000000000000000000, 0.000000000000000000 ) ) ;
#291 = AXIS2_PLACEMENT_3D ( 'NONE', #4838, #1906, #1237 ) ;
#292 = CARTESIAN_POINT ( 'NONE',  ( -2.450000000000001066, 11.20000000000000817, 1.199999999999987299 ) ) ;
#293 = EDGE_CURVE ( 'NONE', #8604, #815, #3649, .T. ) ;
#294 = DIRECTION ( 'NONE',  ( -0.000000000000000000, -0.000000000000000000, -1.000000000000000000 ) ) ;
#295 = VERTEX_POINT ( 'NONE', #754 ) ;
#296 = ADVANCED_FACE ( 'NONE', ( #3648 ), #7912, .F. ) ;
#297 = FACE_OUTER_BOUND ( 'NONE', #7618, .T. ) ;
#298 = VERTEX_POINT ( 'NONE', #8009 ) ;
#299 = DIRECTION ( 'NONE',  ( 0.000000000000000000, 0.000000000000000000, 1.000000000000000000 ) ) ;
#300 = CARTESIAN_POINT ( 'NONE',  ( -5.700000000000001066, 8.010000000000003340, 0.5300000000000001377 ) ) ;
#301 = ORIENTED_EDGE ( 'NONE', *, *, #1743, .T. ) ;
#302 = CIRCLE ( 'NONE', #6490, 0.1000000000000005745 ) ;
#303 = VERTEX_POINT ( 'NONE', #2941 ) ;
#304 = CARTESIAN_POINT ( 'NONE',  ( -2.675000000000000711, 10.00000000000000000, 0.2999999999999999889 ) ) ;
#305 = DIRECTION ( 'NONE',  ( 1.000000000000000000, 6.070773319253920728E-17, -0.000000000000000000 ) ) ;
#306 = ADVANCED_FACE ( 'NONE', ( #5826 ), #8720, .F. ) ;
#307 = DIRECTION ( 'NONE',  ( 0.000000000000000000, 1.000000000000000000, 0.000000000000000000 ) ) ;
#308 = CYLINDRICAL_SURFACE ( 'NONE', #6564, 0.1000000000000005745 ) ;
#309 = ORIENTED_EDGE ( 'NONE', *, *, #3217, .F. ) ;
#310 = ORIENTED_EDGE ( 'NONE', *, *, #5014, .T. ) ;
#311 = DIRECTION ( 'NONE',  ( 1.000000000000000000, 6.070773319253919496E-17, 0.000000000000000000 ) ) ;
#312 = FACE_OUTER_BOUND ( 'NONE', #8420, .T. ) ;
#313 = CARTESIAN_POINT ( 'NONE',  ( -2.150000000000001243, 12.29999999999999893, 1.599999999999999867 ) ) ;
#314 = ADVANCED_FACE ( 'NONE', ( #6821 ), #7437, .T. ) ;
#315 = DIRECTION ( 'NONE',  ( 0.000000000000000000, -0.000000000000000000, -1.000000000000000000 ) ) ;
#316 = ORIENTED_EDGE ( 'NONE', *, *, #6391, .F. ) ;
#317 = VERTEX_POINT ( 'NONE', #242 ) ;
#318 = LINE ( 'NONE', #3124, #1018 ) ;
#319 = VERTEX_POINT ( 'NONE', #332 ) ;
#320 = DIRECTION ( 'NONE',  ( 1.000000000000000000, 6.070773319253920728E-17, -0.000000000000000000 ) ) ;
#321 = DIRECTION ( 'NONE',  ( -1.000000000000000000, -6.070773319253919496E-17, 0.000000000000000000 ) ) ;
#322 = DIRECTION ( 'NONE',  ( 1.000000000000000000, 6.070773319253920728E-17, -0.000000000000000000 ) ) ;
#323 = CIRCLE ( 'NONE', #8807, 0.1249999999999999029 ) ;
#324 = DIRECTION ( 'NONE',  ( 0.000000000000000000, 1.000000000000000000, 0.000000000000000000 ) ) ;
#325 = EDGE_CURVE ( 'NONE', #7095, #4815, #1231, .T. ) ;
#326 = VERTEX_POINT ( 'NONE', #3801 ) ;
#327 = CARTESIAN_POINT ( 'NONE',  ( -2.450000000000001066, 9.300000000000007816, 1.199999999999966427 ) ) ;
#328 = AXIS2_PLACEMENT_3D ( 'NONE', #2893, #5734, #8622 ) ;
#329 = ORIENTED_EDGE ( 'NONE', *, *, #9267, .T. ) ;
#330 = CARTESIAN_POINT ( 'NONE',  ( -8.550000000000000711, 7.434999999999998721, 0.4499999999999999556 ) ) ;
#331 = EDGE_CURVE ( 'NONE', #2868, #3614, #8045, .T. ) ;
#332 = CARTESIAN_POINT ( 'NONE',  ( -2.450000000000001510, 12.29999999999999893, 1.599999999999999867 ) ) ;
#333 = CARTESIAN_POINT ( 'NONE',  ( -5.150000000000000355, 12.20000000000000284, 1.124999999999999778 ) ) ;
#334 = ORIENTED_EDGE ( 'NONE', *, *, #2619, .T. ) ;
#335 = LINE ( 'NONE', #5490, #1571 ) ;
#336 = VERTEX_POINT ( 'NONE', #2464 ) ;
#337 = DIRECTION ( 'NONE',  ( 1.000000000000000000, 6.070773319253920728E-17, -0.000000000000000000 ) ) ;
#338 = EDGE_CURVE ( 'NONE', #3282, #916, #1630, .T. ) ;
#339 = FACE_BOUND ( 'NONE', #5098, .T. ) ;
#340 = EDGE_LOOP ( 'NONE', ( #5981, #4277, #5702, #8771 ) ) ;
#341 = VECTOR ( 'NONE', #2063, 39.37007874015748143 ) ;
#342 = VERTEX_POINT ( 'NONE', #2422 ) ;
#343 = CARTESIAN_POINT ( 'NONE',  ( -2.450000000000001066, 6.100000000000017408, 0.3999999999999331868 ) ) ;
#344 = EDGE_CURVE ( 'NONE', #6444, #8558, #3224, .T. ) ;
#345 = EDGE_CURVE ( 'NONE', #2727, #1259, #6637, .T. ) ;
#346 = AXIS2_PLACEMENT_3D ( 'NONE', #8214, #1732, #307 ) ;
#347 = CARTESIAN_POINT ( 'NONE',  ( -2.150000000000001243, 12.10000000000000320, 1.599999999999995870 ) ) ;
#348 = AXIS2_PLACEMENT_3D ( 'NONE', #7449, #261, #8169 ) ;
#349 = DIRECTION ( 'NONE',  ( 0.000000000000000000, 0.000000000000000000, 1.000000000000000000 ) ) ;
#350 = ORIENTED_EDGE ( 'NONE', *, *, #6790, .T. ) ;
#351 = DIRECTION ( 'NONE',  ( 1.000000000000000000, 6.070773319253920728E-17, -0.000000000000000000 ) ) ;
#352 = ORIENTED_EDGE ( 'NONE', *, *, #1375, .F. ) ;
#353 = EDGE_LOOP ( 'NONE', ( #9130, #4180, #5012, #1900 ) ) ;
#354 = DIRECTION ( 'NONE',  ( -0.000000000000000000, -0.000000000000000000, -1.000000000000000000 ) ) ;
#355 = AXIS2_PLACEMENT_3D ( 'NONE', #1527, #8059, #6535 ) ;
#356 = EDGE_CURVE ( 'NONE', #1668, #8961, #7558, .T. ) ;
#357 = CARTESIAN_POINT ( 'NONE',  ( -11.00000000000000178, 7.849999999999998757, 1.870000000000000107 ) ) ;
#358 = CARTESIAN_POINT ( 'NONE',  ( -4.835000000000000853, 7.730000000000000426, 0.2999999999999999889 ) ) ;
#359 = CARTESIAN_POINT ( 'NONE',  ( -2.450000000000001066, 7.700000000000001066, 1.599999999999949907 ) ) ;
#360 = AXIS2_PLACEMENT_3D ( 'NONE', #428, #9230, #8516 ) ;
#361 = ORIENTED_EDGE ( 'NONE', *, *, #6975, .F. ) ;
#362 = ORIENTED_EDGE ( 'NONE', *, *, #4412, .T. ) ;
#363 = CARTESIAN_POINT ( 'NONE',  ( -2.450000000000001066, 10.40000000000001812, 0.3000000000000000999 ) ) ;
#364 = ORIENTED_EDGE ( 'NONE', *, *, #5441, .T. ) ;
#365 = LINE ( 'NONE', #6057, #7501 ) ;
#366 = FACE_BOUND ( 'NONE', #3313, .T. ) ;
#367 = AXIS2_PLACEMENT_3D ( 'NONE', #265, #2438, #5995 ) ;
#368 = FACE_OUTER_BOUND ( 'NONE', #1320, .T. ) ;
#369 = EDGE_CURVE ( 'NONE', #7091, #3537, #5269, .T. ) ;
#370 = DIRECTION ( 'NONE',  ( -0.000000000000000000, -0.000000000000000000, -1.000000000000000000 ) ) ;
#371 = CARTESIAN_POINT ( 'NONE',  ( -2.450000000000001510, 12.40000000000001279, 0.7999999999999998224 ) ) ;
#372 = CIRCLE ( 'NONE', #822, 0.1224999999999995814 ) ;
#373 = EDGE_LOOP ( 'NONE', ( #6739, #2871 ) ) ;
#374 = CARTESIAN_POINT ( 'NONE',  ( -5.850000000000001421, 10.80000000000000249, 1.344999999999999973 ) ) ;
#375 = CIRCLE ( 'NONE', #8537, 0.1000000000000016709 ) ;
#376 = ORIENTED_EDGE ( 'NONE', *, *, #6940, .F. ) ;
#377 = CARTESIAN_POINT ( 'NONE',  ( -2.150000000000000799, 4.400000000000000355, 1.599999999999916600 ) ) ;
#378 = CARTESIAN_POINT ( 'NONE',  ( -2.450000000000001510, 11.90000000000001634, 0.3999999999999957478 ) ) ;
#379 = EDGE_CURVE ( 'NONE', #3955, #4987, #1577, .T. ) ;
#380 = VECTOR ( 'NONE', #1192, 39.37007874015748143 ) ;
#381 = VECTOR ( 'NONE', #779, 39.37007874015748143 ) ;
#382 = CARTESIAN_POINT ( 'NONE',  ( -2.450000000000001066, 7.200000000000001066, 1.599999999999945688 ) ) ;
#383 = EDGE_CURVE ( 'NONE', #7904, #3164, #3176, .T. ) ;
#384 = VERTEX_POINT ( 'NONE', #1761 ) ;
#385 = DIRECTION ( 'NONE',  ( 1.000000000000000000, 6.070773319253920728E-17, -0.000000000000000000 ) ) ;
#386 = VECTOR ( 'NONE', #601, 39.37007874015748143 ) ;
#387 = ORIENTED_EDGE ( 'NONE', *, *, #6465, .F. ) ;
#388 = CARTESIAN_POINT ( 'NONE',  ( -5.700000000000001066, 10.80000000000000071, 0.5300000000000001377 ) ) ;
#389 = CIRCLE ( 'NONE', #4633, 0.1000000000000005745 ) ;
#390 = DIRECTION ( 'NONE',  ( 0.000000000000000000, 0.000000000000000000, 1.000000000000000000 ) ) ;
#391 = EDGE_LOOP ( 'NONE', ( #3907, #8572 ) ) ;
#392 = AXIS2_PLACEMENT_3D ( 'NONE', #6462, #2105, #1388 ) ;
#393 = CARTESIAN_POINT ( 'NONE',  ( -4.710000000000000853, 7.730000000000000426, 0.5000000000000000000 ) ) ;
#394 = LINE ( 'NONE', #2478, #8110 ) ;
#395 = CIRCLE ( 'NONE', #8113, 0.1000000000000005745 ) ;
#396 = EDGE_CURVE ( 'NONE', #8522, #1785, #2325, .T. ) ;
#397 = DIRECTION ( 'NONE',  ( 0.000000000000000000, -0.000000000000000000, 1.000000000000000000 ) ) ;
#398 = EDGE_CURVE ( 'NONE', #7524, #743, #6678, .T. ) ;
#399 = AXIS2_PLACEMENT_3D ( 'NONE', #4486, #2436, #5137 ) ;
#400 = VECTOR ( 'NONE', #6908, 39.37007874015748143 ) ;
#401 = DIRECTION ( 'NONE',  ( 1.000000000000000000, 6.070773319253919496E-17, 0.000000000000000000 ) ) ;
#402 = EDGE_LOOP ( 'NONE', ( #3209, #8294 ) ) ;
#403 = DIRECTION ( 'NONE',  ( 1.000000000000000000, 6.070773319253920728E-17, -0.000000000000000000 ) ) ;
#404 = ORIENTED_EDGE ( 'NONE', *, *, #4106, .T. ) ;
#405 = AXIS2_PLACEMENT_3D ( 'NONE', #591, #1929, #3486 ) ;
#406 = EDGE_LOOP ( 'NONE', ( #4985, #8454, #8538, #8835 ) ) ;
#407 = DIRECTION ( 'NONE',  ( 0.000000000000000000, -1.000000000000000000, 0.000000000000000000 ) ) ;
#408 = CIRCLE ( 'NONE', #6452, 0.1000000000000005745 ) ;
#409 = DIRECTION ( 'NONE',  ( 1.000000000000000000, 0.000000000000000000, 0.000000000000000000 ) ) ;
#410 = CARTESIAN_POINT ( 'NONE',  ( -2.450000000000001066, 4.700000000000004619, 1.199999999999920686 ) ) ;
#411 = FACE_OUTER_BOUND ( 'NONE', #4669, .T. ) ;
#412 = EDGE_LOOP ( 'NONE', ( #4002, #4384, #1610, #6701 ) ) ;
#413 = ADVANCED_FACE ( 'NONE', ( #5972 ), #8865, .F. ) ;
#414 = ORIENTED_EDGE ( 'NONE', *, *, #5912, .F. ) ;
#415 = DIRECTION ( 'NONE',  ( 1.000000000000000000, 6.070773319253920728E-17, -0.000000000000000000 ) ) ;
#416 = ORIENTED_EDGE ( 'NONE', *, *, #158, .F. ) ;
#417 = PLANE ( 'NONE',  #3120 ) ;
#418 = FACE_BOUND ( 'NONE', #2040, .T. ) ;
#419 = AXIS2_PLACEMENT_3D ( 'NONE', #7544, #3322, #6967 ) ;
#420 = CYLINDRICAL_SURFACE ( 'NONE', #6289, 0.1000000000000005745 ) ;
#421 = CYLINDRICAL_SURFACE ( 'NONE', #940, 0.1000000000000005745 ) ;
#422 = CARTESIAN_POINT ( 'NONE',  ( -8.550000000000000711, 5.764999999999997904, 0.4499999999999999556 ) ) ;
#423 = VERTEX_POINT ( 'NONE', #1674 ) ;
#424 = EDGE_CURVE ( 'NONE', #8941, #2055, #1814, .T. ) ;
#425 = DIRECTION ( 'NONE',  ( 0.000000000000000000, 0.000000000000000000, 1.000000000000000000 ) ) ;
#426 = ORIENTED_EDGE ( 'NONE', *, *, #7601, .T. ) ;
#427 = CARTESIAN_POINT ( 'NONE',  ( -2.450000000000001066, 5.300000000000006040, 1.199999999999924905 ) ) ;
#428 = CARTESIAN_POINT ( 'NONE',  ( -2.450000000000001510, 11.60000000000001208, 0.7999999999999914957 ) ) ;
#429 = ORIENTED_EDGE ( 'NONE', *, *, #5900, .F. ) ;
#430 = EDGE_CURVE ( 'NONE', #2585, #8227, #948, .T. ) ;
#431 = DIRECTION ( 'NONE',  ( -1.000000000000000000, -5.463695987328527423E-16, 0.000000000000000000 ) ) ;
#432 = ORIENTED_EDGE ( 'NONE', *, *, #4022, .T. ) ;
#433 = DIRECTION ( 'NONE',  ( 0.000000000000000000, 1.000000000000000000, 0.000000000000000000 ) ) ;
#434 = CARTESIAN_POINT ( 'NONE',  ( -5.700000000000001066, 8.010000000000003340, 0.5300000000000001377 ) ) ;
#435 = DIRECTION ( 'NONE',  ( 0.000000000000000000, 1.000000000000000000, 0.000000000000000000 ) ) ;
#436 = FACE_BOUND ( 'NONE', #8638, .T. ) ;
#437 = CARTESIAN_POINT ( 'NONE',  ( -2.150000000000001243, 10.10000000000000142, 1.599999999999974998 ) ) ;
#438 = PRODUCT_DEFINITION_SHAPE ( 'NONE', 'NONE',  #8168 ) ;
#439 = EDGE_LOOP ( 'NONE', ( #7103, #1149, #2573, #8897 ) ) ;
#440 = DIRECTION ( 'NONE',  ( 1.000000000000000000, 6.070773319253919496E-17, 0.000000000000000000 ) ) ;
#441 = VECTOR ( 'NONE', #4691, 39.37007874015748143 ) ;
#442 = FACE_OUTER_BOUND ( 'NONE', #2242, .T. ) ;
#443 = EDGE_LOOP ( 'NONE', ( #6830, #8019 ) ) ;
#444 = ORIENTED_EDGE ( 'NONE', *, *, #5270, .T. ) ;
#445 = ADVANCED_FACE ( 'NONE', ( #1716 ), #4601, .F. ) ;
#446 = DIRECTION ( 'NONE',  ( 1.000000000000000000, 6.070773319253919496E-17, 0.000000000000000000 ) ) ;
#447 = CARTESIAN_POINT ( 'NONE',  ( -2.150000000000001243, 10.90000000000001990, 0.3999999999999831468 ) ) ;
#448 = DIRECTION ( 'NONE',  ( 1.000000000000000000, 6.070773319253920728E-17, -0.000000000000000000 ) ) ;
#449 = CARTESIAN_POINT ( 'NONE',  ( -9.680768314573423794, 5.566929133858268486, 0.7169291338582677309 ) ) ;
#450 = VERTEX_POINT ( 'NONE', #5407 ) ;
#451 = ORIENTED_EDGE ( 'NONE', *, *, #8492, .T. ) ;
#452 = DIRECTION ( 'NONE',  ( 0.000000000000000000, 1.000000000000000000, 0.000000000000000000 ) ) ;
#453 = ORIENTED_EDGE ( 'NONE', *, *, #2225, .T. ) ;
#454 = CARTESIAN_POINT ( 'NONE',  ( -2.150000000000001243, 11.10000000000000497, 1.199999999999987299 ) ) ;
#455 = ADVANCED_FACE ( 'NONE', ( #4465, #7348 ), #2557, .T. ) ;
#456 = FACE_BOUND ( 'NONE', #3387, .T. ) ;
#457 = CARTESIAN_POINT ( 'NONE',  ( -2.150000000000000799, 4.300000000000005151, 1.199999999999916467 ) ) ;
#458 = SURFACE_SIDE_STYLE ('',( #6194 ) ) ;
#459 = ORIENTED_EDGE ( 'NONE', *, *, #8904, .F. ) ;
#460 = CARTESIAN_POINT ( 'NONE',  ( -11.14999999999999858, 4.000000000000000888, 0.000000000000000000 ) ) ;
#461 = VERTEX_POINT ( 'NONE', #3271 ) ;
#462 = DIRECTION ( 'NONE',  ( 1.000000000000000000, 0.000000000000000000, 0.000000000000000000 ) ) ;
#463 = ORIENTED_EDGE ( 'NONE', *, *, #4958, .T. ) ;
#464 = LINE ( 'NONE', #3356, #386 ) ;
#465 = EDGE_CURVE ( 'NONE', #8439, #6334, #6867, .T. ) ;
#466 = CARTESIAN_POINT ( 'NONE',  ( -2.150000000000000799, 4.500000000000006217, 1.199999999999916467 ) ) ;
#467 = ORIENTED_EDGE ( 'NONE', *, *, #7803, .F. ) ;
#468 = FACE_BOUND ( 'NONE', #2952, .T. ) ;
#469 = EDGE_LOOP ( 'NONE', ( #3292, #5767 ) ) ;
#470 = DIRECTION ( 'NONE',  ( 0.000000000000000000, 0.000000000000000000, 1.000000000000000000 ) ) ;
#471 = LINE ( 'NONE', #1236, #1023 ) ;
#472 = LINE ( 'NONE', #5551, #3002 ) ;
#473 = FACE_BOUND ( 'NONE', #3402, .T. ) ;
#474 = EDGE_CURVE ( 'NONE', #2897, #5938, #7576, .T. ) ;
#475 = FACE_OUTER_BOUND ( 'NONE', #5198, .T. ) ;
#476 = LINE ( 'NONE', #528, #5539 ) ;
#477 = ORIENTED_EDGE ( 'NONE', *, *, #8489, .F. ) ;
#478 = FACE_OUTER_BOUND ( 'NONE', #7874, .T. ) ;
#479 = CIRCLE ( 'NONE', #8962, 0.06899999999999993638 ) ;
#480 = ORIENTED_EDGE ( 'NONE', *, *, #2064, .T. ) ;
#481 = CARTESIAN_POINT ( 'NONE',  ( -2.450000000000001066, 5.600000000000016520, 0.3999999999999290790 ) ) ;
#482 = ORIENTED_EDGE ( 'NONE', *, *, #2874, .F. ) ;
#483 = ORIENTED_EDGE ( 'NONE', *, *, #780, .F. ) ;
#484 = FACE_OUTER_BOUND ( 'NONE', #6887, .T. ) ;
#485 = CIRCLE ( 'NONE', #2913, 0.1000000000000005745 ) ;
#486 = EDGE_CURVE ( 'NONE', #7255, #1435, #9048, .T. ) ;
#487 = VECTOR ( 'NONE', #623, 39.37007874015748143 ) ;
#488 = DIRECTION ( 'NONE',  ( 1.000000000000000000, 6.070773319253920728E-17, -0.000000000000000000 ) ) ;
#489 = LINE ( 'NONE', #3383, #4468 ) ;
#490 = EDGE_CURVE ( 'NONE', #878, #8895, #1566, .T. ) ;
#491 = FACE_BOUND ( 'NONE', #5984, .T. ) ;
#492 = ORIENTED_EDGE ( 'NONE', *, *, #3822, .T. ) ;
#493 = ORIENTED_EDGE ( 'NONE', *, *, #5817, .F. ) ;
#494 = AXIS2_PLACEMENT_3D ( 'NONE', #769, #3661, #7408 ) ;
#495 = DIRECTION ( 'NONE',  ( 1.000000000000000000, 6.070773319253919496E-17, 0.000000000000000000 ) ) ;
#496 = VERTEX_POINT ( 'NONE', #4405 ) ;
#497 = DIRECTION ( 'NONE',  ( 1.000000000000000000, 6.070773319253919496E-17, 0.000000000000000000 ) ) ;
#498 = DIRECTION ( 'NONE',  ( 1.000000000000000000, 6.070773319253919496E-17, 0.000000000000000000 ) ) ;
#499 = DIRECTION ( 'NONE',  ( 1.000000000000000000, 6.070773319253920728E-17, -0.000000000000000000 ) ) ;
#500 = CIRCLE ( 'NONE', #9120, 0.1000000000000016709 ) ;
#501 = CARTESIAN_POINT ( 'NONE',  ( -2.450000000000001066, 10.80000000000000782, 1.199999999999983080 ) ) ;
#502 = VECTOR ( 'NONE', #9237, 39.37007874015748143 ) ;
#503 = ADVANCED_FACE ( 'NONE', ( #4456 ), #3641, .F. ) ;
#504 = EDGE_CURVE ( 'NONE', #3664, #7535, #3027, .T. ) ;
#505 = ORIENTED_EDGE ( 'NONE', *, *, #396, .T. ) ;
#506 = CARTESIAN_POINT ( 'NONE',  ( -5.150000000000000355, 12.69999999999999929, 1.000000000000000000 ) ) ;
#507 = VERTEX_POINT ( 'NONE', #1621 ) ;
#508 = DIRECTION ( 'NONE',  ( -1.000000000000000000, 0.000000000000000000, 0.000000000000000000 ) ) ;
#509 = CARTESIAN_POINT ( 'NONE',  ( -9.680768314573425570, 6.000000000000001776, 1.150000000000000133 ) ) ;
#510 = VERTEX_POINT ( 'NONE', #6631 ) ;
#511 = DIRECTION ( 'NONE',  ( 1.000000000000000000, 6.070773319253919496E-17, 0.000000000000000000 ) ) ;
#512 = FACE_OUTER_BOUND ( 'NONE', #6054, .T. ) ;
#513 = AXIS2_PLACEMENT_3D ( 'NONE', #2655, #4925, #9190 ) ;
#514 = EDGE_CURVE ( 'NONE', #2910, #3843, #302, .T. ) ;
#515 = AXIS2_PLACEMENT_3D ( 'NONE', #481, #403, #3376 ) ;
#516 = DIRECTION ( 'NONE',  ( 1.000000000000000000, 6.070773319253919496E-17, 0.000000000000000000 ) ) ;
#517 = AXIS2_PLACEMENT_3D ( 'NONE', #8044, #745, #4453 ) ;
#518 = ORIENTED_EDGE ( 'NONE', *, *, #396, .F. ) ;
#519 = CARTESIAN_POINT ( 'NONE',  ( -2.150000000000000799, 6.500000000000012434, 0.7999999999999374278 ) ) ;
#520 = ORIENTED_EDGE ( 'NONE', *, *, #1230, .F. ) ;
#521 = CARTESIAN_POINT ( 'NONE',  ( -6.500000000000000000, 5.764999999999997904, 0.2999999999999999889 ) ) ;
#522 = ADVANCED_FACE ( 'NONE', ( #5301 ), #8002, .F. ) ;
#523 = CARTESIAN_POINT ( 'NONE',  ( -2.450000000000001510, 12.30000000000000604, 1.199999999999999734 ) ) ;
#524 = AXIS2_PLACEMENT_3D ( 'NONE', #144, #3844, #902 ) ;
#525 = DIRECTION ( 'NONE',  ( 1.000000000000000000, 6.070773319253920728E-17, -0.000000000000000000 ) ) ;
#526 = AXIS2_PLACEMENT_3D ( 'NONE', #1865, #7416, #6801 ) ;
#527 = CARTESIAN_POINT ( 'NONE',  ( -6.000000000000001776, 12.65000000000000213, 1.870000000000000107 ) ) ;
#528 = CARTESIAN_POINT ( 'NONE',  ( -2.450000000000001066, 6.300000000000005151, 1.199999999999937339 ) ) ;
#529 = EDGE_LOOP ( 'NONE', ( #6600, #4389, #7113, #477 ) ) ;
#530 = AXIS2_PLACEMENT_3D ( 'NONE', #506, #1800, #3263 ) ;
#531 = DIRECTION ( 'NONE',  ( 1.000000000000000000, 0.000000000000000000, -0.000000000000000000 ) ) ;
#532 = EDGE_LOOP ( 'NONE', ( #3942, #4546, #6624, #1864 ) ) ;
#533 = CARTESIAN_POINT ( 'NONE',  ( -2.450000000000001066, 6.800000000000011369, 0.7999999999999414246 ) ) ;
#534 = ADVANCED_FACE ( 'NONE', ( #5205, #5911, #939, #748 ), #6018, .T. ) ;
#535 = ORIENTED_EDGE ( 'NONE', *, *, #6798, .T. ) ;
#536 = ORIENTED_EDGE ( 'NONE', *, *, #4008, .T. ) ;
#537 = CYLINDRICAL_SURFACE ( 'NONE', #2508, 0.1249999999999999029 ) ;
#538 = AXIS2_PLACEMENT_3D ( 'NONE', #936, #3833, #5340 ) ;
#539 = CIRCLE ( 'NONE', #6140, 0.4133858267716539192 ) ;
#540 = CIRCLE ( 'NONE', #245, 0.1000000000000016709 ) ;
#541 = CARTESIAN_POINT ( 'NONE',  ( -2.450000000000001066, 9.600000000000006750, 1.199999999999970646 ) ) ;
#542 = AXIS2_PLACEMENT_3D ( 'NONE', #5550, #6121, #5451 ) ;
#543 = DIRECTION ( 'NONE',  ( 1.000000000000000000, 6.070773319253920728E-17, -0.000000000000000000 ) ) ;
#544 = AXIS2_PLACEMENT_3D ( 'NONE', #5573, #1973, #6471 ) ;
#545 = ORIENTED_EDGE ( 'NONE', *, *, #3572, .T. ) ;
#546 = AXIS2_PLACEMENT_3D ( 'NONE', #625, #7031, #678 ) ;
#547 = EDGE_CURVE ( 'NONE', #4717, #7059, #35, .T. ) ;
#548 = ORIENTED_EDGE ( 'NONE', *, *, #3299, .T. ) ;
#549 = AXIS2_PLACEMENT_3D ( 'NONE', #8841, #1506, #1603 ) ;
#550 = LINE ( 'NONE', #7034, #271 ) ;
#551 = ORIENTED_EDGE ( 'NONE', *, *, #9089, .T. ) ;
#552 = CYLINDRICAL_SURFACE ( 'NONE', #5398, 0.1000000000000005745 ) ;
#553 = FACE_OUTER_BOUND ( 'NONE', #8366, .T. ) ;
#554 = CARTESIAN_POINT ( 'NONE',  ( -2.150000000000001243, 7.500000000000000000, 1.599999999999949907 ) ) ;
#555 = CIRCLE ( 'NONE', #4648, 0.1000000000000016709 ) ;
#556 = DIRECTION ( 'NONE',  ( 1.000000000000000000, 6.070773319253919496E-17, 0.000000000000000000 ) ) ;
#557 = ORIENTED_EDGE ( 'NONE', *, *, #9042, .F. ) ;
#558 = DIRECTION ( 'NONE',  ( 0.000000000000000000, 1.000000000000000000, 0.000000000000000000 ) ) ;
#559 = ORIENTED_EDGE ( 'NONE', *, *, #1078, .T. ) ;
#560 = CARTESIAN_POINT ( 'NONE',  ( -2.450000000000001510, 11.60000000000000142, 1.599999999999991651 ) ) ;
#561 = DIRECTION ( 'NONE',  ( 1.000000000000000000, 6.070773319253920728E-17, -0.000000000000000000 ) ) ;
#562 = AXIS2_PLACEMENT_3D ( 'NONE', #7845, #3529, #7125 ) ;
#563 = ORIENTED_EDGE ( 'NONE', *, *, #4644, .T. ) ;
#564 = DIRECTION ( 'NONE',  ( 1.000000000000000000, 6.070773319253919496E-17, 0.000000000000000000 ) ) ;
#565 = CARTESIAN_POINT ( 'NONE',  ( -2.150000000000001243, 10.80000000000001137, 0.7999999999999831690 ) ) ;
#566 = ADVANCED_FACE ( 'NONE', ( #1665 ), #2933, .F. ) ;
#567 = PLANE ( 'NONE',  #9123 ) ;
#568 = VERTEX_POINT ( 'NONE', #5114 ) ;
#569 = DIRECTION ( 'NONE',  ( 0.000000000000000000, 1.000000000000000000, 0.000000000000000000 ) ) ;
#570 = ORIENTED_EDGE ( 'NONE', *, *, #2225, .F. ) ;
#571 = LINE ( 'NONE', #4880, #8858 ) ;
#572 = DIRECTION ( 'NONE',  ( 1.000000000000000000, 6.070773319253919496E-17, 0.000000000000000000 ) ) ;
#573 = ORIENTED_EDGE ( 'NONE', *, *, #7397, .F. ) ;
#574 = DIRECTION ( 'NONE',  ( 1.000000000000000000, 0.000000000000000000, 0.000000000000000000 ) ) ;
#575 = EDGE_CURVE ( 'NONE', #3955, #9325, #4509, .T. ) ;
#576 = FACE_BOUND ( 'NONE', #8037, .T. ) ;
#577 = VERTEX_POINT ( 'NONE', #5261 ) ;
#578 = CARTESIAN_POINT ( 'NONE',  ( -2.150000000000001243, 10.70000000000000639, 1.199999999999983080 ) ) ;
#579 = EDGE_LOOP ( 'NONE', ( #5583, #8142 ) ) ;
#580 = CARTESIAN_POINT ( 'NONE',  ( -2.450000000000001066, 6.000000000000016875, 0.3999999999999331868 ) ) ;
#581 = ORIENTED_EDGE ( 'NONE', *, *, #4260, .F. ) ;
#582 = ORIENTED_EDGE ( 'NONE', *, *, #6762, .T. ) ;
#583 = CARTESIAN_POINT ( 'NONE',  ( -2.800000000000000711, 10.00000000000000000, 0.2999999999999999889 ) ) ;
#584 = CARTESIAN_POINT ( 'NONE',  ( -10.84999999999999964, 7.700000000000000178, 0.2999999999999999889 ) ) ;
#585 = EDGE_CURVE ( 'NONE', #3778, #2068, #5288, .T. ) ;
#586 = DIRECTION ( 'NONE',  ( 1.000000000000000000, 6.070773319253920728E-17, -0.000000000000000000 ) ) ;
#587 = ORIENTED_EDGE ( 'NONE', *, *, #1367, .F. ) ;
#588 = ORIENTED_EDGE ( 'NONE', *, *, #2733, .F. ) ;
#589 = CARTESIAN_POINT ( 'NONE',  ( -2.450000000000001066, 5.700000000000011724, 0.7999999999999289901 ) ) ;
#590 = ORIENTED_EDGE ( 'NONE', *, *, #4352, .T. ) ;
#591 = CARTESIAN_POINT ( 'NONE',  ( -2.150000000000000799, 4.800000000000011369, 0.7999999999999206635 ) ) ;
#592 = CARTESIAN_POINT ( 'NONE',  ( -2.450000000000001510, 12.50000000000000888, 1.199999999999999734 ) ) ;
#593 = CARTESIAN_POINT ( 'NONE',  ( -2.450000000000001066, 11.20000000000001172, 0.7999999999999873879 ) ) ;
#594 = EDGE_CURVE ( 'NONE', #7423, #1322, #8857, .T. ) ;
#595 = VERTEX_POINT ( 'NONE', #233 ) ;
#596 = CARTESIAN_POINT ( 'NONE',  ( -2.450000000000001066, 9.099999999999999645, 1.599999999999966560 ) ) ;
#597 = ORIENTED_EDGE ( 'NONE', *, *, #2443, .F. ) ;
#598 = CARTESIAN_POINT ( 'NONE',  ( -4.835000000000000853, 10.00000000000000000, 0.5000000000000000000 ) ) ;
#599 = DIRECTION ( 'NONE',  ( 0.000000000000000000, 1.000000000000000000, 0.000000000000000000 ) ) ;
#600 = EDGE_LOOP ( 'NONE', ( #3886, #2246 ) ) ;
#601 = DIRECTION ( 'NONE',  ( -0.000000000000000000, -0.000000000000000000, 1.000000000000000000 ) ) ;
#602 = DIRECTION ( 'NONE',  ( 1.000000000000000000, 0.000000000000000000, 0.000000000000000000 ) ) ;
#603 = EDGE_CURVE ( 'NONE', #6767, #4138, #4551, .T. ) ;
#604 = EDGE_LOOP ( 'NONE', ( #1813, #3464, #6662, #5241 ) ) ;
#605 = EDGE_CURVE ( 'NONE', #2139, #640, #8615, .T. ) ;
#606 = CARTESIAN_POINT ( 'NONE',  ( -2.450000000000001066, 6.100000000000012079, 0.7999999999999330980 ) ) ;
#607 = EDGE_LOOP ( 'NONE', ( #9126, #7415 ) ) ;
#608 = DIRECTION ( 'NONE',  ( 1.000000000000000000, 6.070773319253920728E-17, -0.000000000000000000 ) ) ;
#609 = CARTESIAN_POINT ( 'NONE',  ( -2.450000000000001066, 7.300000000000017586, 0.3999999999999457323 ) ) ;
#610 = DIRECTION ( 'NONE',  ( -0.000000000000000000, -1.000000000000000000, -0.000000000000000000 ) ) ;
#611 = DIRECTION ( 'NONE',  ( 1.000000000000000000, 0.000000000000000000, 0.000000000000000000 ) ) ;
#612 = FACE_BOUND ( 'NONE', #1697, .T. ) ;
#613 = ORIENTED_EDGE ( 'NONE', *, *, #8057, .F. ) ;
#614 = EDGE_CURVE ( 'NONE', #4743, #4527, #4539, .T. ) ;
#615 = CARTESIAN_POINT ( 'NONE',  ( -2.150000000000001243, 12.00000000000001776, 0.3999999999999957478 ) ) ;
#616 = ORIENTED_EDGE ( 'NONE', *, *, #1447, .F. ) ;
#617 = LINE ( 'NONE', #4278, #9134 ) ;
#618 = ORIENTED_EDGE ( 'NONE', *, *, #7902, .T. ) ;
#619 = EDGE_LOOP ( 'NONE', ( #5644, #7631, #2284, #5557 ) ) ;
#620 = ORIENTED_EDGE ( 'NONE', *, *, #766, .T. ) ;
#621 = DIRECTION ( 'NONE',  ( -1.000000000000000000, 0.000000000000000000, 0.000000000000000000 ) ) ;
#622 = ADVANCED_FACE ( 'NONE', ( #178 ), #2371, .T. ) ;
#623 = DIRECTION ( 'NONE',  ( 1.000000000000000000, 6.070773319253920728E-17, -0.000000000000000000 ) ) ;
#624 = CIRCLE ( 'NONE', #3063, 0.1000000000000005745 ) ;
#625 = CARTESIAN_POINT ( 'NONE',  ( -2.150000000000001243, 10.00000000000000000, 1.599999999999974998 ) ) ;
#626 = EDGE_LOOP ( 'NONE', ( #4974, #8887 ) ) ;
#627 = EDGE_LOOP ( 'NONE', ( #4408, #3414 ) ) ;
#628 = CYLINDRICAL_SURFACE ( 'NONE', #3439, 0.1000000000000005745 ) ;
#629 = EDGE_LOOP ( 'NONE', ( #5015, #8299 ) ) ;
#630 = CARTESIAN_POINT ( 'NONE',  ( -4.710000000000000853, 7.730000000000000426, 0.5000000000000000000 ) ) ;
#631 = CARTESIAN_POINT ( 'NONE',  ( -2.150000000000000799, 5.500000000000005329, 1.199999999999928901 ) ) ;
#632 = ADVANCED_FACE ( 'NONE', ( #3260 ), #6101, .F. ) ;
#633 = AXIS2_PLACEMENT_3D ( 'NONE', #7929, #8127, #4380 ) ;
#634 = CARTESIAN_POINT ( 'NONE',  ( -2.450000000000001066, 4.900000000000011902, 0.7999999999999206635 ) ) ;
#635 = DIRECTION ( 'NONE',  ( 1.000000000000000000, 6.070773319253920728E-17, -0.000000000000000000 ) ) ;
#636 = AXIS2_PLACEMENT_3D ( 'NONE', #6204, #1190, #4694 ) ;
#637 = ORIENTED_EDGE ( 'NONE', *, *, #3920, .T. ) ;
#638 = DIRECTION ( 'NONE',  ( -0.000000000000000000, -0.000000000000000000, 1.000000000000000000 ) ) ;
#639 = CIRCLE ( 'NONE', #3838, 0.1000000000000005745 ) ;
#640 = VERTEX_POINT ( 'NONE', #4071 ) ;
#641 = DIRECTION ( 'NONE',  ( 1.000000000000000000, 6.070773319253919496E-17, 0.000000000000000000 ) ) ;
#642 = ORIENTED_EDGE ( 'NONE', *, *, #6525, .F. ) ;
#643 = DIRECTION ( 'NONE',  ( 0.000000000000000000, 1.000000000000000000, 0.000000000000000000 ) ) ;
#644 = DIRECTION ( 'NONE',  ( 1.000000000000000000, 6.070773319253919496E-17, 0.000000000000000000 ) ) ;
#645 = ADVANCED_FACE ( 'NONE', ( #3175, #7612, #8992, #2640, #8418, #7531 ), #6060, .F. ) ;
#646 = VECTOR ( 'NONE', #3220, 39.37007874015748143 ) ;
#647 = FACE_BOUND ( 'NONE', #7329, .T. ) ;
#648 = CIRCLE ( 'NONE', #3528, 0.1000000000000005745 ) ;
#649 = VERTEX_POINT ( 'NONE', #3307 ) ;
#650 = CYLINDRICAL_SURFACE ( 'NONE', #5349, 0.1000000000000016709 ) ;
#651 = CIRCLE ( 'NONE', #4460, 0.1000000000000016709 ) ;
#652 = ORIENTED_EDGE ( 'NONE', *, *, #8212, .F. ) ;
#653 = FACE_OUTER_BOUND ( 'NONE', #9266, .T. ) ;
#654 = CARTESIAN_POINT ( 'NONE',  ( -11.15000000000000036, 5.586614173228346303, 1.150000000000000133 ) ) ;
#655 = EDGE_CURVE ( 'NONE', #303, #4889, #8621, .T. ) ;
#656 = LINE ( 'NONE', #6393, #7284 ) ;
#657 = VECTOR ( 'NONE', #914, 39.37007874015748143 ) ;
#658 = EDGE_CURVE ( 'NONE', #3057, #2499, #1128, .T. ) ;
#659 = AXIS2_PLACEMENT_3D ( 'NONE', #6280, #4209, #5522 ) ;
#660 = CYLINDRICAL_SURFACE ( 'NONE', #2171, 0.1000000000000005745 ) ;
#661 = FACE_OUTER_BOUND ( 'NONE', #7195, .T. ) ;
#662 = ORIENTED_EDGE ( 'NONE', *, *, #1554, .T. ) ;
#663 = DIRECTION ( 'NONE',  ( 1.000000000000000000, 6.070773319253919496E-17, 0.000000000000000000 ) ) ;
#664 = CIRCLE ( 'NONE', #6277, 0.1250000000000004441 ) ;
#665 = ORIENTED_EDGE ( 'NONE', *, *, #1705, .F. ) ;
#666 = DIRECTION ( 'NONE',  ( -1.000000000000000000, 0.000000000000000000, 0.000000000000000000 ) ) ;
#667 = EDGE_LOOP ( 'NONE', ( #4363, #4668 ) ) ;
#668 = ORIENTED_EDGE ( 'NONE', *, *, #3879, .T. ) ;
#669 = AXIS2_PLACEMENT_3D ( 'NONE', #5713, #8599, #1399 ) ;
#670 = VERTEX_POINT ( 'NONE', #2456 ) ;
#671 = DIRECTION ( 'NONE',  ( 0.000000000000000000, 1.000000000000000000, 0.000000000000000000 ) ) ;
#672 = EDGE_CURVE ( 'NONE', #4565, #4125, #323, .T. ) ;
#673 = EDGE_CURVE ( 'NONE', #1680, #3738, #2301, .T. ) ;
#674 = CIRCLE ( 'NONE', #1609, 0.1000000000000005745 ) ;
#675 = FACE_OUTER_BOUND ( 'NONE', #2800, .T. ) ;
#676 = CIRCLE ( 'NONE', #2653, 0.1000000000000005745 ) ;
#677 = AXIS2_PLACEMENT_3D ( 'NONE', #8589, #446, #4807 ) ;
#678 = DIRECTION ( 'NONE',  ( 0.000000000000000000, 1.000000000000000000, 0.000000000000000000 ) ) ;
#679 = ORIENTED_EDGE ( 'NONE', *, *, #5870, .F. ) ;
#680 = ORIENTED_EDGE ( 'NONE', *, *, #5941, .F. ) ;
#681 = LINE ( 'NONE', #2151, #6020 ) ;
#682 = AXIS2_PLACEMENT_3D ( 'NONE', #4919, #564, #9227 ) ;
#683 = ORIENTED_EDGE ( 'NONE', *, *, #5151, .F. ) ;
#684 = DIRECTION ( 'NONE',  ( 1.000000000000000000, 0.000000000000000000, 0.000000000000000000 ) ) ;
#685 = PLANE ( 'NONE',  #1888 ) ;
#686 = VECTOR ( 'NONE', #2686, 39.37007874015748143 ) ;
#687 = AXIS2_PLACEMENT_3D ( 'NONE', #3032, #8903, #5300 ) ;
#688 = DIRECTION ( 'NONE',  ( 1.000000000000000000, 0.000000000000000000, -0.000000000000000000 ) ) ;
#689 =( NAMED_UNIT ( * ) SI_UNIT ( $, .STERADIAN. ) SOLID_ANGLE_UNIT ( ) );
#690 = AXIS2_PLACEMENT_3D ( 'NONE', #3745, #1562, #2883 ) ;
#691 = CIRCLE ( 'NONE', #4786, 0.08749999999999981404 ) ;
#692 = EDGE_CURVE ( 'NONE', #5708, #1081, #1088, .T. ) ;
#693 = VERTEX_POINT ( 'NONE', #8945 ) ;
#695 = CIRCLE ( 'NONE', #1911, 0.1000000000000016709 ) ;
#694 = DIRECTION ( 'NONE',  ( 1.000000000000000000, 6.070773319253920728E-17, -0.000000000000000000 ) ) ;
#696 = ORIENTED_EDGE ( 'NONE', *, *, #2146, .T. ) ;
#697 = CARTESIAN_POINT ( 'NONE',  ( -2.450000000000001066, 11.30000000000002025, 0.3999999999999874212 ) ) ;
#698 = VERTEX_POINT ( 'NONE', #6952 ) ;
#699 = CARTESIAN_POINT ( 'NONE',  ( -2.300000000000000711, 12.65000000000000213, 1.870000000000000107 ) ) ;
#700 = DIRECTION ( 'NONE',  ( -0.000000000000000000, 1.000000000000000000, -0.000000000000000000 ) ) ;
#701 = CIRCLE ( 'NONE', #856, 0.08750000000000009159 ) ;
#702 = FACE_BOUND ( 'NONE', #5238, .T. ) ;
#703 = AXIS2_PLACEMENT_3D ( 'NONE', #9043, #2642, #1935 ) ;
#704 = EDGE_CURVE ( 'NONE', #6498, #1648, #181, .T. ) ;
#705 = AXIS2_PLACEMENT_3D ( 'NONE', #3927, #2450, #6808 ) ;
#706 = EDGE_LOOP ( 'NONE', ( #7593, #573, #4573, #1393 ) ) ;
#707 = LINE ( 'NONE', #750, #2784 ) ;
#708 = ORIENTED_EDGE ( 'NONE', *, *, #2077, .T. ) ;
#709 = DIRECTION ( 'NONE',  ( 1.000000000000000000, 6.070773319253920728E-17, -0.000000000000000000 ) ) ;
#710 = CYLINDRICAL_SURFACE ( 'NONE', #6752, 0.08749999999999981404 ) ;
#711 = CARTESIAN_POINT ( 'NONE',  ( -2.150000000000000799, 4.900000000000011902, 0.7999999999999206635 ) ) ;
#712 = VECTOR ( 'NONE', #6738, 39.37007874015748143 ) ;
#713 = CARTESIAN_POINT ( 'NONE',  ( -5.150000000000000355, 12.69999999999999929, 1.375000000000000000 ) ) ;
#714 = EDGE_CURVE ( 'NONE', #2562, #6444, #1551, .T. ) ;
#715 = FACE_OUTER_BOUND ( 'NONE', #4608, .T. ) ;
#716 = EDGE_LOOP ( 'NONE', ( #3107, #4406 ) ) ;
#717 = CARTESIAN_POINT ( 'NONE',  ( -2.150000000000001243, 11.20000000000000817, 1.199999999999987299 ) ) ;
#718 = ORIENTED_EDGE ( 'NONE', *, *, #1754, .T. ) ;
#719 = DIRECTION ( 'NONE',  ( 1.000000000000000000, 6.070773319253920728E-17, -0.000000000000000000 ) ) ;
#720 = ORIENTED_EDGE ( 'NONE', *, *, #813, .T. ) ;
#721 = EDGE_LOOP ( 'NONE', ( #352, #4712 ) ) ;
#722 = VERTEX_POINT ( 'NONE', #1836 ) ;
#723 = DIRECTION ( 'NONE',  ( 1.000000000000000000, 6.070773319253919496E-17, 0.000000000000000000 ) ) ;
#724 = AXIS2_PLACEMENT_3D ( 'NONE', #2754, #4045, #8525 ) ;
#725 = CARTESIAN_POINT ( 'NONE',  ( -4.585000000000000853, 10.00000000000000000, 0.5000000000000000000 ) ) ;
#726 = FACE_OUTER_BOUND ( 'NONE', #7160, .T. ) ;
#727 = ORIENTED_EDGE ( 'NONE', *, *, #673, .F. ) ;
#728 = EDGE_CURVE ( 'NONE', #4397, #4217, #8206, .T. ) ;
#729 = VERTEX_POINT ( 'NONE', #6910 ) ;
#730 = DIRECTION ( 'NONE',  ( 0.000000000000000000, 0.000000000000000000, 1.000000000000000000 ) ) ;
#731 = VERTEX_POINT ( 'NONE', #1933 ) ;
#732 = CARTESIAN_POINT ( 'NONE',  ( -2.450000000000001066, 10.80000000000001137, 0.7999999999999831690 ) ) ;
#733 = LINE ( 'NONE', #126, #3106 ) ;
#734 = CARTESIAN_POINT ( 'NONE',  ( -2.450000000000001510, 11.50000000000000533, 1.199999999999991518 ) ) ;
#735 = DIRECTION ( 'NONE',  ( -2.324977015884479041E-16, 1.000000000000000000, -0.000000000000000000 ) ) ;
#736 = CYLINDRICAL_SURFACE ( 'NONE', #513, 0.1000000000000016709 ) ;
#737 = ORIENTED_EDGE ( 'NONE', *, *, #8082, .F. ) ;
#738 = DIRECTION ( 'NONE',  ( 6.543348487818593697E-16, -1.000000000000000000, 0.000000000000000000 ) ) ;
#739 = ORIENTED_EDGE ( 'NONE', *, *, #1219, .T. ) ;
#740 = MANIFOLD_SOLID_BREP ( 'Cut-Extrude18', #2850 ) ;
#741 = VECTOR ( 'NONE', #7395, 39.37007874015748143 ) ;
#742 = DIRECTION ( 'NONE',  ( 1.000000000000000000, 6.070773319253920728E-17, -0.000000000000000000 ) ) ;
#743 = VERTEX_POINT ( 'NONE', #7888 ) ;
#744 = CARTESIAN_POINT ( 'NONE',  ( -2.150000000000001243, 11.20000000000000107, 1.599999999999987210 ) ) ;
#745 = DIRECTION ( 'NONE',  ( 1.000000000000000000, 6.070773319253920728E-17, -0.000000000000000000 ) ) ;
#746 = DIRECTION ( 'NONE',  ( 1.000000000000000000, 6.070773319253920728E-17, -0.000000000000000000 ) ) ;
#747 = ADVANCED_FACE ( 'NONE', ( #1318 ), #421, .F. ) ;
#748 = FACE_OUTER_BOUND ( 'NONE', #6681, .T. ) ;
#749 = ORIENTED_EDGE ( 'NONE', *, *, #2126, .F. ) ;
#750 = CARTESIAN_POINT ( 'NONE',  ( -2.450000000000001066, 7.700000000000000178, 0.8999999999999996891 ) ) ;
#751 = ORIENTED_EDGE ( 'NONE', *, *, #6873, .F. ) ;
#752 = FACE_OUTER_BOUND ( 'NONE', #1962, .T. ) ;
#753 = DIRECTION ( 'NONE',  ( 1.000000000000000000, 6.070773319253919496E-17, 0.000000000000000000 ) ) ;
#754 = CARTESIAN_POINT ( 'NONE',  ( -2.450000000000001066, 7.700000000000001066, 1.599999999999949907 ) ) ;
#755 = EDGE_CURVE ( 'NONE', #1683, #1171, #6687, .T. ) ;
#756 = DIRECTION ( 'NONE',  ( -0.000000000000000000, -0.000000000000000000, 1.000000000000000000 ) ) ;
#757 = CARTESIAN_POINT ( 'NONE',  ( -2.150000000000000799, 6.000000000000016875, 0.3999999999999331868 ) ) ;
#758 = ORIENTED_EDGE ( 'NONE', *, *, #8591, .T. ) ;
#759 = CARTESIAN_POINT ( 'NONE',  ( -11.15000000000000036, 6.433070866141733291, 0.7169291338582677309 ) ) ;
#760 = ORIENTED_EDGE ( 'NONE', *, *, #6525, .T. ) ;
#761 = DIRECTION ( 'NONE',  ( 0.000000000000000000, 1.000000000000000000, 0.000000000000000000 ) ) ;
#762 = EDGE_LOOP ( 'NONE', ( #2451, #6580, #5311, #6901 ) ) ;
#763 = ORIENTED_EDGE ( 'NONE', *, *, #4295, .F. ) ;
#764 = ORIENTED_EDGE ( 'NONE', *, *, #8915, .F. ) ;
#765 = FACE_OUTER_BOUND ( 'NONE', #6092, .T. ) ;
#766 = EDGE_CURVE ( 'NONE', #3537, #4487, #4868, .T. ) ;
#767 = CIRCLE ( 'NONE', #3200, 0.1249999999999999029 ) ;
#768 = EDGE_CURVE ( 'NONE', #8460, #2880, #2601, .T. ) ;
#769 = CARTESIAN_POINT ( 'NONE',  ( -2.150000000000000799, 6.000000000000000888, 1.599999999999933253 ) ) ;
#770 = DIRECTION ( 'NONE',  ( -0.000000000000000000, -0.000000000000000000, -1.000000000000000000 ) ) ;
#771 = AXIS2_PLACEMENT_3D ( 'NONE', #8814, #6066, #6729 ) ;
#772 = ORIENTED_EDGE ( 'NONE', *, *, #6835, .F. ) ;
#773 = ORIENTED_EDGE ( 'NONE', *, *, #692, .T. ) ;
#774 = CARTESIAN_POINT ( 'NONE',  ( -4.710000000000000853, 7.730000000000000426, 0.5000000000000000000 ) ) ;
#775 = ORIENTED_EDGE ( 'NONE', *, *, #7447, .T. ) ;
#776 = DIRECTION ( 'NONE',  ( 1.000000000000000000, 6.070773319253919496E-17, 0.000000000000000000 ) ) ;
#777 = EDGE_LOOP ( 'NONE', ( #967, #2286, #8235, #334 ) ) ;
#778 = DIRECTION ( 'NONE',  ( 1.000000000000000000, 6.070773319253919496E-17, 0.000000000000000000 ) ) ;
#779 = DIRECTION ( 'NONE',  ( -0.000000000000000000, -0.000000000000000000, -1.000000000000000000 ) ) ;
#780 = EDGE_CURVE ( 'NONE', #3697, #8315, #8649, .T. ) ;
#781 = CARTESIAN_POINT ( 'NONE',  ( -4.641000000000000902, 10.00000000000000000, 0.5000000000000000000 ) ) ;
#782 = AXIS2_PLACEMENT_3D ( 'NONE', #501, #9177, #6284 ) ;
#783 = CARTESIAN_POINT ( 'NONE',  ( -9.680768314573425570, 5.586614173228348079, 1.150000000000000133 ) ) ;
#784 = ADVANCED_FACE ( 'NONE', ( #5666 ), #4211, .T. ) ;
#785 = CARTESIAN_POINT ( 'NONE',  ( -2.150000000000001243, 10.40000000000001812, 0.3999999999999790945 ) ) ;
#786 = ORIENTED_EDGE ( 'NONE', *, *, #4948, .F. ) ;
#787 = LINE ( 'NONE', #3680, #8250 ) ;
#788 = EDGE_LOOP ( 'NONE', ( #3013, #4292 ) ) ;
#789 = AXIS2_PLACEMENT_3D ( 'NONE', #2581, #3874, #4058 ) ;
#790 = DIRECTION ( 'NONE',  ( 5.463695987328527423E-16, -1.000000000000000000, 0.000000000000000000 ) ) ;
#791 = EDGE_LOOP ( 'NONE', ( #2201, #3654 ) ) ;
#792 = DIRECTION ( 'NONE',  ( 0.000000000000000000, 1.000000000000000000, 0.000000000000000000 ) ) ;
#793 = DIRECTION ( 'NONE',  ( 0.000000000000000000, 1.000000000000000000, 0.000000000000000000 ) ) ;
#794 = CARTESIAN_POINT ( 'NONE',  ( -2.869000000000000661, 10.00000000000000000, 0.5000000000000000000 ) ) ;
#795 = ADVANCED_FACE ( 'NONE', ( #7708 ), #4298, .F. ) ;
#796 = AXIS2_PLACEMENT_3D ( 'NONE', #1530, #1582, #110 ) ;
#797 = CARTESIAN_POINT ( 'NONE',  ( -4.900000000000000355, 4.500000000000000888, 0.4499999999999999556 ) ) ;
#798 = EDGE_CURVE ( 'NONE', #4662, #1862, #6378, .T. ) ;
#799 = AXIS2_PLACEMENT_3D ( 'NONE', #9248, #4990, #7878 ) ;
#800 = ORIENTED_EDGE ( 'NONE', *, *, #1693, .T. ) ;
#801 = CARTESIAN_POINT ( 'NONE',  ( -2.450000000000001066, 5.200000000000017053, 0.3999999999999248601 ) ) ;
#802 = CIRCLE ( 'NONE', #7760, 0.1000000000000005745 ) ;
#803 = ORIENTED_EDGE ( 'NONE', *, *, #4096, .F. ) ;
#804 = DIRECTION ( 'NONE',  ( 1.000000000000000000, 6.070773319253919496E-17, 0.000000000000000000 ) ) ;
#805 = LINE ( 'NONE', #8054, #1765 ) ;
#806 = AXIS2_PLACEMENT_3D ( 'NONE', #5230, #7979, #118 ) ;
#807 = CARTESIAN_POINT ( 'NONE',  ( -2.450000000000001066, 6.299999999999999822, 1.599999999999937250 ) ) ;
#808 = AXIS2_PLACEMENT_3D ( 'NONE', #6198, #1082, #6914 ) ;
#809 = CARTESIAN_POINT ( 'NONE',  ( -2.150000000000001243, 10.00000000000000000, 0.8999999999999999112 ) ) ;
#810 = AXIS2_PLACEMENT_3D ( 'NONE', #2279, #4469, #7352 ) ;
#811 = DIRECTION ( 'NONE',  ( 0.000000000000000000, 0.000000000000000000, 1.000000000000000000 ) ) ;
#812 = ORIENTED_EDGE ( 'NONE', *, *, #6005, .F. ) ;
#813 = EDGE_CURVE ( 'NONE', #2174, #9182, #3214, .T. ) ;
#814 = DIRECTION ( 'NONE',  ( 1.000000000000000000, 6.070773319253920728E-17, -0.000000000000000000 ) ) ;
#815 = VERTEX_POINT ( 'NONE', #3449 ) ;
#816 = CARTESIAN_POINT ( 'NONE',  ( -5.150000000000000355, 12.20000000000000284, 1.375000000000000000 ) ) ;
#817 = ORIENTED_EDGE ( 'NONE', *, *, #146, .F. ) ;
#818 = ORIENTED_EDGE ( 'NONE', *, *, #3509, .F. ) ;
#819 = VERTEX_POINT ( 'NONE', #7179 ) ;
#820 = CARTESIAN_POINT ( 'NONE',  ( -2.450000000000001066, 8.800000000000006040, 1.199999999999962430 ) ) ;
#821 = LINE ( 'NONE', #2290, #1406 ) ;
#822 = AXIS2_PLACEMENT_3D ( 'NONE', #1584, #7359, #3655 ) ;
#823 = EDGE_CURVE ( 'NONE', #2206, #3502, #2755, .T. ) ;
#824 = CARTESIAN_POINT ( 'NONE',  ( -2.450000000000001066, 6.700000000000010836, 0.7999999999999414246 ) ) ;
#825 = CIRCLE ( 'NONE', #7624, 0.1000000000000016709 ) ;
#826 = VERTEX_POINT ( 'NONE', #6993 ) ;
#827 = EDGE_LOOP ( 'NONE', ( #7796, #2656 ) ) ;
#828 = CARTESIAN_POINT ( 'NONE',  ( -5.850000000000001421, 10.80000000000000071, 0.5990000000000009761 ) ) ;
#829 = VERTEX_POINT ( 'NONE', #8602 ) ;
#830 = CARTESIAN_POINT ( 'NONE',  ( -4.900000000000000355, 7.050000000000001599, 0.4499999999999999556 ) ) ;
#831 = VERTEX_POINT ( 'NONE', #4249 ) ;
#832 = DIRECTION ( 'NONE',  ( -0.000000000000000000, 0.000000000000000000, 1.000000000000000000 ) ) ;
#833 = CARTESIAN_POINT ( 'NONE',  ( -10.72249999999999837, 4.550000000000000711, 0.000000000000000000 ) ) ;
#834 = CARTESIAN_POINT ( 'NONE',  ( -2.822500000000000675, 4.550000000000000711, 0.2999999999999999889 ) ) ;
#835 = AXIS2_PLACEMENT_3D ( 'NONE', #3019, #5946, #6562 ) ;
#836 = DIRECTION ( 'NONE',  ( 1.000000000000000000, 6.070773319253919496E-17, 0.000000000000000000 ) ) ;
#837 = DIRECTION ( 'NONE',  ( 1.000000000000000000, 6.070773319253920728E-17, -0.000000000000000000 ) ) ;
#839 = ORIENTED_EDGE ( 'NONE', *, *, #2744, .F. ) ;
#838 = ADVANCED_FACE ( 'NONE', ( #6332 ), #8644, .F. ) ;
#840 = LINE ( 'NONE', #3024, #6746 ) ;
#841 = VECTOR ( 'NONE', #7001, 39.37007874015748143 ) ;
#842 = EDGE_LOOP ( 'NONE', ( #5730, #69, #7210, #5274 ) ) ;
#843 = AXIS2_PLACEMENT_3D ( 'NONE', #8124, #4663, #6036 ) ;
#844 = DIRECTION ( 'NONE',  ( 0.000000000000000000, 0.000000000000000000, 1.000000000000000000 ) ) ;
#845 = EDGE_CURVE ( 'NONE', #2110, #7095, #2117, .T. ) ;
#846 = VERTEX_POINT ( 'NONE', #5616 ) ;
#847 = CARTESIAN_POINT ( 'NONE',  ( -5.700000000000001066, 10.80000000000000249, 1.400999999999999579 ) ) ;
#848 = FACE_OUTER_BOUND ( 'NONE', #7118, .T. ) ;
#849 = FACE_OUTER_BOUND ( 'NONE', #777, .T. ) ;
#850 = AXIS2_PLACEMENT_3D ( 'NONE', #1175, #497, #5612 ) ;
#851 = DIRECTION ( 'NONE',  ( 1.000000000000000000, 6.070773319253919496E-17, 0.000000000000000000 ) ) ;
#852 = VECTOR ( 'NONE', #262, 39.37007874015748143 ) ;
#853 = AXIS2_PLACEMENT_3D ( 'NONE', #3889, #6774, #282 ) ;
#854 = ORIENTED_EDGE ( 'NONE', *, *, #4321, .T. ) ;
#855 = DIRECTION ( 'NONE',  ( 1.000000000000000000, 6.070773319253919496E-17, 0.000000000000000000 ) ) ;
#856 = AXIS2_PLACEMENT_3D ( 'NONE', #4906, #6279, #2831 ) ;
#857 = ORIENTED_EDGE ( 'NONE', *, *, #2998, .F. ) ;
#858 = CARTESIAN_POINT ( 'NONE',  ( -5.700000000000001066, 8.010000000000003340, 1.595000000000000862 ) ) ;
#859 = ADVANCED_FACE ( 'NONE', ( #2785 ), #7131, .T. ) ;
#860 = FACE_OUTER_BOUND ( 'NONE', #2418, .T. ) ;
#861 = AXIS2_PLACEMENT_3D ( 'NONE', #4959, #2074, #9218 ) ;
#862 = DIRECTION ( 'NONE',  ( 0.000000000000000000, 0.000000000000000000, -1.000000000000000000 ) ) ;
#863 = CIRCLE ( 'NONE', #1923, 0.08749999999999955036 ) ;
#864 = CARTESIAN_POINT ( 'NONE',  ( -2.450000000000001066, 6.000000000000006217, 1.199999999999933120 ) ) ;
#865 = DIRECTION ( 'NONE',  ( 0.000000000000000000, -1.000000000000000000, 0.000000000000000000 ) ) ;
#866 = VERTEX_POINT ( 'NONE', #2835 ) ;
#867 = LINE ( 'NONE', #3045, #6700 ) ;
#868 = ORIENTED_EDGE ( 'NONE', *, *, #8988, .T. ) ;
#869 = LINE ( 'NONE', #2427, #7167 ) ;
#870 = EDGE_CURVE ( 'NONE', #4946, #8015, #6080, .T. ) ;
#871 = EDGE_LOOP ( 'NONE', ( #3601, #2914, #8995, #2143 ) ) ;
#872 = AXIS2_PLACEMENT_3D ( 'NONE', #6033, #2255, #5142 ) ;
#873 = EDGE_LOOP ( 'NONE', ( #416, #7734, #8776, #64 ) ) ;
#874 = DIRECTION ( 'NONE',  ( 0.000000000000000000, 1.000000000000000000, 0.000000000000000000 ) ) ;
#875 = FACE_OUTER_BOUND ( 'NONE', #5670, .T. ) ;
#876 = DIRECTION ( 'NONE',  ( -6.543348487818592711E-16, 1.000000000000000000, -0.000000000000000000 ) ) ;
#877 = EDGE_LOOP ( 'NONE', ( #1070, #5786 ) ) ;
#878 = VERTEX_POINT ( 'NONE', #7376 ) ;
#879 = LINE ( 'NONE', #6697, #6717 ) ;
#880 = VERTEX_POINT ( 'NONE', #5049 ) ;
#881 = ORIENTED_EDGE ( 'NONE', *, *, #2707, .T. ) ;
#882 = CARTESIAN_POINT ( 'NONE',  ( -2.450000000000001066, 8.800000000000006040, 1.199999999999962430 ) ) ;
#883 = DIRECTION ( 'NONE',  ( -0.000000000000000000, -0.000000000000000000, -1.000000000000000000 ) ) ;
#884 = ADVANCED_FACE ( 'NONE', ( #2302 ), #3824, .F. ) ;
#885 = LINE ( 'NONE', #6660, #7143 ) ;
#886 = CARTESIAN_POINT ( 'NONE',  ( -2.450000000000001066, 11.30000000000001315, 0.7999999999999873879 ) ) ;
#887 = EDGE_LOOP ( 'NONE', ( #5739, #5335 ) ) ;
#888 = DIRECTION ( 'NONE',  ( 0.000000000000000000, 1.000000000000000000, 0.000000000000000000 ) ) ;
#889 = CIRCLE ( 'NONE', #3308, 0.1000000000000016709 ) ;
#890 = ORIENTED_EDGE ( 'NONE', *, *, #7460, .T. ) ;
#891 = CARTESIAN_POINT ( 'NONE',  ( -11.15000000000000036, 6.364173228346457378, 1.583070866141732536 ) ) ;
#892 = EDGE_LOOP ( 'NONE', ( #7381, #2963, #4395, #3632 ) ) ;
#893 = DIRECTION ( 'NONE',  ( 0.000000000000000000, -0.000000000000000000, -1.000000000000000000 ) ) ;
#894 = CARTESIAN_POINT ( 'NONE',  ( -2.150000000000001243, 7.100000000000011191, 0.7999999999999457545 ) ) ;
#895 = CARTESIAN_POINT ( 'NONE',  ( -2.150000000000001243, 7.899999999999999467, 1.599999999999953904 ) ) ;
#896 = EDGE_CURVE ( 'NONE', #996, #9343, #624, .T. ) ;
#897 = DIRECTION ( 'NONE',  ( 1.000000000000000000, 6.070773319253919496E-17, 0.000000000000000000 ) ) ;
#898 = EDGE_CURVE ( 'NONE', #3500, #1060, #3676, .T. ) ;
#899 = ORIENTED_EDGE ( 'NONE', *, *, #3410, .T. ) ;
#900 = DIRECTION ( 'NONE',  ( 0.000000000000000000, 1.000000000000000000, 0.000000000000000000 ) ) ;
#901 = ORIENTED_EDGE ( 'NONE', *, *, #258, .T. ) ;
#902 = DIRECTION ( 'NONE',  ( 1.000000000000000000, 0.000000000000000000, 0.000000000000000000 ) ) ;
#903 = DIRECTION ( 'NONE',  ( 0.000000000000000000, 1.000000000000000000, 0.000000000000000000 ) ) ;
#904 = CARTESIAN_POINT ( 'NONE',  ( -2.450000000000001066, 11.30000000000000959, 1.199999999999987299 ) ) ;
#905 = EDGE_CURVE ( 'NONE', #2709, #6242, #3969, .T. ) ;
#906 = VECTOR ( 'NONE', #2228, 39.37007874015748143 ) ;
#907 = FACE_OUTER_BOUND ( 'NONE', #3518, .T. ) ;
#908 = EDGE_CURVE ( 'NONE', #5923, #4078, #9102, .T. ) ;
#909 = DIRECTION ( 'NONE',  ( -0.000000000000000000, -0.000000000000000000, 1.000000000000000000 ) ) ;
#910 = VERTEX_POINT ( 'NONE', #1456 ) ;
#911 = CARTESIAN_POINT ( 'NONE',  ( -2.450000000000001066, 5.700000000000001066, 1.599999999999929035 ) ) ;
#912 = ORIENTED_EDGE ( 'NONE', *, *, #6618, .T. ) ;
#913 = AXIS2_PLACEMENT_3D ( 'NONE', #1881, #3971, #8321 ) ;
#914 = DIRECTION ( 'NONE',  ( 0.000000000000000000, 0.000000000000000000, -1.000000000000000000 ) ) ;
#915 = ORIENTED_EDGE ( 'NONE', *, *, #6640, .T. ) ;
#916 = VERTEX_POINT ( 'NONE', #5802 ) ;
#917 = PLANE ( 'NONE',  #8553 ) ;
#918 = CARTESIAN_POINT ( 'NONE',  ( -11.08750000000000213, 7.849999999999998757, 2.000000000000000000 ) ) ;
#919 = EDGE_CURVE ( 'NONE', #5994, #2252, #3358, .T. ) ;
#920 = LINE ( 'NONE', #3053, #2670 ) ;
#921 = ORIENTED_EDGE ( 'NONE', *, *, #6356, .F. ) ;
#922 = ORIENTED_EDGE ( 'NONE', *, *, #8011, .F. ) ;
#923 = DIRECTION ( 'NONE',  ( 1.000000000000000000, 0.000000000000000000, 0.000000000000000000 ) ) ;
#924 = ORIENTED_EDGE ( 'NONE', *, *, #7762, .T. ) ;
#925 = EDGE_LOOP ( 'NONE', ( #6560, #4980, #901, #3003 ) ) ;
#926 = DIRECTION ( 'NONE',  ( 0.000000000000000000, 0.000000000000000000, 1.000000000000000000 ) ) ;
#927 = DIRECTION ( 'NONE',  ( -1.000000000000000000, -5.463695987328527423E-16, -0.000000000000000000 ) ) ;
#928 = DIRECTION ( 'NONE',  ( 0.000000000000000000, 0.000000000000000000, -1.000000000000000000 ) ) ;
#929 = CARTESIAN_POINT ( 'NONE',  ( -2.450000000000001066, 7.200000000000017053, 0.3999999999999457323 ) ) ;
#930 = ORIENTED_EDGE ( 'NONE', *, *, #1331, .T. ) ;
#931 = PLANE ( 'NONE',  #7644 ) ;
#932 = EDGE_LOOP ( 'NONE', ( #8218, #114, #7342, #4084 ) ) ;
#933 = EDGE_CURVE ( 'NONE', #8452, #3149, #4351, .T. ) ;
#934 = LINE ( 'NONE', #5296, #6165 ) ;
#935 = VERTEX_POINT ( 'NONE', #2212 ) ;
#936 = CARTESIAN_POINT ( 'NONE',  ( -2.450000000000001066, 6.000000000000000888, 1.599999999999933253 ) ) ;
#937 = CARTESIAN_POINT ( 'NONE',  ( -2.450000000000001066, 11.20000000000001883, 0.3999999999999874212 ) ) ;
#938 = DIRECTION ( 'NONE',  ( -0.000000000000000000, -0.000000000000000000, 1.000000000000000000 ) ) ;
#939 = FACE_BOUND ( 'NONE', #2084, .T. ) ;
#940 = AXIS2_PLACEMENT_3D ( 'NONE', #4109, #635, #2023 ) ;
#941 = EDGE_LOOP ( 'NONE', ( #3435, #7554 ) ) ;
#942 = EDGE_CURVE ( 'NONE', #6008, #8631, #3782, .T. ) ;
#943 = DIRECTION ( 'NONE',  ( 1.000000000000000000, 6.070773319253919496E-17, 0.000000000000000000 ) ) ;
#944 = ORIENTED_EDGE ( 'NONE', *, *, #3430, .T. ) ;
#945 = CARTESIAN_POINT ( 'NONE',  ( -5.850000000000001421, 10.80000000000000071, 0.5300000000000001377 ) ) ;
#946 = DIRECTION ( 'NONE',  ( 0.000000000000000000, 1.000000000000000000, 0.000000000000000000 ) ) ;
#947 = CIRCLE ( 'NONE', #6843, 0.1000000000000005745 ) ;
#948 = LINE ( 'NONE', #3847, #6196 ) ;
#949 = AXIS2_PLACEMENT_3D ( 'NONE', #357, #7516, #6087 ) ;
#950 = DIRECTION ( 'NONE',  ( 1.000000000000000000, 6.070773319253919496E-17, 0.000000000000000000 ) ) ;
#951 = AXIS2_PLACEMENT_3D ( 'NONE', #1332, #4972, #1233 ) ;
#952 = ORIENTED_EDGE ( 'NONE', *, *, #3920, .F. ) ;
#953 = EDGE_CURVE ( 'NONE', #7032, #1091, #5774, .T. ) ;
#954 = CARTESIAN_POINT ( 'NONE',  ( -2.450000000000001066, 5.500000000000015987, 0.3999999999999290790 ) ) ;
#955 = AXIS2_PLACEMENT_3D ( 'NONE', #5595, #1238, #8528 ) ;
#956 = ORIENTED_EDGE ( 'NONE', *, *, #5791, .F. ) ;
#957 = CARTESIAN_POINT ( 'NONE',  ( -2.150000000000001243, 8.900000000000000355, 1.599999999999962341 ) ) ;
#958 = ORIENTED_EDGE ( 'NONE', *, *, #4485, .T. ) ;
#959 = VERTEX_POINT ( 'NONE', #129 ) ;
#960 = EDGE_CURVE ( 'NONE', #729, #5759, #479, .T. ) ;
#961 = FACE_BOUND ( 'NONE', #4430, .T. ) ;
#962 = AXIS2_PLACEMENT_3D ( 'NONE', #3896, #6105, #1710 ) ;
#963 = CIRCLE ( 'NONE', #7767, 0.1000000000000005745 ) ;
#964 = CARTESIAN_POINT ( 'NONE',  ( -2.450000000000001066, 4.400000000000016342, 0.3999999999999165334 ) ) ;
#965 = FACE_OUTER_BOUND ( 'NONE', #5955, .T. ) ;
#966 = VECTOR ( 'NONE', #8369, 39.37007874015748143 ) ;
#967 = ORIENTED_EDGE ( 'NONE', *, *, #3639, .T. ) ;
#968 = CYLINDRICAL_SURFACE ( 'NONE', #6412, 0.1000000000000005745 ) ;
#969 = ORIENTED_EDGE ( 'NONE', *, *, #905, .T. ) ;
#970 = VECTOR ( 'NONE', #7100, 39.37007874015748143 ) ;
#971 = ORIENTED_EDGE ( 'NONE', *, *, #6939, .F. ) ;
#972 = EDGE_CURVE ( 'NONE', #4826, #2815, #4873, .T. ) ;
#973 = DIRECTION ( 'NONE',  ( 0.000000000000000000, 1.000000000000000000, 0.000000000000000000 ) ) ;
#974 = CARTESIAN_POINT ( 'NONE',  ( -2.150000000000001243, 11.70000000000000284, 1.599999999999991651 ) ) ;
#975 = VECTOR ( 'NONE', #6685, 39.37007874015748143 ) ;
#976 = CARTESIAN_POINT ( 'NONE',  ( -2.150000000000001243, 10.69999999999999929, 1.599999999999983213 ) ) ;
#977 = AXIS2_PLACEMENT_3D ( 'NONE', #5869, #3834, #8757 ) ;
#978 = LINE ( 'NONE', #6661, #59 ) ;
#979 = EDGE_LOOP ( 'NONE', ( #2953, #8825, #2736, #9236 ) ) ;
#980 = DIRECTION ( 'NONE',  ( 1.000000000000000000, 6.070773319253920728E-17, -0.000000000000000000 ) ) ;
#981 = ORIENTED_EDGE ( 'NONE', *, *, #3398, .F. ) ;
#982 = ORIENTED_EDGE ( 'NONE', *, *, #1350, .T. ) ;
#983 = CARTESIAN_POINT ( 'NONE',  ( -6.087500000000001243, 12.65000000000000213, 1.870000000000000107 ) ) ;
#984 = AXIS2_PLACEMENT_3D ( 'NONE', #6966, #470, #7062 ) ;
#985 = ORIENTED_EDGE ( 'NONE', *, *, #2987, .T. ) ;
#986 = DIRECTION ( 'NONE',  ( 1.000000000000000000, 6.070773319253919496E-17, 0.000000000000000000 ) ) ;
#987 = EDGE_CURVE ( 'NONE', #3843, #2910, #3366, .T. ) ;
#988 = FACE_BOUND ( 'NONE', #8123, .T. ) ;
#989 = CIRCLE ( 'NONE', #3404, 0.08750000000000009159 ) ;
#990 = DIRECTION ( 'NONE',  ( 0.000000000000000000, 1.000000000000000000, 0.000000000000000000 ) ) ;
#991 = CARTESIAN_POINT ( 'NONE',  ( -5.150000000000000355, 12.69999999999999929, 1.000000000000000000 ) ) ;
#992 = EDGE_CURVE ( 'NONE', #423, #131, #885, .T. ) ;
#993 = CIRCLE ( 'NONE', #3409, 0.06889763779527564858 ) ;
#994 = CIRCLE ( 'NONE', #2381, 0.1000000000000005745 ) ;
#995 = AXIS2_PLACEMENT_3D ( 'NONE', #4988, #3617, #58 ) ;
#996 = VERTEX_POINT ( 'NONE', #74 ) ;
#997 = LINE ( 'NONE', #6778, #8223 ) ;
#998 = ORIENTED_EDGE ( 'NONE', *, *, #1969, .F. ) ;
#999 = DIRECTION ( 'NONE',  ( 0.000000000000000000, 1.000000000000000000, 0.000000000000000000 ) ) ;
#1000 = AXIS2_PLACEMENT_3D ( 'NONE', #4018, #6905, #2072 ) ;
#1001 = DIRECTION ( 'NONE',  ( 0.000000000000000000, 1.000000000000000000, 0.000000000000000000 ) ) ;
#1002 = VECTOR ( 'NONE', #5515, 39.37007874015748143 ) ;
#1003 = CIRCLE ( 'NONE', #853, 0.1249999999999999029 ) ;
#1004 = EDGE_CURVE ( 'NONE', #7288, #9167, #4540, .T. ) ;
#1005 = CARTESIAN_POINT ( 'NONE',  ( -2.150000000000001243, 12.10000000000000853, 1.199999999999995737 ) ) ;
#1006 = VECTOR ( 'NONE', #7583, 39.37007874015748143 ) ;
#1007 = CIRCLE ( 'NONE', #6297, 0.1249999999999999029 ) ;
#1008 = ORIENTED_EDGE ( 'NONE', *, *, #2630, .F. ) ;
#1009 = AXIS2_PLACEMENT_3D ( 'NONE', #4241, #543, #4148 ) ;
#1010 = FACE_BOUND ( 'NONE', #579, .T. ) ;
#1011 = AXIS2_PLACEMENT_3D ( 'NONE', #2124, #700, #6481 ) ;
#1012 = VERTEX_POINT ( 'NONE', #7991 ) ;
#1013 = DIRECTION ( 'NONE',  ( 1.000000000000000000, 6.070773319253920728E-17, -0.000000000000000000 ) ) ;
#1014 = DIRECTION ( 'NONE',  ( 0.000000000000000000, 1.000000000000000000, 0.000000000000000000 ) ) ;
#1015 = ORIENTED_EDGE ( 'NONE', *, *, #1414, .F. ) ;
#1016 = EDGE_LOOP ( 'NONE', ( #8379, #6644 ) ) ;
#1017 = CARTESIAN_POINT ( 'NONE',  ( -2.150000000000000799, 4.000000000000000888, 2.000000000000000000 ) ) ;
#1018 = VECTOR ( 'NONE', #8940, 39.37007874015748143 ) ;
#1019 = EDGE_CURVE ( 'NONE', #8631, #5915, #7450, .T. ) ;
#1020 = VECTOR ( 'NONE', #7752, 39.37007874015748143 ) ;
#1021 = PLANE ( 'NONE',  #5346 ) ;
#1022 = DIRECTION ( 'NONE',  ( 5.463695987328527423E-16, -1.000000000000000000, 0.000000000000000000 ) ) ;
#1023 = VECTOR ( 'NONE', #6172, 39.37007874015748143 ) ;
#1024 = DIRECTION ( 'NONE',  ( 0.000000000000000000, 1.000000000000000000, 0.000000000000000000 ) ) ;
#1025 = EDGE_LOOP ( 'NONE', ( #6419, #5390 ) ) ;
#1026 = ORIENTED_EDGE ( 'NONE', *, *, #2768, .F. ) ;
#1027 = FACE_OUTER_BOUND ( 'NONE', #604, .T. ) ;
#1028 = EDGE_CURVE ( 'NONE', #2222, #2494, #8843, .T. ) ;
#1029 = CARTESIAN_POINT ( 'NONE',  ( -6.000000000000001776, 12.65000000000000213, 1.870000000000000107 ) ) ;
#1030 = DIRECTION ( 'NONE',  ( 0.000000000000000000, 0.000000000000000000, 1.000000000000000000 ) ) ;
#1031 = EDGE_CURVE ( 'NONE', #916, #6916, #5337, .T. ) ;
#1032 = DIRECTION ( 'NONE',  ( 1.000000000000000000, 6.070773319253920728E-17, -0.000000000000000000 ) ) ;
#1033 = ORIENTED_EDGE ( 'NONE', *, *, #7676, .F. ) ;
#1034 = VERTEX_POINT ( 'NONE', #8893 ) ;
#1035 = DIRECTION ( 'NONE',  ( 1.000000000000000000, 6.070773319253919496E-17, 0.000000000000000000 ) ) ;
#1036 = ORIENTED_EDGE ( 'NONE', *, *, #6001, .T. ) ;
#1037 = CARTESIAN_POINT ( 'NONE',  ( -2.450000000000001066, 5.200000000000000178, 1.599999999999925038 ) ) ;
#1038 = FACE_BOUND ( 'NONE', #4214, .T. ) ;
#1039 = DIRECTION ( 'NONE',  ( 0.000000000000000000, 1.000000000000000000, 0.000000000000000000 ) ) ;
#1040 = DIRECTION ( 'NONE',  ( 1.000000000000000000, 0.000000000000000000, 0.000000000000000000 ) ) ;
#1041 = EDGE_CURVE ( 'NONE', #5684, #4847, #1400, .T. ) ;
#1042 = EDGE_LOOP ( 'NONE', ( #2118, #7627 ) ) ;
#1043 = DIRECTION ( 'NONE',  ( 0.000000000000000000, 1.000000000000000000, 0.000000000000000000 ) ) ;
#1044 = ORIENTED_EDGE ( 'NONE', *, *, #4050, .F. ) ;
#1045 = DIRECTION ( 'NONE',  ( 0.000000000000000000, 1.000000000000000000, 0.000000000000000000 ) ) ;
#1046 = APPLICATION_PROTOCOL_DEFINITION ( 'draft international standard', 'automotive_design', 1998, #1535 ) ;
#1047 = DIRECTION ( 'NONE',  ( -6.070773319253919496E-17, 1.000000000000000000, -0.000000000000000000 ) ) ;
#1048 = FACE_OUTER_BOUND ( 'NONE', #3728, .T. ) ;
#1049 = EDGE_LOOP ( 'NONE', ( #5483, #5492, #5784, #6287 ) ) ;
#1050 = DIRECTION ( 'NONE',  ( 1.000000000000000000, 6.070773319253919496E-17, 0.000000000000000000 ) ) ;
#1051 = ORIENTED_EDGE ( 'NONE', *, *, #2783, .F. ) ;
#1052 = FACE_OUTER_BOUND ( 'NONE', #4222, .T. ) ;
#1053 = EDGE_CURVE ( 'NONE', #8877, #6711, #8967, .T. ) ;
#1054 = CYLINDRICAL_SURFACE ( 'NONE', #2667, 0.1249999999999999029 ) ;
#1055 = ORIENTED_EDGE ( 'NONE', *, *, #6274, .F. ) ;
#1056 = EDGE_LOOP ( 'NONE', ( #5424, #8171, #3468, #1107 ) ) ;
#1057 = FACE_OUTER_BOUND ( 'NONE', #3804, .T. ) ;
#1058 = FACE_OUTER_BOUND ( 'NONE', #4531, .T. ) ;
#1059 = CYLINDRICAL_SURFACE ( 'NONE', #2152, 0.1000000000000016709 ) ;
#1060 = VERTEX_POINT ( 'NONE', #3162 ) ;
#1061 = DIRECTION ( 'NONE',  ( 1.000000000000000000, 6.070773319253920728E-17, -0.000000000000000000 ) ) ;
#1062 = EDGE_CURVE ( 'NONE', #266, #8958, #1788, .T. ) ;
#1063 = ORIENTED_EDGE ( 'NONE', *, *, #7154, .T. ) ;
#1064 = VERTEX_POINT ( 'NONE', #1825 ) ;
#1065 = DIRECTION ( 'NONE',  ( 0.000000000000000000, 1.000000000000000000, 0.000000000000000000 ) ) ;
#1066 = EDGE_CURVE ( 'NONE', #7904, #1852, #9029, .T. ) ;
#1067 = DIRECTION ( 'NONE',  ( 0.000000000000000000, 0.000000000000000000, 1.000000000000000000 ) ) ;
#1068 = CARTESIAN_POINT ( 'NONE',  ( -2.450000000000001066, 9.899999999999998579, 1.599999999999974998 ) ) ;
#1069 = DIRECTION ( 'NONE',  ( 1.000000000000000000, 6.070773319253919496E-17, 0.000000000000000000 ) ) ;
#1070 = ORIENTED_EDGE ( 'NONE', *, *, #5732, .F. ) ;
#1071 = EDGE_CURVE ( 'NONE', #7641, #5580, #8502, .T. ) ;
#1072 = EDGE_LOOP ( 'NONE', ( #9091, #6479 ) ) ;
#1073 = DIRECTION ( 'NONE',  ( -6.070773319253919496E-17, 1.000000000000000000, -0.000000000000000000 ) ) ;
#1074 = VERTEX_POINT ( 'NONE', #447 ) ;
#1075 = CYLINDRICAL_SURFACE ( 'NONE', #9318, 0.1000000000000016709 ) ;
#1076 = FACE_BOUND ( 'NONE', #6365, .T. ) ;
#1077 = CARTESIAN_POINT ( 'NONE',  ( -4.710000000000000853, 7.730000000000000426, 0.5000000000000000000 ) ) ;
#1078 = EDGE_CURVE ( 'NONE', #1599, #9347, #1695, .T. ) ;
#1079 = DIRECTION ( 'NONE',  ( 1.000000000000000000, 6.070773319253919496E-17, 0.000000000000000000 ) ) ;
#1080 = DIRECTION ( 'NONE',  ( 1.000000000000000000, 0.000000000000000000, -0.000000000000000000 ) ) ;
#1081 = VERTEX_POINT ( 'NONE', #7461 ) ;
#1082 = DIRECTION ( 'NONE',  ( 1.000000000000000000, 6.070773319253919496E-17, 0.000000000000000000 ) ) ;
#1083 = EDGE_LOOP ( 'NONE', ( #7876, #8216 ) ) ;
#1084 = CARTESIAN_POINT ( 'NONE',  ( -10.91250000000000142, 4.150000000000000355, 2.000000000000000000 ) ) ;
#1085 = EDGE_CURVE ( 'NONE', #3895, #8631, #4128, .T. ) ;
#1086 = CARTESIAN_POINT ( 'NONE',  ( -2.450000000000001510, 11.70000000000002061, 0.3999999999999914735 ) ) ;
#1087 = EDGE_CURVE ( 'NONE', #8486, #5272, #1167, .T. ) ;
#1088 = CIRCLE ( 'NONE', #1995, 0.06889763779527564858 ) ;
#1089 = FACE_OUTER_BOUND ( 'NONE', #532, .T. ) ;
#1090 = EDGE_CURVE ( 'NONE', #910, #3979, #4276, .T. ) ;
#1091 = VERTEX_POINT ( 'NONE', #976 ) ;
#1092 = LINE ( 'NONE', #7541, #6857 ) ;
#1093 = AXIS2_PLACEMENT_3D ( 'NONE', #2717, #9292, #7157 ) ;
#1094 = ORIENTED_EDGE ( 'NONE', *, *, #7685, .T. ) ;
#1095 = CARTESIAN_POINT ( 'NONE',  ( -11.00000000000000178, 7.849999999999998757, 2.000000000000000000 ) ) ;
#1096 = FACE_BOUND ( 'NONE', #6485, .T. ) ;
#1097 = EDGE_LOOP ( 'NONE', ( #8727, #2149, #4372, #1520 ) ) ;
#1098 = AXIS2_PLACEMENT_3D ( 'NONE', #541, #6322, #2725 ) ;
#1099 = ORIENTED_EDGE ( 'NONE', *, *, #6790, .F. ) ;
#1100 = FACE_BOUND ( 'NONE', #3853, .T. ) ;
#1101 = EDGE_CURVE ( 'NONE', #3917, #5272, #8213, .T. ) ;
#1102 = AXIS2_PLACEMENT_3D ( 'NONE', #5078, #3, #51 ) ;
#1103 = DIRECTION ( 'NONE',  ( 0.000000000000000000, 1.000000000000000000, 0.000000000000000000 ) ) ;
#1104 = ADVANCED_FACE ( 'NONE', ( #312 ), #6941, .F. ) ;
#1105 = CIRCLE ( 'NONE', #6704, 0.4999999999999996669 ) ;
#1106 = DIRECTION ( 'NONE',  ( 0.000000000000000000, 1.000000000000000000, 0.000000000000000000 ) ) ;
#1107 = ORIENTED_EDGE ( 'NONE', *, *, #6884, .T. ) ;
#1108 = CARTESIAN_POINT ( 'NONE',  ( -2.450000000000001066, 6.000000000000016875, 0.3999999999999331868 ) ) ;
#1109 = VERTEX_POINT ( 'NONE', #5426 ) ;
#1110 = AXIS2_PLACEMENT_3D ( 'NONE', #4867, #1981, #5621 ) ;
#1111 = ORIENTED_EDGE ( 'NONE', *, *, #798, .F. ) ;
#1112 = CARTESIAN_POINT ( 'NONE',  ( -2.450000000000001066, 9.200000000000001066, 1.599999999999966560 ) ) ;
#1113 = CIRCLE ( 'NONE', #1730, 0.1000000000000016709 ) ;
#1114 = CARTESIAN_POINT ( 'NONE',  ( -2.450000000000001066, 6.800000000000016698, 0.3999999999999415135 ) ) ;
#1115 = EDGE_CURVE ( 'NONE', #7091, #7264, #6541, .T. ) ;
#1116 = CARTESIAN_POINT ( 'NONE',  ( -5.700000000000001066, 8.010000000000003340, 1.470000000000001084 ) ) ;
#1117 = AXIS2_PLACEMENT_3D ( 'NONE', #7983, #6377, #7667 ) ;
#1118 = CARTESIAN_POINT ( 'NONE',  ( -2.450000000000001510, 12.40000000000000036, 1.599999999999999867 ) ) ;
#1119 = CIRCLE ( 'NONE', #2330, 0.1224999999999995814 ) ;
#1120 = ORIENTED_EDGE ( 'NONE', *, *, #2406, .T. ) ;
#1121 = VERTEX_POINT ( 'NONE', #6802 ) ;
#1122 = CYLINDRICAL_SURFACE ( 'NONE', #4201, 0.1000000000000016709 ) ;
#1123 = ORIENTED_EDGE ( 'NONE', *, *, #4921, .T. ) ;
#1124 = CARTESIAN_POINT ( 'NONE',  ( -2.150000000000001243, 9.500000000000000000, 1.599999999999970557 ) ) ;
#1125 = DIRECTION ( 'NONE',  ( 1.000000000000000000, 6.070773319253919496E-17, 0.000000000000000000 ) ) ;
#1126 = AXIS2_PLACEMENT_3D ( 'NONE', #5894, #6612, #8784 ) ;
#1127 = CARTESIAN_POINT ( 'NONE',  ( -5.150000000000000355, 12.20000000000000284, 0.8750000000000001110 ) ) ;
#1128 = LINE ( 'NONE', #7569, #7551 ) ;
#1129 = ADVANCED_FACE ( 'NONE', ( #3203, #5465 ), #272, .T. ) ;
#1130 = DIRECTION ( 'NONE',  ( 0.000000000000000000, 1.000000000000000000, 0.000000000000000000 ) ) ;
#1131 = CIRCLE ( 'NONE', #5365, 0.1000000000000005745 ) ;
#1132 = EDGE_CURVE ( 'NONE', #4138, #2275, #5382, .T. ) ;
#1133 = VERTEX_POINT ( 'NONE', #1867 ) ;
#1134 = CYLINDRICAL_SURFACE ( 'NONE', #9275, 0.1000000000000016709 ) ;
#1135 = CIRCLE ( 'NONE', #6424, 0.1000000000000005745 ) ;
#1136 = VERTEX_POINT ( 'NONE', #7597 ) ;
#1137 = DIRECTION ( 'NONE',  ( 0.000000000000000000, 1.000000000000000000, 0.000000000000000000 ) ) ;
#1138 = VECTOR ( 'NONE', #4181, 39.37007874015748143 ) ;
#1139 = VECTOR ( 'NONE', #746, 39.37007874015748143 ) ;
#1140 = CARTESIAN_POINT ( 'NONE',  ( -2.150000000000000799, 4.700000000000010836, 0.7999999999999206635 ) ) ;
#1141 = ORIENTED_EDGE ( 'NONE', *, *, #3591, .F. ) ;
#1142 = EDGE_CURVE ( 'NONE', #5886, #6916, #6183, .T. ) ;
#1143 = FACE_OUTER_BOUND ( 'NONE', #2448, .T. ) ;
#1144 = CIRCLE ( 'NONE', #682, 0.1000000000000005745 ) ;
#1145 = ORIENTED_EDGE ( 'NONE', *, *, #465, .F. ) ;
#1146 = DIRECTION ( 'NONE',  ( 1.000000000000000000, 6.070773319253920728E-17, -0.000000000000000000 ) ) ;
#1147 = AXIS2_PLACEMENT_3D ( 'NONE', #3785, #6765, #4543 ) ;
#1148 = FACE_BOUND ( 'NONE', #1719, .T. ) ;
#1149 = ORIENTED_EDGE ( 'NONE', *, *, #7491, .F. ) ;
#1150 = CIRCLE ( 'NONE', #5836, 0.08750000000000063283 ) ;
#1151 = CARTESIAN_POINT ( 'NONE',  ( -2.450000000000001510, 11.50000000000000000, 1.599999999999991651 ) ) ;
#1152 = FACE_BOUND ( 'NONE', #2473, .T. ) ;
#1153 = CIRCLE ( 'NONE', #9164, 0.1000000000000016709 ) ;
#1154 = AXIS2_PLACEMENT_3D ( 'NONE', #4859, #3531, #1356 ) ;
#1155 = CYLINDRICAL_SURFACE ( 'NONE', #8357, 0.1000000000000016709 ) ;
#1156 = CIRCLE ( 'NONE', #6900, 0.1000000000000005745 ) ;
#1157 = AXIS2_PLACEMENT_3D ( 'NONE', #9327, #3498, #6295 ) ;
#1158 = ORIENTED_EDGE ( 'NONE', *, *, #5973, .T. ) ;
#1159 = ADVANCED_FACE ( 'NONE', ( #4010 ), #7559, .F. ) ;
#1160 = DIRECTION ( 'NONE',  ( 1.000000000000000000, 0.000000000000000000, 0.000000000000000000 ) ) ;
#1161 = DIRECTION ( 'NONE',  ( 0.000000000000000000, 1.000000000000000000, 0.000000000000000000 ) ) ;
#1162 = ORIENTED_EDGE ( 'NONE', *, *, #331, .F. ) ;
#1163 = CIRCLE ( 'NONE', #405, 0.1000000000000005745 ) ;
#1164 = EDGE_LOOP ( 'NONE', ( #2509, #3857 ) ) ;
#1165 = DIRECTION ( 'NONE',  ( 1.000000000000000000, 0.000000000000000000, 0.000000000000000000 ) ) ;
#1166 = AXIS2_PLACEMENT_3D ( 'NONE', #8567, #7857, #5585 ) ;
#1167 = LINE ( 'NONE', #8977, #8349 ) ;
#1168 = DIRECTION ( 'NONE',  ( 1.000000000000000000, 0.000000000000000000, 0.000000000000000000 ) ) ;
#1169 = AXIS2_PLACEMENT_3D ( 'NONE', #6241, #7187, #2792 ) ;
#1170 = DIRECTION ( 'NONE',  ( 0.000000000000000000, 1.000000000000000000, 0.000000000000000000 ) ) ;
#1171 = VERTEX_POINT ( 'NONE', #3480 ) ;
#1172 = ORIENTED_EDGE ( 'NONE', *, *, #7744, .T. ) ;
#1173 = DIRECTION ( 'NONE',  ( 0.000000000000000000, 0.000000000000000000, 1.000000000000000000 ) ) ;
#1174 = EDGE_LOOP ( 'NONE', ( #6593, #8089, #8594, #172 ) ) ;
#1175 = CARTESIAN_POINT ( 'NONE',  ( -2.150000000000000799, 6.000000000000000888, 1.599999999999933253 ) ) ;
#1176 = FACE_OUTER_BOUND ( 'NONE', #7245, .T. ) ;
#1177 = EDGE_CURVE ( 'NONE', #8439, #7302, #5181, .T. ) ;
#1178 = CIRCLE ( 'NONE', #872, 0.1249999999999999029 ) ;
#1179 = DIRECTION ( 'NONE',  ( 1.000000000000000000, 6.070773319253919496E-17, 0.000000000000000000 ) ) ;
#1180 = ORIENTED_EDGE ( 'NONE', *, *, #8199, .T. ) ;
#1181 = DIRECTION ( 'NONE',  ( 0.000000000000000000, 1.000000000000000000, 0.000000000000000000 ) ) ;
#1182 = ORIENTED_EDGE ( 'NONE', *, *, #2908, .T. ) ;
#1183 = DIRECTION ( 'NONE',  ( 1.000000000000000000, 6.070773319253920728E-17, -0.000000000000000000 ) ) ;
#1184 = EDGE_LOOP ( 'NONE', ( #6749, #854 ) ) ;
#1185 = DIRECTION ( 'NONE',  ( 1.000000000000000000, 6.070773319253919496E-17, 0.000000000000000000 ) ) ;
#1186 = EDGE_CURVE ( 'NONE', #5913, #2923, #3674, .T. ) ;
#1187 = EDGE_CURVE ( 'NONE', #866, #8115, #5026, .T. ) ;
#1188 = FACE_OUTER_BOUND ( 'NONE', #6807, .T. ) ;
#1189 = EDGE_LOOP ( 'NONE', ( #1690, #3097, #6187, #4955 ) ) ;
#1190 = DIRECTION ( 'NONE',  ( 1.000000000000000000, 6.070773319253919496E-17, 0.000000000000000000 ) ) ;
#1191 = EDGE_LOOP ( 'NONE', ( #1536, #3007, #6186, #6889 ) ) ;
#1192 = DIRECTION ( 'NONE',  ( -0.000000000000000000, -0.000000000000000000, 1.000000000000000000 ) ) ;
#1193 = CARTESIAN_POINT ( 'NONE',  ( -8.550000000000000711, 7.434999999999998721, 0.4499999999999999556 ) ) ;
#1194 = EDGE_CURVE ( 'NONE', #959, #7956, #5605, .T. ) ;
#1195 = CARTESIAN_POINT ( 'NONE',  ( -2.450000000000001066, 8.800000000000000711, 1.599999999999962341 ) ) ;
#1196 = FACE_BOUND ( 'NONE', #600, .T. ) ;
#1197 = EDGE_CURVE ( 'NONE', #14, #1533, #1390, .T. ) ;
#1198 = LINE ( 'NONE', #7635, #4734 ) ;
#1199 = DIRECTION ( 'NONE',  ( 0.000000000000000000, 1.000000000000000000, 0.000000000000000000 ) ) ;
#1200 = EDGE_LOOP ( 'NONE', ( #597, #7405, #9252, #3471 ) ) ;
#1201 = DIRECTION ( 'NONE',  ( 1.000000000000000000, 0.000000000000000000, -0.000000000000000000 ) ) ;
#1202 = VECTOR ( 'NONE', #6164, 39.37007874015748143 ) ;
#1203 = DIRECTION ( 'NONE',  ( 0.000000000000000000, 1.000000000000000000, 0.000000000000000000 ) ) ;
#1204 = ORIENTED_EDGE ( 'NONE', *, *, #1519, .T. ) ;
#1205 = ORIENTED_EDGE ( 'NONE', *, *, #5858, .T. ) ;
#1206 = LINE ( 'NONE', #8487, #4478 ) ;
#1207 = EDGE_CURVE ( 'NONE', #8161, #831, #6086, .T. ) ;
#1208 = CARTESIAN_POINT ( 'NONE',  ( -2.450000000000001066, 10.80000000000001847, 0.3999999999999831468 ) ) ;
#1209 = CYLINDRICAL_SURFACE ( 'NONE', #4005, 0.1000000000000005745 ) ;
#1210 = CARTESIAN_POINT ( 'NONE',  ( -2.150000000000001243, 9.900000000000005684, 1.199999999999974865 ) ) ;
#1211 = ORIENTED_EDGE ( 'NONE', *, *, #4161, .F. ) ;
#1212 = VERTEX_POINT ( 'NONE', #1921 ) ;
#1213 = DIRECTION ( 'NONE',  ( -0.000000000000000000, -1.000000000000000000, -0.000000000000000000 ) ) ;
#1214 = ORIENTED_EDGE ( 'NONE', *, *, #3499, .F. ) ;
#1215 = DIRECTION ( 'NONE',  ( 0.000000000000000000, 1.000000000000000000, 0.000000000000000000 ) ) ;
#1216 = CYLINDRICAL_SURFACE ( 'NONE', #1436, 0.1000000000000005745 ) ;
#1217 = DIRECTION ( 'NONE',  ( 1.000000000000000000, 6.070773319253920728E-17, -0.000000000000000000 ) ) ;
#1218 = DIRECTION ( 'NONE',  ( 1.000000000000000000, 6.070773319253919496E-17, 0.000000000000000000 ) ) ;
#1219 = EDGE_CURVE ( 'NONE', #6242, #2709, #4726, .T. ) ;
#1220 = ORIENTED_EDGE ( 'NONE', *, *, #6298, .F. ) ;
#1221 = CARTESIAN_POINT ( 'NONE',  ( -2.150000000000000799, 4.900000000000006573, 1.199999999999920686 ) ) ;
#1222 = EDGE_LOOP ( 'NONE', ( #3445, #616 ) ) ;
#1223 = DIRECTION ( 'NONE',  ( 1.000000000000000000, 6.070773319253919496E-17, 0.000000000000000000 ) ) ;
#1224 = CARTESIAN_POINT ( 'NONE',  ( -4.800000000000001599, 4.600000000000000533, 0.2999999999999999889 ) ) ;
#1225 = ORIENTED_EDGE ( 'NONE', *, *, #7377, .T. ) ;
#1226 = CARTESIAN_POINT ( 'NONE',  ( -2.150000000000000799, 5.200000000000000178, 1.599999999999925038 ) ) ;
#1227 = CARTESIAN_POINT ( 'NONE',  ( -2.150000000000001243, 11.50000000000000533, 1.199999999999991518 ) ) ;
#1228 = AXIS2_PLACEMENT_3D ( 'NONE', #5772, #4318, #2236 ) ;
#1229 = LINE ( 'NONE', #6921, #5498 ) ;
#1230 = EDGE_CURVE ( 'NONE', #8496, #4527, #7076, .T. ) ;
#1231 = CIRCLE ( 'NONE', #771, 0.1000000000000005745 ) ;
#1232 = ORIENTED_EDGE ( 'NONE', *, *, #6962, .F. ) ;
#1233 = DIRECTION ( 'NONE',  ( 0.000000000000000000, 0.000000000000000000, 1.000000000000000000 ) ) ;
#1234 = VERTEX_POINT ( 'NONE', #4949 ) ;
#1235 = CARTESIAN_POINT ( 'NONE',  ( -2.450000000000001510, 12.30000000000000604, 1.199999999999999734 ) ) ;
#1236 = CARTESIAN_POINT ( 'NONE',  ( -2.450000000000001066, 6.900000000000006573, 1.199999999999941558 ) ) ;
#1237 = DIRECTION ( 'NONE',  ( 0.000000000000000000, 1.000000000000000000, 0.000000000000000000 ) ) ;
#1238 = DIRECTION ( 'NONE',  ( -1.000000000000000000, -5.463695987328527423E-16, -0.000000000000000000 ) ) ;
#1239 = EDGE_CURVE ( 'NONE', #8499, #1363, #2762, .T. ) ;
#1240 = DIRECTION ( 'NONE',  ( 0.000000000000000000, 1.000000000000000000, 0.000000000000000000 ) ) ;
#1241 = ORIENTED_EDGE ( 'NONE', *, *, #7504, .F. ) ;
#1242 = DIRECTION ( 'NONE',  ( 0.000000000000000000, 1.000000000000000000, 0.000000000000000000 ) ) ;
#1243 = VECTOR ( 'NONE', #7233, 39.37007874015748143 ) ;
#1244 = VERTEX_POINT ( 'NONE', #4286 ) ;
#1245 = CARTESIAN_POINT ( 'NONE',  ( -2.450000000000001066, 9.200000000000006395, 1.199999999999966427 ) ) ;
#1246 = ORIENTED_EDGE ( 'NONE', *, *, #4697, .F. ) ;
#1247 = EDGE_LOOP ( 'NONE', ( #5339, #5282 ) ) ;
#1248 = DIRECTION ( 'NONE',  ( -1.000000000000000000, -5.463695987328527423E-16, -0.000000000000000000 ) ) ;
#1249 = CIRCLE ( 'NONE', #8055, 0.1000000000000005745 ) ;
#1250 = AXIS2_PLACEMENT_3D ( 'NONE', #3336, #3921, #3296 ) ;
#1251 = DIRECTION ( 'NONE',  ( 0.000000000000000000, 1.000000000000000000, 0.000000000000000000 ) ) ;
#1252 = CYLINDRICAL_SURFACE ( 'NONE', #3575, 0.1000000000000005745 ) ;
#1253 = AXIS2_PLACEMENT_3D ( 'NONE', #3944, #6118, #1720 ) ;
#1254 = EDGE_LOOP ( 'NONE', ( #1926, #1875 ) ) ;
#1255 = EDGE_CURVE ( 'NONE', #8445, #5508, #3522, .T. ) ;
#1256 = ORIENTED_EDGE ( 'NONE', *, *, #2495, .T. ) ;
#1257 = AXIS2_PLACEMENT_3D ( 'NONE', #8338, #8925, #4702 ) ;
#1258 = LINE ( 'NONE', #589, #7828 ) ;
#1259 = VERTEX_POINT ( 'NONE', #584 ) ;
#1260 = DIRECTION ( 'NONE',  ( 1.000000000000000000, 6.070773319253919496E-17, 0.000000000000000000 ) ) ;
#1261 = LINE ( 'NONE', #4247, #7336 ) ;
#1262 = CARTESIAN_POINT ( 'NONE',  ( -2.150000000000000799, 6.100000000000006750, 1.199999999999933120 ) ) ;
#1263 = AXIS2_PLACEMENT_3D ( 'NONE', #2176, #5264, #2889 ) ;
#1264 = DIRECTION ( 'NONE',  ( 0.000000000000000000, -0.000000000000000000, -1.000000000000000000 ) ) ;
#1265 = AXIS2_PLACEMENT_3D ( 'NONE', #7966, #4270, #4978 ) ;
#1266 = ORIENTED_EDGE ( 'NONE', *, *, #4161, .T. ) ;
#1267 = LINE ( 'NONE', #7571, #6737 ) ;
#1268 = ORIENTED_EDGE ( 'NONE', *, *, #106, .F. ) ;
#1269 = ADVANCED_FACE ( 'NONE', ( #675 ), #3438, .F. ) ;
#1270 = LINE ( 'NONE', #9268, #2621 ) ;
#1271 = FACE_BOUND ( 'NONE', #6505, .T. ) ;
#1272 = VERTEX_POINT ( 'NONE', #7789 ) ;
#1273 = DIRECTION ( 'NONE',  ( 0.000000000000000000, 1.000000000000000000, 0.000000000000000000 ) ) ;
#1274 = CARTESIAN_POINT ( 'NONE',  ( -5.150000000000000355, 12.69999999999999929, 0.8750000000000001110 ) ) ;
#1275 = VECTOR ( 'NONE', #2357, 39.37007874015748143 ) ;
#1276 = EDGE_CURVE ( 'NONE', #649, #2129, #4809, .T. ) ;
#1277 = CIRCLE ( 'NONE', #7022, 0.06900000000000026945 ) ;
#1278 = CARTESIAN_POINT ( 'NONE',  ( -2.150000000000001243, 10.30000000000000959, 0.7999999999999790612 ) ) ;
#1279 = AXIS2_PLACEMENT_3D ( 'NONE', #7798, #8456, #7848 ) ;
#1280 = VERTEX_POINT ( 'NONE', #2682 ) ;
#1281 = FACE_OUTER_BOUND ( 'NONE', #925, .T. ) ;
#1282 = ORIENTED_EDGE ( 'NONE', *, *, #658, .T. ) ;
#1283 = CARTESIAN_POINT ( 'NONE',  ( -2.450000000000001066, 5.300000000000011369, 0.7999999999999247713 ) ) ;
#1284 = DIRECTION ( 'NONE',  ( -1.000000000000000000, 0.000000000000000000, 0.000000000000000000 ) ) ;
#1285 = AXIS2_PLACEMENT_3D ( 'NONE', #3554, #6445, #2848 ) ;
#1286 = DIRECTION ( 'NONE',  ( 1.000000000000000000, 6.070773319253919496E-17, 0.000000000000000000 ) ) ;
#1287 = EDGE_CURVE ( 'NONE', #5923, #8499, #7695, .T. ) ;
#1288 = VECTOR ( 'NONE', #268, 39.37007874015748143 ) ;
#1289 = DIRECTION ( 'NONE',  ( 0.000000000000000000, 1.000000000000000000, 0.000000000000000000 ) ) ;
#1290 = DIRECTION ( 'NONE',  ( 1.000000000000000000, 0.000000000000000000, -0.000000000000000000 ) ) ;
#1291 = ORIENTED_EDGE ( 'NONE', *, *, #4485, .F. ) ;
#1292 = AXIS2_PLACEMENT_3D ( 'NONE', #6537, #49, #3310 ) ;
#1293 = DIRECTION ( 'NONE',  ( 0.000000000000000000, 1.000000000000000000, 0.000000000000000000 ) ) ;
#1294 = AXIS2_PLACEMENT_3D ( 'NONE', #5033, #7877, #7362 ) ;
#1295 = ORIENTED_EDGE ( 'NONE', *, *, #4671, .T. ) ;
#1296 = CARTESIAN_POINT ( 'NONE',  ( -2.700000000000000622, 4.550000000000000711, 0.2999999999999999889 ) ) ;
#1297 = ORIENTED_EDGE ( 'NONE', *, *, #5690, .F. ) ;
#1298 = EDGE_LOOP ( 'NONE', ( #2150, #7137 ) ) ;
#1299 = CARTESIAN_POINT ( 'NONE',  ( -2.450000000000001510, 12.50000000000000888, 1.199999999999999734 ) ) ;
#1300 = ADVANCED_FACE ( 'NONE', ( #8448 ), #6363, .F. ) ;
#1301 = VECTOR ( 'NONE', #7797, 39.37007874015748143 ) ;
#1302 = AXIS2_PLACEMENT_3D ( 'NONE', #6629, #7475, #3075 ) ;
#1303 = DIRECTION ( 'NONE',  ( 0.000000000000000000, 0.000000000000000000, -1.000000000000000000 ) ) ;
#1304 = AXIS2_PLACEMENT_3D ( 'NONE', #5414, #4698, #2662 ) ;
#1305 = DIRECTION ( 'NONE',  ( 1.000000000000000000, 6.070773319253920728E-17, -0.000000000000000000 ) ) ;
#1306 = VECTOR ( 'NONE', #9359, 39.37007874015748143 ) ;
#1307 = VERTEX_POINT ( 'NONE', #3382 ) ;
#1308 = ORIENTED_EDGE ( 'NONE', *, *, #5565, .F. ) ;
#1309 = VECTOR ( 'NONE', #4440, 39.37007874015748143 ) ;
#1310 = CARTESIAN_POINT ( 'NONE',  ( -8.650000000000000355, 7.534999999999998366, 0.4499999999999999556 ) ) ;
#1311 = ORIENTED_EDGE ( 'NONE', *, *, #6423, .F. ) ;
#1312 = LINE ( 'NONE', #8455, #1301 ) ;
#1313 = FACE_OUTER_BOUND ( 'NONE', #5133, .T. ) ;
#1314 = EDGE_CURVE ( 'NONE', #3926, #4101, #7596, .T. ) ;
#1315 = DIRECTION ( 'NONE',  ( -0.000000000000000000, -0.000000000000000000, -1.000000000000000000 ) ) ;
#1316 = AXIS2_PLACEMENT_3D ( 'NONE', #84, #5810, #8702 ) ;
#1317 = ADVANCED_FACE ( 'NONE', ( #4145 ), #7030, .F. ) ;
#1318 = FACE_OUTER_BOUND ( 'NONE', #2838, .T. ) ;
#1319 = EDGE_CURVE ( 'NONE', #5027, #5743, #3514, .T. ) ;
#1320 = EDGE_LOOP ( 'NONE', ( #1211, #3254, #582, #3352 ) ) ;
#1321 = LINE ( 'NONE', #8605, #3563 ) ;
#1322 = VERTEX_POINT ( 'NONE', #159 ) ;
#1323 = DIRECTION ( 'NONE',  ( 0.000000000000000000, 1.000000000000000000, 0.000000000000000000 ) ) ;
#1324 = DIRECTION ( 'NONE',  ( 0.000000000000000000, -0.000000000000000000, 1.000000000000000000 ) ) ;
#1325 = VERTEX_POINT ( 'NONE', #7221 ) ;
#1326 = CARTESIAN_POINT ( 'NONE',  ( -10.59999999999999964, 7.449999999999999289, 0.000000000000000000 ) ) ;
#1327 = CARTESIAN_POINT ( 'NONE',  ( -2.450000000000001066, 4.800000000000011369, 0.7999999999999206635 ) ) ;
#1328 = EDGE_CURVE ( 'NONE', #4075, #826, #8815, .T. ) ;
#1329 = CARTESIAN_POINT ( 'NONE',  ( -2.150000000000001243, 7.200000000000011724, 0.7999999999999457545 ) ) ;
#1330 = ORIENTED_EDGE ( 'NONE', *, *, #1693, .F. ) ;
#1331 = EDGE_CURVE ( 'NONE', #6498, #3502, #2906, .T. ) ;
#1332 = CARTESIAN_POINT ( 'NONE',  ( -5.700000000000001066, 10.80000000000000071, 0.5300000000000001377 ) ) ;
#1333 = ORIENTED_EDGE ( 'NONE', *, *, #5280, .T. ) ;
#1334 = DIRECTION ( 'NONE',  ( 1.000000000000000000, 6.070773319253920728E-17, -0.000000000000000000 ) ) ;
#1335 = DIRECTION ( 'NONE',  ( 1.000000000000000000, 6.070773319253919496E-17, 0.000000000000000000 ) ) ;
#1336 = AXIS2_PLACEMENT_3D ( 'NONE', #2611, #6352, #6928 ) ;
#1337 = CARTESIAN_POINT ( 'NONE',  ( -2.450000000000001510, 12.40000000000001812, 0.3999999999999998557 ) ) ;
#1338 = DIRECTION ( 'NONE',  ( 0.000000000000000000, 0.000000000000000000, 1.000000000000000000 ) ) ;
#1339 = CARTESIAN_POINT ( 'NONE',  ( -2.150000000000001243, 8.000000000000000000, 1.599999999999953904 ) ) ;
#1340 = ORIENTED_EDGE ( 'NONE', *, *, #4948, .T. ) ;
#1341 = ADVANCED_FACE ( 'NONE', ( #7262 ), #8831, .F. ) ;
#1342 = DIRECTION ( 'NONE',  ( 1.000000000000000000, 6.070773319253920728E-17, -0.000000000000000000 ) ) ;
#1343 = ORIENTED_EDGE ( 'NONE', *, *, #9249, .F. ) ;
#1344 = FACE_OUTER_BOUND ( 'NONE', #18, .T. ) ;
#1345 = ORIENTED_EDGE ( 'NONE', *, *, #8934, .T. ) ;
#1346 = ORIENTED_EDGE ( 'NONE', *, *, #344, .T. ) ;
#1347 = ORIENTED_EDGE ( 'NONE', *, *, #1882, .F. ) ;
#1348 = CARTESIAN_POINT ( 'NONE',  ( -2.450000000000001510, 12.50000000000001421, 0.7999999999999998224 ) ) ;
#1349 = DIRECTION ( 'NONE',  ( 1.000000000000000000, 6.070773319253919496E-17, 0.000000000000000000 ) ) ;
#1350 = EDGE_CURVE ( 'NONE', #9355, #6474, #6102, .T. ) ;
#1351 = CARTESIAN_POINT ( 'NONE',  ( -2.300000000000000711, 12.65000000000000213, 1.870000000000000107 ) ) ;
#1352 = EDGE_LOOP ( 'NONE', ( #3658, #6557, #9281, #7314 ) ) ;
#1353 = VERTEX_POINT ( 'NONE', #8634 ) ;
#1354 = DIRECTION ( 'NONE',  ( 1.000000000000000000, 6.070773319253919496E-17, 0.000000000000000000 ) ) ;
#1355 = EDGE_LOOP ( 'NONE', ( #6117, #8628 ) ) ;
#1356 = DIRECTION ( 'NONE',  ( 0.000000000000000000, 0.000000000000000000, -1.000000000000000000 ) ) ;
#1357 = DIRECTION ( 'NONE',  ( -1.000000000000000000, 0.000000000000000000, 0.000000000000000000 ) ) ;
#1358 = LINE ( 'NONE', #634, #2062 ) ;
#1359 = DIRECTION ( 'NONE',  ( 0.000000000000000000, 0.000000000000000000, 1.000000000000000000 ) ) ;
#1361 = ORIENTED_EDGE ( 'NONE', *, *, #2092, .T. ) ;
#1360 = EDGE_CURVE ( 'NONE', #1012, #1435, #8822, .T. ) ;
#1362 = PLANE ( 'NONE',  #1903 ) ;
#1363 = VERTEX_POINT ( 'NONE', #1644 ) ;
#1364 = CARTESIAN_POINT ( 'NONE',  ( -2.450000000000001066, 4.400000000000011013, 0.7999999999999164446 ) ) ;
#1365 = EDGE_LOOP ( 'NONE', ( #6686, #642 ) ) ;
#1366 = CARTESIAN_POINT ( 'NONE',  ( -2.700000000000000622, 12.44999999999999929, 0.000000000000000000 ) ) ;
#1367 = EDGE_CURVE ( 'NONE', #4524, #8067, #3681, .T. ) ;
#1368 = FACE_OUTER_BOUND ( 'NONE', #340, .T. ) ;
#1369 = FACE_BOUND ( 'NONE', #3211, .T. ) ;
#1370 = EDGE_LOOP ( 'NONE', ( #3099, #6028, #2869, #4256, #8024 ) ) ;
#1371 = CARTESIAN_POINT ( 'NONE',  ( -2.150000000000000799, 4.700000000000004619, 1.199999999999920686 ) ) ;
#1372 = ADVANCED_FACE ( 'NONE', ( #60 ), #1494, .F. ) ;
#1373 = ORIENTED_EDGE ( 'NONE', *, *, #5725, .T. ) ;
#1374 = CYLINDRICAL_SURFACE ( 'NONE', #5221, 0.1000000000000005745 ) ;
#1375 = EDGE_CURVE ( 'NONE', #3177, #7875, #2163, .T. ) ;
#1376 = CYLINDRICAL_SURFACE ( 'NONE', #96, 0.1000000000000016709 ) ;
#1377 = CARTESIAN_POINT ( 'NONE',  ( -5.912500000000002309, 12.65000000000000213, 1.870000000000000107 ) ) ;
#1378 = ADVANCED_FACE ( 'NONE', ( #875 ), #4426, .F. ) ;
#1379 = DIRECTION ( 'NONE',  ( 1.000000000000000000, 6.070773319253919496E-17, 0.000000000000000000 ) ) ;
#1380 = DIRECTION ( 'NONE',  ( 0.000000000000000000, -1.000000000000000000, 0.000000000000000000 ) ) ;
#1381 = ORIENTED_EDGE ( 'NONE', *, *, #594, .F. ) ;
#1382 = CARTESIAN_POINT ( 'NONE',  ( -2.150000000000001243, 12.00000000000000178, 1.599999999999995870 ) ) ;
#1383 = ORIENTED_EDGE ( 'NONE', *, *, #755, .T. ) ;
#1384 = DIRECTION ( 'NONE',  ( 0.000000000000000000, 0.000000000000000000, 1.000000000000000000 ) ) ;
#1385 = VERTEX_POINT ( 'NONE', #6550 ) ;
#1386 = ORIENTED_EDGE ( 'NONE', *, *, #7082, .F. ) ;
#1387 = ORIENTED_EDGE ( 'NONE', *, *, #5537, .F. ) ;
#1388 = DIRECTION ( 'NONE',  ( 1.000000000000000000, 0.000000000000000000, 0.000000000000000000 ) ) ;
#1389 = ADVANCED_FACE ( 'NONE', ( #5790 ), #6463, .F. ) ;
#1390 = LINE ( 'NONE', #6411, #6093 ) ;
#1391 = STYLED_ITEM ( 'NONE', ( #7662 ), #740 ) ;
#1392 = DIRECTION ( 'NONE',  ( 1.000000000000000000, 6.070773319253919496E-17, 0.000000000000000000 ) ) ;
#1393 = ORIENTED_EDGE ( 'NONE', *, *, #8766, .F. ) ;
#1394 = ORIENTED_EDGE ( 'NONE', *, *, #7230, .T. ) ;
#1395 = DIRECTION ( 'NONE',  ( 0.000000000000000000, 1.000000000000000000, 0.000000000000000000 ) ) ;
#1396 = AXIS2_PLACEMENT_3D ( 'NONE', #5738, #531, #8627 ) ;
#1397 = ORIENTED_EDGE ( 'NONE', *, *, #7687, .F. ) ;
#1398 = DIRECTION ( 'NONE',  ( 1.000000000000000000, 6.070773319253919496E-17, 0.000000000000000000 ) ) ;
#1399 = DIRECTION ( 'NONE',  ( 0.000000000000000000, 1.000000000000000000, 0.000000000000000000 ) ) ;
#1400 = CIRCLE ( 'NONE', #949, 0.08750000000000063283 ) ;
#1401 = CYLINDRICAL_SURFACE ( 'NONE', #5244, 0.1000000000000016709 ) ;
#1402 = EDGE_CURVE ( 'NONE', #4524, #2293, #2959, .T. ) ;
#1403 =( NAMED_UNIT ( * ) PLANE_ANGLE_UNIT ( ) SI_UNIT ( $, .RADIAN. ) );
#1404 = ORIENTED_EDGE ( 'NONE', *, *, #4538, .T. ) ;
#1405 = CARTESIAN_POINT ( 'NONE',  ( -2.150000000000000799, 5.100000000000010303, 0.7999999999999247713 ) ) ;
#1406 = VECTOR ( 'NONE', #8072, 39.37007874015748143 ) ;
#1407 = ORIENTED_EDGE ( 'NONE', *, *, #3961, .T. ) ;
#1408 = DIRECTION ( 'NONE',  ( 1.000000000000000000, 0.000000000000000000, 0.000000000000000000 ) ) ;
#1409 = ORIENTED_EDGE ( 'NONE', *, *, #7521, .T. ) ;
#1410 = FACE_OUTER_BOUND ( 'NONE', #3679, .T. ) ;
#1411 = DIRECTION ( 'NONE',  ( 0.000000000000000000, 1.000000000000000000, 0.000000000000000000 ) ) ;
#1412 = VECTOR ( 'NONE', #508, 39.37007874015748143 ) ;
#1413 = FACE_BOUND ( 'NONE', #3221, .T. ) ;
#1414 = EDGE_CURVE ( 'NONE', #2252, #7358, #2865, .T. ) ;
#1415 = VECTOR ( 'NONE', #246, 39.37007874015748143 ) ;
#1416 = AXIS2_PLACEMENT_3D ( 'NONE', #1597, #3816, #2296 ) ;
#1417 = EDGE_LOOP ( 'NONE', ( #65, #3911, #2398, #7552 ) ) ;
#1418 = LINE ( 'NONE', #7198, #8979 ) ;
#1419 = AXIS2_PLACEMENT_3D ( 'NONE', #8179, #1696, #1553 ) ;
#1420 = ORIENTED_EDGE ( 'NONE', *, *, #2580, .F. ) ;
#1421 = CARTESIAN_POINT ( 'NONE',  ( -2.450000000000001066, 5.300000000000017586, 0.3999999999999248601 ) ) ;
#1422 = CARTESIAN_POINT ( 'NONE',  ( -2.450000000000001510, 12.00000000000001776, 0.3999999999999957478 ) ) ;
#1423 = LINE ( 'NONE', #8056, #9245 ) ;
#1424 = AXIS2_PLACEMENT_3D ( 'NONE', #1639, #8203, #3096 ) ;
#1425 = CIRCLE ( 'NONE', #5210, 0.06889763779527564858 ) ;
#1426 = DIRECTION ( 'NONE',  ( 1.000000000000000000, 6.070773319253920728E-17, -0.000000000000000000 ) ) ;
#1427 = ADVANCED_FACE ( 'NONE', ( #8736, #11 ), #2249, .F. ) ;
#1428 = CARTESIAN_POINT ( 'NONE',  ( -2.150000000000000799, 6.400000000000005684, 1.199999999999937339 ) ) ;
#1429 = ORIENTED_EDGE ( 'NONE', *, *, #4147, .F. ) ;
#1430 = PLANE ( 'NONE',  #6849 ) ;
#1431 = AXIS2_PLACEMENT_3D ( 'NONE', #2891, #7769, #7104 ) ;
#1432 = ORIENTED_EDGE ( 'NONE', *, *, #6383, .T. ) ;
#1433 = LINE ( 'NONE', #7024, #2342 ) ;
#1434 = ORIENTED_EDGE ( 'NONE', *, *, #356, .F. ) ;
#1435 = VERTEX_POINT ( 'NONE', #1539 ) ;
#1436 = AXIS2_PLACEMENT_3D ( 'NONE', #1601, #4348, #1505 ) ;
#1437 = ORIENTED_EDGE ( 'NONE', *, *, #4639, .T. ) ;
#1438 = CYLINDRICAL_SURFACE ( 'NONE', #1894, 0.1000000000000005745 ) ;
#1439 = AXIS2_PLACEMENT_3D ( 'NONE', #86, #893, #3073 ) ;
#1440 = CARTESIAN_POINT ( 'NONE',  ( -2.800000000000001155, 7.730000000000000426, 0.2999999999999999889 ) ) ;
#1441 = EDGE_CURVE ( 'NONE', #5031, #8950, #821, .T. ) ;
#1442 = AXIS2_PLACEMENT_3D ( 'NONE', #1884, #1838, #9084 ) ;
#1443 = AXIS2_PLACEMENT_3D ( 'NONE', #4379, #8069, #2862 ) ;
#1444 = CARTESIAN_POINT ( 'NONE',  ( -2.150000000000001243, 11.09999999999999964, 1.599999999999987210 ) ) ;
#1445 = ORIENTED_EDGE ( 'NONE', *, *, #4958, .F. ) ;
#1446 = EDGE_LOOP ( 'NONE', ( #7652, #4301 ) ) ;
#1447 = EDGE_CURVE ( 'NONE', #5432, #2378, #5635, .T. ) ;
#1448 = DIRECTION ( 'NONE',  ( 1.000000000000000000, 0.000000000000000000, -0.000000000000000000 ) ) ;
#1449 = CIRCLE ( 'NONE', #7192, 0.1000000000000016709 ) ;
#1450 = ORIENTED_EDGE ( 'NONE', *, *, #7744, .F. ) ;
#1451 = DIRECTION ( 'NONE',  ( 1.000000000000000000, 6.070773319253920728E-17, -0.000000000000000000 ) ) ;
#1452 = CARTESIAN_POINT ( 'NONE',  ( -10.72249999999999837, 4.550000000000000711, 0.2999999999999999889 ) ) ;
#1453 = VECTOR ( 'NONE', #5428, 39.37007874015748143 ) ;
#1454 = AXIS2_PLACEMENT_3D ( 'NONE', #3173, #6154, #3970 ) ;
#1455 = LINE ( 'NONE', #2918, #1309 ) ;
#1456 = CARTESIAN_POINT ( 'NONE',  ( -2.577500000000000568, 4.550000000000000711, 0.2999999999999999889 ) ) ;
#1457 = VECTOR ( 'NONE', #7826, 39.37007874015748143 ) ;
#1458 = AXIS2_PLACEMENT_3D ( 'NONE', #4390, #778, #8788 ) ;
#1459 = AXIS2_PLACEMENT_3D ( 'NONE', #8927, #2292, #7367 ) ;
#1460 = VERTEX_POINT ( 'NONE', #7502 ) ;
#1462 = VECTOR ( 'NONE', #5724, 39.37007874015748143 ) ;
#1461 = CARTESIAN_POINT ( 'NONE',  ( -2.450000000000001066, 4.799999999999999822, 1.599999999999920597 ) ) ;
#1463 = ORIENTED_EDGE ( 'NONE', *, *, #8613, .F. ) ;
#1464 = EDGE_CURVE ( 'NONE', #7540, #729, #4665, .T. ) ;
#1465 = DIRECTION ( 'NONE',  ( -0.000000000000000000, -0.000000000000000000, 1.000000000000000000 ) ) ;
#1466 = VERTEX_POINT ( 'NONE', #2571 ) ;
#1467 = CYLINDRICAL_SURFACE ( 'NONE', #1898, 0.08749999999999981404 ) ;
#1468 = CARTESIAN_POINT ( 'NONE',  ( -2.450000000000001510, 11.20000000000001883, 0.3000000000000000999 ) ) ;
#1469 = VECTOR ( 'NONE', #9078, 39.37007874015748143 ) ;
#1470 = FACE_BOUND ( 'NONE', #7894, .T. ) ;
#1471 = AXIS2_PLACEMENT_3D ( 'NONE', #7665, #6237, #1181 ) ;
#1472 = VECTOR ( 'NONE', #6469, 39.37007874015748143 ) ;
#1473 = VERTEX_POINT ( 'NONE', #4568 ) ;
#1474 = ADVANCED_FACE ( 'NONE', ( #8966 ), #1021, .T. ) ;
#1475 = CYLINDRICAL_SURFACE ( 'NONE', #5793, 0.1000000000000016709 ) ;
#1476 = ORIENTED_EDGE ( 'NONE', *, *, #823, .F. ) ;
#1477 = DIRECTION ( 'NONE',  ( 0.000000000000000000, 1.000000000000000000, 0.000000000000000000 ) ) ;
#1478 = CYLINDRICAL_SURFACE ( 'NONE', #7197, 0.06900000000000026945 ) ;
#1479 = EDGE_CURVE ( 'NONE', #8317, #8696, #2615, .T. ) ;
#1480 = DIRECTION ( 'NONE',  ( 0.000000000000000000, 1.000000000000000000, 0.000000000000000000 ) ) ;
#1481 = AXIS2_PLACEMENT_3D ( 'NONE', #5824, #4556, #946 ) ;
#1482 = DIRECTION ( 'NONE',  ( 1.000000000000000000, 0.000000000000000000, 0.000000000000000000 ) ) ;
#1483 = CYLINDRICAL_SURFACE ( 'NONE', #1292, 0.1000000000000005745 ) ;
#1484 = ORIENTED_EDGE ( 'NONE', *, *, #293, .T. ) ;
#1485 = ADVANCED_FACE ( 'NONE', ( #2482 ), #5456, .T. ) ;
#1486 = CARTESIAN_POINT ( 'NONE',  ( -2.450000000000001066, 10.00000000000000000, 0.8999999999999999112 ) ) ;
#1487 = ORIENTED_EDGE ( 'NONE', *, *, #2770, .T. ) ;
#1488 = LINE ( 'NONE', #9346, #7632 ) ;
#1489 = ORIENTED_EDGE ( 'NONE', *, *, #9238, .T. ) ;
#1490 = VERTEX_POINT ( 'NONE', #918 ) ;
#1491 = ORIENTED_EDGE ( 'NONE', *, *, #2783, .T. ) ;
#1492 = EDGE_CURVE ( 'NONE', #8031, #5782, #2009, .T. ) ;
#1493 = LINE ( 'NONE', #4282, #3720 ) ;
#1494 = CYLINDRICAL_SURFACE ( 'NONE', #8220, 0.1000000000000016709 ) ;
#1495 = CARTESIAN_POINT ( 'NONE',  ( -8.650000000000000355, 7.534999999999998366, 0.4499999999999999556 ) ) ;
#1496 = ORIENTED_EDGE ( 'NONE', *, *, #4274, .T. ) ;
#1497 = VERTEX_POINT ( 'NONE', #1778 ) ;
#1498 = CARTESIAN_POINT ( 'NONE',  ( -8.299999999999998934, 4.000000000000000888, 0.4999999999999993339 ) ) ;
#1499 = ORIENTED_EDGE ( 'NONE', *, *, #5727, .F. ) ;
#1500 = DIRECTION ( 'NONE',  ( -0.000000000000000000, -0.000000000000000000, -1.000000000000000000 ) ) ;
#1501 = EDGE_CURVE ( 'NONE', #8207, #7358, #3521, .T. ) ;
#1502 = VERTEX_POINT ( 'NONE', #2435 ) ;
#1503 = CARTESIAN_POINT ( 'NONE',  ( -2.450000000000001066, 9.300000000000007816, 1.199999999999966427 ) ) ;
#1504 = EDGE_CURVE ( 'NONE', #5782, #1353, #6245, .T. ) ;
#1505 = DIRECTION ( 'NONE',  ( 0.000000000000000000, 1.000000000000000000, 0.000000000000000000 ) ) ;
#1506 = DIRECTION ( 'NONE',  ( 0.000000000000000000, 0.000000000000000000, 1.000000000000000000 ) ) ;
#1507 = CARTESIAN_POINT ( 'NONE',  ( -4.710000000000000853, 10.00000000000000000, 0.5000000000000000000 ) ) ;
#1508 = DIRECTION ( 'NONE',  ( 0.000000000000000000, 1.000000000000000000, 0.000000000000000000 ) ) ;
#1509 = EDGE_CURVE ( 'NONE', #595, #1852, #1105, .T. ) ;
#1510 = ORIENTED_EDGE ( 'NONE', *, *, #3587, .T. ) ;
#1511 = LINE ( 'NONE', #4396, #1919 ) ;
#1512 = VERTEX_POINT ( 'NONE', #3812 ) ;
#1513 = CYLINDRICAL_SURFACE ( 'NONE', #2531, 0.1000000000000005745 ) ;
#1514 = ORIENTED_EDGE ( 'NONE', *, *, #1969, .T. ) ;
#1515 = CARTESIAN_POINT ( 'NONE',  ( -2.450000000000001066, 6.100000000000001421, 1.599999999999933253 ) ) ;
#1516 = DIRECTION ( 'NONE',  ( 0.000000000000000000, 1.000000000000000000, 0.000000000000000000 ) ) ;
#1517 = LINE ( 'NONE', #7337, #8259 ) ;
#1518 = DIRECTION ( 'NONE',  ( 0.000000000000000000, 1.000000000000000000, 0.000000000000000000 ) ) ;
#1519 = EDGE_CURVE ( 'NONE', #1234, #2110, #4133, .T. ) ;
#1520 = ORIENTED_EDGE ( 'NONE', *, *, #7504, .T. ) ;
#1521 = CARTESIAN_POINT ( 'NONE',  ( -10.59999999999999964, 4.550000000000000711, 0.000000000000000000 ) ) ;
#1522 = VERTEX_POINT ( 'NONE', #8257 ) ;
#1523 = DIRECTION ( 'NONE',  ( -1.000000000000000000, 0.000000000000000000, 0.000000000000000000 ) ) ;
#1524 = DIRECTION ( 'NONE',  ( 1.000000000000000000, 6.070773319253919496E-17, 0.000000000000000000 ) ) ;
#1525 = CARTESIAN_POINT ( 'NONE',  ( -2.450000000000001066, 4.400000000000000355, 1.599999999999916600 ) ) ;
#1526 = ADVANCED_FACE ( 'NONE', ( #1058 ), #3951, .F. ) ;
#1527 = CARTESIAN_POINT ( 'NONE',  ( -5.700000000000001066, 8.010000000000003340, 0.5300000000000001377 ) ) ;
#1528 = DIRECTION ( 'NONE',  ( 1.000000000000000000, 0.000000000000000000, 0.000000000000000000 ) ) ;
#1529 = ORIENTED_EDGE ( 'NONE', *, *, #1447, .T. ) ;
#1530 = CARTESIAN_POINT ( 'NONE',  ( -5.850000000000001421, 13.00000000000000000, 2.000000000000000000 ) ) ;
#1531 = ORIENTED_EDGE ( 'NONE', *, *, #325, .F. ) ;
#1532 = DIRECTION ( 'NONE',  ( 0.000000000000000000, 1.000000000000000000, 0.000000000000000000 ) ) ;
#1533 = VERTEX_POINT ( 'NONE', #347 ) ;
#1534 = ORIENTED_EDGE ( 'NONE', *, *, #9280, .T. ) ;
#1535 = APPLICATION_CONTEXT ( 'automotive_design' ) ;
#1536 = ORIENTED_EDGE ( 'NONE', *, *, #5029, .F. ) ;
#1537 = FACE_OUTER_BOUND ( 'NONE', #1638, .T. ) ;
#1538 = EDGE_CURVE ( 'NONE', #1683, #6711, #5990, .T. ) ;
#1539 = CARTESIAN_POINT ( 'NONE',  ( -5.850000000000001421, 8.010000000000003340, 1.595000000000000862 ) ) ;
#1540 = EDGE_CURVE ( 'NONE', #1280, #6056, #5036, .T. ) ;
#1541 = DIRECTION ( 'NONE',  ( -0.000000000000000000, -0.000000000000000000, -1.000000000000000000 ) ) ;
#1542 = ORIENTED_EDGE ( 'NONE', *, *, #8846, .T. ) ;
#1543 = EDGE_LOOP ( 'NONE', ( #1972, #683 ) ) ;
#1544 = CARTESIAN_POINT ( 'NONE',  ( -2.450000000000001066, 4.700000000000016165, 0.3999999999999207523 ) ) ;
#1545 = ORIENTED_EDGE ( 'NONE', *, *, #6103, .F. ) ;
#1546 = CARTESIAN_POINT ( 'NONE',  ( -5.850000000000001421, 8.010000000000003340, 1.539000000000000368 ) ) ;
#1547 = ORIENTED_EDGE ( 'NONE', *, *, #4664, .F. ) ;
#1548 = FACE_OUTER_BOUND ( 'NONE', #3659, .T. ) ;
#1549 = LINE ( 'NONE', #5857, #5216 ) ;
#1550 = DIRECTION ( 'NONE',  ( 1.000000000000000000, 6.070773319253919496E-17, 0.000000000000000000 ) ) ;
#1551 = CIRCLE ( 'NONE', #4269, 0.1000000000000005745 ) ;
#1552 = DIRECTION ( 'NONE',  ( 1.000000000000000000, 6.070773319253919496E-17, 0.000000000000000000 ) ) ;
#1553 = DIRECTION ( 'NONE',  ( 0.000000000000000000, 1.000000000000000000, 0.000000000000000000 ) ) ;
#1554 = EDGE_CURVE ( 'NONE', #5737, #326, #8211, .T. ) ;
#1555 = EDGE_CURVE ( 'NONE', #8317, #5412, #1731, .T. ) ;
#1556 = ORIENTED_EDGE ( 'NONE', *, *, #4606, .T. ) ;
#1557 = DIRECTION ( 'NONE',  ( -1.000000000000000000, -5.463695987328527423E-16, -0.000000000000000000 ) ) ;
#1558 = EDGE_LOOP ( 'NONE', ( #1407, #1409 ) ) ;
#1559 = VECTOR ( 'NONE', #5653, 39.37007874015748143 ) ;
#1560 = DIRECTION ( 'NONE',  ( 0.000000000000000000, 1.000000000000000000, 0.000000000000000000 ) ) ;
#1561 = ORIENTED_EDGE ( 'NONE', *, *, #5206, .F. ) ;
#1562 = DIRECTION ( 'NONE',  ( -0.000000000000000000, -0.000000000000000000, -1.000000000000000000 ) ) ;
#1563 = CARTESIAN_POINT ( 'NONE',  ( -2.450000000000001066, 4.900000000000017231, 0.3999999999999207523 ) ) ;
#1564 = CARTESIAN_POINT ( 'NONE',  ( -2.150000000000001243, 12.30000000000000959, 0.7999999999999998224 ) ) ;
#1565 = CIRCLE ( 'NONE', #5933, 0.06900000000000026945 ) ;
#1566 = LINE ( 'NONE', #8150, #1667 ) ;
#1567 = CIRCLE ( 'NONE', #7005, 0.1000000000000005745 ) ;
#1568 = EDGE_CURVE ( 'NONE', #6997, #1074, #8976, .T. ) ;
#1569 = ORIENTED_EDGE ( 'NONE', *, *, #7696, .T. ) ;
#1570 = DIRECTION ( 'NONE',  ( -1.000000000000000000, 0.000000000000000000, 0.000000000000000000 ) ) ;
#1571 = VECTOR ( 'NONE', #1847, 39.37007874015748143 ) ;
#1572 = EDGE_LOOP ( 'NONE', ( #4706, #6546, #9358, #429 ) ) ;
#1573 = DIRECTION ( 'NONE',  ( -0.000000000000000000, -0.000000000000000000, -1.000000000000000000 ) ) ;
#1574 = ADVANCED_FACE ( 'NONE', ( #6128 ), #1818, .F. ) ;
#1575 = CARTESIAN_POINT ( 'NONE',  ( -10.59999999999999964, 7.449999999999999289, 0.000000000000000000 ) ) ;
#1576 = AXIS2_PLACEMENT_3D ( 'NONE', #2135, #4322, #2853 ) ;
#1577 = LINE ( 'NONE', #8108, #7706 ) ;
#1578 = CARTESIAN_POINT ( 'NONE',  ( -2.450000000000001066, 7.700000000000007283, 1.199999999999949774 ) ) ;
#1579 = AXIS2_PLACEMENT_3D ( 'NONE', #5383, #8311, #8935 ) ;
#1580 = CARTESIAN_POINT ( 'NONE',  ( -2.150000000000000799, 5.700000000000011724, 0.7999999999999289901 ) ) ;
#1581 = EDGE_LOOP ( 'NONE', ( #8274, #7361 ) ) ;
#1582 = DIRECTION ( 'NONE',  ( 1.000000000000000000, 0.000000000000000000, -0.000000000000000000 ) ) ;
#1583 = VERTEX_POINT ( 'NONE', #7686 ) ;
#1584 = CARTESIAN_POINT ( 'NONE',  ( -5.600000000000001421, 12.44999999999999929, 0.000000000000000000 ) ) ;
#1585 = EDGE_CURVE ( 'NONE', #6056, #1091, #1198, .T. ) ;
#1586 = ORIENTED_EDGE ( 'NONE', *, *, #6077, .F. ) ;
#1587 = CIRCLE ( 'NONE', #3384, 0.1000000000000005745 ) ;
#1588 = ORIENTED_EDGE ( 'NONE', *, *, #7548, .F. ) ;
#1589 = FACE_OUTER_BOUND ( 'NONE', #6545, .T. ) ;
#1590 = CIRCLE ( 'NONE', #4307, 0.1249999999999999029 ) ;
#1591 = CARTESIAN_POINT ( 'NONE',  ( -4.710000000000000853, 7.730000000000000426, 0.2999999999999999889 ) ) ;
#1592 = CIRCLE ( 'NONE', #6879, 0.1000000000000005745 ) ;
#1593 = LINE ( 'NONE', #3154, #7961 ) ;
#1594 = CIRCLE ( 'NONE', #2943, 0.1000000000000005745 ) ;
#1595 = ORIENTED_EDGE ( 'NONE', *, *, #1360, .F. ) ;
#1596 = EDGE_LOOP ( 'NONE', ( #1547, #6602 ) ) ;
#1597 = CARTESIAN_POINT ( 'NONE',  ( -5.700000000000001066, 10.80000000000000071, 0.5300000000000001377 ) ) ;
#1598 = EDGE_CURVE ( 'NONE', #1272, #3948, #1567, .T. ) ;
#1599 = VERTEX_POINT ( 'NONE', #6259 ) ;
#1600 = EDGE_LOOP ( 'NONE', ( #1429, #5757, #5863, #4729 ) ) ;
#1601 = CARTESIAN_POINT ( 'NONE',  ( -2.450000000000001066, 8.400000000000005684, 1.199999999999958211 ) ) ;
#1602 = VECTOR ( 'NONE', #1146, 39.37007874015748143 ) ;
#1603 = DIRECTION ( 'NONE',  ( 1.000000000000000000, 0.000000000000000000, 0.000000000000000000 ) ) ;
#1604 = CIRCLE ( 'NONE', #6731, 0.1249999999999999029 ) ;
#1605 = DIRECTION ( 'NONE',  ( 1.000000000000000000, 0.000000000000000000, 0.000000000000000000 ) ) ;
#1606 = CARTESIAN_POINT ( 'NONE',  ( -4.585000000000000853, 7.730000000000000426, 0.5000000000000000000 ) ) ;
#1607 = ORIENTED_EDGE ( 'NONE', *, *, #2724, .F. ) ;
#1608 = FACE_OUTER_BOUND ( 'NONE', #2980, .T. ) ;
#1609 = AXIS2_PLACEMENT_3D ( 'NONE', #5536, #511, #643 ) ;
#1610 = ORIENTED_EDGE ( 'NONE', *, *, #5808, .T. ) ;
#1611 = AXIS2_PLACEMENT_3D ( 'NONE', #6710, #4630, #2408 ) ;
#1612 = EDGE_CURVE ( 'NONE', #2860, #5865, #639, .T. ) ;
#1613 = VECTOR ( 'NONE', #5564, 39.37007874015748143 ) ;
#1614 = DIRECTION ( 'NONE',  ( 0.000000000000000000, 1.000000000000000000, 0.000000000000000000 ) ) ;
#1615 = EDGE_LOOP ( 'NONE', ( #3539, #2934, #1529, #4113 ) ) ;
#1616 = CYLINDRICAL_SURFACE ( 'NONE', #690, 0.06900000000000026945 ) ;
#1617 = CARTESIAN_POINT ( 'NONE',  ( -2.150000000000001243, 9.600000000000006750, 1.199999999999970646 ) ) ;
#1618 = DIRECTION ( 'NONE',  ( 1.000000000000000000, 0.000000000000000000, 0.000000000000000000 ) ) ;
#1619 = ADVANCED_FACE ( 'NONE', ( #475 ), #9146, .F. ) ;
#1620 = AXIS2_PLACEMENT_3D ( 'NONE', #3255, #8186, #6714 ) ;
#1621 = CARTESIAN_POINT ( 'NONE',  ( -2.150000000000001243, 7.700000000000007283, 1.199999999999949774 ) ) ;
#1622 = AXIS2_PLACEMENT_3D ( 'NONE', #3773, #119, #6651 ) ;
#1623 = CIRCLE ( 'NONE', #6902, 0.06899999999999945066 ) ;
#1624 = EDGE_LOOP ( 'NONE', ( #9194, #3964 ) ) ;
#1625 = DIRECTION ( 'NONE',  ( -8.741913579725647229E-16, -1.000000000000000000, 0.000000000000000000 ) ) ;
#1626 = CIRCLE ( 'NONE', #4335, 0.06889763779527564858 ) ;
#1627 = ORIENTED_EDGE ( 'NONE', *, *, #9076, .T. ) ;
#1628 = CARTESIAN_POINT ( 'NONE',  ( -2.450000000000001066, 10.50000000000000178, 1.599999999999979217 ) ) ;
#1629 = AXIS2_PLACEMENT_3D ( 'NONE', #7190, #7098, #5763 ) ;
#1630 = LINE ( 'NONE', #3182, #9368 ) ;
#1631 = EDGE_CURVE ( 'NONE', #1353, #8031, #5947, .T. ) ;
#1632 = CIRCLE ( 'NONE', #2834, 0.1000000000000016709 ) ;
#1633 = DIRECTION ( 'NONE',  ( 1.000000000000000000, 0.000000000000000000, 0.000000000000000000 ) ) ;
#1634 = EDGE_CURVE ( 'NONE', #5602, #2222, #7150, .T. ) ;
#1635 = DIRECTION ( 'NONE',  ( 0.000000000000000000, 1.000000000000000000, 0.000000000000000000 ) ) ;
#1636 = ORIENTED_EDGE ( 'NONE', *, *, #2619, .F. ) ;
#1637 = DIRECTION ( 'NONE',  ( -1.000000000000000000, -5.463695987328527423E-16, 0.000000000000000000 ) ) ;
#1638 = EDGE_LOOP ( 'NONE', ( #3069, #536, #5040, #3615 ) ) ;
#1639 = CARTESIAN_POINT ( 'NONE',  ( -11.15000000000000036, 6.433070866141733291, 1.583070866141732536 ) ) ;
#1640 = EDGE_LOOP ( 'NONE', ( #5794, #4940, #8239, #749 ) ) ;
#1641 = VECTOR ( 'NONE', #4066, 39.37007874015748143 ) ;
#1642 = ORIENTED_EDGE ( 'NONE', *, *, #6147, .T. ) ;
#1643 = CARTESIAN_POINT ( 'NONE',  ( -2.150000000000001243, 10.80000000000001137, 0.7999999999999831690 ) ) ;
#1644 = CARTESIAN_POINT ( 'NONE',  ( -11.15000000000000036, 6.501968503937009203, 1.583070866141732536 ) ) ;
#1645 = EDGE_CURVE ( 'NONE', #2129, #1810, #2669, .T. ) ;
#1646 = CARTESIAN_POINT ( 'NONE',  ( -2.150000000000001243, 6.800000000000016698, 0.3999999999999415135 ) ) ;
#1647 = ORIENTED_EDGE ( 'NONE', *, *, #1631, .T. ) ;
#1648 = VERTEX_POINT ( 'NONE', #4799 ) ;
#1649 = CARTESIAN_POINT ( 'NONE',  ( -8.650000000000000355, 5.664999999999999147, 0.4499999999999999556 ) ) ;
#1650 = VERTEX_POINT ( 'NONE', #3507 ) ;
#1651 = EDGE_LOOP ( 'NONE', ( #5443, #5893 ) ) ;
#1652 = CARTESIAN_POINT ( 'NONE',  ( -5.850000000000001421, 13.00000000000000000, 2.000000000000000000 ) ) ;
#1653 = DIRECTION ( 'NONE',  ( 0.000000000000000000, 1.000000000000000000, 0.000000000000000000 ) ) ;
#1654 = CARTESIAN_POINT ( 'NONE',  ( -10.59999999999999964, 4.550000000000000711, 0.2999999999999999889 ) ) ;
#1655 = ADVANCED_FACE ( 'NONE', ( #5692 ), #1155, .F. ) ;
#1656 = CYLINDRICAL_SURFACE ( 'NONE', #7928, 0.1000000000000005745 ) ;
#1657 = ORIENTED_EDGE ( 'NONE', *, *, #6833, .T. ) ;
#1658 = CYLINDRICAL_SURFACE ( 'NONE', #2053, 0.1000000000000005745 ) ;
#1659 = ORIENTED_EDGE ( 'NONE', *, *, #48, .F. ) ;
#1660 = LINE ( 'NONE', #3743, #7217 ) ;
#1661 = ORIENTED_EDGE ( 'NONE', *, *, #1085, .F. ) ;
#1662 = CARTESIAN_POINT ( 'NONE',  ( -2.150000000000000799, 4.400000000000016342, 0.3999999999999165334 ) ) ;
#1663 = DIRECTION ( 'NONE',  ( -1.000000000000000000, -0.000000000000000000, -0.000000000000000000 ) ) ;
#1664 = DIRECTION ( 'NONE',  ( 0.000000000000000000, 1.000000000000000000, 0.000000000000000000 ) ) ;
#1665 = FACE_OUTER_BOUND ( 'NONE', #4207, .T. ) ;
#1666 = EDGE_CURVE ( 'NONE', #6933, #4946, #8437, .T. ) ;
#1667 = VECTOR ( 'NONE', #8759, 39.37007874015748143 ) ;
#1668 = VERTEX_POINT ( 'NONE', #6396 ) ;
#1669 = ADVANCED_FACE ( 'NONE', ( #7066 ), #9099, .F. ) ;
#1670 = LINE ( 'NONE', #7432, #8518 ) ;
#1671 = ORIENTED_EDGE ( 'NONE', *, *, #3396, .F. ) ;
#1672 = CARTESIAN_POINT ( 'NONE',  ( -5.700000000000001066, 10.80000000000000071, 0.5300000000000001377 ) ) ;
#1673 = LINE ( 'NONE', #8195, #7055 ) ;
#1674 = CARTESIAN_POINT ( 'NONE',  ( -2.450000000000001510, 11.50000000000001066, 0.7999999999999914957 ) ) ;
#1675 = LINE ( 'NONE', #6784, #1866 ) ;
#1676 = EDGE_CURVE ( 'NONE', #6764, #3265, #3469, .T. ) ;
#1677 = VERTEX_POINT ( 'NONE', #2757 ) ;
#1678 = ADVANCED_FACE ( 'NONE', ( #7018 ), #8580, .F. ) ;
#1679 = CARTESIAN_POINT ( 'NONE',  ( -2.450000000000001066, 10.00000000000000000, 0.8999999999999999112 ) ) ;
#1680 = VERTEX_POINT ( 'NONE', #437 ) ;
#1681 = CARTESIAN_POINT ( 'NONE',  ( -2.450000000000001510, 12.50000000000000355, 1.599999999999999867 ) ) ;
#1682 = EDGE_LOOP ( 'NONE', ( #8509, #4764, #2818, #971 ) ) ;
#1683 = VERTEX_POINT ( 'NONE', #2049 ) ;
#1684 = DIRECTION ( 'NONE',  ( 1.000000000000000000, 6.070773319253919496E-17, 0.000000000000000000 ) ) ;
#1685 = EDGE_CURVE ( 'NONE', #4067, #342, #7318, .T. ) ;
#1686 = CARTESIAN_POINT ( 'NONE',  ( -2.450000000000001066, 10.80000000000000782, 1.199999999999983080 ) ) ;
#1687 = FACE_OUTER_BOUND ( 'NONE', #9069, .T. ) ;
#1688 = ORIENTED_EDGE ( 'NONE', *, *, #6160, .F. ) ;
#1689 = CARTESIAN_POINT ( 'NONE',  ( -2.150000000000000799, 4.300000000000010481, 0.7999999999999164446 ) ) ;
#1690 = ORIENTED_EDGE ( 'NONE', *, *, #6253, .F. ) ;
#1691 = EDGE_LOOP ( 'NONE', ( #8739, #8422 ) ) ;
#1692 = DIRECTION ( 'NONE',  ( 1.000000000000000000, 6.070773319253919496E-17, 0.000000000000000000 ) ) ;
#1693 = EDGE_CURVE ( 'NONE', #7973, #8982, #5639, .T. ) ;
#1694 = LINE ( 'NONE', #4577, #4190 ) ;
#1695 = LINE ( 'NONE', #9071, #36 ) ;
#1696 = DIRECTION ( 'NONE',  ( 1.000000000000000000, 6.070773319253920728E-17, -0.000000000000000000 ) ) ;
#1697 = EDGE_LOOP ( 'NONE', ( #459, #1595 ) ) ;
#1698 = FACE_OUTER_BOUND ( 'NONE', #8275, .T. ) ;
#1699 = ORIENTED_EDGE ( 'NONE', *, *, #8613, .T. ) ;
#1700 = ORIENTED_EDGE ( 'NONE', *, *, #1837, .F. ) ;
#1701 = DIRECTION ( 'NONE',  ( 1.000000000000000000, 6.070773319253920728E-17, -0.000000000000000000 ) ) ;
#1702 = ORIENTED_EDGE ( 'NONE', *, *, #2184, .T. ) ;
#1703 = CARTESIAN_POINT ( 'NONE',  ( -2.450000000000001066, 11.20000000000000107, 1.599999999999987210 ) ) ;
#1704 = FACE_BOUND ( 'NONE', #4794, .T. ) ;
#1705 = EDGE_CURVE ( 'NONE', #5563, #1726, #5499, .T. ) ;
#1706 = DIRECTION ( 'NONE',  ( 1.000000000000000000, 0.000000000000000000, -0.000000000000000000 ) ) ;
#1707 = CARTESIAN_POINT ( 'NONE',  ( -6.150000000000000355, 12.69999999999999929, 2.000000000000000000 ) ) ;
#1708 = AXIS2_PLACEMENT_3D ( 'NONE', #3535, #6425, #9317 ) ;
#1709 = VERTEX_POINT ( 'NONE', #6211 ) ;
#1710 = DIRECTION ( 'NONE',  ( 0.000000000000000000, 1.000000000000000000, 0.000000000000000000 ) ) ;
#1711 = ORIENTED_EDGE ( 'NONE', *, *, #2308, .F. ) ;
#1712 = DIRECTION ( 'NONE',  ( 1.000000000000000000, 0.000000000000000000, 0.000000000000000000 ) ) ;
#1713 = CARTESIAN_POINT ( 'NONE',  ( -2.450000000000001066, 4.699999999999999289, 1.599999999999920597 ) ) ;
#1714 = ADVANCED_FACE ( 'NONE', ( #8389 ), #5880, .F. ) ;
#1715 = VECTOR ( 'NONE', #7021, 39.37007874015748143 ) ;
#1716 = FACE_OUTER_BOUND ( 'NONE', #6458, .T. ) ;
#1717 = DIRECTION ( 'NONE',  ( 1.000000000000000000, 6.070773319253920728E-17, -0.000000000000000000 ) ) ;
#1718 = AXIS2_PLACEMENT_3D ( 'NONE', #5979, #5883, #2283 ) ;
#1719 = EDGE_LOOP ( 'NONE', ( #1774, #6862 ) ) ;
#1720 = DIRECTION ( 'NONE',  ( 0.000000000000000000, 0.000000000000000000, -1.000000000000000000 ) ) ;
#1721 = VECTOR ( 'NONE', #6037, 39.37007874015748143 ) ;
#1722 = ORIENTED_EDGE ( 'NONE', *, *, #3646, .T. ) ;
#1723 = CARTESIAN_POINT ( 'NONE',  ( -2.450000000000001066, 10.00000000000000000, 0.5000000000000000000 ) ) ;
#1724 = CARTESIAN_POINT ( 'NONE',  ( -10.47749999999999915, 7.449999999999999289, 0.000000000000000000 ) ) ;
#1725 = ORIENTED_EDGE ( 'NONE', *, *, #5384, .T. ) ;
#1726 = VERTEX_POINT ( 'NONE', #809 ) ;
#1727 = CARTESIAN_POINT ( 'NONE',  ( -11.00000000000000178, 7.849999999999998757, 1.870000000000000107 ) ) ;
#1728 = VECTOR ( 'NONE', #5348, 39.37007874015748143 ) ;
#1729 = EDGE_CURVE ( 'NONE', #5887, #3851, #648, .T. ) ;
#1730 = AXIS2_PLACEMENT_3D ( 'NONE', #5829, #6450, #7868 ) ;
#1731 = LINE ( 'NONE', #4616, #2317 ) ;
#1732 = DIRECTION ( 'NONE',  ( 1.000000000000000000, 6.070773319253920728E-17, -0.000000000000000000 ) ) ;
#1733 = FACE_OUTER_BOUND ( 'NONE', #7740, .T. ) ;
#1734 = EDGE_LOOP ( 'NONE', ( #2817, #9075, #6456, #3485 ) ) ;
#1735 = VECTOR ( 'NONE', #3116, 39.37007874015748143 ) ;
#1736 = VERTEX_POINT ( 'NONE', #713 ) ;
#1737 = DIRECTION ( 'NONE',  ( 0.000000000000000000, 0.000000000000000000, -1.000000000000000000 ) ) ;
#1738 = EDGE_CURVE ( 'NONE', #6916, #916, #5796, .T. ) ;
#1739 = AXIS2_PLACEMENT_3D ( 'NONE', #580, #7782, #3475 ) ;
#1740 = DIRECTION ( 'NONE',  ( -0.000000000000000000, 1.000000000000000000, -0.000000000000000000 ) ) ;
#1741 = FACE_OUTER_BOUND ( 'NONE', #2827, .T. ) ;
#1742 = CARTESIAN_POINT ( 'NONE',  ( -2.450000000000001066, 9.899999999999998579, 1.599999999999974998 ) ) ;
#1743 = EDGE_CURVE ( 'NONE', #6956, #577, #2480, .T. ) ;
#1744 = ORIENTED_EDGE ( 'NONE', *, *, #3974, .F. ) ;
#1745 = ORIENTED_EDGE ( 'NONE', *, *, #2465, .T. ) ;
#1746 = CARTESIAN_POINT ( 'NONE',  ( -2.150000000000000799, 4.800000000000016698, 0.3999999999999207523 ) ) ;
#1747 = VECTOR ( 'NONE', #7201, 39.37007874015748143 ) ;
#1748 = ORIENTED_EDGE ( 'NONE', *, *, #7859, .T. ) ;
#1749 = CARTESIAN_POINT ( 'NONE',  ( -11.14999999999999858, 5.566929133858268486, 1.583070866141732536 ) ) ;
#1750 = FACE_BOUND ( 'NONE', #2028, .T. ) ;
#1751 = VECTOR ( 'NONE', #4493, 39.37007874015748143 ) ;
#1752 = DIRECTION ( 'NONE',  ( 1.000000000000000000, 6.070773319253920728E-17, -0.000000000000000000 ) ) ;
#1753 = CIRCLE ( 'NONE', #5069, 0.06889763779527564858 ) ;
#1754 = EDGE_CURVE ( 'NONE', #1512, #2968, #1113, .T. ) ;
#1755 = AXIS2_PLACEMENT_3D ( 'NONE', #7927, #6500, #10 ) ;
#1756 = ORIENTED_EDGE ( 'NONE', *, *, #6371, .T. ) ;
#1757 = DIRECTION ( 'NONE',  ( -1.000000000000000000, 0.000000000000000000, 0.000000000000000000 ) ) ;
#1758 = ORIENTED_EDGE ( 'NONE', *, *, #2768, .T. ) ;
#1759 = CARTESIAN_POINT ( 'NONE',  ( -10.84999999999999964, 6.413385826771654585, 1.150000000000000133 ) ) ;
#1760 = CIRCLE ( 'NONE', #850, 0.1000000000000005745 ) ;
#1761 = CARTESIAN_POINT ( 'NONE',  ( -8.550000000000000711, 5.764999999999997904, 0.4499999999999999556 ) ) ;
#1762 = VECTOR ( 'NONE', #6145, 39.37007874015748143 ) ;
#1763 = CYLINDRICAL_SURFACE ( 'NONE', #6250, 0.06899999999999972822 ) ;
#1764 = EDGE_CURVE ( 'NONE', #3910, #1109, #8830, .T. ) ;
#1765 = VECTOR ( 'NONE', #2277, 39.37007874015748143 ) ;
#1766 = VECTOR ( 'NONE', #1380, 39.37007874015748143 ) ;
#1767 = ORIENTED_EDGE ( 'NONE', *, *, #8666, .T. ) ;
#1768 = VECTOR ( 'NONE', #2148, 39.37007874015748143 ) ;
#1769 = CYLINDRICAL_SURFACE ( 'NONE', #7455, 0.1000000000000016709 ) ;
#1770 = ADVANCED_FACE ( 'NONE', ( #5123 ), #660, .F. ) ;
#1771 = EDGE_LOOP ( 'NONE', ( #5024, #9374 ) ) ;
#1772 = CARTESIAN_POINT ( 'NONE',  ( -2.450000000000001066, 4.500000000000006217, 1.199999999999916467 ) ) ;
#1773 = FACE_OUTER_BOUND ( 'NONE', #6986, .T. ) ;
#1774 = ORIENTED_EDGE ( 'NONE', *, *, #1501, .F. ) ;
#1775 = ORIENTED_EDGE ( 'NONE', *, *, #4260, .T. ) ;
#1776 = CARTESIAN_POINT ( 'NONE',  ( -2.450000000000001066, 5.099999999999999645, 1.599999999999925038 ) ) ;
#1777 = CIRCLE ( 'NONE', #8272, 0.1000000000000005745 ) ;
#1778 = CARTESIAN_POINT ( 'NONE',  ( -2.150000000000000799, 6.500000000000000888, 1.599999999999937250 ) ) ;
#1779 = EDGE_CURVE ( 'NONE', #8558, #248, #963, .T. ) ;
#1780 = CARTESIAN_POINT ( 'NONE',  ( -3.450000000000001066, 4.500000000000000888, 0.4499999999999999556 ) ) ;
#1781 = VECTOR ( 'NONE', #3421, 39.37007874015748143 ) ;
#1782 = VERTEX_POINT ( 'NONE', #1578 ) ;
#1783 = EDGE_CURVE ( 'NONE', #8519, #846, #6491, .T. ) ;
#1784 = FACE_OUTER_BOUND ( 'NONE', #113, .T. ) ;
#1785 = VERTEX_POINT ( 'NONE', #2237 ) ;
#1786 = ORIENTED_EDGE ( 'NONE', *, *, #1328, .T. ) ;
#1787 = CARTESIAN_POINT ( 'NONE',  ( -2.450000000000001066, 5.200000000000010836, 0.7999999999999247713 ) ) ;
#1788 = LINE ( 'NONE', #5289, #2466 ) ;
#1789 = LINE ( 'NONE', #4762, #6408 ) ;
#1790 = CARTESIAN_POINT ( 'NONE',  ( -2.450000000000001066, 6.700000000000000178, 1.599999999999941691 ) ) ;
#1791 = EDGE_LOOP ( 'NONE', ( #316, #7509 ) ) ;
#1792 = ADVANCED_FACE ( 'NONE', ( #9381, #8010, #2895, #5073, #46, #3041 ), #9341, .F. ) ;
#1793 = VERTEX_POINT ( 'NONE', #6639 ) ;
#1794 = DIRECTION ( 'NONE',  ( 0.000000000000000000, 1.000000000000000000, 0.000000000000000000 ) ) ;
#1795 = ORIENTED_EDGE ( 'NONE', *, *, #1509, .F. ) ;
#1796 = DIRECTION ( 'NONE',  ( 0.000000000000000000, 1.000000000000000000, 0.000000000000000000 ) ) ;
#1797 = DIRECTION ( 'NONE',  ( 0.000000000000000000, 1.000000000000000000, 0.000000000000000000 ) ) ;
#1798 = CARTESIAN_POINT ( 'NONE',  ( -2.450000000000001066, 5.600000000000000533, 1.599999999999929035 ) ) ;
#1799 = CARTESIAN_POINT ( 'NONE',  ( -10.84999999999999964, 6.433070866141733291, 0.7169291338582677309 ) ) ;
#1800 = DIRECTION ( 'NONE',  ( 0.000000000000000000, -1.000000000000000000, 0.000000000000000000 ) ) ;
#1801 = ORIENTED_EDGE ( 'NONE', *, *, #7377, .F. ) ;
#1802 = DIRECTION ( 'NONE',  ( 1.000000000000000000, 6.070773319253920728E-17, -0.000000000000000000 ) ) ;
#1803 = EDGE_LOOP ( 'NONE', ( #7785, #2161 ) ) ;
#1804 = LINE ( 'NONE', #330, #7795 ) ;
#1805 = DIRECTION ( 'NONE',  ( 1.000000000000000000, 0.000000000000000000, -0.000000000000000000 ) ) ;
#1806 = EDGE_CURVE ( 'NONE', #2042, #6924, #3236, .T. ) ;
#1807 = CYLINDRICAL_SURFACE ( 'NONE', #3381, 0.1000000000000016709 ) ;
#1808 = ORIENTED_EDGE ( 'NONE', *, *, #1367, .T. ) ;
#1809 = DIRECTION ( 'NONE',  ( 1.000000000000000000, 6.070773319253920728E-17, -0.000000000000000000 ) ) ;
#1810 = VERTEX_POINT ( 'NONE', #7251 ) ;
#1811 = DIRECTION ( 'NONE',  ( -1.000000000000000000, 0.000000000000000000, 0.000000000000000000 ) ) ;
#1812 = DIRECTION ( 'NONE',  ( 1.000000000000000000, 6.070773319253919496E-17, 0.000000000000000000 ) ) ;
#1813 = ORIENTED_EDGE ( 'NONE', *, *, #672, .T. ) ;
#1814 = CIRCLE ( 'NONE', #4830, 0.1000000000000016709 ) ;
#1815 = ORIENTED_EDGE ( 'NONE', *, *, #6298, .T. ) ;
#1816 = FACE_BOUND ( 'NONE', #1651, .T. ) ;
#1817 = EDGE_CURVE ( 'NONE', #1212, #4511, #3650, .T. ) ;
#1818 = CYLINDRICAL_SURFACE ( 'NONE', #7458, 0.1000000000000016709 ) ;
#1819 = DIRECTION ( 'NONE',  ( 0.000000000000000000, 1.000000000000000000, 0.000000000000000000 ) ) ;
#1820 = CARTESIAN_POINT ( 'NONE',  ( -4.779000000000000803, 10.00000000000000000, 0.5000000000000000000 ) ) ;
#1821 = ORIENTED_EDGE ( 'NONE', *, *, #8626, .F. ) ;
#1822 = ORIENTED_EDGE ( 'NONE', *, *, #7015, .T. ) ;
#1823 = LINE ( 'NONE', #3160, #8243 ) ;
#1824 = EDGE_CURVE ( 'NONE', #7540, #880, #3691, .T. ) ;
#1825 = CARTESIAN_POINT ( 'NONE',  ( -2.450000000000001066, 4.900000000000011902, 0.7999999999999206635 ) ) ;
#1826 = DIRECTION ( 'NONE',  ( 0.000000000000000000, 1.000000000000000000, 0.000000000000000000 ) ) ;
#1827 = LINE ( 'NONE', #4811, #1762 ) ;
#1828 = ORIENTED_EDGE ( 'NONE', *, *, #5486, .F. ) ;
#1829 = EDGE_LOOP ( 'NONE', ( #5183, #720 ) ) ;
#1830 = DIRECTION ( 'NONE',  ( 1.000000000000000000, 6.070773319253919496E-17, 0.000000000000000000 ) ) ;
#1831 = ORIENTED_EDGE ( 'NONE', *, *, #5312, .F. ) ;
#1832 = DIRECTION ( 'NONE',  ( 1.000000000000000000, 6.070773319253920728E-17, -0.000000000000000000 ) ) ;
#1833 = FACE_BOUND ( 'NONE', #227, .T. ) ;
#1834 = APPLICATION_CONTEXT ( 'automotive_design' ) ;
#1835 = CARTESIAN_POINT ( 'NONE',  ( -3.550000000000001599, 6.950000000000001066, 0.4499999999999999556 ) ) ;
#1836 = CARTESIAN_POINT ( 'NONE',  ( -2.450000000000001066, 5.700000000000011724, 0.7999999999999289901 ) ) ;
#1837 = EDGE_CURVE ( 'NONE', #8324, #1782, #7466, .T. ) ;
#1838 = DIRECTION ( 'NONE',  ( 0.000000000000000000, -1.000000000000000000, 0.000000000000000000 ) ) ;
#1839 = EDGE_LOOP ( 'NONE', ( #5347, #7327, #8797, #3671 ) ) ;
#1840 = CARTESIAN_POINT ( 'NONE',  ( -2.450000000000001066, 10.30000000000001670, 0.3999999999999790945 ) ) ;
#1841 = VERTEX_POINT ( 'NONE', #5919 ) ;
#1842 = CARTESIAN_POINT ( 'NONE',  ( -2.300000000000000711, 12.65000000000000213, 2.000000000000000000 ) ) ;
#1843 =( NAMED_UNIT ( * ) PLANE_ANGLE_UNIT ( ) SI_UNIT ( $, .RADIAN. ) );
#1844 = ADVANCED_FACE ( 'NONE', ( #6590 ), #8817, .F. ) ;
#1845 = DIRECTION ( 'NONE',  ( 0.000000000000000000, 1.000000000000000000, 0.000000000000000000 ) ) ;
#1846 = ORIENTED_EDGE ( 'NONE', *, *, #8816, .F. ) ;
#1847 = DIRECTION ( 'NONE',  ( -1.000000000000000000, 2.185478394931410575E-16, -0.000000000000000000 ) ) ;
#1848 = VECTOR ( 'NONE', #7832, 39.37007874015748143 ) ;
#1849 = ORIENTED_EDGE ( 'NONE', *, *, #8890, .T. ) ;
#1850 = LINE ( 'NONE', #2526, #2352 ) ;
#1851 = DIRECTION ( 'NONE',  ( -1.000000000000000000, 0.000000000000000000, 0.000000000000000000 ) ) ;
#1852 = VERTEX_POINT ( 'NONE', #5217 ) ;
#1853 = VECTOR ( 'NONE', #7419, 39.37007874015748143 ) ;
#1854 = DIRECTION ( 'NONE',  ( 0.000000000000000000, 0.000000000000000000, -1.000000000000000000 ) ) ;
#1855 = FACE_BOUND ( 'NONE', #6459, .T. ) ;
#1856 = DIRECTION ( 'NONE',  ( 0.000000000000000000, 0.000000000000000000, -1.000000000000000000 ) ) ;
#1857 = AXIS2_PLACEMENT_3D ( 'NONE', #4749, #3103, #5279 ) ;
#1858 = ORIENTED_EDGE ( 'NONE', *, *, #2593, .F. ) ;
#1859 = EDGE_CURVE ( 'NONE', #5600, #7068, #4739, .T. ) ;
#1860 = DIRECTION ( 'NONE',  ( 1.000000000000000000, 6.070773319253919496E-17, 0.000000000000000000 ) ) ;
#1861 = FACE_OUTER_BOUND ( 'NONE', #3037, .T. ) ;
#1862 = VERTEX_POINT ( 'NONE', #5271 ) ;
#1863 = AXIS2_PLACEMENT_3D ( 'NONE', #5065, #6484, #2319 ) ;
#1864 = ORIENTED_EDGE ( 'NONE', *, *, #5921, .T. ) ;
#1865 = CARTESIAN_POINT ( 'NONE',  ( -2.450000000000001066, 11.20000000000001172, 0.7999999999999873879 ) ) ;
#1866 = VECTOR ( 'NONE', #1717, 39.37007874015748143 ) ;
#1867 = CARTESIAN_POINT ( 'NONE',  ( -2.212500000000000799, 4.150000000000000355, 1.870000000000000107 ) ) ;
#1868 = DIRECTION ( 'NONE',  ( 1.000000000000000000, 0.000000000000000000, 0.000000000000000000 ) ) ;
#1869 = AXIS2_PLACEMENT_3D ( 'NONE', #1245, #3954, #8343 ) ;
#1870 = EDGE_CURVE ( 'NONE', #1171, #3251, #1675, .T. ) ;
#1871 = FACE_BOUND ( 'NONE', #1791, .T. ) ;
#1872 = ORIENTED_EDGE ( 'NONE', *, *, #7230, .F. ) ;
#1873 = ORIENTED_EDGE ( 'NONE', *, *, #7696, .F. ) ;
#1874 = DIRECTION ( 'NONE',  ( 0.000000000000000000, 1.000000000000000000, 0.000000000000000000 ) ) ;
#1875 = ORIENTED_EDGE ( 'NONE', *, *, #7787, .T. ) ;
#1876 = LINE ( 'NONE', #7127, #7363 ) ;
#1877 = FACE_BOUND ( 'NONE', #2401, .T. ) ;
#1878 = CIRCLE ( 'NONE', #4612, 0.1000000000000005745 ) ;
#1879 = CARTESIAN_POINT ( 'NONE',  ( -2.150000000000001243, 9.899999999999998579, 1.599999999999974998 ) ) ;
#1880 = AXIS2_PLACEMENT_3D ( 'NONE', #4548, #3213, #8319 ) ;
#1881 = CARTESIAN_POINT ( 'NONE',  ( -2.450000000000001066, 7.200000000000017053, 0.3999999999999457323 ) ) ;
#1883 = ORIENTED_EDGE ( 'NONE', *, *, #6143, .F. ) ;
#1882 = EDGE_CURVE ( 'NONE', #2110, #1234, #6109, .T. ) ;
#1884 = CARTESIAN_POINT ( 'NONE',  ( -5.150000000000000355, 12.69999999999999929, 0.5000000000000000000 ) ) ;
#1885 = AXIS2_PLACEMENT_3D ( 'NONE', #8297, #6120, #4659 ) ;
#1886 = ORIENTED_EDGE ( 'NONE', *, *, #6638, .F. ) ;
#1887 = DIRECTION ( 'NONE',  ( 0.000000000000000000, 0.000000000000000000, 1.000000000000000000 ) ) ;
#1888 = AXIS2_PLACEMENT_3D ( 'NONE', #1652, #2970, #5242 ) ;
#1889 = VERTEX_POINT ( 'NONE', #1005 ) ;
#1890 = DIRECTION ( 'NONE',  ( 0.000000000000000000, 1.000000000000000000, 0.000000000000000000 ) ) ;
#1891 = EDGE_CURVE ( 'NONE', #9167, #5265, #7010, .T. ) ;
#1892 = VECTOR ( 'NONE', #1940, 39.37007874015748143 ) ;
#1893 = CIRCLE ( 'NONE', #4626, 0.1000000000000016709 ) ;
#1894 = AXIS2_PLACEMENT_3D ( 'NONE', #7220, #3660, #5135 ) ;
#1895 = DIRECTION ( 'NONE',  ( 0.000000000000000000, -1.000000000000000000, 0.000000000000000000 ) ) ;
#1896 = ORIENTED_EDGE ( 'NONE', *, *, #4119, .F. ) ;
#1897 = CYLINDRICAL_SURFACE ( 'NONE', #3836, 0.1000000000000005745 ) ;
#1898 = AXIS2_PLACEMENT_3D ( 'NONE', #699, #8652, #5057 ) ;
#1899 = EDGE_CURVE ( 'NONE', #3244, #8888, #4519, .T. ) ;
#1900 = ORIENTED_EDGE ( 'NONE', *, *, #6191, .F. ) ;
#1901 = DIRECTION ( 'NONE',  ( -0.000000000000000000, 0.000000000000000000, -1.000000000000000000 ) ) ;
#1902 = ADVANCED_FACE ( 'NONE', ( #7438 ), #8111, .F. ) ;
#1903 = AXIS2_PLACEMENT_3D ( 'NONE', #4300, #2119, #738 ) ;
#1904 = CARTESIAN_POINT ( 'NONE',  ( -2.150000000000000799, 4.500000000000011546, 0.7999999999999164446 ) ) ;
#1905 = AXIS2_PLACEMENT_3D ( 'NONE', #7285, #8706, #4549 ) ;
#1906 = DIRECTION ( 'NONE',  ( 1.000000000000000000, 6.070773319253919496E-17, 0.000000000000000000 ) ) ;
#1907 = FACE_BOUND ( 'NONE', #887, .T. ) ;
#1908 = AXIS2_PLACEMENT_3D ( 'NONE', #8960, #3947, #2609 ) ;
#1909 = CARTESIAN_POINT ( 'NONE',  ( -2.450000000000001066, 10.00000000000000711, 1.199999999999974865 ) ) ;
#1910 = CIRCLE ( 'NONE', #5088, 0.1000000000000005745 ) ;
#1911 = AXIS2_PLACEMENT_3D ( 'NONE', #565, #2796, #5676 ) ;
#1912 = ORIENTED_EDGE ( 'NONE', *, *, #5035, .T. ) ;
#1913 = CARTESIAN_POINT ( 'NONE',  ( -2.150000000000000799, 5.500000000000000000, 1.599999999999929035 ) ) ;
#1914 = CARTESIAN_POINT ( 'NONE',  ( -2.450000000000001066, 4.400000000000016342, 0.3999999999999165334 ) ) ;
#1915 = ORIENTED_EDGE ( 'NONE', *, *, #3584, .T. ) ;
#1916 = CIRCLE ( 'NONE', #3424, 0.1249999999999999029 ) ;
#1917 = ORIENTED_EDGE ( 'NONE', *, *, #8721, .T. ) ;
#1918 = LINE ( 'NONE', #1299, #8542 ) ;
#1919 = VECTOR ( 'NONE', #5758, 39.37007874015748143 ) ;
#1920 = ADVANCED_FACE ( 'NONE', ( #5408 ), #2385, .T. ) ;
#1921 = CARTESIAN_POINT ( 'NONE',  ( -5.150000000000000355, 12.69999999999999929, 0.3750000000000000555 ) ) ;
#1922 = DIRECTION ( 'NONE',  ( 0.000000000000000000, 0.000000000000000000, 1.000000000000000000 ) ) ;
#1923 = AXIS2_PLACEMENT_3D ( 'NONE', #2839, #5721, #1408 ) ;
#1924 = CARTESIAN_POINT ( 'NONE',  ( -2.450000000000001066, 10.29999999999999893, 1.599999999999979217 ) ) ;
#1925 = ORIENTED_EDGE ( 'NONE', *, *, #5514, .T. ) ;
#1926 = ORIENTED_EDGE ( 'NONE', *, *, #7250, .T. ) ;
#1927 = DIRECTION ( 'NONE',  ( 1.000000000000000000, 6.070773319253920728E-17, -0.000000000000000000 ) ) ;
#1928 = ORIENTED_EDGE ( 'NONE', *, *, #2443, .T. ) ;
#1929 = DIRECTION ( 'NONE',  ( 1.000000000000000000, 6.070773319253919496E-17, 0.000000000000000000 ) ) ;
#1930 = LINE ( 'NONE', #9217, #5507 ) ;
#1931 = DIRECTION ( 'NONE',  ( -1.000000000000000000, -2.324977015884479041E-16, 0.000000000000000000 ) ) ;
#1932 = EDGE_CURVE ( 'NONE', #7302, #8482, #8158, .T. ) ;
#1933 = CARTESIAN_POINT ( 'NONE',  ( -2.150000000000000799, 4.699999999999999289, 1.599999999999920597 ) ) ;
#1934 = EDGE_LOOP ( 'NONE', ( #6530, #6726, #4332, #4417 ) ) ;
#1935 = DIRECTION ( 'NONE',  ( 1.000000000000000000, 0.000000000000000000, 0.000000000000000000 ) ) ;
#1936 = VERTEX_POINT ( 'NONE', #7396 ) ;
#1937 = FACE_OUTER_BOUND ( 'NONE', #979, .T. ) ;
#1938 = FACE_OUTER_BOUND ( 'NONE', #3766, .T. ) ;
#1939 = EDGE_LOOP ( 'NONE', ( #652, #3867, #5809, #6947 ) ) ;
#1940 = DIRECTION ( 'NONE',  ( -1.000000000000000000, 0.000000000000000000, 0.000000000000000000 ) ) ;
#1941 = CARTESIAN_POINT ( 'NONE',  ( -2.450000000000001066, 10.50000000000001954, 0.3999999999999790945 ) ) ;
#1942 = PRODUCT_CONTEXT ( 'NONE', #1535, 'mechanical' ) ;
#1943 = EDGE_CURVE ( 'NONE', #4565, #4243, #3142, .T. ) ;
#1944 = CARTESIAN_POINT ( 'NONE',  ( -4.710000000000000853, 10.00000000000000000, 0.5000000000000000000 ) ) ;
#1945 = VERTEX_POINT ( 'NONE', #2518 ) ;
#1946 = CARTESIAN_POINT ( 'NONE',  ( -2.450000000000001066, 6.500000000000012434, 0.7999999999999374278 ) ) ;
#1947 = ORIENTED_EDGE ( 'NONE', *, *, #325, .T. ) ;
#1948 = CARTESIAN_POINT ( 'NONE',  ( -2.150000000000001243, 9.700000000000008171, 1.199999999999970646 ) ) ;
#1949 = FACE_OUTER_BOUND ( 'NONE', #2861, .T. ) ;
#1950 = DIRECTION ( 'NONE',  ( 0.000000000000000000, 0.000000000000000000, -1.000000000000000000 ) ) ;
#1951 = ADVANCED_FACE ( 'NONE', ( #2423 ), #190, .F. ) ;
#1952 = CARTESIAN_POINT ( 'NONE',  ( -2.450000000000001066, 5.900000000000016342, 0.3999999999999331868 ) ) ;
#1953 = EDGE_CURVE ( 'NONE', #6293, #2220, #7915, .T. ) ;
#1954 = CARTESIAN_POINT ( 'NONE',  ( -8.550000000000000711, 7.434999999999998721, 0.4499999999999999556 ) ) ;
#1955 = ORIENTED_EDGE ( 'NONE', *, *, #8562, .F. ) ;
#1956 = DIRECTION ( 'NONE',  ( 1.000000000000000000, 6.070773319253919496E-17, 0.000000000000000000 ) ) ;
#1957 = AXIS2_PLACEMENT_3D ( 'NONE', #3033, #6720, #1518 ) ;
#1958 = ORIENTED_EDGE ( 'NONE', *, *, #547, .F. ) ;
#1959 = DIRECTION ( 'NONE',  ( 1.000000000000000000, 6.070773319253920728E-17, -0.000000000000000000 ) ) ;
#1960 = ORIENTED_EDGE ( 'NONE', *, *, #1053, .T. ) ;
#1961 = ADVANCED_FACE ( 'NONE', ( #907 ), #1807, .F. ) ;
#1962 = EDGE_LOOP ( 'NONE', ( #4313, #581, #2543, #4281 ) ) ;
#1963 = LINE ( 'NONE', #2680, #1613 ) ;
#1964 = CARTESIAN_POINT ( 'NONE',  ( -2.450000000000001510, 12.40000000000000746, 1.199999999999999734 ) ) ;
#1965 = ADVANCED_FACE ( 'NONE', ( #1089 ), #1763, .F. ) ;
#1966 = DIRECTION ( 'NONE',  ( 1.000000000000000000, 6.070773319253920728E-17, -0.000000000000000000 ) ) ;
#1967 = DIRECTION ( 'NONE',  ( 1.000000000000000000, 6.070773319253920728E-17, -0.000000000000000000 ) ) ;
#1968 = ORIENTED_EDGE ( 'NONE', *, *, #4059, .F. ) ;
#1969 = EDGE_CURVE ( 'NONE', #1583, #3917, #7487, .T. ) ;
#1970 = EDGE_LOOP ( 'NONE', ( #4330, #1437 ) ) ;
#1971 = CARTESIAN_POINT ( 'NONE',  ( -2.150000000000001243, 7.600000000000000533, 1.599999999999949907 ) ) ;
#1972 = ORIENTED_EDGE ( 'NONE', *, *, #7154, .F. ) ;
#1973 = DIRECTION ( 'NONE',  ( 1.000000000000000000, 6.070773319253919496E-17, 0.000000000000000000 ) ) ;
#1974 = DIRECTION ( 'NONE',  ( -1.000000000000000000, -5.463695987328527423E-16, -0.000000000000000000 ) ) ;
#1975 = CYLINDRICAL_SURFACE ( 'NONE', #4645, 0.1000000000000016709 ) ;
#1976 = CARTESIAN_POINT ( 'NONE',  ( -2.150000000000000799, 5.200000000000005507, 1.199999999999924905 ) ) ;
#1977 = EDGE_LOOP ( 'NONE', ( #6831, #4254, #3809, #329 ) ) ;
#1978 = LINE ( 'NONE', #4865, #1020 ) ;
#1979 = ORIENTED_EDGE ( 'NONE', *, *, #6465, .T. ) ;
#1980 = ADVANCED_FACE ( 'NONE', ( #3184 ), #4692, .F. ) ;
#1981 = DIRECTION ( 'NONE',  ( 1.000000000000000000, 6.070773319253920728E-17, -0.000000000000000000 ) ) ;
#1982 = CYLINDRICAL_SURFACE ( 'NONE', #6609, 0.1000000000000005745 ) ;
#1983 = ORIENTED_EDGE ( 'NONE', *, *, #2996, .T. ) ;
#1984 = DIRECTION ( 'NONE',  ( 0.000000000000000000, 0.000000000000000000, 1.000000000000000000 ) ) ;
#1985 = DIRECTION ( 'NONE',  ( 1.000000000000000000, 6.070773319253920728E-17, -0.000000000000000000 ) ) ;
#1986 = DIRECTION ( 'NONE',  ( 1.000000000000000000, 6.070773319253919496E-17, 0.000000000000000000 ) ) ;
#1987 = VECTOR ( 'NONE', #4368, 39.37007874015748143 ) ;
#1988 = ORIENTED_EDGE ( 'NONE', *, *, #4863, .F. ) ;
#1989 = ADVANCED_FACE ( 'NONE', ( #1048 ), #6166, .T. ) ;
#1990 = CARTESIAN_POINT ( 'NONE',  ( -10.59999999999999964, 4.550000000000000711, 0.000000000000000000 ) ) ;
#1991 = EDGE_LOOP ( 'NONE', ( #7421, #773 ) ) ;
#1992 = FACE_OUTER_BOUND ( 'NONE', #8029, .T. ) ;
#1993 = DIRECTION ( 'NONE',  ( -1.000000000000000000, -5.463695987328527423E-16, -0.000000000000000000 ) ) ;
#1994 = DIRECTION ( 'NONE',  ( 1.000000000000000000, 0.000000000000000000, -0.000000000000000000 ) ) ;
#1995 = AXIS2_PLACEMENT_3D ( 'NONE', #1799, #9121, #6156 ) ;
#1996 = DIRECTION ( 'NONE',  ( 1.000000000000000000, 6.070773319253919496E-17, 0.000000000000000000 ) ) ;
#1997 = DIRECTION ( 'NONE',  ( 1.000000000000000000, 0.000000000000000000, -0.000000000000000000 ) ) ;
#1998 = EDGE_LOOP ( 'NONE', ( #1846, #1373, #301, #4358 ) ) ;
#1999 = ADVANCED_FACE ( 'NONE', ( #7058 ), #567, .F. ) ;
#2000 = DIRECTION ( 'NONE',  ( 0.000000000000000000, 1.000000000000000000, 0.000000000000000000 ) ) ;
#2001 = AXIS2_PLACEMENT_3D ( 'NONE', #4897, #9109, #7840 ) ;
#2002 = ORIENTED_EDGE ( 'NONE', *, *, #2172, .T. ) ;
#2003 = DIRECTION ( 'NONE',  ( 0.000000000000000000, 0.000000000000000000, 1.000000000000000000 ) ) ;
#2004 = ORIENTED_EDGE ( 'NONE', *, *, #1634, .F. ) ;
#2005 = ORIENTED_EDGE ( 'NONE', *, *, #7993, .T. ) ;
#2006 = EDGE_CURVE ( 'NONE', #2494, #5066, #47, .T. ) ;
#2007 = CARTESIAN_POINT ( 'NONE',  ( -2.450000000000001066, 10.90000000000001990, 0.3999999999999831468 ) ) ;
#2008 = CIRCLE ( 'NONE', #5179, 0.1000000000000016709 ) ;
#2009 = CIRCLE ( 'NONE', #7301, 0.1000000000000005745 ) ;
#2010 = DIRECTION ( 'NONE',  ( 0.000000000000000000, 1.000000000000000000, 0.000000000000000000 ) ) ;
#2011 = FACE_OUTER_BOUND ( 'NONE', #5656, .T. ) ;
#2012 = CIRCLE ( 'NONE', #1253, 0.1249999999999999029 ) ;
#2013 = EDGE_LOOP ( 'NONE', ( #6122, #952, #6634, #563 ) ) ;
#2014 = EDGE_LOOP ( 'NONE', ( #520, #6777, #135, #4542 ) ) ;
#2015 = AXIS2_PLACEMENT_3D ( 'NONE', #3287, #3860, #6834 ) ;
#2016 = CARTESIAN_POINT ( 'NONE',  ( -5.700000000000001066, 10.80000000000000249, 1.469999999999999973 ) ) ;
#2017 = ORIENTED_EDGE ( 'NONE', *, *, #9017, .T. ) ;
#2018 = CARTESIAN_POINT ( 'NONE',  ( -2.450000000000001066, 8.700000000000006395, 1.199999999999962430 ) ) ;
#2019 = EDGE_CURVE ( 'NONE', #9206, #7411, #7476, .T. ) ;
#2020 = DIRECTION ( 'NONE',  ( 0.000000000000000000, 1.000000000000000000, 0.000000000000000000 ) ) ;
#2021 = LINE ( 'NONE', #4108, #3894 ) ;
#2022 = VECTOR ( 'NONE', #6863, 39.37007874015748143 ) ;
#2023 = DIRECTION ( 'NONE',  ( 0.000000000000000000, 1.000000000000000000, 0.000000000000000000 ) ) ;
#2024 = VECTOR ( 'NONE', #2095, 39.37007874015748143 ) ;
#2025 = ADVANCED_FACE ( 'NONE', ( #1188 ), #736, .F. ) ;
#2026 = ORIENTED_EDGE ( 'NONE', *, *, #3631, .F. ) ;
#2027 = DIRECTION ( 'NONE',  ( 1.000000000000000000, 6.070773319253919496E-17, 0.000000000000000000 ) ) ;
#2028 = EDGE_LOOP ( 'NONE', ( #3596, #3311 ) ) ;
#2029 = FACE_OUTER_BOUND ( 'NONE', #6936, .T. ) ;
#2030 = PLANE ( 'NONE',  #6761 ) ;
#2031 = VECTOR ( 'NONE', #6750, 39.37007874015748143 ) ;
#2032 = ORIENTED_EDGE ( 'NONE', *, *, #5528, .T. ) ;
#2033 = DIRECTION ( 'NONE',  ( -1.000000000000000000, 0.000000000000000000, 0.000000000000000000 ) ) ;
#2034 = CARTESIAN_POINT ( 'NONE',  ( -2.450000000000001066, 4.400000000000011013, 0.7999999999999164446 ) ) ;
#2035 = VECTOR ( 'NONE', #2492, 39.37007874015748143 ) ;
#2036 = EDGE_CURVE ( 'NONE', #4504, #7445, #9050, .T. ) ;
#2037 = AXIS2_PLACEMENT_3D ( 'NONE', #8874, #4476, #4564 ) ;
#2038 = CARTESIAN_POINT ( 'NONE',  ( -2.150000000000001243, 11.90000000000000568, 1.199999999999995737 ) ) ;
#2039 = CIRCLE ( 'NONE', #3859, 0.1000000000000005745 ) ;
#2040 = EDGE_LOOP ( 'NONE', ( #8625, #881 ) ) ;
#2041 = FACE_OUTER_BOUND ( 'NONE', #791, .T. ) ;
#2042 = VERTEX_POINT ( 'NONE', #3316 ) ;
#2043 = CARTESIAN_POINT ( 'NONE',  ( -2.822500000000000675, 4.550000000000000711, 0.000000000000000000 ) ) ;
#2044 = DIRECTION ( 'NONE',  ( 0.000000000000000000, 0.000000000000000000, -1.000000000000000000 ) ) ;
#2045 = AXIS2_PLACEMENT_3D ( 'NONE', #1672, #4463, #239 ) ;
#2046 = CARTESIAN_POINT ( 'NONE',  ( -5.850000000000001421, 8.010000000000003340, 1.470000000000001084 ) ) ;
#2047 = AXIS2_PLACEMENT_3D ( 'NONE', #4817, #7175, #9118 ) ;
#2048 = EDGE_CURVE ( 'NONE', #6053, #4966, #2559, .T. ) ;
#2049 = CARTESIAN_POINT ( 'NONE',  ( -2.450000000000001066, 6.400000000000017231, 0.3000000000000000999 ) ) ;
#2050 = CIRCLE ( 'NONE', #5677, 0.1000000000000016709 ) ;
#2051 = CARTESIAN_POINT ( 'NONE',  ( -2.450000000000001066, 8.800000000000006040, 1.199999999999962430 ) ) ;
#2052 = ORIENTED_EDGE ( 'NONE', *, *, #1142, .T. ) ;
#2053 = AXIS2_PLACEMENT_3D ( 'NONE', #8090, #221, #6570 ) ;
#2054 = DIRECTION ( 'NONE',  ( 1.000000000000000000, 6.070773319253919496E-17, 0.000000000000000000 ) ) ;
#2055 = VERTEX_POINT ( 'NONE', #1278 ) ;
#2056 = DIRECTION ( 'NONE',  ( 1.000000000000000000, 6.070773319253919496E-17, 0.000000000000000000 ) ) ;
#2057 = ORIENTED_EDGE ( 'NONE', *, *, #48, .T. ) ;
#2058 = ORIENTED_EDGE ( 'NONE', *, *, #4973, .T. ) ;
#2059 = DIRECTION ( 'NONE',  ( 0.000000000000000000, -1.000000000000000000, 0.000000000000000000 ) ) ;
#2060 = CIRCLE ( 'NONE', #2821, 0.1000000000000005745 ) ;
#2061 = EDGE_CURVE ( 'NONE', #2815, #4826, #3386, .T. ) ;
#2062 = VECTOR ( 'NONE', #1217, 39.37007874015748143 ) ;
#2063 = DIRECTION ( 'NONE',  ( 1.000000000000000000, 0.000000000000000000, 0.000000000000000000 ) ) ;
#2064 = EDGE_CURVE ( 'NONE', #2275, #9100, #6202, .T. ) ;
#2065 = DIRECTION ( 'NONE',  ( 1.000000000000000000, 6.070773319253920728E-17, -0.000000000000000000 ) ) ;
#2066 = VECTOR ( 'NONE', #1451, 39.37007874015748143 ) ;
#2067 = ORIENTED_EDGE ( 'NONE', *, *, #4849, .F. ) ;
#2068 = VERTEX_POINT ( 'NONE', #466 ) ;
#2069 = AXIS2_PLACEMENT_3D ( 'NONE', #6659, #7232, #5190 ) ;
#2070 = CARTESIAN_POINT ( 'NONE',  ( -2.150000000000001243, 10.80000000000001847, 0.3999999999999831468 ) ) ;
#2071 = ORIENTED_EDGE ( 'NONE', *, *, #5178, .F. ) ;
#2072 = DIRECTION ( 'NONE',  ( 1.000000000000000000, 0.000000000000000000, 0.000000000000000000 ) ) ;
#2073 = CARTESIAN_POINT ( 'NONE',  ( -2.450000000000001510, 12.40000000000001812, 0.3999999999999998557 ) ) ;
#2074 = DIRECTION ( 'NONE',  ( -1.000000000000000000, 0.000000000000000000, 0.000000000000000000 ) ) ;
#2075 = CIRCLE ( 'NONE', #3897, 0.1249999999999999029 ) ;
#2076 = DIRECTION ( 'NONE',  ( 0.000000000000000000, 0.000000000000000000, -1.000000000000000000 ) ) ;
#2077 = EDGE_CURVE ( 'NONE', #2459, #6053, #651, .T. ) ;
#2078 = EDGE_CURVE ( 'NONE', #131, #8678, #5963, .T. ) ;
#2079 = EDGE_LOOP ( 'NONE', ( #5529, #3453 ) ) ;
#2080 = DIRECTION ( 'NONE',  ( 0.000000000000000000, 1.000000000000000000, 0.000000000000000000 ) ) ;
#2081 = ORIENTED_EDGE ( 'NONE', *, *, #5464, .F. ) ;
#2082 = DIRECTION ( 'NONE',  ( -1.000000000000000000, 0.000000000000000000, 0.000000000000000000 ) ) ;
#2083 = AXIS2_PLACEMENT_3D ( 'NONE', #7741, #3389, #5571 ) ;
#2084 = EDGE_LOOP ( 'NONE', ( #8006, #1291 ) ) ;
#2085 = CYLINDRICAL_SURFACE ( 'NONE', #80, 0.1000000000000005745 ) ;
#2086 = DIRECTION ( 'NONE',  ( 0.000000000000000000, 1.000000000000000000, 0.000000000000000000 ) ) ;
#2087 = PLANE ( 'NONE',  #9304 ) ;
#2088 = ORIENTED_EDGE ( 'NONE', *, *, #146, .T. ) ;
#2089 = DIRECTION ( 'NONE',  ( 0.000000000000000000, 1.000000000000000000, 0.000000000000000000 ) ) ;
#2090 = VERTEX_POINT ( 'NONE', #4736 ) ;
#2091 = DIRECTION ( 'NONE',  ( 0.000000000000000000, 1.000000000000000000, 0.000000000000000000 ) ) ;
#2092 = EDGE_CURVE ( 'NONE', #1522, #7806, #1229, .T. ) ;
#2093 = DIRECTION ( 'NONE',  ( 0.000000000000000000, 1.000000000000000000, 0.000000000000000000 ) ) ;
#2094 = CARTESIAN_POINT ( 'NONE',  ( -2.450000000000001066, 6.500000000000006217, 1.199999999999937339 ) ) ;
#2095 = DIRECTION ( 'NONE',  ( 1.000000000000000000, 6.070773319253920728E-17, -0.000000000000000000 ) ) ;
#2096 = FACE_BOUND ( 'NONE', #607, .T. ) ;
#2097 = EDGE_LOOP ( 'NONE', ( #2847, #8847 ) ) ;
#2098 = LINE ( 'NONE', #3513, #3068 ) ;
#2099 = ORIENTED_EDGE ( 'NONE', *, *, #1375, .T. ) ;
#2100 = DIRECTION ( 'NONE',  ( -1.000000000000000000, 0.000000000000000000, 0.000000000000000000 ) ) ;
#2101 = ORIENTED_EDGE ( 'NONE', *, *, #7601, .F. ) ;
#2102 = EDGE_CURVE ( 'NONE', #8696, #1709, #5487, .T. ) ;
#2103 = ORIENTED_EDGE ( 'NONE', *, *, #8590, .F. ) ;
#2104 = ORIENTED_EDGE ( 'NONE', *, *, #3932, .F. ) ;
#2105 = DIRECTION ( 'NONE',  ( 0.000000000000000000, 0.000000000000000000, 1.000000000000000000 ) ) ;
#2106 = DIRECTION ( 'NONE',  ( 0.000000000000000000, -1.000000000000000000, -1.187759997245332081E-16 ) ) ;
#2107 = CARTESIAN_POINT ( 'NONE',  ( -2.450000000000001066, 7.200000000000006395, 1.199999999999945777 ) ) ;
#2108 = ORIENTED_EDGE ( 'NONE', *, *, #4240, .F. ) ;
#2109 = ADVANCED_FACE ( 'NONE', ( #3359 ), #8429, .T. ) ;
#2110 = VERTEX_POINT ( 'NONE', #4175 ) ;
#2111 = DIRECTION ( 'NONE',  ( 0.000000000000000000, 1.000000000000000000, 0.000000000000000000 ) ) ;
#2112 = ORIENTED_EDGE ( 'NONE', *, *, #5830, .F. ) ;
#2113 = DIRECTION ( 'NONE',  ( 1.000000000000000000, 6.070773319253919496E-17, 0.000000000000000000 ) ) ;
#2114 = CARTESIAN_POINT ( 'NONE',  ( -2.150000000000000799, 6.400000000000011902, 0.7999999999999374278 ) ) ;
#2115 = AXIS2_PLACEMENT_3D ( 'NONE', #2271, #7286, #5964 ) ;
#2116 = FACE_BOUND ( 'NONE', #2679, .T. ) ;
#2117 = LINE ( 'NONE', #9220, #7135 ) ;
#2118 = ORIENTED_EDGE ( 'NONE', *, *, #4538, .F. ) ;
#2119 = DIRECTION ( 'NONE',  ( -1.000000000000000000, -6.543348487818593697E-16, 0.000000000000000000 ) ) ;
#2120 = ORIENTED_EDGE ( 'NONE', *, *, #6665, .F. ) ;
#2121 = DIRECTION ( 'NONE',  ( 0.000000000000000000, 1.000000000000000000, 0.000000000000000000 ) ) ;
#2122 = ORIENTED_EDGE ( 'NONE', *, *, #8737, .F. ) ;
#2123 = CARTESIAN_POINT ( 'NONE',  ( -5.700000000000001066, 10.80000000000000249, 1.594999999999999751 ) ) ;
#2124 = CARTESIAN_POINT ( 'NONE',  ( -5.150000000000000355, 12.20000000000000284, 1.000000000000000000 ) ) ;
#2125 = FACE_BOUND ( 'NONE', #1365, .T. ) ;
#2126 = EDGE_CURVE ( 'NONE', #1502, #7535, #6301, .T. ) ;
#2127 = ORIENTED_EDGE ( 'NONE', *, *, #4854, .F. ) ;
#2128 = CARTESIAN_POINT ( 'NONE',  ( -2.450000000000001510, 12.00000000000000711, 1.199999999999995737 ) ) ;
#2129 = VERTEX_POINT ( 'NONE', #3460 ) ;
#2130 = DIRECTION ( 'NONE',  ( 1.000000000000000000, 6.070773319253919496E-17, 0.000000000000000000 ) ) ;
#2131 = DIRECTION ( 'NONE',  ( 1.000000000000000000, 6.070773319253920728E-17, -0.000000000000000000 ) ) ;
#2132 = DIRECTION ( 'NONE',  ( 1.000000000000000000, 6.070773319253919496E-17, 0.000000000000000000 ) ) ;
#2133 = EDGE_CURVE ( 'NONE', #423, #9276, #8680, .T. ) ;
#2134 = VECTOR ( 'NONE', #4227, 39.37007874015748143 ) ;
#2135 = CARTESIAN_POINT ( 'NONE',  ( -2.450000000000001066, 6.400000000000017231, 0.3999999999999374056 ) ) ;
#2136 = FACE_BOUND ( 'NONE', #9172, .T. ) ;
#2137 = VERTEX_POINT ( 'NONE', #2038 ) ;
#2138 = CARTESIAN_POINT ( 'NONE',  ( -2.150000000000000799, 6.400000000000000355, 1.599999999999937250 ) ) ;
#2139 = VERTEX_POINT ( 'NONE', #5446 ) ;
#2140 = CARTESIAN_POINT ( 'NONE',  ( -2.450000000000001066, 6.800000000000016698, 0.3000000000000000999 ) ) ;
#2141 = VERTEX_POINT ( 'NONE', #1140 ) ;
#2142 = ORIENTED_EDGE ( 'NONE', *, *, #5565, .T. ) ;
#2143 = ORIENTED_EDGE ( 'NONE', *, *, #3839, .T. ) ;
#2144 = CARTESIAN_POINT ( 'NONE',  ( -2.450000000000001066, 7.700000000000000178, 0.8999999999999996891 ) ) ;
#2145 = CARTESIAN_POINT ( 'NONE',  ( -5.850000000000001421, 8.010000000000003340, 1.470000000000001084 ) ) ;
#2146 = EDGE_CURVE ( 'NONE', #3282, #5886, #2177, .T. ) ;
#2147 = AXIS2_PLACEMENT_3D ( 'NONE', #5577, #1218, #9362 ) ;
#2148 = DIRECTION ( 'NONE',  ( 1.000000000000000000, 0.000000000000000000, 0.000000000000000000 ) ) ;
#2149 = ORIENTED_EDGE ( 'NONE', *, *, #7250, .F. ) ;
#2150 = ORIENTED_EDGE ( 'NONE', *, *, #3735, .F. ) ;
#2151 = CARTESIAN_POINT ( 'NONE',  ( -2.450000000000001510, 13.00000000000000000, 0.3000000000000000999 ) ) ;
#2152 = AXIS2_PLACEMENT_3D ( 'NONE', #6974, #4000, #4618 ) ;
#2153 = ORIENTED_EDGE ( 'NONE', *, *, #8086, .T. ) ;
#2154 = DIRECTION ( 'NONE',  ( 1.000000000000000000, 0.000000000000000000, 0.000000000000000000 ) ) ;
#2155 = DIRECTION ( 'NONE',  ( -6.070773319253919496E-17, 1.000000000000000000, -0.000000000000000000 ) ) ;
#2156 = AXIS2_PLACEMENT_3D ( 'NONE', #1208, #5566, #4200 ) ;
#2157 = LINE ( 'NONE', #4392, #2672 ) ;
#2158 = DIRECTION ( 'NONE',  ( 0.000000000000000000, 1.000000000000000000, 0.000000000000000000 ) ) ;
#2159 = ADVANCED_FACE ( 'NONE', ( #6621 ), #8794, .F. ) ;
#2160 = VECTOR ( 'NONE', #6305, 39.37007874015748143 ) ;
#2161 = ORIENTED_EDGE ( 'NONE', *, *, #6501, .F. ) ;
#2162 = CARTESIAN_POINT ( 'NONE',  ( -8.299999999999998934, 4.300000000000000711, 1.000000000000000222 ) ) ;
#2163 = CIRCLE ( 'NONE', #494, 0.1000000000000005745 ) ;
#2164 = ORIENTED_EDGE ( 'NONE', *, *, #823, .T. ) ;
#2165 = CARTESIAN_POINT ( 'NONE',  ( -2.387500000000000622, 12.65000000000000213, 1.870000000000000107 ) ) ;
#2166 = EDGE_LOOP ( 'NONE', ( #6601, #7656, #4328, #6043 ) ) ;
#2167 = LINE ( 'NONE', #8756, #5989 ) ;
#2168 = CYLINDRICAL_SURFACE ( 'NONE', #6414, 0.1000000000000005745 ) ;
#2169 = VECTOR ( 'NONE', #7616, 39.37007874015748143 ) ;
#2170 = CARTESIAN_POINT ( 'NONE',  ( -2.150000000000001243, 13.00000000000000000, 2.000000000000000000 ) ) ;
#2171 = AXIS2_PLACEMENT_3D ( 'NONE', #7153, #1426, #8723 ) ;
#2172 = EDGE_CURVE ( 'NONE', #3164, #595, #5291, .T. ) ;
#2173 = CIRCLE ( 'NONE', #6869, 0.1000000000000005745 ) ;
#2174 = VERTEX_POINT ( 'NONE', #1606 ) ;
#2175 = ADVANCED_FACE ( 'NONE', ( #76 ), #5902, .F. ) ;
#2176 = CARTESIAN_POINT ( 'NONE',  ( -2.300000000000000711, 4.150000000000000355, 1.870000000000000107 ) ) ;
#2177 = CIRCLE ( 'NONE', #8527, 0.1000000000000005745 ) ;
#2178 = ORIENTED_EDGE ( 'NONE', *, *, #2908, .F. ) ;
#2179 = CARTESIAN_POINT ( 'NONE',  ( -10.84999999999999964, 5.586614173228346303, 1.150000000000000133 ) ) ;
#2180 = DIRECTION ( 'NONE',  ( 0.000000000000000000, 0.000000000000000000, -1.000000000000000000 ) ) ;
#2181 = CARTESIAN_POINT ( 'NONE',  ( -10.91250000000000142, 7.849999999999998757, 1.870000000000000107 ) ) ;
#2182 = CIRCLE ( 'NONE', #7622, 0.1000000000000005745 ) ;
#2183 = CARTESIAN_POINT ( 'NONE',  ( -2.450000000000001066, 6.000000000000011546, 0.7999999999999330980 ) ) ;
#2184 = EDGE_CURVE ( 'NONE', #640, #4245, #6006, .T. ) ;
#2185 = DIRECTION ( 'NONE',  ( 1.000000000000000000, 6.070773319253920728E-17, -0.000000000000000000 ) ) ;
#2186 = ORIENTED_EDGE ( 'NONE', *, *, #3992, .F. ) ;
#2187 = EDGE_CURVE ( 'NONE', #7116, #4311, #5804, .T. ) ;
#2188 = DIRECTION ( 'NONE',  ( 0.000000000000000000, -1.000000000000000000, 0.000000000000000000 ) ) ;
#2189 = CIRCLE ( 'NONE', #7176, 0.06900000000000089395 ) ;
#2190 = ORIENTED_EDGE ( 'NONE', *, *, #8197, .T. ) ;
#2191 = DIRECTION ( 'NONE',  ( 1.000000000000000000, 6.070773319253920728E-17, -0.000000000000000000 ) ) ;
#2192 = EDGE_LOOP ( 'NONE', ( #4212, #5118, #548, #1915 ) ) ;
#2193 = ORIENTED_EDGE ( 'NONE', *, *, #338, .F. ) ;
#2194 = VECTOR ( 'NONE', #3673, 39.37007874015748143 ) ;
#2195 = ORIENTED_EDGE ( 'NONE', *, *, #331, .T. ) ;
#2196 = DIRECTION ( 'NONE',  ( 1.000000000000000000, 6.070773319253920728E-17, -0.000000000000000000 ) ) ;
#2197 = CIRCLE ( 'NONE', #5229, 0.1225000000000017603 ) ;
#2198 = DIRECTION ( 'NONE',  ( 0.000000000000000000, 0.000000000000000000, -1.000000000000000000 ) ) ;
#2199 = CIRCLE ( 'NONE', #392, 0.1249999999999999029 ) ;
#2200 = DIRECTION ( 'NONE',  ( 0.000000000000000000, 1.000000000000000000, 0.000000000000000000 ) ) ;
#2201 = ORIENTED_EDGE ( 'NONE', *, *, #7700, .F. ) ;
#2202 = CARTESIAN_POINT ( 'NONE',  ( -2.450000000000001066, 6.900000000000017231, 0.3999999999999415135 ) ) ;
#2203 = ORIENTED_EDGE ( 'NONE', *, *, #3792, .F. ) ;
#2204 = CARTESIAN_POINT ( 'NONE',  ( -5.850000000000001421, 8.010000000000003340, 1.470000000000001084 ) ) ;
#2205 = AXIS2_PLACEMENT_3D ( 'NONE', #3967, #6854, #5298 ) ;
#2206 = VERTEX_POINT ( 'NONE', #4497 ) ;
#2207 = FACE_OUTER_BOUND ( 'NONE', #2631, .T. ) ;
#2208 = CARTESIAN_POINT ( 'NONE',  ( -2.450000000000001066, 4.500000000000006217, 1.199999999999916467 ) ) ;
#2209 = EDGE_CURVE ( 'NONE', #1862, #8408, #4394, .T. ) ;
#2210 = VECTOR ( 'NONE', #3128, 39.37007874015748143 ) ;
#2211 = DIRECTION ( 'NONE',  ( -6.070773319253919496E-17, 1.000000000000000000, -0.000000000000000000 ) ) ;
#2212 = CARTESIAN_POINT ( 'NONE',  ( -11.14999999999999858, 4.000000000000000888, 2.000000000000000000 ) ) ;
#2213 = CIRCLE ( 'NONE', #5538, 0.1000000000000005745 ) ;
#2214 = LINE ( 'NONE', #3022, #4149 ) ;
#2215 = AXIS2_PLACEMENT_3D ( 'NONE', #4246, #9311, #3446 ) ;
#2216 = CIRCLE ( 'NONE', #8718, 0.1000000000000005745 ) ;
#2217 = ORIENTED_EDGE ( 'NONE', *, *, #5629, .F. ) ;
#2219 = AXIS2_PLACEMENT_3D ( 'NONE', #8467, #1985, #9228 ) ;
#2218 = DIRECTION ( 'NONE',  ( 0.000000000000000000, 1.000000000000000000, 0.000000000000000000 ) ) ;
#2220 = VERTEX_POINT ( 'NONE', #3065 ) ;
#2221 = CARTESIAN_POINT ( 'NONE',  ( -2.450000000000001066, 5.100000000000010303, 0.7999999999999247713 ) ) ;
#2222 = VERTEX_POINT ( 'NONE', #8140 ) ;
#2223 = CARTESIAN_POINT ( 'NONE',  ( -2.869000000000000661, 10.00000000000000000, 0.2999999999999999889 ) ) ;
#2224 = CARTESIAN_POINT ( 'NONE',  ( -2.450000000000001066, 11.20000000000001883, 0.3999999999999874212 ) ) ;
#2225 = EDGE_CURVE ( 'NONE', #1862, #4662, #3091, .T. ) ;
#2226 = CIRCLE ( 'NONE', #4047, 0.1000000000000005745 ) ;
#2227 = CARTESIAN_POINT ( 'NONE',  ( -2.450000000000001066, 10.40000000000000746, 1.199999999999979083 ) ) ;
#2228 = DIRECTION ( 'NONE',  ( -0.000000000000000000, -0.000000000000000000, -1.000000000000000000 ) ) ;
#2229 = CIRCLE ( 'NONE', #2083, 0.1250000000000004441 ) ;
#2230 = ORIENTED_EDGE ( 'NONE', *, *, #283, .T. ) ;
#2231 = CARTESIAN_POINT ( 'NONE',  ( -4.835000000000000853, 10.00000000000000000, 0.5000000000000000000 ) ) ;
#2232 = EDGE_LOOP ( 'NONE', ( #7414, #5785 ) ) ;
#2233 = DIRECTION ( 'NONE',  ( -1.000000000000000000, -5.463695987328527423E-16, -0.000000000000000000 ) ) ;
#2234 = CARTESIAN_POINT ( 'NONE',  ( -5.850000000000001421, 10.80000000000000249, 1.469999999999999973 ) ) ;
#2235 = EDGE_CURVE ( 'NONE', #6711, #1677, #7017, .T. ) ;
#2236 = DIRECTION ( 'NONE',  ( 0.000000000000000000, 0.000000000000000000, -1.000000000000000000 ) ) ;
#2237 = CARTESIAN_POINT ( 'NONE',  ( -2.150000000000001243, 11.30000000000000959, 1.199999999999987299 ) ) ;
#2238 = CYLINDRICAL_SURFACE ( 'NONE', #5827, 0.1224999999999995814 ) ;
#2239 = ORIENTED_EDGE ( 'NONE', *, *, #4935, .T. ) ;
#2240 = DIRECTION ( 'NONE',  ( 1.000000000000000000, 0.000000000000000000, 0.000000000000000000 ) ) ;
#2241 = AXIS2_PLACEMENT_3D ( 'NONE', #6310, #3283, #2712 ) ;
#2242 = EDGE_LOOP ( 'NONE', ( #6499, #1346, #4073, #1387, #3527 ) ) ;
#2243 = CYLINDRICAL_SURFACE ( 'NONE', #7780, 0.1000000000000016709 ) ;
#2244 = ORIENTED_EDGE ( 'NONE', *, *, #3458, .T. ) ;
#2245 = ORIENTED_EDGE ( 'NONE', *, *, #6953, .F. ) ;
#2246 = ORIENTED_EDGE ( 'NONE', *, *, #6568, .F. ) ;
#2247 = LINE ( 'NONE', #2905, #2354 ) ;
#2248 = ADVANCED_FACE ( 'NONE', ( #7462 ), #8088, .F. ) ;
#2249 = PLANE ( 'NONE',  #8064 ) ;
#2250 = FACE_OUTER_BOUND ( 'NONE', #8686, .T. ) ;
#2251 = ORIENTED_EDGE ( 'NONE', *, *, #5649, .F. ) ;
#2252 = VERTEX_POINT ( 'NONE', #7275 ) ;
#2253 = CYLINDRICAL_SURFACE ( 'NONE', #1416, 0.1250000000000004441 ) ;
#2254 = EDGE_LOOP ( 'NONE', ( #3233, #5569, #2535, #6520 ) ) ;
#2255 = DIRECTION ( 'NONE',  ( -1.000000000000000000, 0.000000000000000000, 0.000000000000000000 ) ) ;
#2256 = EDGE_LOOP ( 'NONE', ( #8174, #2337, #5285, #6614 ) ) ;
#2257 = CARTESIAN_POINT ( 'NONE',  ( -2.450000000000001066, 10.70000000000001705, 0.3999999999999831468 ) ) ;
#2258 = DIRECTION ( 'NONE',  ( 0.000000000000000000, 0.000000000000000000, 1.000000000000000000 ) ) ;
#2259 = LINE ( 'NONE', #5245, #3740 ) ;
#2260 = DIRECTION ( 'NONE',  ( 1.000000000000000000, 6.070773319253919496E-17, 0.000000000000000000 ) ) ;
#2261 = DIRECTION ( 'NONE',  ( 1.000000000000000000, 6.070773319253919496E-17, 0.000000000000000000 ) ) ;
#2262 = ADVANCED_FACE ( 'NONE', ( #2920 ), #1656, .F. ) ;
#2263 = ORIENTED_EDGE ( 'NONE', *, *, #5260, .F. ) ;
#2264 = CARTESIAN_POINT ( 'NONE',  ( -2.450000000000001066, 4.300000000000000711, 2.000000000000000000 ) ) ;
#2265 = ORIENTED_EDGE ( 'NONE', *, *, #1071, .T. ) ;
#2266 = CYLINDRICAL_SURFACE ( 'NONE', #4341, 0.5000000000000007772 ) ;
#2267 = VERTEX_POINT ( 'NONE', #130 ) ;
#2268 = CARTESIAN_POINT ( 'NONE',  ( -2.822500000000002451, 12.44999999999999929, 0.000000000000000000 ) ) ;
#2269 = CARTESIAN_POINT ( 'NONE',  ( -6.500000000000000000, 5.764999999999997904, 0.4499999999999999556 ) ) ;
#2270 = DIRECTION ( 'NONE',  ( 1.000000000000000000, 6.070773319253920728E-17, -0.000000000000000000 ) ) ;
#2271 = CARTESIAN_POINT ( 'NONE',  ( -2.150000000000000799, 4.400000000000005684, 1.199999999999916467 ) ) ;
#2272 = EDGE_CURVE ( 'NONE', #9116, #6366, #2214, .T. ) ;
#2273 = ORIENTED_EDGE ( 'NONE', *, *, #1132, .T. ) ;
#2274 = DIRECTION ( 'NONE',  ( 1.000000000000000000, 6.070773319253920728E-17, -0.000000000000000000 ) ) ;
#2275 = VERTEX_POINT ( 'NONE', #6515 ) ;
#2276 = CYLINDRICAL_SURFACE ( 'NONE', #4474, 0.06900000000000026945 ) ;
#2277 = DIRECTION ( 'NONE',  ( -0.000000000000000000, -0.000000000000000000, 1.000000000000000000 ) ) ;
#2278 = CARTESIAN_POINT ( 'NONE',  ( -4.710000000000000853, 10.00000000000000000, 0.5000000000000000000 ) ) ;
#2279 = CARTESIAN_POINT ( 'NONE',  ( -2.800000000000001155, 7.730000000000000426, 0.5000000000000000000 ) ) ;
#2280 = EDGE_CURVE ( 'NONE', #3715, #4055, #978, .T. ) ;
#2281 = DIRECTION ( 'NONE',  ( 0.000000000000000000, 1.000000000000000000, 0.000000000000000000 ) ) ;
#2282 = VERTEX_POINT ( 'NONE', #5104 ) ;
#2283 = DIRECTION ( 'NONE',  ( 1.000000000000000000, 0.000000000000000000, 0.000000000000000000 ) ) ;
#2284 = ORIENTED_EDGE ( 'NONE', *, *, #6077, .T. ) ;
#2285 = CARTESIAN_POINT ( 'NONE',  ( -2.150000000000001243, 8.300000000000006040, 1.199999999999958211 ) ) ;
#2286 = ORIENTED_EDGE ( 'NONE', *, *, #603, .T. ) ;
#2287 = ORIENTED_EDGE ( 'NONE', *, *, #2235, .F. ) ;
#2288 = DIRECTION ( 'NONE',  ( 0.000000000000000000, 0.000000000000000000, -1.000000000000000000 ) ) ;
#2289 = CIRCLE ( 'NONE', #2440, 0.1000000000000005745 ) ;
#2290 = CARTESIAN_POINT ( 'NONE',  ( -2.450000000000001510, 11.89999999999999858, 1.599999999999995870 ) ) ;
#2291 = EDGE_CURVE ( 'NONE', #2267, #2055, #5950, .T. ) ;
#2292 = DIRECTION ( 'NONE',  ( 0.000000000000000000, 0.000000000000000000, 1.000000000000000000 ) ) ;
#2293 = VERTEX_POINT ( 'NONE', #5247 ) ;
#2294 = ORIENTED_EDGE ( 'NONE', *, *, #9280, .F. ) ;
#2295 = EDGE_CURVE ( 'NONE', #5782, #8444, #4541, .T. ) ;
#2296 = DIRECTION ( 'NONE',  ( 0.000000000000000000, 0.000000000000000000, 1.000000000000000000 ) ) ;
#2297 = EDGE_LOOP ( 'NONE', ( #1204, #3525 ) ) ;
#2298 = ORIENTED_EDGE ( 'NONE', *, *, #2209, .F. ) ;
#2299 = DIRECTION ( 'NONE',  ( -0.000000000000000000, 0.000000000000000000, -1.000000000000000000 ) ) ;
#2300 = CARTESIAN_POINT ( 'NONE',  ( -11.00000000000000178, 4.150000000000000355, 1.870000000000000107 ) ) ;
#2301 = CIRCLE ( 'NONE', #4120, 0.1000000000000016709 ) ;
#2302 = FACE_OUTER_BOUND ( 'NONE', #5560, .T. ) ;
#2303 = DIRECTION ( 'NONE',  ( 1.000000000000000000, 6.070773319253920728E-17, -0.000000000000000000 ) ) ;
#2304 = ORIENTED_EDGE ( 'NONE', *, *, #1676, .F. ) ;
#2305 = CARTESIAN_POINT ( 'NONE',  ( -2.450000000000001510, 12.00000000000000711, 1.199999999999995737 ) ) ;
#2306 = AXIS2_PLACEMENT_3D ( 'NONE', #4890, #2054, #2000 ) ;
#2307 = ORIENTED_EDGE ( 'NONE', *, *, #8721, .F. ) ;
#2308 = EDGE_CURVE ( 'NONE', #5504, #2426, #2487, .T. ) ;
#2309 = AXIS2_PLACEMENT_3D ( 'NONE', #22, #836, #5149 ) ;
#2310 = CARTESIAN_POINT ( 'NONE',  ( -2.450000000000001066, 11.20000000000000107, 1.599999999999987210 ) ) ;
#2311 = ORIENTED_EDGE ( 'NONE', *, *, #1207, .F. ) ;
#2312 = CARTESIAN_POINT ( 'NONE',  ( -2.450000000000001066, 10.90000000000001279, 0.7999999999999831690 ) ) ;
#2313 = DIRECTION ( 'NONE',  ( -0.000000000000000000, -0.000000000000000000, -1.000000000000000000 ) ) ;
#2314 = CARTESIAN_POINT ( 'NONE',  ( -11.00000000000000178, 7.849999999999998757, 2.000000000000000000 ) ) ;
#2315 = AXIS2_PLACEMENT_3D ( 'NONE', #6069, #8380, #6169 ) ;
#2316 = DIRECTION ( 'NONE',  ( 1.000000000000000000, 6.070773319253919496E-17, 0.000000000000000000 ) ) ;
#2317 = VECTOR ( 'NONE', #305, 39.37007874015748143 ) ;
#2318 = EDGE_LOOP ( 'NONE', ( #4415, #5547 ) ) ;
#2319 = DIRECTION ( 'NONE',  ( 0.000000000000000000, 1.000000000000000000, 0.000000000000000000 ) ) ;
#2320 = AXIS2_PLACEMENT_3D ( 'NONE', #5821, #1625, #3602 ) ;
#2321 = ORIENTED_EDGE ( 'NONE', *, *, #8236, .F. ) ;
#2322 = CARTESIAN_POINT ( 'NONE',  ( -2.150000000000000799, 6.400000000000005684, 1.199999999999937339 ) ) ;
#2323 = CARTESIAN_POINT ( 'NONE',  ( -10.91250000000000142, 7.849999999999998757, 2.000000000000000000 ) ) ;
#2324 = AXIS2_PLACEMENT_3D ( 'NONE', #3941, #3090, #1633 ) ;
#2325 = LINE ( 'NONE', #904, #8768 ) ;
#2326 = ADVANCED_FACE ( 'NONE', ( #6760 ), #7598, .F. ) ;
#2327 = ADVANCED_BREP_SHAPE_REPRESENTATION ( 'EnclosureBSLnew (1)', ( #740, #7893 ), #4716 ) ;
#2328 = AXIS2_PLACEMENT_3D ( 'NONE', #5460, #9103, #7731 ) ;
#2329 = DIRECTION ( 'NONE',  ( 1.000000000000000000, 6.070773319253919496E-17, 0.000000000000000000 ) ) ;
#2330 = AXIS2_PLACEMENT_3D ( 'NONE', #4810, #7697, #1168 ) ;
#2331 = DIRECTION ( 'NONE',  ( 1.000000000000000000, 6.070773319253919496E-17, 0.000000000000000000 ) ) ;
#2332 = ORIENTED_EDGE ( 'NONE', *, *, #1504, .T. ) ;
#2333 = DIRECTION ( 'NONE',  ( 1.000000000000000000, 6.070773319253920728E-17, -0.000000000000000000 ) ) ;
#2334 = EDGE_LOOP ( 'NONE', ( #921, #8640, #7243, #4586 ) ) ;
#2335 = CARTESIAN_POINT ( 'NONE',  ( -2.450000000000001066, 11.10000000000000497, 1.199999999999987299 ) ) ;
#2336 = ORIENTED_EDGE ( 'NONE', *, *, #424, .F. ) ;
#2337 = ORIENTED_EDGE ( 'NONE', *, *, #7790, .F. ) ;
#2338 = DIRECTION ( 'NONE',  ( 1.000000000000000000, 6.070773319253920728E-17, -0.000000000000000000 ) ) ;
#2339 = EDGE_CURVE ( 'NONE', #7499, #2763, #1789, .T. ) ;
#2340 = AXIS2_PLACEMENT_3D ( 'NONE', #2692, #2832, #6990 ) ;
#2341 = DIRECTION ( 'NONE',  ( -1.000000000000000000, -5.463695987328527423E-16, -0.000000000000000000 ) ) ;
#2342 = VECTOR ( 'NONE', #666, 39.37007874015748143 ) ;
#2343 = LINE ( 'NONE', #5891, #7514 ) ;
#2344 = CIRCLE ( 'NONE', #4011, 0.1249999999999999029 ) ;
#2345 = ORIENTED_EDGE ( 'NONE', *, *, #2383, .F. ) ;
#2346 = ORIENTED_EDGE ( 'NONE', *, *, #369, .T. ) ;
#2347 = FACE_OUTER_BOUND ( 'NONE', #4605, .T. ) ;
#2348 = VERTEX_POINT ( 'NONE', #5513 ) ;
#2349 = ORIENTED_EDGE ( 'NONE', *, *, #3822, .F. ) ;
#2350 = CARTESIAN_POINT ( 'NONE',  ( -2.450000000000001510, 12.00000000000001243, 0.7999999999999957145 ) ) ;
#2351 = ADVANCED_FACE ( 'NONE', ( #3960 ), #6896, .F. ) ;
#2352 = VECTOR ( 'NONE', #6789, 39.37007874015748143 ) ;
#2353 = DIRECTION ( 'NONE',  ( -0.000000000000000000, -0.000000000000000000, 1.000000000000000000 ) ) ;
#2354 = VECTOR ( 'NONE', #5745, 39.37007874015748143 ) ;
#2355 = DIRECTION ( 'NONE',  ( 1.000000000000000000, 6.070773319253920728E-17, -0.000000000000000000 ) ) ;
#2356 = EDGE_CURVE ( 'NONE', #4737, #3738, #4673, .T. ) ;
#2357 = DIRECTION ( 'NONE',  ( 1.000000000000000000, 6.070773319253920728E-17, -0.000000000000000000 ) ) ;
#2358 = ORIENTED_EDGE ( 'NONE', *, *, #6501, .T. ) ;
#2359 = CARTESIAN_POINT ( 'NONE',  ( -2.450000000000001066, 5.700000000000017053, 0.3999999999999290790 ) ) ;
#2360 = CIRCLE ( 'NONE', #5519, 0.1000000000000005745 ) ;
#2361 = VERTEX_POINT ( 'NONE', #410 ) ;
#2362 = AXIS2_PLACEMENT_3D ( 'NONE', #8181, #2447, #888 ) ;
#2363 = AXIS2_PLACEMENT_3D ( 'NONE', #2227, #3640, #1664 ) ;
#2364 = DIRECTION ( 'NONE',  ( 1.000000000000000000, 0.000000000000000000, -0.000000000000000000 ) ) ;
#2365 = VERTEX_POINT ( 'NONE', #6184 ) ;
#2366 = DIRECTION ( 'NONE',  ( -6.070773319253919496E-17, 1.000000000000000000, -0.000000000000000000 ) ) ;
#2367 = LINE ( 'NONE', #6575, #3101 ) ;
#2368 = DIRECTION ( 'NONE',  ( 0.000000000000000000, 1.000000000000000000, 0.000000000000000000 ) ) ;
#2369 = VECTOR ( 'NONE', #6810, 39.37007874015748143 ) ;
#2370 = EDGE_CURVE ( 'NONE', #9343, #731, #2540, .T. ) ;
#2371 = PLANE ( 'NONE',  #8165 ) ;
#2372 = ADVANCED_FACE ( 'NONE', ( #9072 ), #6847, .F. ) ;
#2373 = AXIS2_PLACEMENT_3D ( 'NONE', #7791, #1305, #2867 ) ;
#2374 = CIRCLE ( 'NONE', #2828, 0.1000000000000005745 ) ;
#2375 = ORIENTED_EDGE ( 'NONE', *, *, #3981, .T. ) ;
#2376 = PLANE ( 'NONE',  #1263 ) ;
#2377 = AXIS2_PLACEMENT_3D ( 'NONE', #7174, #2113, #7937 ) ;
#2378 = VERTEX_POINT ( 'NONE', #358 ) ;
#2379 = DIRECTION ( 'NONE',  ( -0.000000000000000000, -0.000000000000000000, 1.000000000000000000 ) ) ;
#2380 = LENGTH_MEASURE_WITH_UNIT ( LENGTH_MEASURE( 0.02539999999999999897 ), #4410 );
#2381 = AXIS2_PLACEMENT_3D ( 'NONE', #8367, #3351, #558 ) ;
#2382 = DIRECTION ( 'NONE',  ( -1.000000000000000000, 0.000000000000000000, 0.000000000000000000 ) ) ;
#2383 = EDGE_CURVE ( 'NONE', #7144, #3567, #3923, .T. ) ;
#2384 = CIRCLE ( 'NONE', #3141, 0.1000000000000005745 ) ;
#2385 = CYLINDRICAL_SURFACE ( 'NONE', #2932, 0.1249999999999999029 ) ;
#2386 = VERTEX_POINT ( 'NONE', #9030 ) ;
#2387 = EDGE_CURVE ( 'NONE', #5532, #208, #8271, .T. ) ;
#2388 = DIRECTION ( 'NONE',  ( -6.070773319253920728E-17, 1.000000000000000000, 0.000000000000000000 ) ) ;
#2389 = ORIENTED_EDGE ( 'NONE', *, *, #4801, .T. ) ;
#2390 = CARTESIAN_POINT ( 'NONE',  ( -4.710000000000000853, 10.00000000000000000, 0.2999999999999999889 ) ) ;
#2391 = ORIENTED_EDGE ( 'NONE', *, *, #9163, .T. ) ;
#2392 = CIRCLE ( 'NONE', #8733, 0.08750000000000063283 ) ;
#2393 = EDGE_LOOP ( 'NONE', ( #8606, #4435, #5131, #6385, #5543 ) ) ;
#2394 = CARTESIAN_POINT ( 'NONE',  ( -2.150000000000001243, 7.600000000000006750, 1.199999999999949774 ) ) ;
#2395 = CARTESIAN_POINT ( 'NONE',  ( -2.450000000000001066, 10.80000000000000071, 1.599999999999983213 ) ) ;
#2396 = ADVANCED_FACE ( 'NONE', ( #6144 ), #273, .F. ) ;
#2397 = DIRECTION ( 'NONE',  ( -6.070773319253919496E-17, 1.000000000000000000, -0.000000000000000000 ) ) ;
#2398 = ORIENTED_EDGE ( 'NONE', *, *, #7316, .T. ) ;
#2399 = CARTESIAN_POINT ( 'NONE',  ( -2.450000000000001066, 7.500000000000000000, 1.599999999999949907 ) ) ;
#2400 = EDGE_LOOP ( 'NONE', ( #211, #5943, #1205, #3795 ) ) ;
#2401 = EDGE_LOOP ( 'NONE', ( #6611, #5500 ) ) ;
#2402 = CARTESIAN_POINT ( 'NONE',  ( -2.150000000000001243, 10.29999999999999893, 1.599999999999979217 ) ) ;
#2403 = DIRECTION ( 'NONE',  ( -0.000000000000000000, -1.000000000000000000, -0.000000000000000000 ) ) ;
#2404 = DIRECTION ( 'NONE',  ( 1.000000000000000000, 0.000000000000000000, -0.000000000000000000 ) ) ;
#2405 = DIRECTION ( 'NONE',  ( 1.000000000000000000, 6.070773319253920728E-17, -0.000000000000000000 ) ) ;
#2407 = ORIENTED_EDGE ( 'NONE', *, *, #1824, .T. ) ;
#2406 = EDGE_CURVE ( 'NONE', #1936, #7584, #7325, .T. ) ;
#2408 = DIRECTION ( 'NONE',  ( 0.000000000000000000, 1.000000000000000000, 0.000000000000000000 ) ) ;
#2409 = EDGE_LOOP ( 'NONE', ( #1297, #8300, #3918, #5517 ) ) ;
#2410 = CARTESIAN_POINT ( 'NONE',  ( -2.450000000000001510, 12.29999999999999893, 1.599999999999999867 ) ) ;
#2411 = EDGE_LOOP ( 'NONE', ( #3928, #8716 ) ) ;
#2412 = CARTESIAN_POINT ( 'NONE',  ( -2.150000000000000799, 5.899999999999999467, 1.599999999999933253 ) ) ;
#2413 = FACE_BOUND ( 'NONE', #2411, .T. ) ;
#2414 = LINE ( 'NONE', #5871, #2971 ) ;
#2415 = DIRECTION ( 'NONE',  ( 0.000000000000000000, 1.000000000000000000, 0.000000000000000000 ) ) ;
#2416 = ORIENTED_EDGE ( 'NONE', *, *, #6835, .T. ) ;
#2417 = CARTESIAN_POINT ( 'NONE',  ( -2.450000000000001066, 10.90000000000000213, 1.599999999999983213 ) ) ;
#2418 = EDGE_LOOP ( 'NONE', ( #998, #2855, #174, #5695 ) ) ;
#2419 = DIRECTION ( 'NONE',  ( -0.000000000000000000, -0.000000000000000000, -1.000000000000000000 ) ) ;
#2420 = EDGE_CURVE ( 'NONE', #8519, #510, #3998, .T. ) ;
#2421 = CYLINDRICAL_SURFACE ( 'NONE', #1481, 0.1000000000000005745 ) ;
#2422 = CARTESIAN_POINT ( 'NONE',  ( -2.150000000000001243, 11.30000000000002025, 0.3999999999999874212 ) ) ;
#2423 = FACE_OUTER_BOUND ( 'NONE', #9370, .T. ) ;
#2424 = ORIENTED_EDGE ( 'NONE', *, *, #3331, .T. ) ;
#2425 = DIRECTION ( 'NONE',  ( -0.000000000000000000, -0.000000000000000000, 1.000000000000000000 ) ) ;
#2426 = VERTEX_POINT ( 'NONE', #6942 ) ;
#2427 = CARTESIAN_POINT ( 'NONE',  ( -10.91250000000000142, 4.150000000000000355, 1.870000000000000107 ) ) ;
#2428 = EDGE_CURVE ( 'NONE', #8335, #6754, #1119, .T. ) ;
#2429 = CARTESIAN_POINT ( 'NONE',  ( -2.450000000000001066, 6.900000000000001243, 1.599999999999941691 ) ) ;
#2430 = VERTEX_POINT ( 'NONE', #3337 ) ;
#2431 = ORIENTED_EDGE ( 'NONE', *, *, #4467, .T. ) ;
#2432 = CARTESIAN_POINT ( 'NONE',  ( 0.000000000000000000, 0.000000000000000000, 0.4499999999999999556 ) ) ;
#2433 = PRODUCT_RELATED_PRODUCT_CATEGORY ( 'part', '', ( #6868 ) ) ;
#2434 = EDGE_CURVE ( 'NONE', #8877, #7379, #3875, .T. ) ;
#2435 = CARTESIAN_POINT ( 'NONE',  ( -2.450000000000001066, 9.300000000000000711, 1.599999999999966560 ) ) ;
#2436 = DIRECTION ( 'NONE',  ( -0.000000000000000000, -0.000000000000000000, 1.000000000000000000 ) ) ;
#2437 = EDGE_LOOP ( 'NONE', ( #3290, #9055, #8648, #55, #8826, #6979 ) ) ;
#2438 = DIRECTION ( 'NONE',  ( 0.000000000000000000, 1.000000000000000000, 0.000000000000000000 ) ) ;
#2439 = ORIENTED_EDGE ( 'NONE', *, *, #798, .T. ) ;
#2440 = AXIS2_PLACEMENT_3D ( 'NONE', #8476, #4186, #6174 ) ;
#2441 = VERTEX_POINT ( 'NONE', #313 ) ;
#2442 = CARTESIAN_POINT ( 'NONE',  ( -2.150000000000000799, 4.500000000000000888, 1.599999999999916600 ) ) ;
#2443 = EDGE_CURVE ( 'NONE', #815, #2137, #3163, .T. ) ;
#2444 = CARTESIAN_POINT ( 'NONE',  ( -4.710000000000000853, 10.00000000000000000, 0.5000000000000000000 ) ) ;
#2445 = AXIS2_PLACEMENT_3D ( 'NONE', #6488, #7295, #2995 ) ;
#2446 = DIRECTION ( 'NONE',  ( 1.000000000000000000, 6.070773319253920728E-17, -0.000000000000000000 ) ) ;
#2447 = DIRECTION ( 'NONE',  ( 1.000000000000000000, 6.070773319253919496E-17, 0.000000000000000000 ) ) ;
#2448 = EDGE_LOOP ( 'NONE', ( #2775, #2004, #2698, #7751 ) ) ;
#2449 = ORIENTED_EDGE ( 'NONE', *, *, #3564, .F. ) ;
#2450 = DIRECTION ( 'NONE',  ( -1.000000000000000000, 0.000000000000000000, 0.000000000000000000 ) ) ;
#2451 = ORIENTED_EDGE ( 'NONE', *, *, #4550, .F. ) ;
#2452 = DIRECTION ( 'NONE',  ( -0.000000000000000000, -0.000000000000000000, -1.000000000000000000 ) ) ;
#2453 = CARTESIAN_POINT ( 'NONE',  ( -2.450000000000001510, 13.00000000000000000, 2.000000000000000000 ) ) ;
#2454 = CARTESIAN_POINT ( 'NONE',  ( -2.450000000000001066, 6.400000000000000355, 1.599999999999937250 ) ) ;
#2455 = EDGE_CURVE ( 'NONE', #880, #7540, #8844, .T. ) ;
#2456 = CARTESIAN_POINT ( 'NONE',  ( -2.150000000000001243, 6.900000000000001243, 1.599999999999941691 ) ) ;
#2457 = ADVANCED_FACE ( 'NONE', ( #1741 ), #4629, .F. ) ;
#2458 = AXIS2_PLACEMENT_3D ( 'NONE', #1507, #8793, #1605 ) ;
#2459 = VERTEX_POINT ( 'NONE', #6982 ) ;
#2460 = DIRECTION ( 'NONE',  ( 1.000000000000000000, 6.070773319253919496E-17, 0.000000000000000000 ) ) ;
#2461 = ORIENTED_EDGE ( 'NONE', *, *, #2048, .T. ) ;
#2462 = LINE ( 'NONE', #8327, #5825 ) ;
#2463 = VECTOR ( 'NONE', #814, 39.37007874015748143 ) ;
#2464 = CARTESIAN_POINT ( 'NONE',  ( -2.450000000000001510, 11.50000000000000533, 1.199999999999991518 ) ) ;
#2465 = EDGE_CURVE ( 'NONE', #1244, #8430, #489, .T. ) ;
#2466 = VECTOR ( 'NONE', #1740, 39.37007874015748143 ) ;
#2467 = CARTESIAN_POINT ( 'NONE',  ( -4.900000000000000355, 4.500000000000000888, 0.4499999999999999556 ) ) ;
#2468 = ADVANCED_FACE ( 'NONE', ( #8449 ), #1209, .F. ) ;
#2469 = VECTOR ( 'NONE', #250, 39.37007874015748143 ) ;
#2470 = ORIENTED_EDGE ( 'NONE', *, *, #3281, .F. ) ;
#2471 = PLANE ( 'NONE',  #2315 ) ;
#2472 = AXIS2_PLACEMENT_3D ( 'NONE', #2395, #6745, #5320 ) ;
#2473 = EDGE_LOOP ( 'NONE', ( #1241, #6358 ) ) ;
#2474 = CARTESIAN_POINT ( 'NONE',  ( -10.84999999999999787, 4.300000000000000711, 2.000000000000000000 ) ) ;
#2475 = DIRECTION ( 'NONE',  ( 1.000000000000000000, 6.070773319253919496E-17, 0.000000000000000000 ) ) ;
#2476 = VERTEX_POINT ( 'NONE', #4852 ) ;
#2477 = ORIENTED_EDGE ( 'NONE', *, *, #4119, .T. ) ;
#2478 = CARTESIAN_POINT ( 'NONE',  ( -3.450000000000001066, 4.500000000000000888, 0.4499999999999999556 ) ) ;
#2479 = AXIS2_PLACEMENT_3D ( 'NONE', #2801, #4833, #2089 ) ;
#2480 = CIRCLE ( 'NONE', #1265, 0.1000000000000016709 ) ;
#2481 = EDGE_CURVE ( 'NONE', #7068, #5600, #2039, .T. ) ;
#2482 = FACE_OUTER_BOUND ( 'NONE', #3054, .T. ) ;
#2483 = EDGE_CURVE ( 'NONE', #8512, #1650, #375, .T. ) ;
#2484 = DIRECTION ( 'NONE',  ( 0.000000000000000000, 1.000000000000000000, 0.000000000000000000 ) ) ;
#2485 = CARTESIAN_POINT ( 'NONE',  ( -2.450000000000001066, 4.800000000000016698, 0.3999999999999207523 ) ) ;
#2486 = ORIENTED_EDGE ( 'NONE', *, *, #8128, .T. ) ;
#2487 = CIRCLE ( 'NONE', #8373, 0.08750000000000009159 ) ;
#2488 = EDGE_LOOP ( 'NONE', ( #9093, #4757, #350, #8200 ) ) ;
#2489 = DIRECTION ( 'NONE',  ( 1.000000000000000000, 6.070773319253919496E-17, 0.000000000000000000 ) ) ;
#2490 = DIRECTION ( 'NONE',  ( 1.000000000000000000, 6.070773319253919496E-17, 0.000000000000000000 ) ) ;
#2491 = VECTOR ( 'NONE', #1974, 39.37007874015748143 ) ;
#2492 = DIRECTION ( 'NONE',  ( 1.000000000000000000, 6.070773319253920728E-17, -0.000000000000000000 ) ) ;
#2493 = DIRECTION ( 'NONE',  ( 0.000000000000000000, -1.000000000000000000, 0.000000000000000000 ) ) ;
#2494 = VERTEX_POINT ( 'NONE', #894 ) ;
#2495 = EDGE_CURVE ( 'NONE', #5031, #14, #5968, .T. ) ;
#2496 = ORIENTED_EDGE ( 'NONE', *, *, #4204, .T. ) ;
#2497 = CARTESIAN_POINT ( 'NONE',  ( -2.450000000000001066, 4.400000000000011013, 0.7999999999999164446 ) ) ;
#2498 = AXIS2_PLACEMENT_3D ( 'NONE', #2322, #804, #6727 ) ;
#2499 = VERTEX_POINT ( 'NONE', #2984 ) ;
#2500 = CARTESIAN_POINT ( 'NONE',  ( -2.450000000000001066, 5.200000000000000178, 1.599999999999925038 ) ) ;
#2501 = CARTESIAN_POINT ( 'NONE',  ( -2.150000000000000799, 4.000000000000000888, 2.000000000000000000 ) ) ;
#2502 = VECTOR ( 'NONE', #3957, 39.37007874015748143 ) ;
#2503 = FACE_OUTER_BOUND ( 'NONE', #7064, .T. ) ;
#2504 = DIRECTION ( 'NONE',  ( -0.000000000000000000, 0.000000000000000000, 1.000000000000000000 ) ) ;
#2505 = VECTOR ( 'NONE', #2233, 39.37007874015748143 ) ;
#2506 = CIRCLE ( 'NONE', #7799, 0.1000000000000005745 ) ;
#2508 = AXIS2_PLACEMENT_3D ( 'NONE', #6219, #3436, #621 ) ;
#2507 = CARTESIAN_POINT ( 'NONE',  ( -2.150000000000000799, 12.80000000000000071, 2.000000000000000000 ) ) ;
#2509 = ORIENTED_EDGE ( 'NONE', *, *, #2638, .F. ) ;
#2510 = EDGE_CURVE ( 'NONE', #8507, #1064, #2639, .T. ) ;
#2511 = CARTESIAN_POINT ( 'NONE',  ( -6.150000000000000355, 12.69999999999999929, 2.000000000000000000 ) ) ;
#2512 = ORIENTED_EDGE ( 'NONE', *, *, #3317, .T. ) ;
#2513 = DIRECTION ( 'NONE',  ( 0.000000000000000000, 1.000000000000000000, 0.000000000000000000 ) ) ;
#2514 = VECTOR ( 'NONE', #3597, 39.37007874015748143 ) ;
#2515 = DIRECTION ( 'NONE',  ( 0.000000000000000000, 0.000000000000000000, -1.000000000000000000 ) ) ;
#2516 = CIRCLE ( 'NONE', #1147, 0.1000000000000016709 ) ;
#2517 = AXIS2_PLACEMENT_3D ( 'NONE', #1077, #8944, #4721 ) ;
#2518 = CARTESIAN_POINT ( 'NONE',  ( -10.84999999999999787, 4.300000000000000711, 2.000000000000000000 ) ) ;
#2519 = AXIS2_PLACEMENT_3D ( 'NONE', #9095, #5494, #8383 ) ;
#2520 = AXIS2_PLACEMENT_3D ( 'NONE', #5145, #4436, #8032 ) ;
#2521 = ORIENTED_EDGE ( 'NONE', *, *, #1817, .F. ) ;
#2522 = EDGE_CURVE ( 'NONE', #1081, #5708, #1425, .T. ) ;
#2523 = CARTESIAN_POINT ( 'NONE',  ( -10.84999999999999964, 6.501968503937009203, 0.7169291338582677309 ) ) ;
#2524 = VECTOR ( 'NONE', #5899, 39.37007874015748143 ) ;
#2525 = EDGE_LOOP ( 'NONE', ( #6388, #5520 ) ) ;
#2526 = CARTESIAN_POINT ( 'NONE',  ( -2.450000000000001066, 4.700000000000010836, 0.7999999999999206635 ) ) ;
#2527 = FACE_OUTER_BOUND ( 'NONE', #7049, .T. ) ;
#2528 = ORIENTED_EDGE ( 'NONE', *, *, #7460, .F. ) ;
#2529 = EDGE_LOOP ( 'NONE', ( #7921, #5405, #1556, #8144 ) ) ;
#2530 = DIRECTION ( 'NONE',  ( -0.000000000000000000, -0.000000000000000000, 1.000000000000000000 ) ) ;
#2531 = AXIS2_PLACEMENT_3D ( 'NONE', #4399, #5866, #7280 ) ;
#2532 = CARTESIAN_POINT ( 'NONE',  ( -4.800000000000001599, 4.600000000000000533, 0.4499999999999999556 ) ) ;
#2533 = CARTESIAN_POINT ( 'NONE',  ( -2.150000000000001243, 10.40000000000001812, 0.3999999999999790945 ) ) ;
#2534 = FACE_OUTER_BOUND ( 'NONE', #2334, .T. ) ;
#2535 = ORIENTED_EDGE ( 'NONE', *, *, #1287, .T. ) ;
#2536 = ORIENTED_EDGE ( 'NONE', *, *, #1402, .T. ) ;
#2537 = EDGE_CURVE ( 'NONE', #4252, #7132, #5960, .T. ) ;
#2538 = CARTESIAN_POINT ( 'NONE',  ( -8.299999999999998934, 4.300000000000000711, 1.000000000000000222 ) ) ;
#2539 = CARTESIAN_POINT ( 'NONE',  ( -2.700000000000000622, 4.550000000000000711, 0.2999999999999999889 ) ) ;
#2540 = LINE ( 'NONE', #3297, #2035 ) ;
#2541 = DIRECTION ( 'NONE',  ( 1.000000000000000000, 6.070773319253919496E-17, 0.000000000000000000 ) ) ;
#2542 = ORIENTED_EDGE ( 'NONE', *, *, #960, .F. ) ;
#2543 = ORIENTED_EDGE ( 'NONE', *, *, #7044, .T. ) ;
#2544 = CIRCLE ( 'NONE', #3765, 0.06899999999999945066 ) ;
#2545 = DIRECTION ( 'NONE',  ( -0.000000000000000000, -0.000000000000000000, 1.000000000000000000 ) ) ;
#2546 = ORIENTED_EDGE ( 'NONE', *, *, #2187, .F. ) ;
#2547 = CYLINDRICAL_SURFACE ( 'NONE', #2658, 0.1000000000000005745 ) ;
#2548 = EDGE_CURVE ( 'NONE', #6432, #9025, #8378, .T. ) ;
#2549 = FACE_BOUND ( 'NONE', #4893, .T. ) ;
#2550 = CARTESIAN_POINT ( 'NONE',  ( -2.150000000000001243, 8.800000000000006040, 1.199999999999962430 ) ) ;
#2551 = DIRECTION ( 'NONE',  ( 0.000000000000000000, 0.000000000000000000, -1.000000000000000000 ) ) ;
#2552 = FACE_OUTER_BOUND ( 'NONE', #5867, .T. ) ;
#2553 = ORIENTED_EDGE ( 'NONE', *, *, #2019, .T. ) ;
#2554 = CARTESIAN_POINT ( 'NONE',  ( -8.550000000000000711, 7.434999999999998721, 0.4499999999999999556 ) ) ;
#2555 = VERTEX_POINT ( 'NONE', #7240 ) ;
#2556 = LINE ( 'NONE', #3222, #7035 ) ;
#2557 = PLANE ( 'NONE',  #7099 ) ;
#2558 = ADVANCED_FACE ( 'NONE', ( #176 ), #3127, .F. ) ;
#2559 = LINE ( 'NONE', #5627, #3536 ) ;
#2560 = ORIENTED_EDGE ( 'NONE', *, *, #2898, .F. ) ;
#2561 = CARTESIAN_POINT ( 'NONE',  ( -5.850000000000001421, 13.00000000000000000, 2.000000000000000000 ) ) ;
#2562 = VERTEX_POINT ( 'NONE', #1563 ) ;
#2563 = DIRECTION ( 'NONE',  ( 1.000000000000000000, 6.070773319253919496E-17, 0.000000000000000000 ) ) ;
#2564 = DIRECTION ( 'NONE',  ( 0.000000000000000000, 1.000000000000000000, 0.000000000000000000 ) ) ;
#2565 = ORIENTED_EDGE ( 'NONE', *, *, #1538, .F. ) ;
#2566 = AXIS2_PLACEMENT_3D ( 'NONE', #9001, #188, #5355 ) ;
#2567 = DIRECTION ( 'NONE',  ( 1.000000000000000000, 0.000000000000000000, 0.000000000000000000 ) ) ;
#2568 = FACE_BOUND ( 'NONE', #2525, .T. ) ;
#2569 = ADVANCED_FACE ( 'NONE', ( #8654 ), #2168, .F. ) ;
#2570 = ADVANCED_FACE ( 'NONE', ( #848 ), #31, .F. ) ;
#2571 = CARTESIAN_POINT ( 'NONE',  ( -2.450000000000001066, 7.900000000000005684, 1.199999999999953992 ) ) ;
#2572 = EDGE_CURVE ( 'NONE', #2252, #5994, #1590, .T. ) ;
#2573 = ORIENTED_EDGE ( 'NONE', *, *, #283, .F. ) ;
#2574 = CARTESIAN_POINT ( 'NONE',  ( -2.450000000000001510, 12.40000000000001279, 0.7999999999999998224 ) ) ;
#2575 = ORIENTED_EDGE ( 'NONE', *, *, #4774, .T. ) ;
#2576 = DIRECTION ( 'NONE',  ( 0.000000000000000000, 1.000000000000000000, 0.000000000000000000 ) ) ;
#2577 = ORIENTED_EDGE ( 'NONE', *, *, #1817, .T. ) ;
#2578 = VERTEX_POINT ( 'NONE', #3031 ) ;
#2579 = DIRECTION ( 'NONE',  ( 0.000000000000000000, 0.000000000000000000, -1.000000000000000000 ) ) ;
#2580 = EDGE_CURVE ( 'NONE', #8895, #2499, #5909, .T. ) ;
#2581 = CARTESIAN_POINT ( 'NONE',  ( -2.450000000000001066, 10.40000000000001812, 0.3999999999999790945 ) ) ;
#2582 = DIRECTION ( 'NONE',  ( -0.000000000000000000, -0.000000000000000000, 1.000000000000000000 ) ) ;
#2583 = EDGE_CURVE ( 'NONE', #2585, #8512, #5665, .T. ) ;
#2584 = DIRECTION ( 'NONE',  ( -1.000000000000000000, -5.463695987328527423E-16, -0.000000000000000000 ) ) ;
#2585 = VERTEX_POINT ( 'NONE', #1468 ) ;
#2586 = ORIENTED_EDGE ( 'NONE', *, *, #1177, .T. ) ;
#2587 = DIRECTION ( 'NONE',  ( 1.000000000000000000, 6.070773319253920728E-17, -0.000000000000000000 ) ) ;
#2588 = ORIENTED_EDGE ( 'NONE', *, *, #4961, .F. ) ;
#2589 = DIRECTION ( 'NONE',  ( 1.000000000000000000, 6.070773319253920728E-17, -0.000000000000000000 ) ) ;
#2590 = FACE_BOUND ( 'NONE', #8536, .T. ) ;
#2591 = CYLINDRICAL_SURFACE ( 'NONE', #1454, 0.1225000000000001227 ) ;
#2592 = FILL_AREA_STYLE_COLOUR ( '', #2907 ) ;
#2593 = EDGE_CURVE ( 'NONE', #5430, #4504, #1594, .T. ) ;
#2594 = ORIENTED_EDGE ( 'NONE', *, *, #6409, .F. ) ;
#2595 = CARTESIAN_POINT ( 'NONE',  ( -10.72249999999999837, 7.449999999999999289, 0.000000000000000000 ) ) ;
#2596 = VERTEX_POINT ( 'NONE', #4402 ) ;
#2597 = DIRECTION ( 'NONE',  ( 1.000000000000000000, 6.070773319253920728E-17, -0.000000000000000000 ) ) ;
#2598 = ORIENTED_EDGE ( 'NONE', *, *, #9363, .T. ) ;
#2599 = FACE_OUTER_BOUND ( 'NONE', #9034, .T. ) ;
#2600 = AXIS2_PLACEMENT_3D ( 'NONE', #8812, #2940, #5166 ) ;
#2601 = CIRCLE ( 'NONE', #7746, 0.1000000000000005745 ) ;
#2602 = DIRECTION ( 'NONE',  ( 1.000000000000000000, 0.000000000000000000, 0.000000000000000000 ) ) ;
#2603 = ORIENTED_EDGE ( 'NONE', *, *, #728, .F. ) ;
#2604 = PLANE ( 'NONE',  #3986 ) ;
#2605 = AXIS2_PLACEMENT_3D ( 'NONE', #3329, #9022, #4752 ) ;
#2606 = ORIENTED_EDGE ( 'NONE', *, *, #6223, .T. ) ;
#2607 = DIRECTION ( 'NONE',  ( 1.000000000000000000, 0.000000000000000000, 0.000000000000000000 ) ) ;
#2608 = ADVANCED_FACE ( 'NONE', ( #3791 ), #3074, .F. ) ;
#2609 = DIRECTION ( 'NONE',  ( 0.000000000000000000, 1.000000000000000000, 0.000000000000000000 ) ) ;
#2610 = AXIS2_PLACEMENT_3D ( 'NONE', #217, #2919, #5949 ) ;
#2611 = CARTESIAN_POINT ( 'NONE',  ( -2.150000000000001243, 10.80000000000000071, 1.599999999999983213 ) ) ;
#2612 = FACE_BOUND ( 'NONE', #6988, .T. ) ;
#2613 = AXIS2_PLACEMENT_3D ( 'NONE', #5924, #7401, #5273 ) ;
#2614 = CARTESIAN_POINT ( 'NONE',  ( -2.450000000000001066, 10.00000000000000000, 0.8999999999999999112 ) ) ;
#2615 = CIRCLE ( 'NONE', #5789, 0.1000000000000016709 ) ;
#2616 = ORIENTED_EDGE ( 'NONE', *, *, #7613, .F. ) ;
#2617 = DIRECTION ( 'NONE',  ( -1.000000000000000000, 0.000000000000000000, 0.000000000000000000 ) ) ;
#2618 = CARTESIAN_POINT ( 'NONE',  ( -2.731000000000001648, 7.730000000000000426, 0.2999999999999999889 ) ) ;
#2619 = EDGE_CURVE ( 'NONE', #4632, #4680, #2367, .T. ) ;
#2620 = EDGE_LOOP ( 'NONE', ( #3966, #50 ) ) ;
#2621 = VECTOR ( 'NONE', #66, 39.37007874015748143 ) ;
#2622 = ORIENTED_EDGE ( 'NONE', *, *, #1779, .F. ) ;
#2623 = DIRECTION ( 'NONE',  ( 1.000000000000000000, 0.000000000000000000, 0.000000000000000000 ) ) ;
#2624 = VECTOR ( 'NONE', #9004, 39.37007874015748143 ) ;
#2625 = CARTESIAN_POINT ( 'NONE',  ( -6.150000000000000355, 12.80000000000000071, 0.000000000000000000 ) ) ;
#2626 = CARTESIAN_POINT ( 'NONE',  ( -5.700000000000001066, 10.80000000000000249, 1.469999999999999973 ) ) ;
#2627 = AXIS2_PLACEMENT_3D ( 'NONE', #7266, #3666, #4114 ) ;
#2628 = CARTESIAN_POINT ( 'NONE',  ( -11.08750000000000213, 7.849999999999998757, 1.870000000000000107 ) ) ;
#2629 = ORIENTED_EDGE ( 'NONE', *, *, #1187, .T. ) ;
#2630 = EDGE_CURVE ( 'NONE', #3164, #7904, #8087, .T. ) ;
#2631 = EDGE_LOOP ( 'NONE', ( #1111, #1748, #3938, #2298 ) ) ;
#2632 = CARTESIAN_POINT ( 'NONE',  ( -8.650000000000000355, 5.664999999999999147, 0.2999999999999999889 ) ) ;
#2633 = ORIENTED_EDGE ( 'NONE', *, *, #3102, .T. ) ;
#2634 = DIRECTION ( 'NONE',  ( 0.000000000000000000, -0.000000000000000000, 1.000000000000000000 ) ) ;
#2635 = CYLINDRICAL_SURFACE ( 'NONE', #4615, 0.1000000000000016709 ) ;
#2636 = AXIS2_PLACEMENT_3D ( 'NONE', #7834, #2100, #7114 ) ;
#2637 = DIRECTION ( 'NONE',  ( 1.000000000000000000, 6.070773319253919496E-17, 0.000000000000000000 ) ) ;
#2638 = EDGE_CURVE ( 'NONE', #5272, #3917, #7481, .T. ) ;
#2639 = CIRCLE ( 'NONE', #977, 0.1000000000000005745 ) ;
#2640 = FACE_BOUND ( 'NONE', #4153, .T. ) ;
#2641 = ORIENTED_EDGE ( 'NONE', *, *, #4837, .F. ) ;
#2642 = DIRECTION ( 'NONE',  ( 0.000000000000000000, -0.000000000000000000, -1.000000000000000000 ) ) ;
#2643 = AXIS2_PLACEMENT_3D ( 'NONE', #4225, #608, #2803 ) ;
#2644 = ORIENTED_EDGE ( 'NONE', *, *, #4902, .F. ) ;
#2645 = CARTESIAN_POINT ( 'NONE',  ( -2.450000000000001066, 6.800000000000011369, 0.7999999999999414246 ) ) ;
#2646 = CIRCLE ( 'NONE', #7942, 0.1000000000000016709 ) ;
#2647 = CARTESIAN_POINT ( 'NONE',  ( -6.400000000000001243, 5.664999999999999147, 0.4499999999999999556 ) ) ;
#2648 = VERTEX_POINT ( 'NONE', #2501 ) ;
#2649 = DIRECTION ( 'NONE',  ( 1.000000000000000000, 6.070773319253920728E-17, -0.000000000000000000 ) ) ;
#2650 = ADVANCED_FACE ( 'NONE', ( #7528, #9038, #1750, #6097, #1076, #4069, #6949, #1877, #9081, #4640, #281, #3256, #5474, #4682, #8231, #5395, #6906, #6192, #2549, #3172, #8279, #4770, #7658, #6015, #1176, #456, #8987, #1038, #418, #3930, #3968, #5299, #6855, #6058, #7567, #4019, #3888, #6811, #8902, #6772, #2413, #2590, #8187, #1833, #8361, #1704, #366, #5436, #4591, #7473, #4719, #7609, #6153, #3305, #988 ), #8943, .T. ) ;
#2651 = EDGE_CURVE ( 'NONE', #5865, #2860, #4158, .T. ) ;
#2652 = AXIS2_PLACEMENT_3D ( 'NONE', #5406, #6200, #1890 ) ;
#2653 = AXIS2_PLACEMENT_3D ( 'NONE', #3593, #9264, #4354 ) ;
#2654 = AXIS2_PLACEMENT_3D ( 'NONE', #1727, #2530, #7586 ) ;
#2655 = CARTESIAN_POINT ( 'NONE',  ( -2.450000000000001066, 10.80000000000000782, 1.199999999999983080 ) ) ;
#2656 = ORIENTED_EDGE ( 'NONE', *, *, #8375, .T. ) ;
#2657 = DIRECTION ( 'NONE',  ( 1.000000000000000000, 0.000000000000000000, 0.000000000000000000 ) ) ;
#2658 = AXIS2_PLACEMENT_3D ( 'NONE', #2500, #1832, #6014 ) ;
#2659 = ORIENTED_EDGE ( 'NONE', *, *, #6112, .T. ) ;
#2660 = DIRECTION ( 'NONE',  ( 1.000000000000000000, 0.000000000000000000, 0.000000000000000000 ) ) ;
#2661 = VECTOR ( 'NONE', #4501, 39.37007874015748143 ) ;
#2662 = DIRECTION ( 'NONE',  ( 1.000000000000000000, 0.000000000000000000, 0.000000000000000000 ) ) ;
#2663 = CIRCLE ( 'NONE', #5531, 0.1000000000000005745 ) ;
#2664 = PLANE ( 'NONE',  #724 ) ;
#2665 = FACE_BOUND ( 'NONE', #1624, .T. ) ;
#2666 = EDGE_CURVE ( 'NONE', #7604, #7255, #6871, .T. ) ;
#2667 = AXIS2_PLACEMENT_3D ( 'NONE', #3993, #6877, #390 ) ;
#2668 = CIRCLE ( 'NONE', #2520, 0.1000000000000005745 ) ;
#2669 = LINE ( 'NONE', #9288, #4439 ) ;
#2670 = VECTOR ( 'NONE', #770, 39.37007874015748143 ) ;
#2671 = EDGE_CURVE ( 'NONE', #6374, #743, #1930, .T. ) ;
#2672 = VECTOR ( 'NONE', #2211, 39.37007874015748143 ) ;
#2673 = CARTESIAN_POINT ( 'NONE',  ( -2.450000000000001066, 10.70000000000000639, 1.199999999999983080 ) ) ;
#2674 = ORIENTED_EDGE ( 'NONE', *, *, #2753, .F. ) ;
#2675 = DIRECTION ( 'NONE',  ( 0.000000000000000000, 1.000000000000000000, 0.000000000000000000 ) ) ;
#2676 = CYLINDRICAL_SURFACE ( 'NONE', #7016, 0.1000000000000016709 ) ;
#2677 = ORIENTED_EDGE ( 'NONE', *, *, #6201, .F. ) ;
#2678 = CIRCLE ( 'NONE', #4945, 0.06889763779527564858 ) ;
#2679 = EDGE_LOOP ( 'NONE', ( #9015, #6653 ) ) ;
#2680 = CARTESIAN_POINT ( 'NONE',  ( -8.299999999999998934, 4.300000000000000711, 1.500000000000000888 ) ) ;
#2681 = CIRCLE ( 'NONE', #5983, 0.1225000000000001227 ) ;
#2682 = CARTESIAN_POINT ( 'NONE',  ( -2.450000000000001066, 10.90000000000000213, 1.599999999999983213 ) ) ;
#2683 = EDGE_CURVE ( 'NONE', #2365, #336, #825, .T. ) ;
#2684 = DIRECTION ( 'NONE',  ( 0.000000000000000000, 1.000000000000000000, 0.000000000000000000 ) ) ;
#2685 = AXIS2_PLACEMENT_3D ( 'NONE', #2016, #8596, #1173 ) ;
#2686 = DIRECTION ( 'NONE',  ( 1.000000000000000000, 6.070773319253920728E-17, -0.000000000000000000 ) ) ;
#2687 = ORIENTED_EDGE ( 'NONE', *, *, #5956, .T. ) ;
#2688 = VERTEX_POINT ( 'NONE', #592 ) ;
#2689 = DIRECTION ( 'NONE',  ( -1.000000000000000000, -0.000000000000000000, -0.000000000000000000 ) ) ;
#2690 = ORIENTED_EDGE ( 'NONE', *, *, #4034, .F. ) ;
#2691 = DIRECTION ( 'NONE',  ( 1.000000000000000000, 6.070773319253919496E-17, 0.000000000000000000 ) ) ;
#2692 = CARTESIAN_POINT ( 'NONE',  ( -5.700000000000001066, 8.010000000000003340, 1.470000000000001084 ) ) ;
#2693 = CARTESIAN_POINT ( 'NONE',  ( -2.450000000000001066, 10.80000000000001847, 0.3999999999999831468 ) ) ;
#2694 = CARTESIAN_POINT ( 'NONE',  ( -5.850000000000001421, 10.80000000000000071, 0.5300000000000001377 ) ) ;
#2695 = EDGE_CURVE ( 'NONE', #6841, #7982, #8551, .T. ) ;
#2696 = ORIENTED_EDGE ( 'NONE', *, *, #4147, .T. ) ;
#2697 = DIRECTION ( 'NONE',  ( -0.000000000000000000, 1.000000000000000000, -0.000000000000000000 ) ) ;
#2698 = ORIENTED_EDGE ( 'NONE', *, *, #6730, .T. ) ;
#2699 = EDGE_CURVE ( 'NONE', #1136, #496, #6725, .T. ) ;
#2700 = DIRECTION ( 'NONE',  ( -1.000000000000000000, 0.000000000000000000, 0.000000000000000000 ) ) ;
#2701 = DIRECTION ( 'NONE',  ( 0.000000000000000000, 1.000000000000000000, 0.000000000000000000 ) ) ;
#2702 = EDGE_LOOP ( 'NONE', ( #857, #6124, #4325, #6137 ) ) ;
#2703 = CARTESIAN_POINT ( 'NONE',  ( -2.150000000000001243, 9.300000000000000711, 1.599999999999966560 ) ) ;
#2704 = CYLINDRICAL_SURFACE ( 'NONE', #2219, 0.1000000000000005745 ) ;
#2705 = CARTESIAN_POINT ( 'NONE',  ( -2.450000000000001066, 9.300000000000000711, 1.599999999999966560 ) ) ;
#2706 = ORIENTED_EDGE ( 'NONE', *, *, #3800, .T. ) ;
#2707 = EDGE_CURVE ( 'NONE', #5646, #8413, #6126, .T. ) ;
#2708 = DIRECTION ( 'NONE',  ( 1.000000000000000000, 6.070773319253919496E-17, 0.000000000000000000 ) ) ;
#2709 = VERTEX_POINT ( 'NONE', #9174 ) ;
#2710 = CARTESIAN_POINT ( 'NONE',  ( -5.850000000000001421, 8.010000000000003340, 1.401000000000001577 ) ) ;
#2711 = DIRECTION ( 'NONE',  ( -0.000000000000000000, -0.000000000000000000, 1.000000000000000000 ) ) ;
#2712 = DIRECTION ( 'NONE',  ( 0.000000000000000000, 1.000000000000000000, 0.000000000000000000 ) ) ;
#2713 = CARTESIAN_POINT ( 'NONE',  ( -2.450000000000001066, 7.200000000000006395, 1.199999999999945777 ) ) ;
#2714 = DIRECTION ( 'NONE',  ( 0.000000000000000000, -1.000000000000000000, 0.000000000000000000 ) ) ;
#2715 = ORIENTED_EDGE ( 'NONE', *, *, #8025, .F. ) ;
#2716 = ADVANCED_FACE ( 'NONE', ( #553 ), #2635, .F. ) ;
#2717 = CARTESIAN_POINT ( 'NONE',  ( -2.150000000000001243, 10.00000000000000711, 1.199999999999974865 ) ) ;
#2718 = AXIS2_PLACEMENT_3D ( 'NONE', #7339, #8190, #2415 ) ;
#2719 = ORIENTED_EDGE ( 'NONE', *, *, #6823, .F. ) ;
#2720 = CARTESIAN_POINT ( 'NONE',  ( -4.710000000000000853, 7.730000000000000426, 0.2999999999999999889 ) ) ;
#2721 = ORIENTED_EDGE ( 'NONE', *, *, #4970, .T. ) ;
#2722 = VERTEX_POINT ( 'NONE', #5574 ) ;
#2723 = DIRECTION ( 'NONE',  ( 0.000000000000000000, 0.000000000000000000, 1.000000000000000000 ) ) ;
#2724 = EDGE_CURVE ( 'NONE', #6470, #2293, #63, .T. ) ;
#2725 = DIRECTION ( 'NONE',  ( 0.000000000000000000, 1.000000000000000000, 0.000000000000000000 ) ) ;
#2726 = CYLINDRICAL_SURFACE ( 'NONE', #8557, 0.06889763779527564858 ) ;
#2727 = VERTEX_POINT ( 'NONE', #7038 ) ;
#2728 = ORIENTED_EDGE ( 'NONE', *, *, #7672, .F. ) ;
#2729 = LINE ( 'NONE', #1310, #8579 ) ;
#2730 = ORIENTED_EDGE ( 'NONE', *, *, #9042, .T. ) ;
#2731 = FACE_OUTER_BOUND ( 'NONE', #3562, .T. ) ;
#2732 = CARTESIAN_POINT ( 'NONE',  ( -2.450000000000001066, 11.10000000000000497, 1.199999999999987299 ) ) ;
#2733 = EDGE_CURVE ( 'NONE', #9140, #4353, #8501, .T. ) ;
#2734 = CARTESIAN_POINT ( 'NONE',  ( -2.150000000000001243, 8.299999999999998934, 1.599999999999958344 ) ) ;
#2735 = DIRECTION ( 'NONE',  ( 1.000000000000000000, 6.070773319253920728E-17, -0.000000000000000000 ) ) ;
#2736 = ORIENTED_EDGE ( 'NONE', *, *, #3600, .T. ) ;
#2737 = DIRECTION ( 'NONE',  ( -1.000000000000000000, -5.463695987328527423E-16, 0.000000000000000000 ) ) ;
#2738 = ORIENTED_EDGE ( 'NONE', *, *, #2272, .F. ) ;
#2739 = CYLINDRICAL_SURFACE ( 'NONE', #4297, 0.1249999999999999029 ) ;
#2740 = DIRECTION ( 'NONE',  ( 0.000000000000000000, 1.000000000000000000, 0.000000000000000000 ) ) ;
#2741 = EDGE_LOOP ( 'NONE', ( #4790, #7281, #6573, #6159 ) ) ;
#2742 = DIRECTION ( 'NONE',  ( 0.000000000000000000, 1.000000000000000000, 0.000000000000000000 ) ) ;
#2743 = CYLINDRICAL_SURFACE ( 'NONE', #7654, 0.1000000000000005745 ) ;
#2744 = EDGE_CURVE ( 'NONE', #731, #4419, #7784, .T. ) ;
#2745 = EDGE_CURVE ( 'NONE', #1726, #9116, #7745, .T. ) ;
#2746 = CARTESIAN_POINT ( 'NONE',  ( -2.450000000000001066, 5.100000000000016520, 0.3999999999999248601 ) ) ;
#2747 = AXIS2_PLACEMENT_3D ( 'NONE', #4268, #7151, #1480 ) ;
#2748 = ORIENTED_EDGE ( 'NONE', *, *, #5121, .F. ) ;
#2749 = DIRECTION ( 'NONE',  ( 1.000000000000000000, 6.070773319253919496E-17, 0.000000000000000000 ) ) ;
#2750 = ORIENTED_EDGE ( 'NONE', *, *, #2898, .T. ) ;
#2751 = CYLINDRICAL_SURFACE ( 'NONE', #1285, 0.1000000000000016709 ) ;
#2752 = CARTESIAN_POINT ( 'NONE',  ( -2.150000000000001243, 12.00000000000001776, 0.3999999999999957478 ) ) ;
#2753 = EDGE_CURVE ( 'NONE', #2902, #7431, #1261, .T. ) ;
#2754 = CARTESIAN_POINT ( 'NONE',  ( -11.15000000000000036, 8.000000000000000000, 2.000000000000000000 ) ) ;
#2755 = CIRCLE ( 'NONE', #3506, 0.06900000000000026945 ) ;
#2756 = ADVANCED_FACE ( 'NONE', ( #1313 ), #6230, .F. ) ;
#2757 = CARTESIAN_POINT ( 'NONE',  ( -2.450000000000001066, 6.900000000000017231, 0.3999999999999415135 ) ) ;
#2759 = AXIS2_PLACEMENT_3D ( 'NONE', #4703, #1819, #5458 ) ;
#2758 = CARTESIAN_POINT ( 'NONE',  ( -4.800000000000001599, 6.950000000000001954, 0.2999999999999999889 ) ) ;
#2760 = ORIENTED_EDGE ( 'NONE', *, *, #7939, .T. ) ;
#2761 = CARTESIAN_POINT ( 'NONE',  ( -2.150000000000000799, 5.600000000000000533, 1.599999999999929035 ) ) ;
#2762 = CIRCLE ( 'NONE', #2001, 0.06889763779527564858 ) ;
#2763 = VERTEX_POINT ( 'NONE', #7128 ) ;
#2764 = DIRECTION ( 'NONE',  ( 1.000000000000000000, 6.070773319253919496E-17, 0.000000000000000000 ) ) ;
#2765 = VERTEX_POINT ( 'NONE', #631 ) ;
#2766 = ORIENTED_EDGE ( 'NONE', *, *, #5431, .T. ) ;
#2767 = LINE ( 'NONE', #9301, #4916 ) ;
#2768 = EDGE_CURVE ( 'NONE', #649, #5154, #4107, .T. ) ;
#2769 = CIRCLE ( 'NONE', #7142, 0.1000000000000016709 ) ;
#2770 = EDGE_CURVE ( 'NONE', #4014, #2441, #7178, .T. ) ;
#2771 = VECTOR ( 'NONE', #3619, 39.37007874015748143 ) ;
#2772 = CARTESIAN_POINT ( 'NONE',  ( -2.150000000000001243, 7.200000000000017053, 0.3999999999999457323 ) ) ;
#2773 = CARTESIAN_POINT ( 'NONE',  ( -2.450000000000001066, 10.90000000000001990, 0.3999999999999831468 ) ) ;
#2774 = CIRCLE ( 'NONE', #636, 0.1000000000000005745 ) ;
#2775 = ORIENTED_EDGE ( 'NONE', *, *, #1028, .F. ) ;
#2776 = EDGE_LOOP ( 'NONE', ( #3406, #6317, #2005, #2349 ) ) ;
#2777 = AXIS2_PLACEMENT_3D ( 'NONE', #2467, #5357, #5976 ) ;
#2778 = DIRECTION ( 'NONE',  ( 1.000000000000000000, 0.000000000000000000, 0.000000000000000000 ) ) ;
#2779 = ORIENTED_EDGE ( 'NONE', *, *, #9378, .T. ) ;
#2780 = DIRECTION ( 'NONE',  ( -0.000000000000000000, -0.000000000000000000, 1.000000000000000000 ) ) ;
#2781 = DIRECTION ( 'NONE',  ( 1.000000000000000000, 6.070773319253920728E-17, -0.000000000000000000 ) ) ;
#2782 = CARTESIAN_POINT ( 'NONE',  ( -2.450000000000001066, 6.700000000000005507, 1.199999999999941558 ) ) ;
#2783 = EDGE_CURVE ( 'NONE', #9140, #693, #6882, .T. ) ;
#2784 = VECTOR ( 'NONE', #2274, 39.37007874015748143 ) ;
#2785 = FACE_OUTER_BOUND ( 'NONE', #7257, .T. ) ;
#2786 = AXIS2_PLACEMENT_3D ( 'NONE', #2626, #8351, #4710 ) ;
#2787 = ADVANCED_FACE ( 'NONE', ( #7705 ), #1216, .F. ) ;
#2788 = ORIENTED_EDGE ( 'NONE', *, *, #7892, .F. ) ;
#2789 = DIRECTION ( 'NONE',  ( 1.000000000000000000, 6.070773319253919496E-17, 0.000000000000000000 ) ) ;
#2790 = ORIENTED_EDGE ( 'NONE', *, *, #5328, .T. ) ;
#2791 = DIRECTION ( 'NONE',  ( -0.000000000000000000, -0.000000000000000000, -1.000000000000000000 ) ) ;
#2792 = DIRECTION ( 'NONE',  ( 1.000000000000000000, 6.070773319253920728E-17, 0.000000000000000000 ) ) ;
#2793 = AXIS2_PLACEMENT_3D ( 'NONE', #8836, #3776, #6654 ) ;
#2794 = VERTEX_POINT ( 'NONE', #20 ) ;
#2795 = CARTESIAN_POINT ( 'NONE',  ( -5.850000000000001421, 12.69999999999999929, 2.000000000000000000 ) ) ;
#2796 = DIRECTION ( 'NONE',  ( 1.000000000000000000, 6.070773319253919496E-17, 0.000000000000000000 ) ) ;
#2797 = VECTOR ( 'NONE', #2313, 39.37007874015748143 ) ;
#2798 = VECTOR ( 'NONE', #5450, 39.37007874015748143 ) ;
#2799 = EDGE_CURVE ( 'NONE', #6767, #6082, #2873, .T. ) ;
#2800 = EDGE_LOOP ( 'NONE', ( #3059, #8410, #3994, #557 ) ) ;
#2801 = CARTESIAN_POINT ( 'NONE',  ( -2.450000000000001066, 6.000000000000006217, 1.199999999999933120 ) ) ;
#2802 = ORIENTED_EDGE ( 'NONE', *, *, #5925, .F. ) ;
#2803 = DIRECTION ( 'NONE',  ( 0.000000000000000000, 1.000000000000000000, 0.000000000000000000 ) ) ;
#2804 = LINE ( 'NONE', #3467, #5843 ) ;
#2805 = DIRECTION ( 'NONE',  ( 0.000000000000000000, 0.000000000000000000, 1.000000000000000000 ) ) ;
#2806 = CIRCLE ( 'NONE', #5818, 0.1000000000000016709 ) ;
#2807 = DIRECTION ( 'NONE',  ( 0.000000000000000000, 1.000000000000000000, 0.000000000000000000 ) ) ;
#2808 = ADVANCED_FACE ( 'NONE', ( #5754 ), #7271, .F. ) ;
#2809 = CIRCLE ( 'NONE', #2652, 0.1000000000000005745 ) ;
#2810 = FACE_OUTER_BOUND ( 'NONE', #8732, .T. ) ;
#2811 = EDGE_LOOP ( 'NONE', ( #7812, #6709, #9246, #3242 ) ) ;
#2812 = AXIS2_PLACEMENT_3D ( 'NONE', #7465, #980, #2978 ) ;
#2813 = CARTESIAN_POINT ( 'NONE',  ( -2.150000000000000799, 5.600000000000011191, 0.7999999999999289901 ) ) ;
#2814 = AXIS2_PLACEMENT_3D ( 'NONE', #8301, #4701, #8827 ) ;
#2815 = VERTEX_POINT ( 'NONE', #1452 ) ;
#2816 = DIRECTION ( 'NONE',  ( -0.000000000000000000, -0.000000000000000000, -1.000000000000000000 ) ) ;
#2817 = ORIENTED_EDGE ( 'NONE', *, *, #4321, .F. ) ;
#2818 = ORIENTED_EDGE ( 'NONE', *, *, #585, .T. ) ;
#2819 = ORIENTED_EDGE ( 'NONE', *, *, #4674, .F. ) ;
#2820 = CARTESIAN_POINT ( 'NONE',  ( -4.710000000000000853, 10.00000000000000000, 0.5000000000000000000 ) ) ;
#2821 = AXIS2_PLACEMENT_3D ( 'NONE', #7847, #1260, #6420 ) ;
#2822 = CARTESIAN_POINT ( 'NONE',  ( -8.299999999999998934, 4.000000000000000888, 1.000000000000000222 ) ) ;
#2823 = FACE_OUTER_BOUND ( 'NONE', #529, .T. ) ;
#2824 = CIRCLE ( 'NONE', #4789, 0.1000000000000005745 ) ;
#2825 = ORIENTED_EDGE ( 'NONE', *, *, #5486, .T. ) ;
#2826 = EDGE_CURVE ( 'NONE', #6366, #7290, #71, .T. ) ;
#2827 = EDGE_LOOP ( 'NONE', ( #2949, #2644, #505, #1925 ) ) ;
#2828 = AXIS2_PLACEMENT_3D ( 'NONE', #3733, #6563, #1653 ) ;
#2829 = DIRECTION ( 'NONE',  ( 1.000000000000000000, 6.070773319253920728E-17, -0.000000000000000000 ) ) ;
#2830 = ORIENTED_EDGE ( 'NONE', *, *, #7620, .T. ) ;
#2831 = DIRECTION ( 'NONE',  ( 1.000000000000000000, 0.000000000000000000, 0.000000000000000000 ) ) ;
#2832 = DIRECTION ( 'NONE',  ( -1.000000000000000000, 0.000000000000000000, 0.000000000000000000 ) ) ;
#2833 = DIRECTION ( 'NONE',  ( 0.000000000000000000, 1.000000000000000000, 0.000000000000000000 ) ) ;
#2834 = AXIS2_PLACEMENT_3D ( 'NONE', #7564, #4679, #8316 ) ;
#2835 = CARTESIAN_POINT ( 'NONE',  ( -2.450000000000001066, 9.100000000000006750, 1.199999999999966427 ) ) ;
#2836 = EDGE_LOOP ( 'NONE', ( #2245, #3789 ) ) ;
#2837 = CYLINDRICAL_SURFACE ( 'NONE', #82, 0.5000000000000007772 ) ;
#2838 = EDGE_LOOP ( 'NONE', ( #5388, #4895, #184, #6816 ) ) ;
#2839 = CARTESIAN_POINT ( 'NONE',  ( -6.000000000000001776, 12.65000000000000213, 1.870000000000000107 ) ) ;
#2840 = AXIS2_PLACEMENT_3D ( 'NONE', #9214, #6987, #4904 ) ;
#2841 = EDGE_LOOP ( 'NONE', ( #1026, #2230, #7844, #5472, #6063, #9191 ) ) ;
#2842 = DIRECTION ( 'NONE',  ( 0.000000000000000000, 1.000000000000000000, 0.000000000000000000 ) ) ;
#2843 = LINE ( 'NONE', #1941, #1462 ) ;
#2844 = FACE_BOUND ( 'NONE', #8782, .T. ) ;
#2845 = ORIENTED_EDGE ( 'NONE', *, *, #3523, .F. ) ;
#2846 = CYLINDRICAL_SURFACE ( 'NONE', #7907, 0.1000000000000005745 ) ;
#2847 = ORIENTED_EDGE ( 'NONE', *, *, #6650, .T. ) ;
#2848 = DIRECTION ( 'NONE',  ( 0.000000000000000000, 1.000000000000000000, 0.000000000000000000 ) ) ;
#2849 = CARTESIAN_POINT ( 'NONE',  ( -4.835000000000000853, 7.730000000000000426, 0.5000000000000000000 ) ) ;
#2850 = CLOSED_SHELL ( 'NONE', ( #7825, #4829, #1526, #1619, #1378, #9351, #5878, #3701, #2372, #7720, #5253, #3489, #1678, #7749, #5096, #4082, #4569, #5074, #5620, #7227, #7507, #8517, #5773, #4134, #2159, #503, #296, #9171, #8693, #9312, #413, #2396, #9012, #6026, #3295, #445, #2608, #1655, #2570, #1269, #632, #7094, #6513, #7105, #2808, #884, #2939, #6477, #1317, #4443, #8772, #4808, #8374, #6220, #2887, #3750, #6439, #306, #9018, #7879, #6426, #7889, #9209, #1961, #8447, #3327, #5935, #5321, #5717, #2716, #4461, #838, #6181, #4385, #6489, #3016, #7588, #1104, #747, #9051, #4733, #5061, #8724, #4761, #5017, #2951, #4228, #9098, #2852, #3050, #4160, #9066, #2351, #859, #6699, #7242, #8792, #6333, #7185, #2109, #7712, #3690, #1844, #314, #7523, #8098, #9062, #2650, #3508, #1999, #33, #1792, #8403, #3850, #645, #622, #534, #8284, #4144, #4731, #7004, #5108, #5194, #7488, #7261, #5704, #285, #1965, #784, #455, #1920, #7952, #7776, #1129, #3196, #209, #8177, #6689, #3763, #9122, #5554, #6347, #1427, #5833, #8468, #7276, #3913, #7816, #2877, #8898, #5920, #6233, #4063, #4886, #4220, #6918, #3330, #1159, #5679, #5803, #8419, #7557, #6715, #4981, #6527, #5742, #3667, #6907, #2864, #127, #9364, #9291, #5608, #2569, #2468, #1980, #2025, #8141, #6337, #6072, #1300, #6551, #1574, #7819, #6806, #795, #8322, #8355, #7097, #2175, #522, #1389, #4653, #5268, #6111, #7108, #6539, #6212, #4685, #8022, #8494, #3167, #6029, #6599, #2756, #6971, #3760, #2262, #5009, #3309, #1372, #2558, #7141, #8209, #2787, #5889, #6584, #2457, #3922, #6115, #6514, #8913, #3865, #4991, #6038, #1714, #4791, #3257, #1770, #6605, #2326, #3479, #8309, #7905, #8431, #5161, #8246, #4442, #4623, #1989, #5586, #3526, #1951, #2248, #5342, #5429, #2922, #1474, #3683, #6050, #1485, #8477, #1341, #7088, #6065, #9219, #8475, #7400, #9074, #8488, #8189, #4076, #4250, #1902, #1669, #7292, #4251, #3183, #566, #4283, #8387, #3204, #5048 ) ) ;
#2851 = CYLINDRICAL_SURFACE ( 'NONE', #328, 0.1249999999999999029 ) ;
#2852 = ADVANCED_FACE ( 'NONE', ( #9360 ), #8081, .F. ) ;
#2853 = DIRECTION ( 'NONE',  ( 0.000000000000000000, 1.000000000000000000, 0.000000000000000000 ) ) ;
#2854 = DIRECTION ( 'NONE',  ( 0.000000000000000000, 1.000000000000000000, 0.000000000000000000 ) ) ;
#2855 = ORIENTED_EDGE ( 'NONE', *, *, #6313, .F. ) ;
#2856 = DIRECTION ( 'NONE',  ( 0.000000000000000000, 1.000000000000000000, 0.000000000000000000 ) ) ;
#2857 = ORIENTED_EDGE ( 'NONE', *, *, #4499, .T. ) ;
#2858 = DIRECTION ( 'NONE',  ( 1.000000000000000000, 6.070773319253919496E-17, 0.000000000000000000 ) ) ;
#2859 = ORIENTED_EDGE ( 'NONE', *, *, #7676, .T. ) ;
#2860 = VERTEX_POINT ( 'NONE', #5898 ) ;
#2861 = EDGE_LOOP ( 'NONE', ( #3553, #1745, #2486, #467 ) ) ;
#2862 = DIRECTION ( 'NONE',  ( 0.000000000000000000, 1.000000000000000000, 0.000000000000000000 ) ) ;
#2863 = EDGE_CURVE ( 'NONE', #1307, #2815, #5147, .T. ) ;
#2864 = ADVANCED_FACE ( 'NONE', ( #8033 ), #8840, .F. ) ;
#2865 = LINE ( 'NONE', #725, #2771 ) ;
#2866 = AXIS2_PLACEMENT_3D ( 'NONE', #3837, #897, #6671 ) ;
#2867 = DIRECTION ( 'NONE',  ( 0.000000000000000000, 1.000000000000000000, 0.000000000000000000 ) ) ;
#2868 = VERTEX_POINT ( 'NONE', #7373 ) ;
#2869 = ORIENTED_EDGE ( 'NONE', *, *, #9249, .T. ) ;
#2870 = CARTESIAN_POINT ( 'NONE',  ( -5.150000000000000355, 12.80000000000000071, 0.6250000000000000000 ) ) ;
#2871 = ORIENTED_EDGE ( 'NONE', *, *, #960, .T. ) ;
#2872 = CARTESIAN_POINT ( 'NONE',  ( -2.450000000000001066, 4.800000000000016698, 0.3000000000000000999 ) ) ;
#2873 = LINE ( 'NONE', #5800, #381 ) ;
#2874 = EDGE_CURVE ( 'NONE', #5506, #3500, #9298, .T. ) ;
#2875 = DIRECTION ( 'NONE',  ( 1.000000000000000000, 6.070773319253920728E-17, -0.000000000000000000 ) ) ;
#2876 = DIRECTION ( 'NONE',  ( 0.000000000000000000, 1.000000000000000000, 0.000000000000000000 ) ) ;
#2877 = ADVANCED_FACE ( 'NONE', ( #5046 ), #685, .T. ) ;
#2878 = ORIENTED_EDGE ( 'NONE', *, *, #2387, .T. ) ;
#2879 = CARTESIAN_POINT ( 'NONE',  ( -2.800000000000001155, 7.730000000000000426, 0.5000000000000000000 ) ) ;
#2880 = VERTEX_POINT ( 'NONE', #2208 ) ;
#2881 = FACE_OUTER_BOUND ( 'NONE', #1355, .T. ) ;
#2882 = ORIENTED_EDGE ( 'NONE', *, *, #7533, .T. ) ;
#2883 = DIRECTION ( 'NONE',  ( -1.000000000000000000, 0.000000000000000000, 0.000000000000000000 ) ) ;
#2884 = CARTESIAN_POINT ( 'NONE',  ( -3.450000000000001066, 4.500000000000000888, 0.4499999999999999556 ) ) ;
#2885 = FACE_BOUND ( 'NONE', #5373, .T. ) ;
#2886 = EDGE_CURVE ( 'NONE', #4378, #3418, #1549, .T. ) ;
#2887 = ADVANCED_FACE ( 'NONE', ( #7231 ), #7322, .F. ) ;
#2888 = ORIENTED_EDGE ( 'NONE', *, *, #3026, .T. ) ;
#2889 = DIRECTION ( 'NONE',  ( 1.000000000000000000, 0.000000000000000000, -0.000000000000000000 ) ) ;
#2890 = ORIENTED_EDGE ( 'NONE', *, *, #7305, .F. ) ;
#2891 = CARTESIAN_POINT ( 'NONE',  ( -2.450000000000001066, 5.200000000000005507, 1.199999999999924905 ) ) ;
#2892 = LINE ( 'NONE', #8664, #7649 ) ;
#2893 = CARTESIAN_POINT ( 'NONE',  ( -2.800000000000001155, 7.730000000000000426, 0.5000000000000000000 ) ) ;
#2894 = CIRCLE ( 'NONE', #7274, 0.1000000000000005745 ) ;
#2895 = FACE_BOUND ( 'NONE', #8646, .T. ) ;
#2896 = FACE_OUTER_BOUND ( 'NONE', #3012, .T. ) ;
#2897 = VERTEX_POINT ( 'NONE', #3730 ) ;
#2898 = EDGE_CURVE ( 'NONE', #2578, #3275, #5672, .T. ) ;
#2899 = PLANE ( 'NONE',  #796 ) ;
#2900 = VERTEX_POINT ( 'NONE', #7938 ) ;
#2901 = DIRECTION ( 'NONE',  ( 1.000000000000000000, 0.000000000000000000, 0.000000000000000000 ) ) ;
#2902 = VERTEX_POINT ( 'NONE', #3588 ) ;
#2903 = ORIENTED_EDGE ( 'NONE', *, *, #514, .F. ) ;
#2904 = ORIENTED_EDGE ( 'NONE', *, *, #4499, .F. ) ;
#2905 = CARTESIAN_POINT ( 'NONE',  ( -2.450000000000001066, 9.099999999999999645, 1.599999999999966560 ) ) ;
#2906 = LINE ( 'NONE', #6649, #5936 ) ;
#2907 = COLOUR_RGB ( '',0.7921568627450980005, 0.8196078431372548767, 0.9333333333333333481 ) ;
#2908 = EDGE_CURVE ( 'NONE', #208, #1683, #733, .T. ) ;
#2909 = CYLINDRICAL_SURFACE ( 'NONE', #3132, 0.1000000000000005745 ) ;
#2910 = VERTEX_POINT ( 'NONE', #166 ) ;
#2911 = ORIENTED_EDGE ( 'NONE', *, *, #6953, .T. ) ;
#2912 = DIRECTION ( 'NONE',  ( 1.000000000000000000, 6.070773319253920728E-17, -0.000000000000000000 ) ) ;
#2913 = AXIS2_PLACEMENT_3D ( 'NONE', #7550, #6934, #4092 ) ;
#2914 = ORIENTED_EDGE ( 'NONE', *, *, #6798, .F. ) ;
#2915 = CARTESIAN_POINT ( 'NONE',  ( -5.700000000000001066, 10.80000000000000071, 0.5990000000000009761 ) ) ;
#2916 = DIRECTION ( 'NONE',  ( 0.000000000000000000, 1.000000000000000000, 0.000000000000000000 ) ) ;
#2917 = AXIS2_PLACEMENT_3D ( 'NONE', #1964, #488, #2010 ) ;
#2918 = CARTESIAN_POINT ( 'NONE',  ( -2.450000000000001066, 8.100000000000006750, 1.199999999999953992 ) ) ;
#2919 = DIRECTION ( 'NONE',  ( 1.000000000000000000, 6.070773319253919496E-17, 0.000000000000000000 ) ) ;
#2920 = FACE_OUTER_BOUND ( 'NONE', #4649, .T. ) ;
#2921 = AXIS2_PLACEMENT_3D ( 'NONE', #7626, #5313, #4657 ) ;
#2923 = VERTEX_POINT ( 'NONE', #3061 ) ;
#2922 = ADVANCED_FACE ( 'NONE', ( #3626 ), #8790, .T. ) ;
#2924 = CARTESIAN_POINT ( 'NONE',  ( -4.900000000000000355, 7.050000000000001599, 0.4499999999999999556 ) ) ;
#2925 = ORIENTED_EDGE ( 'NONE', *, *, #5649, .T. ) ;
#2926 = CYLINDRICAL_SURFACE ( 'NONE', #1316, 0.08750000000000063283 ) ;
#2927 = EDGE_LOOP ( 'NONE', ( #7123, #5748, #463, #5195 ) ) ;
#2928 = DIRECTION ( 'NONE',  ( 0.000000000000000000, 1.000000000000000000, 0.000000000000000000 ) ) ;
#2929 = DIRECTION ( 'NONE',  ( 1.000000000000000000, 6.070773319253919496E-17, 0.000000000000000000 ) ) ;
#2930 = AXIS2_PLACEMENT_3D ( 'NONE', #4028, #943, #3266 ) ;
#2931 = CARTESIAN_POINT ( 'NONE',  ( -2.150000000000001243, 7.700000000000001066, 1.599999999999949907 ) ) ;
#2932 = AXIS2_PLACEMENT_3D ( 'NONE', #8954, #294, #6732 ) ;
#2933 = CYLINDRICAL_SURFACE ( 'NONE', #3935, 0.06889763779527564858 ) ;
#2934 = ORIENTED_EDGE ( 'NONE', *, *, #8926, .T. ) ;
#2935 = CARTESIAN_POINT ( 'NONE',  ( -2.450000000000001066, 7.200000000000017053, 0.3000000000000000999 ) ) ;
#2936 = AXIS2_PLACEMENT_3D ( 'NONE', #7378, #7326, #3736 ) ;
#2937 = VERTEX_POINT ( 'NONE', #5425 ) ;
#2938 = DIRECTION ( 'NONE',  ( 1.000000000000000000, 6.070773319253920728E-17, -0.000000000000000000 ) ) ;
#2939 = ADVANCED_FACE ( 'NONE', ( #3111 ), #5377, .F. ) ;
#2940 = DIRECTION ( 'NONE',  ( 1.000000000000000000, 6.070773319253920728E-17, -0.000000000000000000 ) ) ;
#2941 = CARTESIAN_POINT ( 'NONE',  ( -2.150000000000001243, 10.30000000000000604, 1.199999999999979083 ) ) ;
#2942 = AXIS2_PLACEMENT_3D ( 'NONE', #9154, #8443, #4845 ) ;
#2943 = AXIS2_PLACEMENT_3D ( 'NONE', #5112, #8096, #1516 ) ;
#2944 = DIRECTION ( 'NONE',  ( 1.000000000000000000, 6.070773319253919496E-17, 0.000000000000000000 ) ) ;
#2945 = DIRECTION ( 'NONE',  ( 1.000000000000000000, 6.070773319253919496E-17, 0.000000000000000000 ) ) ;
#2946 = ORIENTED_EDGE ( 'NONE', *, *, #2863, .T. ) ;
#2947 = FACE_OUTER_BOUND ( 'NONE', #4780, .T. ) ;
#2948 = CIRCLE ( 'NONE', #1885, 0.1000000000000005745 ) ;
#2949 = ORIENTED_EDGE ( 'NONE', *, *, #2695, .F. ) ;
#2950 = DIRECTION ( 'NONE',  ( 0.000000000000000000, -0.000000000000000000, -1.000000000000000000 ) ) ;
#2951 = ADVANCED_FACE ( 'NONE', ( #4670 ), #6000, .F. ) ;
#2952 = EDGE_LOOP ( 'NONE', ( #8632, #2407 ) ) ;
#2953 = ORIENTED_EDGE ( 'NONE', *, *, #8603, .T. ) ;
#2954 = AXIS2_PLACEMENT_3D ( 'NONE', #8136, #6472, #5100 ) ;
#2955 = VERTEX_POINT ( 'NONE', #6044 ) ;
#2956 = LINE ( 'NONE', #7260, #6430 ) ;
#2957 = EDGE_CURVE ( 'NONE', #2361, #5839, #1823, .T. ) ;
#2958 = AXIS2_PLACEMENT_3D ( 'NONE', #377, #3268, #1137 ) ;
#2959 = LINE ( 'NONE', #5934, #6549 ) ;
#2960 = CIRCLE ( 'NONE', #7351, 0.06900000000000026945 ) ;
#2961 = CARTESIAN_POINT ( 'NONE',  ( -6.150000000000000355, 7.999999999999999112, 0.000000000000000000 ) ) ;
#2962 = ORIENTED_EDGE ( 'NONE', *, *, #2799, .T. ) ;
#2963 = ORIENTED_EDGE ( 'NONE', *, *, #1540, .F. ) ;
#2964 = CARTESIAN_POINT ( 'NONE',  ( -2.450000000000001066, 9.599999999999999645, 1.599999999999970557 ) ) ;
#2965 = ORIENTED_EDGE ( 'NONE', *, *, #3600, .F. ) ;
#2966 = CARTESIAN_POINT ( 'NONE',  ( -2.450000000000001066, 5.100000000000004974, 1.199999999999924905 ) ) ;
#2967 = AXIS2_PLACEMENT_3D ( 'NONE', #4956, #4208, #2634 ) ;
#2968 = VERTEX_POINT ( 'NONE', #2402 ) ;
#2969 = CARTESIAN_POINT ( 'NONE',  ( -2.450000000000001510, 12.40000000000001279, 0.7999999999999998224 ) ) ;
#2970 = DIRECTION ( 'NONE',  ( 1.000000000000000000, 0.000000000000000000, -0.000000000000000000 ) ) ;
#2971 = VECTOR ( 'NONE', #2270, 39.37007874015748143 ) ;
#2972 = PLANE ( 'NONE',  #7964 ) ;
#2973 = EDGE_CURVE ( 'NONE', #3936, #2282, #5327, .T. ) ;
#2974 = DIRECTION ( 'NONE',  ( 1.000000000000000000, 6.070773319253919496E-17, 0.000000000000000000 ) ) ;
#2975 = CARTESIAN_POINT ( 'NONE',  ( -2.800000000000000711, 10.00000000000000000, 0.5000000000000000000 ) ) ;
#2976 = CIRCLE ( 'NONE', #1458, 0.1000000000000005745 ) ;
#2977 = ORIENTED_EDGE ( 'NONE', *, *, #1197, .T. ) ;
#2979 = VECTOR ( 'NONE', #7941, 39.37007874015748143 ) ;
#2978 = DIRECTION ( 'NONE',  ( 0.000000000000000000, 1.000000000000000000, 0.000000000000000000 ) ) ;
#2980 = EDGE_LOOP ( 'NONE', ( #3048, #8584, #5632, #6203 ) ) ;
#2981 = CARTESIAN_POINT ( 'NONE',  ( -10.84999999999999787, 5.566929133858268486, 1.583070866141732536 ) ) ;
#2982 = ORIENTED_EDGE ( 'NONE', *, *, #6985, .T. ) ;
#2983 = DIRECTION ( 'NONE',  ( 0.000000000000000000, 0.000000000000000000, 1.000000000000000000 ) ) ;
#2984 = CARTESIAN_POINT ( 'NONE',  ( -6.400000000000001243, 5.664999999999999147, 0.2999999999999999889 ) ) ;
#2985 = AXIS2_PLACEMENT_3D ( 'NONE', #3455, #5673, #8608 ) ;
#2986 = CARTESIAN_POINT ( 'NONE',  ( -5.850000000000001421, 10.80000000000000071, 0.6550000000000004707 ) ) ;
#2987 = EDGE_CURVE ( 'NONE', #935, #4462, #3245, .T. ) ;
#2988 = DIRECTION ( 'NONE',  ( -1.000000000000000000, 0.000000000000000000, 0.000000000000000000 ) ) ;
#2989 = CIRCLE ( 'NONE', #3751, 0.1000000000000016709 ) ;
#2990 = EDGE_LOOP ( 'NONE', ( #763, #6995 ) ) ;
#2991 = CARTESIAN_POINT ( 'NONE',  ( -2.450000000000001066, 6.900000000000006573, 1.199999999999941558 ) ) ;
#2992 = VERTEX_POINT ( 'NONE', #6182 ) ;
#2993 = FACE_OUTER_BOUND ( 'NONE', #4087, .T. ) ;
#2994 = CARTESIAN_POINT ( 'NONE',  ( -2.925000000000001155, 7.730000000000000426, 0.2999999999999999889 ) ) ;
#2995 = DIRECTION ( 'NONE',  ( 1.000000000000000000, 0.000000000000000000, 0.000000000000000000 ) ) ;
#2996 = EDGE_CURVE ( 'NONE', #317, #1736, #1604, .T. ) ;
#2997 = CARTESIAN_POINT ( 'NONE',  ( -2.150000000000000799, 4.800000000000016698, 0.3999999999999207523 ) ) ;
#2998 = EDGE_CURVE ( 'NONE', #7020, #8839, #2646, .T. ) ;
#2999 = DIRECTION ( 'NONE',  ( 1.000000000000000000, 0.000000000000000000, -0.000000000000000000 ) ) ;
#3000 = ORIENTED_EDGE ( 'NONE', *, *, #5006, .T. ) ;
#3001 = CARTESIAN_POINT ( 'NONE',  ( -2.450000000000001510, 11.60000000000000142, 1.599999999999991651 ) ) ;
#3002 = VECTOR ( 'NONE', #9096, 39.37007874015748143 ) ;
#3003 = ORIENTED_EDGE ( 'NONE', *, *, #7338, .T. ) ;
#3004 = CARTESIAN_POINT ( 'NONE',  ( -2.150000000000001243, 8.099999999999999645, 1.599999999999953904 ) ) ;
#3005 = ORIENTED_EDGE ( 'NONE', *, *, #4370, .T. ) ;
#3006 = ORIENTED_EDGE ( 'NONE', *, *, #1350, .F. ) ;
#3007 = ORIENTED_EDGE ( 'NONE', *, *, #197, .F. ) ;
#3008 = CARTESIAN_POINT ( 'NONE',  ( -2.150000000000001243, 12.00000000000000178, 1.599999999999995870 ) ) ;
#3009 = DIRECTION ( 'NONE',  ( 1.000000000000000000, 6.070773319253920728E-17, -0.000000000000000000 ) ) ;
#3010 = EDGE_CURVE ( 'NONE', #3851, #5887, #3863, .T. ) ;
#3011 = PLANE ( 'NONE',  #1459 ) ;
#3012 = EDGE_LOOP ( 'NONE', ( #588, #4177, #4376, #3474 ) ) ;
#3013 = ORIENTED_EDGE ( 'NONE', *, *, #7629, .F. ) ;
#3014 = CARTESIAN_POINT ( 'NONE',  ( -2.450000000000001510, 12.50000000000001954, 0.3999999999999998557 ) ) ;
#3015 = EDGE_LOOP ( 'NONE', ( #2546, #8834 ) ) ;
#3016 = ADVANCED_FACE ( 'NONE', ( #214 ), #7556, .F. ) ;
#3017 = ORIENTED_EDGE ( 'NONE', *, *, #9229, .F. ) ;
#3018 = CARTESIAN_POINT ( 'NONE',  ( -5.850000000000001421, 8.010000000000003340, 0.5300000000000001377 ) ) ;
#3019 = CARTESIAN_POINT ( 'NONE',  ( -2.450000000000001066, 5.600000000000016520, 0.3999999999999290790 ) ) ;
#3020 = FACE_OUTER_BOUND ( 'NONE', #2488, .T. ) ;
#3021 = CARTESIAN_POINT ( 'NONE',  ( -8.299999999999998934, 4.000000000000000888, 1.000000000000000222 ) ) ;
#3022 = CARTESIAN_POINT ( 'NONE',  ( -2.150000000000001243, 7.700000000000000178, 0.8999999999999996891 ) ) ;
#3023 = VERTEX_POINT ( 'NONE', #2442 ) ;
#3024 = CARTESIAN_POINT ( 'NONE',  ( -11.14999999999999858, 4.300000000000000711, 0.3000000000000000999 ) ) ;
#3025 = ORIENTED_EDGE ( 'NONE', *, *, #3780, .F. ) ;
#3026 = EDGE_CURVE ( 'NONE', #7742, #9008, #6891, .T. ) ;
#3027 = CIRCLE ( 'NONE', #7249, 0.1000000000000005745 ) ;
#3028 = CARTESIAN_POINT ( 'NONE',  ( -2.450000000000001066, 4.700000000000010836, 0.7999999999999206635 ) ) ;
#3029 = ORIENTED_EDGE ( 'NONE', *, *, #9188, .T. ) ;
#3030 = FACE_OUTER_BOUND ( 'NONE', #353, .T. ) ;
#3031 = CARTESIAN_POINT ( 'NONE',  ( -5.700000000000001066, 10.80000000000000249, 1.539000000000000146 ) ) ;
#3032 = CARTESIAN_POINT ( 'NONE',  ( 0.000000000000000000, 0.000000000000000000, 0.4499999999999999556 ) ) ;
#3033 = CARTESIAN_POINT ( 'NONE',  ( -2.450000000000001066, 10.80000000000001847, 0.3999999999999831468 ) ) ;
#3034 = ORIENTED_EDGE ( 'NONE', *, *, #5776, .F. ) ;
#3035 = EDGE_CURVE ( 'NONE', #3265, #7806, #1135, .T. ) ;
#3036 = FACE_OUTER_BOUND ( 'NONE', #124, .T. ) ;
#3037 = EDGE_LOOP ( 'NONE', ( #9046, #6507, #2244, #6483 ) ) ;
#3038 = CYLINDRICAL_SURFACE ( 'NONE', #5669, 0.1000000000000005745 ) ;
#3039 = DIRECTION ( 'NONE',  ( 0.000000000000000000, 1.000000000000000000, 0.000000000000000000 ) ) ;
#3040 = CARTESIAN_POINT ( 'NONE',  ( -5.700000000000001066, 10.80000000000000071, 0.6550000000000004707 ) ) ;
#3041 = FACE_OUTER_BOUND ( 'NONE', #7306, .T. ) ;
#3042 = DIRECTION ( 'NONE',  ( 0.000000000000000000, 1.000000000000000000, 0.000000000000000000 ) ) ;
#3043 = ORIENTED_EDGE ( 'NONE', *, *, #158, .T. ) ;
#3044 = EDGE_CURVE ( 'NONE', #6013, #5958, #6886, .T. ) ;
#3045 = CARTESIAN_POINT ( 'NONE',  ( -2.450000000000001066, 4.300000000000005151, 1.199999999999916467 ) ) ;
#3046 = ORIENTED_EDGE ( 'NONE', *, *, #8801, .F. ) ;
#3047 = DIRECTION ( 'NONE',  ( 1.000000000000000000, 6.070773319253919496E-17, 0.000000000000000000 ) ) ;
#3048 = ORIENTED_EDGE ( 'NONE', *, *, #5270, .F. ) ;
#3049 = ORIENTED_EDGE ( 'NONE', *, *, #8707, .F. ) ;
#3050 = ADVANCED_FACE ( 'NONE', ( #1027 ), #4575, .F. ) ;
#3051 = CARTESIAN_POINT ( 'NONE',  ( -2.450000000000001066, 5.500000000000005329, 1.199999999999928901 ) ) ;
#3052 = DIRECTION ( 'NONE',  ( 0.000000000000000000, 1.000000000000000000, 0.000000000000000000 ) ) ;
#3053 = CARTESIAN_POINT ( 'NONE',  ( -8.550000000000000711, 5.764999999999997904, 0.4499999999999999556 ) ) ;
#3054 = EDGE_LOOP ( 'NONE', ( #5572, #3814, #7703, #2239 ) ) ;
#3055 = ORIENTED_EDGE ( 'NONE', *, *, #2699, .T. ) ;
#3056 = LINE ( 'NONE', #1649, #3089 ) ;
#3057 = VERTEX_POINT ( 'NONE', #8347 ) ;
#3058 = EDGE_CURVE ( 'NONE', #640, #2139, #5975, .T. ) ;
#3059 = ORIENTED_EDGE ( 'NONE', *, *, #7130, .F. ) ;
#3060 = EDGE_CURVE ( 'NONE', #3267, #6180, #5063, .T. ) ;
#3061 = CARTESIAN_POINT ( 'NONE',  ( -2.150000000000001243, 7.300000000000017586, 0.3999999999999457323 ) ) ;
#3062 = CARTESIAN_POINT ( 'NONE',  ( -2.450000000000001066, 4.300000000000000711, 1.599999999999916600 ) ) ;
#3063 = AXIS2_PLACEMENT_3D ( 'NONE', #3734, #2260, #168 ) ;
#3064 = DIRECTION ( 'NONE',  ( 1.000000000000000000, 6.070773319253920728E-17, -0.000000000000000000 ) ) ;
#3065 = CARTESIAN_POINT ( 'NONE',  ( -2.675000000000001599, 7.730000000000000426, 0.5000000000000000000 ) ) ;
#3066 = VERTEX_POINT ( 'NONE', #6703 ) ;
#3067 = LINE ( 'NONE', #2359, #2661 ) ;
#3068 = VECTOR ( 'NONE', #1342, 39.37007874015748143 ) ;
#3069 = ORIENTED_EDGE ( 'NONE', *, *, #3078, .F. ) ;
#3070 = AXIS2_PLACEMENT_3D ( 'NONE', #1114, #2490, #8178 ) ;
#3071 = CARTESIAN_POINT ( 'NONE',  ( -2.450000000000001066, 9.200000000000006395, 1.199999999999966427 ) ) ;
#3072 = EDGE_LOOP ( 'NONE', ( #812, #3025, #7452, #8985 ) ) ;
#3073 = DIRECTION ( 'NONE',  ( 1.000000000000000000, 0.000000000000000000, 0.000000000000000000 ) ) ;
#3074 = CYLINDRICAL_SURFACE ( 'NONE', #6576, 0.1000000000000016709 ) ;
#3075 = DIRECTION ( 'NONE',  ( 1.000000000000000000, 0.000000000000000000, 0.000000000000000000 ) ) ;
#3076 = AXIS2_PLACEMENT_3D ( 'NONE', #5013, #4083, #9192 ) ;
#3077 = DIRECTION ( 'NONE',  ( 0.000000000000000000, -0.000000000000000000, -1.000000000000000000 ) ) ;
#3078 = EDGE_CURVE ( 'NONE', #336, #2365, #2806, .T. ) ;
#3079 = VECTOR ( 'NONE', #4189, 39.37007874015748143 ) ;
#3080 = ORIENTED_EDGE ( 'NONE', *, *, #356, .T. ) ;
#3081 = CARTESIAN_POINT ( 'NONE',  ( -2.450000000000001066, 7.200000000000017053, 0.3999999999999457323 ) ) ;
#3082 = AXIS2_PLACEMENT_3D ( 'NONE', #8809, #8861, #8103 ) ;
#3083 = VERTEX_POINT ( 'NONE', #8974 ) ;
#3084 = CARTESIAN_POINT ( 'NONE',  ( -2.450000000000001066, 6.400000000000011902, 0.7999999999999374278 ) ) ;
#3085 = DIRECTION ( 'NONE',  ( 1.000000000000000000, 6.070773319253919496E-17, 0.000000000000000000 ) ) ;
#3086 = AXIS2_PLACEMENT_3D ( 'NONE', #4049, #4840, #574 ) ;
#3087 = DIRECTION ( 'NONE',  ( -1.000000000000000000, 0.000000000000000000, 0.000000000000000000 ) ) ;
#3088 = EDGE_CURVE ( 'NONE', #4996, #1074, #6362, .T. ) ;
#3089 = VECTOR ( 'NONE', #923, 39.37007874015748143 ) ;
#3090 = DIRECTION ( 'NONE',  ( -0.000000000000000000, -0.000000000000000000, 1.000000000000000000 ) ) ;
#3091 = CIRCLE ( 'NONE', #5652, 0.1249999999999999029 ) ;
#3092 = PLANE ( 'NONE',  #5523 ) ;
#3093 = VERTEX_POINT ( 'NONE', #4896 ) ;
#3094 = DIRECTION ( 'NONE',  ( 0.000000000000000000, 1.000000000000000000, 0.000000000000000000 ) ) ;
#3095 = ORIENTED_EDGE ( 'NONE', *, *, #1464, .F. ) ;
#3096 = DIRECTION ( 'NONE',  ( 0.000000000000000000, -1.000000000000000000, 0.000000000000000000 ) ) ;
#3097 = ORIENTED_EDGE ( 'NONE', *, *, #2666, .T. ) ;
#3098 = CIRCLE ( 'NONE', #8376, 0.1000000000000016709 ) ;
#3099 = ORIENTED_EDGE ( 'NONE', *, *, #1177, .F. ) ;
#3100 = FACE_BOUND ( 'NONE', #4056, .T. ) ;
#3101 = VECTOR ( 'NONE', #1663, 39.37007874015748143 ) ;
#3102 = EDGE_CURVE ( 'NONE', #1133, #9, #989, .T. ) ;
#3103 = DIRECTION ( 'NONE',  ( -1.000000000000000000, -5.463695987328527423E-16, -0.000000000000000000 ) ) ;
#3104 = CIRCLE ( 'NONE', #6130, 0.1000000000000005745 ) ;
#3105 = LINE ( 'NONE', #5993, #5243 ) ;
#3106 = VECTOR ( 'NONE', #2155, 39.37007874015748143 ) ;
#3107 = ORIENTED_EDGE ( 'NONE', *, *, #7790, .T. ) ;
#3108 = CARTESIAN_POINT ( 'NONE',  ( -2.450000000000001066, 10.70000000000001705, 0.3999999999999831468 ) ) ;
#3109 = ORIENTED_EDGE ( 'NONE', *, *, #6415, .T. ) ;
#3110 = EDGE_LOOP ( 'NONE', ( #786, #4574, #4017, #1722 ) ) ;
#3111 = FACE_OUTER_BOUND ( 'NONE', #8180, .T. ) ;
#3112 = DIRECTION ( 'NONE',  ( 1.000000000000000000, 6.070773319253919496E-17, 0.000000000000000000 ) ) ;
#3113 = AXIS2_PLACEMENT_3D ( 'NONE', #1428, #7252, #4414 ) ;
#3114 = CIRCLE ( 'NONE', #5381, 0.1225000000000017603 ) ;
#3115 = DIRECTION ( 'NONE',  ( 1.000000000000000000, 6.070773319253920728E-17, -0.000000000000000000 ) ) ;
#3116 = DIRECTION ( 'NONE',  ( -0.000000000000000000, -0.000000000000000000, -1.000000000000000000 ) ) ;
#3117 = EDGE_CURVE ( 'NONE', #2688, #8961, #1918, .T. ) ;
#3118 = ORIENTED_EDGE ( 'NONE', *, *, #6822, .F. ) ;
#3119 = CARTESIAN_POINT ( 'NONE',  ( -2.450000000000001066, 6.400000000000005684, 1.199999999999937339 ) ) ;
#3120 = AXIS2_PLACEMENT_3D ( 'NONE', #4681, #280, #3171 ) ;
#3121 = ORIENTED_EDGE ( 'NONE', *, *, #7477, .F. ) ;
#3122 = AXIS2_PLACEMENT_3D ( 'NONE', #5293, #1032, #78 ) ;
#3123 = AXIS2_PLACEMENT_3D ( 'NONE', #1835, #1931, #3306 ) ;
#3124 = CARTESIAN_POINT ( 'NONE',  ( -2.450000000000001510, 12.30000000000000959, 0.7999999999999998224 ) ) ;
#3125 = VERTEX_POINT ( 'NONE', #1348 ) ;
#3126 = FACE_OUTER_BOUND ( 'NONE', #8983, .T. ) ;
#3127 = CYLINDRICAL_SURFACE ( 'NONE', #517, 0.1000000000000016709 ) ;
#3128 = DIRECTION ( 'NONE',  ( -0.000000000000000000, -0.000000000000000000, -1.000000000000000000 ) ) ;
#3129 = CIRCLE ( 'NONE', #6296, 0.1000000000000016709 ) ;
#3130 = AXIS2_PLACEMENT_3D ( 'NONE', #2969, #5856, #8745 ) ;
#3131 = CARTESIAN_POINT ( 'NONE',  ( -2.450000000000001510, 13.00000000000000000, 2.000000000000000000 ) ) ;
#3132 = AXIS2_PLACEMENT_3D ( 'NONE', #4287, #5655, #2200 ) ;
#3133 = CIRCLE ( 'NONE', #251, 0.06899999999999945066 ) ;
#3134 = EDGE_CURVE ( 'NONE', #2648, #4451, #2767, .T. ) ;
#3135 = ORIENTED_EDGE ( 'NONE', *, *, #2666, .F. ) ;
#3136 = DIRECTION ( 'NONE',  ( 0.000000000000000000, 0.000000000000000000, -1.000000000000000000 ) ) ;
#3137 = AXIS2_PLACEMENT_3D ( 'NONE', #4293, #832, #684 ) ;
#3138 = DIRECTION ( 'NONE',  ( 1.000000000000000000, 6.070773319253919496E-17, 0.000000000000000000 ) ) ;
#3139 = FACE_OUTER_BOUND ( 'NONE', #4446, .T. ) ;
#3140 = DIRECTION ( 'NONE',  ( 0.000000000000000000, 1.000000000000000000, 0.000000000000000000 ) ) ;
#3141 = AXIS2_PLACEMENT_3D ( 'NONE', #5392, #8228, #1794 ) ;
#3142 = LINE ( 'NONE', #333, #6860 ) ;
#3143 = ORIENTED_EDGE ( 'NONE', *, *, #5820, .T. ) ;
#3144 = CARTESIAN_POINT ( 'NONE',  ( -5.850000000000001421, 8.010000000000003340, 0.5990000000000000879 ) ) ;
#3145 = EDGE_LOOP ( 'NONE', ( #1044, #6427 ) ) ;
#3146 = DIRECTION ( 'NONE',  ( -0.000000000000000000, 1.000000000000000000, -0.000000000000000000 ) ) ;
#3147 = EDGE_CURVE ( 'NONE', #5743, #3083, #1206, .T. ) ;
#3148 = DIRECTION ( 'NONE',  ( -0.000000000000000000, -0.000000000000000000, -1.000000000000000000 ) ) ;
#3149 = VERTEX_POINT ( 'NONE', #6407 ) ;
#3150 = CIRCLE ( 'NONE', #7065, 0.1000000000000005745 ) ;
#3151 = EDGE_LOOP ( 'NONE', ( #5105, #668, #7897, #7439, #5806 ) ) ;
#3152 = DIRECTION ( 'NONE',  ( 0.000000000000000000, 0.000000000000000000, -1.000000000000000000 ) ) ;
#3153 = DIRECTION ( 'NONE',  ( 1.000000000000000000, 6.070773319253919496E-17, 0.000000000000000000 ) ) ;
#3154 = CARTESIAN_POINT ( 'NONE',  ( -6.500000000000000888, 7.434999999999998721, 0.4499999999999999556 ) ) ;
#3155 = VERTEX_POINT ( 'NONE', #7075 ) ;
#3156 = CARTESIAN_POINT ( 'NONE',  ( -5.150000000000000355, 12.80000000000000071, 1.624999999999999778 ) ) ;
#3157 = EDGE_CURVE ( 'NONE', #3377, #8408, #2344, .T. ) ;
#3158 = ORIENTED_EDGE ( 'NONE', *, *, #2826, .T. ) ;
#3159 = ORIENTED_EDGE ( 'NONE', *, *, #658, .F. ) ;
#3160 = CARTESIAN_POINT ( 'NONE',  ( -2.450000000000001066, 4.700000000000004619, 1.199999999999920686 ) ) ;
#3161 = CARTESIAN_POINT ( 'NONE',  ( -2.450000000000001510, 13.00000000000000000, 0.3000000000000000999 ) ) ;
#3162 = CARTESIAN_POINT ( 'NONE',  ( -2.150000000000001243, 8.900000000000007461, 1.199999999999962430 ) ) ;
#3163 = LINE ( 'NONE', #6803, #7169 ) ;
#3164 = VERTEX_POINT ( 'NONE', #8398 ) ;
#3165 = DIRECTION ( 'NONE',  ( 0.000000000000000000, 0.000000000000000000, 1.000000000000000000 ) ) ;
#3166 = EDGE_LOOP ( 'NONE', ( #1873, #2560, #6380, #5132 ) ) ;
#3167 = ADVANCED_FACE ( 'NONE', ( #7694 ), #4848, .F. ) ;
#3168 = ORIENTED_EDGE ( 'NONE', *, *, #8267, .F. ) ;
#3169 = LINE ( 'NONE', #225, #8130 ) ;
#3170 = ORIENTED_EDGE ( 'NONE', *, *, #8956, .F. ) ;
#3171 = DIRECTION ( 'NONE',  ( 1.000000000000000000, 0.000000000000000000, 0.000000000000000000 ) ) ;
#3172 = FACE_BOUND ( 'NONE', #1083, .T. ) ;
#3173 = CARTESIAN_POINT ( 'NONE',  ( -2.700000000000000622, 4.550000000000000711, 0.000000000000000000 ) ) ;
#3174 = EDGE_CURVE ( 'NONE', #5323, #7371, #3558, .T. ) ;
#3175 = FACE_BOUND ( 'NONE', #6799, .T. ) ;
#3176 = CIRCLE ( 'NONE', #148, 0.4999999999999996669 ) ;
#3177 = VERTEX_POINT ( 'NONE', #6938 ) ;
#3178 = DIRECTION ( 'NONE',  ( 0.000000000000000000, 1.000000000000000000, 0.000000000000000000 ) ) ;
#3179 = ORIENTED_EDGE ( 'NONE', *, *, #3943, .F. ) ;
#3180 = DIRECTION ( 'NONE',  ( -1.000000000000000000, -0.000000000000000000, -0.000000000000000000 ) ) ;
#3181 = EDGE_CURVE ( 'NONE', #4078, #1363, #4142, .T. ) ;
#3182 = CARTESIAN_POINT ( 'NONE',  ( -2.450000000000001066, 8.699999999999999289, 1.599999999999962341 ) ) ;
#3183 = ADVANCED_FACE ( 'NONE', ( #8539 ), #6980, .F. ) ;
#3184 = FACE_OUTER_BOUND ( 'NONE', #3644, .T. ) ;
#3185 = EDGE_CURVE ( 'NONE', #3251, #698, #4174, .T. ) ;
#3186 = ORIENTED_EDGE ( 'NONE', *, *, #1019, .T. ) ;
#3187 = CARTESIAN_POINT ( 'NONE',  ( -2.150000000000001243, 6.800000000000000711, 1.599999999999941691 ) ) ;
#3188 = ORIENTED_EDGE ( 'NONE', *, *, #5549, .F. ) ;
#3189 = AXIS2_PLACEMENT_3D ( 'NONE', #9041, #2504, #1040 ) ;
#3190 = DIRECTION ( 'NONE',  ( 0.000000000000000000, -0.000000000000000000, 1.000000000000000000 ) ) ;
#3191 = DIRECTION ( 'NONE',  ( 0.000000000000000000, 1.000000000000000000, 0.000000000000000000 ) ) ;
#3192 = ORIENTED_EDGE ( 'NONE', *, *, #2753, .T. ) ;
#3193 = EDGE_LOOP ( 'NONE', ( #4236, #8689 ) ) ;
#3194 = CARTESIAN_POINT ( 'NONE',  ( -2.700000000000000622, 12.44999999999999929, 0.2999999999999999889 ) ) ;
#3195 = CARTESIAN_POINT ( 'NONE',  ( -2.150000000000001243, 10.80000000000001847, 0.3999999999999831468 ) ) ;
#3196 = ADVANCED_FACE ( 'NONE', ( #7119 ), #537, .T. ) ;
#3197 = CARTESIAN_POINT ( 'NONE',  ( -5.912500000000002309, 12.65000000000000213, 2.000000000000000000 ) ) ;
#3198 = CYLINDRICAL_SURFACE ( 'NONE', #5497, 0.1000000000000005745 ) ;
#3199 = ORIENTED_EDGE ( 'NONE', *, *, #4425, .F. ) ;
#3200 = AXIS2_PLACEMENT_3D ( 'NONE', #7965, #5122, #2805 ) ;
#3201 = ORIENTED_EDGE ( 'NONE', *, *, #3780, .T. ) ;
#3202 = DIRECTION ( 'NONE',  ( 0.000000000000000000, 1.000000000000000000, 0.000000000000000000 ) ) ;
#3203 = FACE_OUTER_BOUND ( 'NONE', #941, .T. ) ;
#3204 = ADVANCED_FACE ( 'NONE', ( #484 ), #3520, .F. ) ;
#3205 = VECTOR ( 'NONE', #610, 39.37007874015748143 ) ;
#3206 = CARTESIAN_POINT ( 'NONE',  ( -2.450000000000001510, 13.00000000000000000, 0.3000000000000000999 ) ) ;
#3207 = CARTESIAN_POINT ( 'NONE',  ( -2.450000000000001066, 5.600000000000016520, 0.3999999999999290790 ) ) ;
#3208 = ORIENTED_EDGE ( 'NONE', *, *, #8875, .T. ) ;
#3209 = ORIENTED_EDGE ( 'NONE', *, *, #5168, .F. ) ;
#3210 = DIRECTION ( 'NONE',  ( 1.000000000000000000, 0.000000000000000000, 0.000000000000000000 ) ) ;
#3211 = EDGE_LOOP ( 'NONE', ( #7855, #3515 ) ) ;
#3212 = CARTESIAN_POINT ( 'NONE',  ( -2.450000000000001066, 10.40000000000000036, 1.599999999999979217 ) ) ;
#3213 = DIRECTION ( 'NONE',  ( 0.000000000000000000, -1.000000000000000000, 0.000000000000000000 ) ) ;
#3214 = CIRCLE ( 'NONE', #7444, 0.1249999999999999029 ) ;
#3215 = CARTESIAN_POINT ( 'NONE',  ( -2.450000000000001066, 4.400000000000005684, 1.199999999999916467 ) ) ;
#3216 = DIRECTION ( 'NONE',  ( 6.070773319253919496E-17, -1.000000000000000000, 0.000000000000000000 ) ) ;
#3217 = EDGE_CURVE ( 'NONE', #1648, #6498, #2960, .T. ) ;
#3218 = VECTOR ( 'NONE', #4628, 39.37007874015748143 ) ;
#3219 = ORIENTED_EDGE ( 'NONE', *, *, #2048, .F. ) ;
#3220 = DIRECTION ( 'NONE',  ( 1.000000000000000000, 6.070773319253920728E-17, -0.000000000000000000 ) ) ;
#3221 = EDGE_LOOP ( 'NONE', ( #8173, #5171 ) ) ;
#3222 = CARTESIAN_POINT ( 'NONE',  ( -2.450000000000001066, 4.500000000000016875, 0.3999999999999165334 ) ) ;
#3223 = AXIS2_PLACEMENT_3D ( 'NONE', #1382, #1956, #4275 ) ;
#3224 = LINE ( 'NONE', #5214, #741 ) ;
#3225 = DIRECTION ( 'NONE',  ( -1.000000000000000000, -5.463695987328527423E-16, 0.000000000000000000 ) ) ;
#3226 = CIRCLE ( 'NONE', #6387, 0.06889763779527564858 ) ;
#3227 = EDGE_LOOP ( 'NONE', ( #8609, #5711, #432, #4374 ) ) ;
#3228 = EDGE_CURVE ( 'NONE', #2139, #4141, #5509, .T. ) ;
#3229 = CARTESIAN_POINT ( 'NONE',  ( -2.731000000000001204, 10.00000000000000000, 0.5000000000000000000 ) ) ;
#3230 = EDGE_LOOP ( 'NONE', ( #5769, #8675, #1758, #4140 ) ) ;
#3231 = CARTESIAN_POINT ( 'NONE',  ( -2.450000000000001066, 6.900000000000001243, 1.599999999999941691 ) ) ;
#3232 = FACE_BOUND ( 'NONE', #5292, .T. ) ;
#3233 = ORIENTED_EDGE ( 'NONE', *, *, #3181, .F. ) ;
#3234 = ORIENTED_EDGE ( 'NONE', *, *, #8302, .T. ) ;
#3235 = DIRECTION ( 'NONE',  ( 0.000000000000000000, 1.000000000000000000, 0.000000000000000000 ) ) ;
#3236 = CIRCLE ( 'NONE', #6397, 0.1225000000000017603 ) ;
#3237 = DIRECTION ( 'NONE',  ( -0.000000000000000000, -0.000000000000000000, -1.000000000000000000 ) ) ;
#3238 = EDGE_CURVE ( 'NONE', #6013, #2709, #1963, .T. ) ;
#3239 = CARTESIAN_POINT ( 'NONE',  ( -2.450000000000001066, 6.800000000000016698, 0.3999999999999415135 ) ) ;
#3240 = CIRCLE ( 'NONE', #8370, 0.1000000000000005745 ) ;
#3241 = DIRECTION ( 'NONE',  ( 1.000000000000000000, 6.070773319253920728E-17, -0.000000000000000000 ) ) ;
#3242 = ORIENTED_EDGE ( 'NONE', *, *, #2184, .F. ) ;
#3243 = AXIS2_PLACEMENT_3D ( 'NONE', #9110, #2582, #8978 ) ;
#3244 = VERTEX_POINT ( 'NONE', #8446 ) ;
#3245 = LINE ( 'NONE', #6755, #1288 ) ;
#3246 = CIRCLE ( 'NONE', #5663, 0.08750000000000063283 ) ;
#3247 = DIRECTION ( 'NONE',  ( -1.000000000000000000, 0.000000000000000000, 0.000000000000000000 ) ) ;
#3248 = DIRECTION ( 'NONE',  ( -6.070773319253919496E-17, 1.000000000000000000, -0.000000000000000000 ) ) ;
#3249 = LINE ( 'NONE', #6983, #5389 ) ;
#3250 = ORIENTED_EDGE ( 'NONE', *, *, #5409, .T. ) ;
#3251 = VERTEX_POINT ( 'NONE', #6321 ) ;
#3252 = DIRECTION ( 'NONE',  ( 0.000000000000000000, 1.000000000000000000, 0.000000000000000000 ) ) ;
#3253 = AXIS2_PLACEMENT_3D ( 'NONE', #3698, #6583, #100 ) ;
#3254 = ORIENTED_EDGE ( 'NONE', *, *, #5224, .T. ) ;
#3255 = CARTESIAN_POINT ( 'NONE',  ( -5.700000000000001066, 8.010000000000003340, 1.470000000000001084 ) ) ;
#3256 = FACE_BOUND ( 'NONE', #6675, .T. ) ;
#3257 = ADVANCED_FACE ( 'NONE', ( #1589 ), #1438, .F. ) ;
#3258 = AXIS2_PLACEMENT_3D ( 'NONE', #3819, #1692, #7457 ) ;
#3259 = FACE_OUTER_BOUND ( 'NONE', #5032, .T. ) ;
#3260 = FACE_OUTER_BOUND ( 'NONE', #3636, .T. ) ;
#3261 = CIRCLE ( 'NONE', #8698, 0.1000000000000005745 ) ;
#3262 = AXIS2_PLACEMENT_3D ( 'NONE', #3119, #8796, #8224 ) ;
#3264 = AXIS2_PLACEMENT_3D ( 'NONE', #2394, #6881, #3810 ) ;
#3263 = DIRECTION ( 'NONE',  ( 0.000000000000000000, 0.000000000000000000, -1.000000000000000000 ) ) ;
#3265 = VERTEX_POINT ( 'NONE', #157 ) ;
#3266 = DIRECTION ( 'NONE',  ( 0.000000000000000000, 1.000000000000000000, 0.000000000000000000 ) ) ;
#3267 = VERTEX_POINT ( 'NONE', #3051 ) ;
#3268 = DIRECTION ( 'NONE',  ( 1.000000000000000000, 6.070773319253919496E-17, 0.000000000000000000 ) ) ;
#3269 = EDGE_CURVE ( 'NONE', #5563, #3300, #2956, .T. ) ;
#3270 = AXIS2_PLACEMENT_3D ( 'NONE', #4401, #3686, #6480 ) ;
#3271 = CARTESIAN_POINT ( 'NONE',  ( -2.450000000000001510, 12.50000000000001954, 0.3999999999999998557 ) ) ;
#3272 = AXIS2_PLACEMENT_3D ( 'NONE', #7122, #2065, #5792 ) ;
#3273 = DIRECTION ( 'NONE',  ( 1.000000000000000000, 6.070773319253920728E-17, -0.000000000000000000 ) ) ;
#3274 = AXIS2_PLACEMENT_3D ( 'NONE', #6508, #3729, #7270 ) ;
#3275 = VERTEX_POINT ( 'NONE', #8735 ) ;
#3276 = CARTESIAN_POINT ( 'NONE',  ( -2.450000000000001066, 6.300000000000016698, 0.3999999999999374056 ) ) ;
#3277 = CIRCLE ( 'NONE', #8570, 0.1000000000000005745 ) ;
#3278 = EDGE_LOOP ( 'NONE', ( #3451, #7835 ) ) ;
#3279 = FACE_BOUND ( 'NONE', #4233, .T. ) ;
#3280 = LINE ( 'NONE', #7106, #6604 ) ;
#3282 = VERTEX_POINT ( 'NONE', #7308 ) ;
#3281 = EDGE_CURVE ( 'NONE', #6890, #4737, #4020, .T. ) ;
#3283 = DIRECTION ( 'NONE',  ( 1.000000000000000000, 6.070773319253919496E-17, 0.000000000000000000 ) ) ;
#3284 = FACE_BOUND ( 'NONE', #4377, .T. ) ;
#3285 = VECTOR ( 'NONE', #1465, 39.37007874015748143 ) ;
#3286 = EDGE_CURVE ( 'NONE', #4554, #3664, #2247, .T. ) ;
#3287 = CARTESIAN_POINT ( 'NONE',  ( -4.710000000000000853, 10.00000000000000000, 0.2999999999999999889 ) ) ;
#3288 = CARTESIAN_POINT ( 'NONE',  ( -2.450000000000001066, 6.000000000000000888, 1.599999999999933253 ) ) ;
#3289 = AXIS2_PLACEMENT_3D ( 'NONE', #278, #6188, #7424 ) ;
#3290 = ORIENTED_EDGE ( 'NONE', *, *, #5090, .F. ) ;
#3291 = CARTESIAN_POINT ( 'NONE',  ( -2.150000000000000799, 5.600000000000016520, 0.3999999999999290790 ) ) ;
#3292 = ORIENTED_EDGE ( 'NONE', *, *, #7204, .T. ) ;
#3293 = ORIENTED_EDGE ( 'NONE', *, *, #1631, .F. ) ;
#3294 = DIRECTION ( 'NONE',  ( 1.000000000000000000, 6.070773319253919496E-17, 0.000000000000000000 ) ) ;
#3295 = ADVANCED_FACE ( 'NONE', ( #765 ), #8633, .F. ) ;
#3296 = DIRECTION ( 'NONE',  ( 0.000000000000000000, 1.000000000000000000, 0.000000000000000000 ) ) ;
#3297 = CARTESIAN_POINT ( 'NONE',  ( -2.450000000000001066, 4.699999999999999289, 1.599999999999920597 ) ) ;
#3298 = DIRECTION ( 'NONE',  ( 0.000000000000000000, 1.000000000000000000, 0.000000000000000000 ) ) ;
#3299 = EDGE_CURVE ( 'NONE', #3777, #6785, #5085, .T. ) ;
#3300 = VERTEX_POINT ( 'NONE', #2144 ) ;
#3301 = ORIENTED_EDGE ( 'NONE', *, *, #2280, .T. ) ;
#3302 = DIRECTION ( 'NONE',  ( 0.000000000000000000, 1.000000000000000000, 0.000000000000000000 ) ) ;
#3303 = EDGE_LOOP ( 'NONE', ( #3710, #1397 ) ) ;
#3304 = DIRECTION ( 'NONE',  ( 1.000000000000000000, 0.000000000000000000, 0.000000000000000000 ) ) ;
#3305 = FACE_BOUND ( 'NONE', #2079, .T. ) ;
#3306 = DIRECTION ( 'NONE',  ( 2.324977015884479041E-16, -1.000000000000000000, 0.000000000000000000 ) ) ;
#3307 = CARTESIAN_POINT ( 'NONE',  ( -6.150000000000000355, 12.80000000000000071, 0.000000000000000000 ) ) ;
#3308 = AXIS2_PLACEMENT_3D ( 'NONE', #1337, #7771, #5594 ) ;
#3309 = ADVANCED_FACE ( 'NONE', ( #9350 ), #7977, .F. ) ;
#3310 = DIRECTION ( 'NONE',  ( 0.000000000000000000, 1.000000000000000000, 0.000000000000000000 ) ) ;
#3311 = ORIENTED_EDGE ( 'NONE', *, *, #6930, .T. ) ;
#3312 = FACE_OUTER_BOUND ( 'NONE', #8075, .T. ) ;
#3313 = EDGE_LOOP ( 'NONE', ( #3594, #696 ) ) ;
#3314 = DIRECTION ( 'NONE',  ( -0.000000000000000000, 1.000000000000000000, 1.484699996556664793E-16 ) ) ;
#3315 = SHAPE_DEFINITION_REPRESENTATION ( #438, #2327 ) ;
#3316 = CARTESIAN_POINT ( 'NONE',  ( -2.822500000000002451, 12.44999999999999929, 0.2999999999999999889 ) ) ;
#3317 = EDGE_CURVE ( 'NONE', #3300, #7719, #4333, .T. ) ;
#3318 = ORIENTED_EDGE ( 'NONE', *, *, #8529, .T. ) ;
#3319 = DIRECTION ( 'NONE',  ( 0.000000000000000000, 1.000000000000000000, 0.000000000000000000 ) ) ;
#3320 = ORIENTED_EDGE ( 'NONE', *, *, #5629, .T. ) ;
#3321 = CARTESIAN_POINT ( 'NONE',  ( -2.450000000000001066, 10.30000000000000604, 1.199999999999979083 ) ) ;
#3322 = DIRECTION ( 'NONE',  ( 1.000000000000000000, 6.070773319253920728E-17, -0.000000000000000000 ) ) ;
#3323 = VECTOR ( 'NONE', #8049, 39.37007874015748143 ) ;
#3324 = DIRECTION ( 'NONE',  ( -0.000000000000000000, -1.000000000000000000, -0.000000000000000000 ) ) ;
#3325 = FACE_BOUND ( 'NONE', #24, .T. ) ;
#3326 = DIRECTION ( 'NONE',  ( 1.000000000000000000, 6.070773319253920728E-17, -0.000000000000000000 ) ) ;
#3327 = ADVANCED_FACE ( 'NONE', ( #1537 ), #5787, .F. ) ;
#3328 = ORIENTED_EDGE ( 'NONE', *, *, #5431, .F. ) ;
#3329 = CARTESIAN_POINT ( 'NONE',  ( -2.150000000000000799, 5.600000000000016520, 0.3999999999999290790 ) ) ;
#3330 = ADVANCED_FACE ( 'NONE', ( #117 ), #3573, .F. ) ;
#3331 = EDGE_CURVE ( 'NONE', #1533, #8950, #8253, .T. ) ;
#3332 = DIRECTION ( 'NONE',  ( 0.000000000000000000, 1.000000000000000000, 0.000000000000000000 ) ) ;
#3333 = EDGE_LOOP ( 'NONE', ( #6440, #8326, #1642, #7147 ) ) ;
#3334 = ORIENTED_EDGE ( 'NONE', *, *, #7397, .T. ) ;
#3335 = CARTESIAN_POINT ( 'NONE',  ( -2.450000000000001066, 5.200000000000010836, 0.7999999999999247713 ) ) ;
#3336 = CARTESIAN_POINT ( 'NONE',  ( -2.450000000000001066, 8.400000000000000355, 1.599999999999958344 ) ) ;
#3337 = CARTESIAN_POINT ( 'NONE',  ( -8.550000000000000711, 5.764999999999997904, 0.2999999999999999889 ) ) ;
#3338 = CARTESIAN_POINT ( 'NONE',  ( -2.675000000000001599, 7.730000000000000426, 0.5000000000000000000 ) ) ;
#3339 = EDGE_CURVE ( 'NONE', #2137, #1889, #8701, .T. ) ;
#3340 = ORIENTED_EDGE ( 'NONE', *, *, #4850, .T. ) ;
#3341 = EDGE_CURVE ( 'NONE', #4866, #2968, #1493, .T. ) ;
#3342 = ORIENTED_EDGE ( 'NONE', *, *, #3044, .F. ) ;
#3343 = DIRECTION ( 'NONE',  ( 1.000000000000000000, 0.000000000000000000, 0.000000000000000000 ) ) ;
#3344 = EDGE_LOOP ( 'NONE', ( #3000, #6516 ) ) ;
#3345 = CARTESIAN_POINT ( 'NONE',  ( -2.150000000000001243, 11.70000000000000995, 1.199999999999991518 ) ) ;
#3346 = DIRECTION ( 'NONE',  ( 6.070773319253919496E-17, -1.000000000000000000, 0.000000000000000000 ) ) ;
#3347 = DIRECTION ( 'NONE',  ( 1.000000000000000000, 6.070773319253919496E-17, 0.000000000000000000 ) ) ;
#3348 = EDGE_CURVE ( 'NONE', #2722, #2860, #8779, .T. ) ;
#3349 =( LENGTH_UNIT ( ) NAMED_UNIT ( * ) SI_UNIT ( $, .METRE. ) );
#3350 = ORIENTED_EDGE ( 'NONE', *, *, #5237, .F. ) ;
#3351 = DIRECTION ( 'NONE',  ( 1.000000000000000000, 6.070773319253919496E-17, 0.000000000000000000 ) ) ;
#3352 = ORIENTED_EDGE ( 'NONE', *, *, #7044, .F. ) ;
#3353 = CARTESIAN_POINT ( 'NONE',  ( -2.450000000000001510, 12.40000000000001812, 0.3999999999999998557 ) ) ;
#3354 = CARTESIAN_POINT ( 'NONE',  ( -2.150000000000001243, 11.60000000000000675, 1.199999999999991518 ) ) ;
#3355 = EDGE_LOOP ( 'NONE', ( #1386, #3725, #7833, #2911 ) ) ;
#3356 = CARTESIAN_POINT ( 'NONE',  ( -2.150000000000000799, 12.80000000000000071, 0.000000000000000000 ) ) ;
#3357 = EDGE_CURVE ( 'NONE', #2378, #5432, #2199, .T. ) ;
#3358 = CIRCLE ( 'NONE', #2458, 0.1249999999999999029 ) ;
#3359 = FACE_OUTER_BOUND ( 'NONE', #932, .T. ) ;
#3360 = VERTEX_POINT ( 'NONE', #7163 ) ;
#3361 = LINE ( 'NONE', #3415, #8060 ) ;
#3362 = CIRCLE ( 'NONE', #6994, 0.1000000000000005745 ) ;
#3363 = ORIENTED_EDGE ( 'NONE', *, *, #9196, .F. ) ;
#3364 = DIRECTION ( 'NONE',  ( 1.000000000000000000, 6.070773319253920728E-17, -0.000000000000000000 ) ) ;
#3365 = CARTESIAN_POINT ( 'NONE',  ( -2.450000000000001066, 5.900000000000011013, 0.7999999999999330980 ) ) ;
#3366 = CIRCLE ( 'NONE', #2309, 0.1000000000000005745 ) ;
#3367 = DIRECTION ( 'NONE',  ( 1.000000000000000000, 0.000000000000000000, 0.000000000000000000 ) ) ;
#3368 = FACE_BOUND ( 'NONE', #8296, .T. ) ;
#3369 = EDGE_CURVE ( 'NONE', #6613, #8923, #5828, .T. ) ;
#3370 = VECTOR ( 'NONE', #3805, 39.37007874015748143 ) ;
#3371 = CARTESIAN_POINT ( 'NONE',  ( -2.450000000000001066, 7.200000000000011724, 0.7999999999999457545 ) ) ;
#3372 = AXIS2_PLACEMENT_3D ( 'NONE', #1440, #6607, #4529 ) ;
#3373 = FACE_OUTER_BOUND ( 'NONE', #4594, .T. ) ;
#3374 = ORIENTED_EDGE ( 'NONE', *, *, #3044, .T. ) ;
#3375 = CARTESIAN_POINT ( 'NONE',  ( -2.150000000000001243, 8.500000000000000000, 1.599999999999958344 ) ) ;
#3376 = DIRECTION ( 'NONE',  ( 0.000000000000000000, 1.000000000000000000, 0.000000000000000000 ) ) ;
#3377 = VERTEX_POINT ( 'NONE', #304 ) ;
#3378 = ORIENTED_EDGE ( 'NONE', *, *, #1764, .T. ) ;
#3379 = DIRECTION ( 'NONE',  ( -1.000000000000000000, -5.463695987328527423E-16, -0.000000000000000000 ) ) ;
#3380 = EDGE_CURVE ( 'NONE', #4138, #4632, #394, .T. ) ;
#3381 = AXIS2_PLACEMENT_3D ( 'NONE', #3802, #8867, #6027 ) ;
#3382 = CARTESIAN_POINT ( 'NONE',  ( -10.72249999999999837, 4.550000000000000711, 0.000000000000000000 ) ) ;
#3383 = CARTESIAN_POINT ( 'NONE',  ( -5.700000000000001066, 8.010000000000003340, 0.4050000000000001932 ) ) ;
#3384 = AXIS2_PLACEMENT_3D ( 'NONE', #6216, #9023, #7591 ) ;
#3385 = CARTESIAN_POINT ( 'NONE',  ( -4.800000000000001599, 6.950000000000001954, 0.2999999999999999889 ) ) ;
#3386 = CIRCLE ( 'NONE', #3696, 0.1224999999999995814 ) ;
#3387 = EDGE_LOOP ( 'NONE', ( #5728, #2721 ) ) ;
#3388 = VERTEX_POINT ( 'NONE', #257 ) ;
#3389 = DIRECTION ( 'NONE',  ( -1.000000000000000000, 0.000000000000000000, 0.000000000000000000 ) ) ;
#3390 = ORIENTED_EDGE ( 'NONE', *, *, #1441, .F. ) ;
#3391 = DIRECTION ( 'NONE',  ( 0.000000000000000000, 1.000000000000000000, 0.000000000000000000 ) ) ;
#3392 = DIRECTION ( 'NONE',  ( 0.000000000000000000, 1.000000000000000000, 0.000000000000000000 ) ) ;
#3393 = AXIS2_PLACEMENT_3D ( 'NONE', #53, #154, #5315 ) ;
#3394 = CARTESIAN_POINT ( 'NONE',  ( -2.450000000000001066, 5.900000000000011013, 0.7999999999999330980 ) ) ;
#3395 = AXIS2_PLACEMENT_3D ( 'NONE', #2114, #4998, #5662 ) ;
#3396 = EDGE_CURVE ( 'NONE', #3083, #1460, #5680, .T. ) ;
#3397 = DIRECTION ( 'NONE',  ( 1.000000000000000000, 6.070773319253920728E-17, -0.000000000000000000 ) ) ;
#3398 = EDGE_CURVE ( 'NONE', #6924, #2042, #3114, .T. ) ;
#3399 = ORIENTED_EDGE ( 'NONE', *, *, #2019, .F. ) ;
#3400 = LINE ( 'NONE', #9181, #5095 ) ;
#3401 = CIRCLE ( 'NONE', #6579, 0.1000000000000016709 ) ;
#3402 = EDGE_LOOP ( 'NONE', ( #4993, #7846 ) ) ;
#3403 = LINE ( 'NONE', #9224, #1412 ) ;
#3404 = AXIS2_PLACEMENT_3D ( 'NONE', #7786, #4947, #7839 ) ;
#3405 = DIRECTION ( 'NONE',  ( 1.000000000000000000, 6.070773319253919496E-17, 0.000000000000000000 ) ) ;
#3406 = ORIENTED_EDGE ( 'NONE', *, *, #2510, .F. ) ;
#3407 = DIRECTION ( 'NONE',  ( 1.000000000000000000, 6.070773319253919496E-17, 0.000000000000000000 ) ) ;
#3408 = CARTESIAN_POINT ( 'NONE',  ( -2.700000000000000622, 4.550000000000000711, 0.000000000000000000 ) ) ;
#3409 = AXIS2_PLACEMENT_3D ( 'NONE', #4030, #6917, #4079 ) ;
#3410 = EDGE_CURVE ( 'NONE', #1841, #2794, #5367, .T. ) ;
#3411 = CIRCLE ( 'NONE', #7039, 0.06899999999999972822 ) ;
#3412 = VECTOR ( 'NONE', #1248, 39.37007874015748143 ) ;
#3413 = DIRECTION ( 'NONE',  ( -1.000000000000000000, 0.000000000000000000, 0.000000000000000000 ) ) ;
#3414 = ORIENTED_EDGE ( 'NONE', *, *, #3078, .T. ) ;
#3415 = CARTESIAN_POINT ( 'NONE',  ( -9.680768314573423794, 5.498031496062993462, 0.7169291338582677309 ) ) ;
#3416 = EDGE_CURVE ( 'NONE', #4889, #303, #6894, .T. ) ;
#3417 = VECTOR ( 'NONE', #2452, 39.37007874015748143 ) ;
#3418 = VERTEX_POINT ( 'NONE', #5987 ) ;
#3419 = CARTESIAN_POINT ( 'NONE',  ( -5.722500000000001030, 12.44999999999999929, 0.000000000000000000 ) ) ;
#3420 = AXIS2_PLACEMENT_3D ( 'NONE', #4711, #1069, #9165 ) ;
#3421 = DIRECTION ( 'NONE',  ( 1.000000000000000000, 6.070773319253920728E-17, -0.000000000000000000 ) ) ;
#3422 = CIRCLE ( 'NONE', #7194, 0.1249999999999999029 ) ;
#3423 = CARTESIAN_POINT ( 'NONE',  ( -2.150000000000001243, 11.50000000000001066, 0.7999999999999914957 ) ) ;
#3424 = AXIS2_PLACEMENT_3D ( 'NONE', #3018, #4997, #3672 ) ;
#3425 = DIRECTION ( 'NONE',  ( 0.000000000000000000, 1.000000000000000000, 0.000000000000000000 ) ) ;
#3426 = AXIS2_PLACEMENT_3D ( 'NONE', #207, #8832, #6608 ) ;
#3427 = VECTOR ( 'NONE', #602, 39.37007874015748143 ) ;
#3428 = FACE_OUTER_BOUND ( 'NONE', #3333, .T. ) ;
#3429 = ORIENTED_EDGE ( 'NONE', *, *, #9277, .T. ) ;
#3430 = EDGE_CURVE ( 'NONE', #4280, #7875, #7406, .T. ) ;
#3431 = CARTESIAN_POINT ( 'NONE',  ( -2.450000000000001066, 5.600000000000016520, 0.3000000000000000999 ) ) ;
#3432 = ORIENTED_EDGE ( 'NONE', *, *, #3147, .T. ) ;
#3433 = CARTESIAN_POINT ( 'NONE',  ( -2.150000000000001243, 12.00000000000001243, 0.7999999999999957145 ) ) ;
#3434 = ORIENTED_EDGE ( 'NONE', *, *, #2826, .F. ) ;
#3435 = ORIENTED_EDGE ( 'NONE', *, *, #919, .T. ) ;
#3436 = DIRECTION ( 'NONE',  ( -0.000000000000000000, -0.000000000000000000, -1.000000000000000000 ) ) ;
#3437 = CIRCLE ( 'NONE', #4173, 0.1000000000000016709 ) ;
#3438 = CYLINDRICAL_SURFACE ( 'NONE', #5626, 0.1000000000000005745 ) ;
#3439 = AXIS2_PLACEMENT_3D ( 'NONE', #4766, #8412, #452 ) ;
#3440 = EDGE_CURVE ( 'NONE', #7806, #3265, #6589, .T. ) ;
#3441 = FACE_OUTER_BOUND ( 'NONE', #2254, .T. ) ;
#3442 = EDGE_LOOP ( 'NONE', ( #3829, #2553 ) ) ;
#3443 = ORIENTED_EDGE ( 'NONE', *, *, #1360, .T. ) ;
#3444 = LINE ( 'NONE', #4244, #1641 ) ;
#3445 = ORIENTED_EDGE ( 'NONE', *, *, #3357, .F. ) ;
#3446 = DIRECTION ( 'NONE',  ( 0.000000000000000000, 0.000000000000000000, 1.000000000000000000 ) ) ;
#3447 = DIRECTION ( 'NONE',  ( 1.000000000000000000, 6.070773319253920728E-17, -0.000000000000000000 ) ) ;
#3448 = CARTESIAN_POINT ( 'NONE',  ( -5.600000000000001421, 12.44999999999999929, 0.2999999999999999889 ) ) ;
#3449 = CARTESIAN_POINT ( 'NONE',  ( -2.450000000000001510, 11.90000000000000568, 1.199999999999995737 ) ) ;
#3451 = ORIENTED_EDGE ( 'NONE', *, *, #8048, .T. ) ;
#3450 = EDGE_CURVE ( 'NONE', #5927, #2722, #4924, .T. ) ;
#3452 = CARTESIAN_POINT ( 'NONE',  ( -2.150000000000001243, 9.300000000000007816, 1.199999999999966427 ) ) ;
#3453 = ORIENTED_EDGE ( 'NONE', *, *, #6343, .T. ) ;
#3454 = FACE_OUTER_BOUND ( 'NONE', #6051, .T. ) ;
#3455 = CARTESIAN_POINT ( 'NONE',  ( -2.450000000000001066, 6.800000000000000711, 1.599999999999941691 ) ) ;
#3456 = ORIENTED_EDGE ( 'NONE', *, *, #6859, .F. ) ;
#3457 = DIRECTION ( 'NONE',  ( 1.000000000000000000, 0.000000000000000000, 0.000000000000000000 ) ) ;
#3458 = EDGE_CURVE ( 'NONE', #4812, #8015, #6742, .T. ) ;
#3459 = DIRECTION ( 'NONE',  ( 0.000000000000000000, 1.000000000000000000, 0.000000000000000000 ) ) ;
#3460 = CARTESIAN_POINT ( 'NONE',  ( -6.150000000000000355, 12.80000000000000071, 2.000000000000000000 ) ) ;
#3461 = ORIENTED_EDGE ( 'NONE', *, *, #8600, .T. ) ;
#3462 = CARTESIAN_POINT ( 'NONE',  ( -2.450000000000001066, 5.300000000000006040, 1.199999999999924905 ) ) ;
#3463 = CIRCLE ( 'NONE', #4676, 0.08750000000000063283 ) ;
#3464 = ORIENTED_EDGE ( 'NONE', *, *, #3719, .T. ) ;
#3465 = DIRECTION ( 'NONE',  ( 1.000000000000000000, 0.000000000000000000, 0.000000000000000000 ) ) ;
#3466 = EDGE_CURVE ( 'NONE', #507, #1793, #6141, .T. ) ;
#3467 = CARTESIAN_POINT ( 'NONE',  ( -2.450000000000001066, 7.100000000000016520, 0.3999999999999457323 ) ) ;
#3468 = ORIENTED_EDGE ( 'NONE', *, *, #6665, .T. ) ;
#3469 = LINE ( 'NONE', #6353, #502 ) ;
#3470 = PLANE ( 'NONE',  #8265 ) ;
#3471 = ORIENTED_EDGE ( 'NONE', *, *, #4664, .T. ) ;
#3472 = CARTESIAN_POINT ( 'NONE',  ( -2.450000000000001066, 5.300000000000017586, 0.3999999999999248601 ) ) ;
#3473 = VECTOR ( 'NONE', #2382, 39.37007874015748143 ) ;
#3474 = ORIENTED_EDGE ( 'NONE', *, *, #7892, .T. ) ;
#3475 = DIRECTION ( 'NONE',  ( 0.000000000000000000, 1.000000000000000000, 0.000000000000000000 ) ) ;
#3476 = ORIENTED_EDGE ( 'NONE', *, *, #3416, .F. ) ;
#3477 = ORIENTED_EDGE ( 'NONE', *, *, #8635, .F. ) ;
#3478 = DIRECTION ( 'NONE',  ( 1.000000000000000000, 6.070773319253920728E-17, -0.000000000000000000 ) ) ;
#3479 = ADVANCED_FACE ( 'NONE', ( #7547, #5228 ), #917, .F. ) ;
#3480 = CARTESIAN_POINT ( 'NONE',  ( -2.450000000000001066, 6.500000000000017764, 0.3999999999999374056 ) ) ;
#3481 = DIRECTION ( 'NONE',  ( 1.000000000000000000, 6.070773319253919496E-17, 0.000000000000000000 ) ) ;
#3482 = EDGE_LOOP ( 'NONE', ( #4813, #4986 ) ) ;
#3483 = EDGE_LOOP ( 'NONE', ( #9079, #4552 ) ) ;
#3484 = DIRECTION ( 'NONE',  ( 1.000000000000000000, 6.070773319253920728E-17, -0.000000000000000000 ) ) ;
#3485 = ORIENTED_EDGE ( 'NONE', *, *, #6730, .F. ) ;
#3486 = DIRECTION ( 'NONE',  ( 0.000000000000000000, 1.000000000000000000, 0.000000000000000000 ) ) ;
#3487 = DIRECTION ( 'NONE',  ( -1.000000000000000000, -0.000000000000000000, -0.000000000000000000 ) ) ;
#3488 = CARTESIAN_POINT ( 'NONE',  ( -5.700000000000001066, 8.010000000000003340, 1.470000000000001084 ) ) ;
#3489 = ADVANCED_FACE ( 'NONE', ( #1057 ), #6832, .F. ) ;
#3490 = DIRECTION ( 'NONE',  ( 1.000000000000000000, 0.000000000000000000, 0.000000000000000000 ) ) ;
#3491 = EDGE_LOOP ( 'NONE', ( #4111, #4777 ) ) ;
#3492 = CARTESIAN_POINT ( 'NONE',  ( -2.675000000000000711, 10.00000000000000000, 0.5000000000000000000 ) ) ;
#3493 = EDGE_LOOP ( 'NONE', ( #5044, #6035 ) ) ;
#3494 = DIRECTION ( 'NONE',  ( 0.000000000000000000, 1.000000000000000000, 0.000000000000000000 ) ) ;
#3495 = CARTESIAN_POINT ( 'NONE',  ( -2.450000000000001066, 8.099999999999999645, 1.599999999999953904 ) ) ;
#3496 = ORIENTED_EDGE ( 'NONE', *, *, #3339, .T. ) ;
#3497 = CARTESIAN_POINT ( 'NONE',  ( -2.869000000000001105, 7.730000000000000426, 0.5000000000000000000 ) ) ;
#3498 = DIRECTION ( 'NONE',  ( -1.000000000000000000, -5.463695987328527423E-16, 0.000000000000000000 ) ) ;
#3499 = EDGE_CURVE ( 'NONE', #2648, #1599, #8167, .T. ) ;
#3500 = VERTEX_POINT ( 'NONE', #6125 ) ;
#3501 = CARTESIAN_POINT ( 'NONE',  ( -2.450000000000001066, 6.000000000000011546, 0.7999999999999330980 ) ) ;
#3502 = VERTEX_POINT ( 'NONE', #4614 ) ;
#3503 = DIRECTION ( 'NONE',  ( 1.000000000000000000, 6.070773319253920728E-17, -0.000000000000000000 ) ) ;
#3504 = DIRECTION ( 'NONE',  ( -0.000000000000000000, -0.000000000000000000, -1.000000000000000000 ) ) ;
#3505 = DIRECTION ( 'NONE',  ( 1.000000000000000000, 6.070773319253920728E-17, -0.000000000000000000 ) ) ;
#3506 = AXIS2_PLACEMENT_3D ( 'NONE', #7043, #1264, #3490 ) ;
#3507 = CARTESIAN_POINT ( 'NONE',  ( -2.450000000000001066, 11.10000000000001741, 0.3999999999999874212 ) ) ;
#3508 = ADVANCED_FACE ( 'NONE', ( #9016, #5417, #1816, #1100, #3996, #5278, #5319, #6690, #7446, #3284, #8208, #202, #3100, #961, #3858, #7140, #9060, #3599, #1855, #647, #7634, #6256, #5496, #7953, #9329, #7900, #3368, #2125, #6929, #7191, #7684, #1413, #2844, #4745, #4969, #8386, #9144, #2568, #1369, #2665, #6969, #3547, #6209, #473, #1152, #1907, #4308, #5552, #8337, #5454, #1470, #9097, #6435, #4046, #6482, #436, #5726, #3325, #8612, #4798, #4361, #5011, #702, #8569, #9373, #2612, #2885, #1196, #5765, #8655, #4088, #7858 ), #2087, .F. ) ;
#3509 = EDGE_CURVE ( 'NONE', #5927, #5865, #5060, .T. ) ;
#3511 = CIRCLE ( 'NONE', #7595, 0.06899999999999945066 ) ;
#3510 = CARTESIAN_POINT ( 'NONE',  ( -2.450000000000001066, 6.700000000000000178, 1.599999999999941691 ) ) ;
#3512 = ORIENTED_EDGE ( 'NONE', *, *, #3705, .T. ) ;
#3513 = CARTESIAN_POINT ( 'NONE',  ( -2.450000000000001066, 11.30000000000000249, 1.599999999999987210 ) ) ;
#3514 = CIRCLE ( 'NONE', #9259, 0.1000000000000016709 ) ;
#3515 = ORIENTED_EDGE ( 'NONE', *, *, #8786, .F. ) ;
#3516 = DIRECTION ( 'NONE',  ( 1.000000000000000000, 6.070773319253919496E-17, 0.000000000000000000 ) ) ;
#3517 = EDGE_LOOP ( 'NONE', ( #3987, #680, #8588, #5200 ) ) ;
#3518 = EDGE_LOOP ( 'NONE', ( #8916, #6346, #8783, #1688 ) ) ;
#3519 = VERTEX_POINT ( 'NONE', #8803 ) ;
#3520 = CYLINDRICAL_SURFACE ( 'NONE', #4320, 0.06889763779527564858 ) ;
#3521 = CIRCLE ( 'NONE', #2015, 0.1249999999999999029 ) ;
#3522 = LINE ( 'NONE', #7165, #341 ) ;
#3523 = EDGE_CURVE ( 'NONE', #6328, #7739, #8758, .T. ) ;
#3524 = CARTESIAN_POINT ( 'NONE',  ( -9.680768314573425570, 6.433070866141734179, 1.583070866141732536 ) ) ;
#3525 = ORIENTED_EDGE ( 'NONE', *, *, #1882, .T. ) ;
#3526 = ADVANCED_FACE ( 'NONE', ( #849, #8097 ), #5203, .F. ) ;
#3527 = ORIENTED_EDGE ( 'NONE', *, *, #6099, .F. ) ;
#3528 = AXIS2_PLACEMENT_3D ( 'NONE', #2183, #5021, #8623 ) ;
#3529 = DIRECTION ( 'NONE',  ( 1.000000000000000000, 6.070773319253919496E-17, 0.000000000000000000 ) ) ;
#3530 = EDGE_LOOP ( 'NONE', ( #5083, #7317, #3080, #8151 ) ) ;
#3531 = DIRECTION ( 'NONE',  ( 1.000000000000000000, 0.000000000000000000, -0.000000000000000000 ) ) ;
#3532 = CARTESIAN_POINT ( 'NONE',  ( -6.150000000000000355, 13.00000000000000000, 0.000000000000000000 ) ) ;
#3533 = CARTESIAN_POINT ( 'NONE',  ( 0.000000000000000000, 0.000000000000000000, 2.000000000000000000 ) ) ;
#3534 = VECTOR ( 'NONE', #5942, 39.37007874015748143 ) ;
#3535 = CARTESIAN_POINT ( 'NONE',  ( -5.700000000000001066, 8.010000000000003340, 1.470000000000001084 ) ) ;
#3536 = VECTOR ( 'NONE', #8469, 39.37007874015748143 ) ;
#3537 = VERTEX_POINT ( 'NONE', #2986 ) ;
#3538 = FACE_OUTER_BOUND ( 'NONE', #6417, .T. ) ;
#3539 = ORIENTED_EDGE ( 'NONE', *, *, #813, .F. ) ;
#3540 = EDGE_CURVE ( 'NONE', #4866, #4479, #9315, .T. ) ;
#3541 = DIRECTION ( 'NONE',  ( 1.000000000000000000, 0.000000000000000000, 0.000000000000000000 ) ) ;
#3542 = AXIS2_PLACEMENT_3D ( 'NONE', #5081, #6318, #5601 ) ;
#3543 = ORIENTED_EDGE ( 'NONE', *, *, #1555, .T. ) ;
#3544 = DIRECTION ( 'NONE',  ( 1.000000000000000000, 6.070773319253919496E-17, 0.000000000000000000 ) ) ;
#3545 = CYLINDRICAL_SURFACE ( 'NONE', #1629, 0.06899999999999993638 ) ;
#3546 = VECTOR ( 'NONE', #4860, 39.37007874015748143 ) ;
#3547 = FACE_BOUND ( 'NONE', #5850, .T. ) ;
#3548 = CIRCLE ( 'NONE', #2498, 0.1000000000000005745 ) ;
#3549 = AXIS2_PLACEMENT_3D ( 'NONE', #8308, #6084, #8268 ) ;
#3550 = VERTEX_POINT ( 'NONE', #895 ) ;
#3551 = EDGE_CURVE ( 'NONE', #3905, #9036, #2414, .T. ) ;
#3552 = CARTESIAN_POINT ( 'NONE',  ( -2.450000000000001510, 12.00000000000001776, 0.3999999999999957478 ) ) ;
#3553 = ORIENTED_EDGE ( 'NONE', *, *, #7700, .T. ) ;
#3554 = CARTESIAN_POINT ( 'NONE',  ( -2.450000000000001066, 10.40000000000001101, 0.7999999999999790612 ) ) ;
#3555 = CARTESIAN_POINT ( 'NONE',  ( -2.450000000000001066, 9.500000000000007105, 1.199999999999970646 ) ) ;
#3556 = AXIS2_PLACEMENT_3D ( 'NONE', #7494, #7543, #5548 ) ;
#3557 = DIRECTION ( 'NONE',  ( 1.000000000000000000, 0.000000000000000000, 0.000000000000000000 ) ) ;
#3558 = CIRCLE ( 'NONE', #7498, 0.08749999999999955036 ) ;
#3559 = DIRECTION ( 'NONE',  ( -5.463695987328527423E-16, 1.000000000000000000, 0.000000000000000000 ) ) ;
#3560 = AXIS2_PLACEMENT_3D ( 'NONE', #8513, #4827, #6243 ) ;
#3561 = CARTESIAN_POINT ( 'NONE',  ( -2.450000000000001066, 8.800000000000006040, 1.199999999999962430 ) ) ;
#3562 = EDGE_LOOP ( 'NONE', ( #8676, #3159, #6261, #7934 ) ) ;
#3563 = VECTOR ( 'NONE', #7235, 39.37007874015748143 ) ;
#3564 = EDGE_CURVE ( 'NONE', #8839, #7020, #4635, .T. ) ;
#3565 = DIRECTION ( 'NONE',  ( 1.000000000000000000, 6.070773319253920728E-17, -0.000000000000000000 ) ) ;
#3566 = AXIS2_PLACEMENT_3D ( 'NONE', #139, #4455, #8188 ) ;
#3567 = VERTEX_POINT ( 'NONE', #4403 ) ;
#3568 = DIRECTION ( 'NONE',  ( 0.000000000000000000, 1.000000000000000000, 0.000000000000000000 ) ) ;
#3569 = ORIENTED_EDGE ( 'NONE', *, *, #8653, .F. ) ;
#3570 = ORIENTED_EDGE ( 'NONE', *, *, #7599, .T. ) ;
#3571 = EDGE_LOOP ( 'NONE', ( #5855, #7908 ) ) ;
#3572 = EDGE_CURVE ( 'NONE', #5915, #3895, #5079, .T. ) ;
#3573 = CYLINDRICAL_SURFACE ( 'NONE', #995, 0.1249999999999999029 ) ;
#3574 = AXIS2_PLACEMENT_3D ( 'NONE', #5771, #4266, #6390 ) ;
#3575 = AXIS2_PLACEMENT_3D ( 'NONE', #7168, #586, #8543 ) ;
#3576 = CIRCLE ( 'NONE', #1157, 0.06889763779527564858 ) ;
#3577 = DIRECTION ( 'NONE',  ( 0.000000000000000000, 1.000000000000000000, 0.000000000000000000 ) ) ;
#3578 = DIRECTION ( 'NONE',  ( 0.000000000000000000, 0.000000000000000000, 1.000000000000000000 ) ) ;
#3579 = AXIS2_PLACEMENT_3D ( 'NONE', #9184, #561, #2701 ) ;
#3580 = VERTEX_POINT ( 'NONE', #2931 ) ;
#3581 = ORIENTED_EDGE ( 'NONE', *, *, #4050, .T. ) ;
#3582 = VECTOR ( 'NONE', #5922, 39.37007874015748143 ) ;
#3583 = DIRECTION ( 'NONE',  ( -6.070773319253919496E-17, 1.000000000000000000, -0.000000000000000000 ) ) ;
#3584 = EDGE_CURVE ( 'NONE', #6785, #6840, #5391, .T. ) ;
#3585 = ORIENTED_EDGE ( 'NONE', *, *, #919, .F. ) ;
#3586 = DIRECTION ( 'NONE',  ( 0.000000000000000000, 1.000000000000000000, 0.000000000000000000 ) ) ;
#3587 = EDGE_CURVE ( 'NONE', #3656, #3567, #5992, .T. ) ;
#3588 = CARTESIAN_POINT ( 'NONE',  ( -6.400000000000001243, 7.534999999999998366, 0.2999999999999999889 ) ) ;
#3589 = FACE_BOUND ( 'NONE', #1072, .T. ) ;
#3590 = CIRCLE ( 'NONE', #104, 0.1000000000000016709 ) ;
#3591 = EDGE_CURVE ( 'NONE', #67, #2902, #3793, .T. ) ;
#3592 = ORIENTED_EDGE ( 'NONE', *, *, #8267, .T. ) ;
#3593 = CARTESIAN_POINT ( 'NONE',  ( -2.450000000000001066, 6.800000000000011369, 0.7999999999999414246 ) ) ;
#3594 = ORIENTED_EDGE ( 'NONE', *, *, #5661, .T. ) ;
#3595 = CYLINDRICAL_SURFACE ( 'NONE', #7518, 0.1000000000000016709 ) ;
#3596 = ORIENTED_EDGE ( 'NONE', *, *, #3450, .T. ) ;
#3597 = DIRECTION ( 'NONE',  ( -1.000000000000000000, 0.000000000000000000, 0.000000000000000000 ) ) ;
#3598 = DIRECTION ( 'NONE',  ( 0.000000000000000000, 1.000000000000000000, 0.000000000000000000 ) ) ;
#3599 = FACE_BOUND ( 'NONE', #3652, .T. ) ;
#3600 = EDGE_CURVE ( 'NONE', #6107, #8750, #3422, .T. ) ;
#3601 = ORIENTED_EDGE ( 'NONE', *, *, #7069, .F. ) ;
#3602 = DIRECTION ( 'NONE',  ( 1.000000000000000000, -8.741913579725647229E-16, 0.000000000000000000 ) ) ;
#3603 = ORIENTED_EDGE ( 'NONE', *, *, #8025, .T. ) ;
#3604 = CARTESIAN_POINT ( 'NONE',  ( -2.300000000000000711, 4.150000000000000355, 1.870000000000000107 ) ) ;
#3605 = LINE ( 'NONE', #5733, #4187 ) ;
#3606 = DIRECTION ( 'NONE',  ( 1.000000000000000000, 6.070773319253920728E-17, -0.000000000000000000 ) ) ;
#3607 = EDGE_CURVE ( 'NONE', #2897, #7742, #540, .T. ) ;
#3608 = DIRECTION ( 'NONE',  ( 0.000000000000000000, 1.000000000000000000, 0.000000000000000000 ) ) ;
#3609 = DIRECTION ( 'NONE',  ( 0.000000000000000000, 1.000000000000000000, 0.000000000000000000 ) ) ;
#3610 = VERTEX_POINT ( 'NONE', #5159 ) ;
#3611 = DIRECTION ( 'NONE',  ( 1.000000000000000000, 6.070773319253919496E-17, 0.000000000000000000 ) ) ;
#3612 = ORIENTED_EDGE ( 'NONE', *, *, #9028, .F. ) ;
#3613 = DIRECTION ( 'NONE',  ( 0.000000000000000000, 1.000000000000000000, 0.000000000000000000 ) ) ;
#3614 = VERTEX_POINT ( 'NONE', #1564 ) ;
#3615 = ORIENTED_EDGE ( 'NONE', *, *, #5858, .F. ) ;
#3616 = ORIENTED_EDGE ( 'NONE', *, *, #2583, .T. ) ;
#3617 = DIRECTION ( 'NONE',  ( -0.000000000000000000, 1.000000000000000000, -0.000000000000000000 ) ) ;
#3618 = EDGE_CURVE ( 'NONE', #4477, #5839, #4185, .T. ) ;
#3619 = DIRECTION ( 'NONE',  ( -0.000000000000000000, -0.000000000000000000, -1.000000000000000000 ) ) ;
#3620 = DIRECTION ( 'NONE',  ( 0.000000000000000000, 1.000000000000000000, 0.000000000000000000 ) ) ;
#3621 = ORIENTED_EDGE ( 'NONE', *, *, #9188, .F. ) ;
#3622 = ORIENTED_EDGE ( 'NONE', *, *, #8789, .T. ) ;
#3623 = CARTESIAN_POINT ( 'NONE',  ( -2.450000000000001066, 7.899999999999999467, 1.599999999999953904 ) ) ;
#3624 = EDGE_LOOP ( 'NONE', ( #7842, #1123, #8963, #7512 ) ) ;
#3625 = CARTESIAN_POINT ( 'NONE',  ( -2.150000000000000799, 5.700000000000001066, 1.599999999999929035 ) ) ;
#3626 = FACE_OUTER_BOUND ( 'NONE', #7392, .T. ) ;
#3627 = CARTESIAN_POINT ( 'NONE',  ( -2.450000000000001066, 5.900000000000005684, 1.199999999999933120 ) ) ;
#3628 = CARTESIAN_POINT ( 'NONE',  ( -2.450000000000001510, 13.00000000000000000, 0.3000000000000000999 ) ) ;
#3629 = DIRECTION ( 'NONE',  ( 1.000000000000000000, 6.070773319253920728E-17, -0.000000000000000000 ) ) ;
#3630 = EDGE_CURVE ( 'NONE', #1307, #3360, #9322, .T. ) ;
#3631 = EDGE_CURVE ( 'NONE', #7433, #5265, #1517, .T. ) ;
#3632 = ORIENTED_EDGE ( 'NONE', *, *, #953, .T. ) ;
#3633 = DIRECTION ( 'NONE',  ( 0.000000000000000000, -1.000000000000000000, 0.000000000000000000 ) ) ;
#3634 = EDGE_LOOP ( 'NONE', ( #7861, #4876 ) ) ;
#3635 = FACE_OUTER_BOUND ( 'NONE', #9320, .T. ) ;
#3636 = EDGE_LOOP ( 'NONE', ( #9376, #8873, #5479, #6684, #6899 ) ) ;
#3637 = CARTESIAN_POINT ( 'NONE',  ( -2.450000000000001066, 8.400000000000005684, 1.199999999999958211 ) ) ;
#3638 = DIRECTION ( 'NONE',  ( 0.000000000000000000, 1.000000000000000000, 0.000000000000000000 ) ) ;
#3639 = EDGE_CURVE ( 'NONE', #4680, #6767, #5259, .T. ) ;
#3640 = DIRECTION ( 'NONE',  ( 1.000000000000000000, 6.070773319253919496E-17, 0.000000000000000000 ) ) ;
#3641 = CYLINDRICAL_SURFACE ( 'NONE', #1957, 0.1000000000000016709 ) ;
#3642 = ORIENTED_EDGE ( 'NONE', *, *, #6568, .T. ) ;
#3643 = DIRECTION ( 'NONE',  ( 1.000000000000000000, 6.070773319253919496E-17, 0.000000000000000000 ) ) ;
#3644 = EDGE_LOOP ( 'NONE', ( #6904, #7664, #7079, #52 ) ) ;
#3645 = CARTESIAN_POINT ( 'NONE',  ( -9.680768314573423794, 5.635826771653544398, 0.7169291338582677309 ) ) ;
#3646 = EDGE_CURVE ( 'NONE', #9323, #1490, #1150, .T. ) ;
#3647 = LINE ( 'NONE', #8008, #5329 ) ;
#3648 = FACE_OUTER_BOUND ( 'NONE', #6827, .T. ) ;
#3649 = CIRCLE ( 'NONE', #5615, 0.1000000000000016709 ) ;
#3650 = LINE ( 'NONE', #3704, #204 ) ;
#3651 = CARTESIAN_POINT ( 'NONE',  ( -2.450000000000001510, 12.00000000000001776, 0.3999999999999957478 ) ) ;
#3652 = EDGE_LOOP ( 'NONE', ( #679, #9064 ) ) ;
#3653 = CARTESIAN_POINT ( 'NONE',  ( -2.450000000000001066, 4.900000000000017231, 0.3999999999999207523 ) ) ;
#3654 = ORIENTED_EDGE ( 'NONE', *, *, #206, .F. ) ;
#3655 = DIRECTION ( 'NONE',  ( 1.000000000000000000, 0.000000000000000000, 0.000000000000000000 ) ) ;
#3656 = VERTEX_POINT ( 'NONE', #5815 ) ;
#3657 = EDGE_CURVE ( 'NONE', #6922, #5563, #7429, .T. ) ;
#3658 = ORIENTED_EDGE ( 'NONE', *, *, #1255, .F. ) ;
#3659 = EDGE_LOOP ( 'NONE', ( #4400, #1476 ) ) ;
#3660 = DIRECTION ( 'NONE',  ( 1.000000000000000000, 6.070773319253920728E-17, -0.000000000000000000 ) ) ;
#3661 = DIRECTION ( 'NONE',  ( 1.000000000000000000, 6.070773319253919496E-17, 0.000000000000000000 ) ) ;
#3662 = VECTOR ( 'NONE', #735, 39.37007874015748143 ) ;
#3663 = DIRECTION ( 'NONE',  ( 0.000000000000000000, 0.000000000000000000, 1.000000000000000000 ) ) ;
#3664 = VERTEX_POINT ( 'NONE', #3835 ) ;
#3665 = EDGE_LOOP ( 'NONE', ( #155, #7277, #6913, #4834 ) ) ;
#3666 = DIRECTION ( 'NONE',  ( 1.000000000000000000, 6.070773319253919496E-17, 0.000000000000000000 ) ) ;
#3667 = ADVANCED_FACE ( 'NONE', ( #8001 ), #8416, .F. ) ;
#3668 = ORIENTED_EDGE ( 'NONE', *, *, #3735, .T. ) ;
#3669 = FACE_OUTER_BOUND ( 'NONE', #1934, .T. ) ;
#3670 = CIRCLE ( 'NONE', #9255, 0.1000000000000016709 ) ;
#3671 = ORIENTED_EDGE ( 'NONE', *, *, #1899, .F. ) ;
#3672 = DIRECTION ( 'NONE',  ( 0.000000000000000000, 0.000000000000000000, -1.000000000000000000 ) ) ;
#3673 = DIRECTION ( 'NONE',  ( -0.000000000000000000, 1.000000000000000000, 1.484699996556664793E-16 ) ) ;
#3674 = CIRCLE ( 'NONE', #7296, 0.1000000000000005745 ) ;
#3675 = CARTESIAN_POINT ( 'NONE',  ( -3.550000000000001599, 6.950000000000001066, 0.4499999999999999556 ) ) ;
#3676 = LINE ( 'NONE', #4441, #1243 ) ;
#3677 = CARTESIAN_POINT ( 'NONE',  ( -2.925000000000000711, 10.00000000000000000, 0.5000000000000000000 ) ) ;
#3678 = CIRCLE ( 'NONE', #2479, 0.1000000000000005745 ) ;
#3679 = EDGE_LOOP ( 'NONE', ( #8939, #7579, #6963, #6664 ) ) ;
#3680 = CARTESIAN_POINT ( 'NONE',  ( -2.450000000000001510, 13.00000000000000000, 0.3000000000000000999 ) ) ;
#3681 = CIRCLE ( 'NONE', #806, 0.06900000000000089395 ) ;
#3682 = ORIENTED_EDGE ( 'NONE', *, *, #7166, .F. ) ;
#3683 = ADVANCED_FACE ( 'NONE', ( #2503 ), #6856, .T. ) ;
#3684 = CARTESIAN_POINT ( 'NONE',  ( -5.850000000000001421, 13.00000000000000000, 2.000000000000000000 ) ) ;
#3685 = ORIENTED_EDGE ( 'NONE', *, *, #7349, .F. ) ;
#3686 = DIRECTION ( 'NONE',  ( -1.000000000000000000, -5.463695987328527423E-16, 0.000000000000000000 ) ) ;
#3687 = CARTESIAN_POINT ( 'NONE',  ( -2.450000000000001066, 10.40000000000000746, 1.199999999999979083 ) ) ;
#3688 = AXIS2_PLACEMENT_3D ( 'NONE', #3841, #3978, #6022 ) ;
#3689 = DIRECTION ( 'NONE',  ( 1.000000000000000000, 6.070773319253919496E-17, 0.000000000000000000 ) ) ;
#3690 = ADVANCED_FACE ( 'NONE', ( #4641 ), #6193, .T. ) ;
#3691 = CIRCLE ( 'NONE', #355, 0.06899999999999993638 ) ;
#3692 = CARTESIAN_POINT ( 'NONE',  ( -2.450000000000001066, 11.20000000000001172, 0.7999999999999873879 ) ) ;
#3693 = VECTOR ( 'NONE', #4215, 39.37007874015748143 ) ;
#3694 = ORIENTED_EDGE ( 'NONE', *, *, #4935, .F. ) ;
#3695 = DIRECTION ( 'NONE',  ( 0.000000000000000000, 0.000000000000000000, 1.000000000000000000 ) ) ;
#3696 = AXIS2_PLACEMENT_3D ( 'NONE', #4080, #5541, #2602 ) ;
#3697 = VERTEX_POINT ( 'NONE', #9082 ) ;
#3698 = CARTESIAN_POINT ( 'NONE',  ( -2.450000000000001066, 5.200000000000000178, 1.599999999999925038 ) ) ;
#3699 = CARTESIAN_POINT ( 'NONE',  ( -2.450000000000001066, 5.600000000000016520, 0.3999999999999290790 ) ) ;
#3700 = DIRECTION ( 'NONE',  ( 1.000000000000000000, 6.070773319253920728E-17, -0.000000000000000000 ) ) ;
#3701 = ADVANCED_FACE ( 'NONE', ( #368 ), #2591, .F. ) ;
#3702 = AXIS2_PLACEMENT_3D ( 'NONE', #3433, #2858, #7873 ) ;
#3703 = AXIS2_PLACEMENT_3D ( 'NONE', #4294, #498, #2020 ) ;
#3704 = CARTESIAN_POINT ( 'NONE',  ( -5.150000000000000355, 12.20000000000000284, 0.3750000000000000555 ) ) ;
#3705 = EDGE_CURVE ( 'NONE', #2348, #4062, #3732, .T. ) ;
#3706 = DIRECTION ( 'NONE',  ( 1.000000000000000000, 0.000000000000000000, 0.000000000000000000 ) ) ;
#3707 = EDGE_LOOP ( 'NONE', ( #1036, #4383 ) ) ;
#3708 = LINE ( 'NONE', #7970, #2463 ) ;
#3709 = AXIS2_PLACEMENT_3D ( 'NONE', #8764, #6676, #1477 ) ;
#3710 = ORIENTED_EDGE ( 'NONE', *, *, #6168, .F. ) ;
#3711 = CYLINDRICAL_SURFACE ( 'NONE', #3393, 0.1000000000000016709 ) ;
#3712 = ORIENTED_EDGE ( 'NONE', *, *, #4398, .F. ) ;
#3713 = ORIENTED_EDGE ( 'NONE', *, *, #8440, .T. ) ;
#3714 = AXIS2_PLACEMENT_3D ( 'NONE', #8642, #8691, #2258 ) ;
#3715 = VERTEX_POINT ( 'NONE', #6232 ) ;
#3716 = CARTESIAN_POINT ( 'NONE',  ( -2.450000000000001066, 7.700000000000000178, 0.8999999999999996891 ) ) ;
#3717 = AXIS2_PLACEMENT_3D ( 'NONE', #5723, #2649, #4967 ) ;
#3718 = CARTESIAN_POINT ( 'NONE',  ( -9.999999999999998224, 4.300000000000000711, 1.000000000000000000 ) ) ;
#3719 = EDGE_CURVE ( 'NONE', #4125, #9221, #7530, .T. ) ;
#3720 = VECTOR ( 'NONE', #5888, 39.37007874015748143 ) ;
#3721 = FACE_OUTER_BOUND ( 'NONE', #4561, .T. ) ;
#3722 = ORIENTED_EDGE ( 'NONE', *, *, #6638, .T. ) ;
#3723 = ORIENTED_EDGE ( 'NONE', *, *, #75, .F. ) ;
#3724 = FACE_OUTER_BOUND ( 'NONE', #6647, .T. ) ;
#3725 = ORIENTED_EDGE ( 'NONE', *, *, #8600, .F. ) ;
#3726 = CARTESIAN_POINT ( 'NONE',  ( -8.650000000000000355, 7.534999999999998366, 0.4499999999999999556 ) ) ;
#3727 = AXIS2_PLACEMENT_3D ( 'NONE', #3637, #3790, #792 ) ;
#3728 = EDGE_LOOP ( 'NONE', ( #7715, #2067, #3334, #551 ) ) ;
#3729 = DIRECTION ( 'NONE',  ( -0.000000000000000000, -0.000000000000000000, -1.000000000000000000 ) ) ;
#3730 = CARTESIAN_POINT ( 'NONE',  ( -2.450000000000001510, 11.70000000000002061, 0.3999999999999914735 ) ) ;
#3731 = CIRCLE ( 'NONE', #9159, 0.1249999999999999584 ) ;
#3732 = CIRCLE ( 'NONE', #9021, 0.1000000000000005745 ) ;
#3733 = CARTESIAN_POINT ( 'NONE',  ( -2.150000000000001243, 9.200000000000001066, 1.599999999999966560 ) ) ;
#3734 = CARTESIAN_POINT ( 'NONE',  ( -2.450000000000001066, 4.799999999999999822, 1.599999999999920597 ) ) ;
#3735 = EDGE_CURVE ( 'NONE', #6328, #5737, #4035, .T. ) ;
#3736 = DIRECTION ( 'NONE',  ( 0.000000000000000000, -0.000000000000000000, 1.000000000000000000 ) ) ;
#3737 = CIRCLE ( 'NONE', #5087, 0.1000000000000005745 ) ;
#3738 = VERTEX_POINT ( 'NONE', #1879 ) ;
#3740 = VECTOR ( 'NONE', #927, 39.37007874015748143 ) ;
#3739 = LINE ( 'NONE', #6009, #8258 ) ;
#3741 = EDGE_CURVE ( 'NONE', #6764, #1522, #8401, .T. ) ;
#3742 = ORIENTED_EDGE ( 'NONE', *, *, #5455, .F. ) ;
#3743 = CARTESIAN_POINT ( 'NONE',  ( -2.450000000000001066, 7.300000000000006928, 1.199999999999945777 ) ) ;
#3744 = ORIENTED_EDGE ( 'NONE', *, *, #2973, .F. ) ;
#3745 = CARTESIAN_POINT ( 'NONE',  ( -4.710000000000000853, 7.730000000000000426, 0.5000000000000000000 ) ) ;
#3746 = CARTESIAN_POINT ( 'NONE',  ( -2.150000000000000799, 4.400000000000011013, 0.7999999999999164446 ) ) ;
#3747 = VECTOR ( 'NONE', #790, 39.37007874015748143 ) ;
#3748 = DIRECTION ( 'NONE',  ( 0.000000000000000000, 0.000000000000000000, 1.000000000000000000 ) ) ;
#3749 = DIRECTION ( 'NONE',  ( 0.000000000000000000, 1.000000000000000000, 0.000000000000000000 ) ) ;
#3750 = ADVANCED_FACE ( 'NONE', ( #3259 ), #420, .F. ) ;
#3751 = AXIS2_PLACEMENT_3D ( 'NONE', #8453, #7702, #4857 ) ;
#3752 = EDGE_LOOP ( 'NONE', ( #3694, #9207, #8013, #5903 ) ) ;
#3753 = EDGE_CURVE ( 'NONE', #6504, #1060, #2663, .T. ) ;
#3754 = CARTESIAN_POINT ( 'NONE',  ( -2.150000000000001243, 11.70000000000002061, 0.3999999999999914735 ) ) ;
#3755 = ORIENTED_EDGE ( 'NONE', *, *, #4171, .F. ) ;
#3756 = FACE_OUTER_BOUND ( 'NONE', #788, .T. ) ;
#3757 = DIRECTION ( 'NONE',  ( 1.000000000000000000, 6.070773319253920728E-17, -0.000000000000000000 ) ) ;
#3758 = DIRECTION ( 'NONE',  ( 1.000000000000000000, 6.070773319253920728E-17, -0.000000000000000000 ) ) ;
#3759 = CARTESIAN_POINT ( 'NONE',  ( -2.150000000000001243, 8.800000000000000711, 1.599999999999962341 ) ) ;
#3760 = ADVANCED_FACE ( 'NONE', ( #7568 ), #3931, .F. ) ;
#3761 = LINE ( 'NONE', #5778, #3582 ) ;
#3762 = EDGE_LOOP ( 'NONE', ( #161, #2946, #7680, #8687 ) ) ;
#3763 = ADVANCED_FACE ( 'NONE', ( #6812, #5525 ), #4070, .F. ) ;
#3764 = FACE_OUTER_BOUND ( 'NONE', #3665, .T. ) ;
#3765 = AXIS2_PLACEMENT_3D ( 'NONE', #2046, #4934, #1854 ) ;
#3766 = EDGE_LOOP ( 'NONE', ( #2081, #7944, #3570, #3742 ) ) ;
#3767 = DIRECTION ( 'NONE',  ( 1.000000000000000000, 6.070773319253920728E-17, -0.000000000000000000 ) ) ;
#3768 = ORIENTED_EDGE ( 'NONE', *, *, #7773, .T. ) ;
#3769 = ORIENTED_EDGE ( 'NONE', *, *, #1062, .T. ) ;
#3770 = DIRECTION ( 'NONE',  ( 1.000000000000000000, 6.070773319253920728E-17, -0.000000000000000000 ) ) ;
#3771 = CIRCLE ( 'NONE', #291, 0.1000000000000016709 ) ;
#3772 = DIRECTION ( 'NONE',  ( 1.000000000000000000, 6.070773319253919496E-17, 0.000000000000000000 ) ) ;
#3773 = CARTESIAN_POINT ( 'NONE',  ( -2.150000000000000799, 5.200000000000017053, 0.3999999999999248601 ) ) ;
#3774 = ORIENTED_EDGE ( 'NONE', *, *, #6168, .T. ) ;
#3775 = ORIENTED_EDGE ( 'NONE', *, *, #8578, .F. ) ;
#3776 = DIRECTION ( 'NONE',  ( 0.000000000000000000, -0.000000000000000000, -1.000000000000000000 ) ) ;
#3777 = VERTEX_POINT ( 'NONE', #8282 ) ;
#3778 = VERTEX_POINT ( 'NONE', #457 ) ;
#3779 = DIRECTION ( 'NONE',  ( 1.000000000000000000, 6.070773319253919496E-17, 0.000000000000000000 ) ) ;
#3780 = EDGE_CURVE ( 'NONE', #568, #6406, #7646, .T. ) ;
#3781 = CARTESIAN_POINT ( 'NONE',  ( -2.450000000000001066, 7.300000000000006928, 1.199999999999945777 ) ) ;
#3782 = LINE ( 'NONE', #3628, #4578 ) ;
#3783 = DIRECTION ( 'NONE',  ( 0.000000000000000000, 0.000000000000000000, -1.000000000000000000 ) ) ;
#3784 = ORIENTED_EDGE ( 'NONE', *, *, #4336, .F. ) ;
#3785 = CARTESIAN_POINT ( 'NONE',  ( -2.450000000000001510, 11.60000000000001918, 0.3999999999999914735 ) ) ;
#3786 = EDGE_LOOP ( 'NONE', ( #5002, #1214, #8742, #985 ) ) ;
#3787 = AXIS2_PLACEMENT_3D ( 'NONE', #7484, #3940, #1001 ) ;
#3788 = PLANE ( 'NONE',  #6460 ) ;
#3789 = ORIENTED_EDGE ( 'NONE', *, *, #2548, .F. ) ;
#3790 = DIRECTION ( 'NONE',  ( 1.000000000000000000, 6.070773319253919496E-17, 0.000000000000000000 ) ) ;
#3791 = FACE_OUTER_BOUND ( 'NONE', #2702, .T. ) ;
#3792 = EDGE_CURVE ( 'NONE', #8774, #829, #3884, .T. ) ;
#3793 = LINE ( 'NONE', #231, #2210 ) ;
#3794 = DIRECTION ( 'NONE',  ( 0.000000000000000000, 1.000000000000000000, 0.000000000000000000 ) ) ;
#3795 = ORIENTED_EDGE ( 'NONE', *, *, #9151, .T. ) ;
#3796 = CARTESIAN_POINT ( 'NONE',  ( -8.299999999999998934, 4.300000000000000711, 1.500000000000000888 ) ) ;
#3797 = ORIENTED_EDGE ( 'NONE', *, *, #5830, .T. ) ;
#3798 = FACE_OUTER_BOUND ( 'NONE', #5907, .T. ) ;
#3799 = CARTESIAN_POINT ( 'NONE',  ( -2.150000000000001243, 12.80000000000000071, 0.000000000000000000 ) ) ;
#3800 = EDGE_CURVE ( 'NONE', #6416, #5623, #1003, .T. ) ;
#3801 = CARTESIAN_POINT ( 'NONE',  ( -2.731000000000001204, 10.00000000000000000, 0.2999999999999999889 ) ) ;
#3802 = CARTESIAN_POINT ( 'NONE',  ( -2.450000000000001066, 10.80000000000000071, 1.599999999999983213 ) ) ;
#3803 = FACE_OUTER_BOUND ( 'NONE', #412, .T. ) ;
#3804 = EDGE_LOOP ( 'NONE', ( #2251, #1340, #7253, #6266 ) ) ;
#3805 = DIRECTION ( 'NONE',  ( 1.000000000000000000, 6.070773319253920728E-17, -0.000000000000000000 ) ) ;
#3806 = EDGE_LOOP ( 'NONE', ( #3029, #8595 ) ) ;
#3807 = CARTESIAN_POINT ( 'NONE',  ( -2.450000000000001066, 4.299999999999999822, 1.599999999999916600 ) ) ;
#3808 = ORIENTED_EDGE ( 'NONE', *, *, #594, .T. ) ;
#3809 = ORIENTED_EDGE ( 'NONE', *, *, #474, .T. ) ;
#3810 = DIRECTION ( 'NONE',  ( 0.000000000000000000, 1.000000000000000000, 0.000000000000000000 ) ) ;
#3811 = EDGE_CURVE ( 'NONE', #7411, #7068, #7747, .T. ) ;
#3812 = CARTESIAN_POINT ( 'NONE',  ( -2.150000000000001243, 10.50000000000000178, 1.599999999999979217 ) ) ;
#3813 = CARTESIAN_POINT ( 'NONE',  ( -2.822500000000000675, 4.550000000000000711, 0.000000000000000000 ) ) ;
#3814 = ORIENTED_EDGE ( 'NONE', *, *, #1255, .T. ) ;
#3815 = ORIENTED_EDGE ( 'NONE', *, *, #2770, .F. ) ;
#3816 = DIRECTION ( 'NONE',  ( -1.000000000000000000, 0.000000000000000000, 0.000000000000000000 ) ) ;
#3817 = ORIENTED_EDGE ( 'NONE', *, *, #8117, .F. ) ;
#3818 = ORIENTED_EDGE ( 'NONE', *, *, #244, .F. ) ;
#3819 = CARTESIAN_POINT ( 'NONE',  ( -2.450000000000001066, 5.600000000000005862, 1.199999999999928901 ) ) ;
#3820 = PRODUCT_DEFINITION_FORMATION_WITH_SPECIFIED_SOURCE ( 'ANY', '', #6868, .NOT_KNOWN. ) ;
#3821 = DIRECTION ( 'NONE',  ( -0.000000000000000000, -0.000000000000000000, -1.000000000000000000 ) ) ;
#3822 = EDGE_CURVE ( 'NONE', #1064, #264, #1358, .T. ) ;
#3823 = AXIS2_PLACEMENT_3D ( 'NONE', #1976, #4820, #2876 ) ;
#3824 = CYLINDRICAL_SURFACE ( 'NONE', #4720, 0.1000000000000005745 ) ;
#3825 = DIRECTION ( 'NONE',  ( 0.000000000000000000, 1.000000000000000000, 0.000000000000000000 ) ) ;
#3826 = ORIENTED_EDGE ( 'NONE', *, *, #258, .F. ) ;
#3827 = CARTESIAN_POINT ( 'NONE',  ( -5.700000000000001066, 8.010000000000003340, 1.401000000000001577 ) ) ;
#3828 = VECTOR ( 'NONE', #5696, 39.37007874015748143 ) ;
#3829 = ORIENTED_EDGE ( 'NONE', *, *, #197, .T. ) ;
#3830 = VECTOR ( 'NONE', #8310, 39.37007874015748143 ) ;
#3831 = DIRECTION ( 'NONE',  ( 0.000000000000000000, 1.000000000000000000, 0.000000000000000000 ) ) ;
#3832 = EDGE_LOOP ( 'NONE', ( #4355, #758, #1496, #6215 ) ) ;
#3833 = DIRECTION ( 'NONE',  ( 1.000000000000000000, 6.070773319253920728E-17, -0.000000000000000000 ) ) ;
#3834 = DIRECTION ( 'NONE',  ( 1.000000000000000000, 6.070773319253919496E-17, 0.000000000000000000 ) ) ;
#3835 = CARTESIAN_POINT ( 'NONE',  ( -2.150000000000001243, 9.099999999999999645, 1.599999999999966560 ) ) ;
#3836 = AXIS2_PLACEMENT_3D ( 'NONE', #4607, #4040, #6923 ) ;
#3837 = CARTESIAN_POINT ( 'NONE',  ( -2.150000000000000799, 5.200000000000010836, 0.7999999999999247713 ) ) ;
#3838 = AXIS2_PLACEMENT_3D ( 'NONE', #9200, #7726, #5638 ) ;
#3839 = EDGE_CURVE ( 'NONE', #3567, #3656, #7357, .T. ) ;
#3840 = ORIENTED_EDGE ( 'NONE', *, *, #9028, .T. ) ;
#3841 = CARTESIAN_POINT ( 'NONE',  ( -10.84999999999999787, 5.566929133858267598, 0.7169291338582677309 ) ) ;
#3842 = VECTOR ( 'NONE', #1570, 39.37007874015748143 ) ;
#3843 = VERTEX_POINT ( 'NONE', #1262 ) ;
#3844 = DIRECTION ( 'NONE',  ( -0.000000000000000000, 0.000000000000000000, 1.000000000000000000 ) ) ;
#3845 = CARTESIAN_POINT ( 'NONE',  ( -2.450000000000001066, 11.20000000000001883, 0.3999999999999874212 ) ) ;
#3846 = AXIS2_PLACEMENT_3D ( 'NONE', #7539, #3273, #6067 ) ;
#3847 = CARTESIAN_POINT ( 'NONE',  ( -2.450000000000001510, 13.00000000000000000, 0.3000000000000000999 ) ) ;
#3848 = AXIS2_PLACEMENT_3D ( 'NONE', #8970, #8305, #1161 ) ;
#3849 = CARTESIAN_POINT ( 'NONE',  ( -5.700000000000001066, 8.010000000000003340, 1.539000000000000368 ) ) ;
#3850 = ADVANCED_FACE ( 'NONE', ( #6331, #2116, #7042, #5664, #6992, #8554, #4861 ), #7887, .T. ) ;
#3851 = VERTEX_POINT ( 'NONE', #3394 ) ;
#3852 = DIRECTION ( 'NONE',  ( 1.000000000000000000, 6.070773319253920728E-17, -0.000000000000000000 ) ) ;
#3853 = EDGE_LOOP ( 'NONE', ( #4622, #6688 ) ) ;
#3854 = CARTESIAN_POINT ( 'NONE',  ( -4.800000000000001599, 6.950000000000001954, 0.4499999999999999556 ) ) ;
#3855 = ORIENTED_EDGE ( 'NONE', *, *, #6265, .F. ) ;
#3856 = AXIS2_PLACEMENT_3D ( 'NONE', #2720, #6496, #2901 ) ;
#3857 = ORIENTED_EDGE ( 'NONE', *, *, #1101, .F. ) ;
#3858 = FACE_BOUND ( 'NONE', #2990, .T. ) ;
#3859 = AXIS2_PLACEMENT_3D ( 'NONE', #1617, #7385, #793 ) ;
#3860 = DIRECTION ( 'NONE',  ( 0.000000000000000000, 0.000000000000000000, 1.000000000000000000 ) ) ;
#3861 = EDGE_CURVE ( 'NONE', #3244, #4717, #1623, .T. ) ;
#3862 = CYLINDRICAL_SURFACE ( 'NONE', #399, 0.08750000000000009159 ) ;
#3863 = CIRCLE ( 'NONE', #7341, 0.1000000000000005745 ) ;
#3864 = ORIENTED_EDGE ( 'NONE', *, *, #8934, .F. ) ;
#3865 = ADVANCED_FACE ( 'NONE', ( #6282 ), #1401, .F. ) ;
#3866 = DIRECTION ( 'NONE',  ( 1.000000000000000000, 6.070773319253920728E-17, -0.000000000000000000 ) ) ;
#3867 = ORIENTED_EDGE ( 'NONE', *, *, #398, .F. ) ;
#3868 = EDGE_LOOP ( 'NONE', ( #7171, #1979 ) ) ;
#3869 = CARTESIAN_POINT ( 'NONE',  ( -2.450000000000001510, 11.60000000000000675, 1.199999999999991518 ) ) ;
#3870 = CIRCLE ( 'NONE', #4491, 0.1000000000000005745 ) ;
#3871 = LINE ( 'NONE', #3161, #9027 ) ;
#3872 = CIRCLE ( 'NONE', #8880, 0.1000000000000005745 ) ;
#3873 = AXIS2_PLACEMENT_3D ( 'NONE', #3335, #3478, #5650 ) ;
#3874 = DIRECTION ( 'NONE',  ( 1.000000000000000000, 6.070773319253919496E-17, 0.000000000000000000 ) ) ;
#3875 = LINE ( 'NONE', #4060, #212 ) ;
#3876 = VERTEX_POINT ( 'NONE', #554 ) ;
#3877 = CARTESIAN_POINT ( 'NONE',  ( -2.450000000000001066, 6.100000000000017408, 0.3999999999999331868 ) ) ;
#3878 = CIRCLE ( 'NONE', #9158, 0.06889763779527564858 ) ;
#3879 = EDGE_CURVE ( 'NONE', #1650, #4067, #9361, .T. ) ;
#3880 = ORIENTED_EDGE ( 'NONE', *, *, #1090, .F. ) ;
#3881 = EDGE_CURVE ( 'NONE', #829, #1497, #2021, .T. ) ;
#3882 = VECTOR ( 'NONE', #6848, 39.37007874015748143 ) ;
#3883 = ORIENTED_EDGE ( 'NONE', *, *, #6673, .F. ) ;
#3884 = CIRCLE ( 'NONE', #9160, 0.1000000000000005745 ) ;
#3885 = FACE_OUTER_BOUND ( 'NONE', #1734, .T. ) ;
#3886 = ORIENTED_EDGE ( 'NONE', *, *, #3466, .F. ) ;
#3887 = DIRECTION ( 'NONE',  ( 0.000000000000000000, 0.000000000000000000, 1.000000000000000000 ) ) ;
#3888 = FACE_BOUND ( 'NONE', #627, .T. ) ;
#3889 = CARTESIAN_POINT ( 'NONE',  ( -5.150000000000000355, 12.80000000000000071, 1.499999999999999778 ) ) ;
#3890 = AXIS2_PLACEMENT_3D ( 'NONE', #8474, #4881, #6351 ) ;
#3891 = CIRCLE ( 'NONE', #544, 0.1000000000000005745 ) ;
#3892 = CARTESIAN_POINT ( 'NONE',  ( -4.710000000000000853, 10.00000000000000000, 0.5000000000000000000 ) ) ;
#3893 = CIRCLE ( 'NONE', #1622, 0.1000000000000005745 ) ;
#3894 = VECTOR ( 'NONE', #4210, 39.37007874015748143 ) ;
#3895 = VERTEX_POINT ( 'NONE', #9316 ) ;
#3896 = CARTESIAN_POINT ( 'NONE',  ( -2.150000000000001243, 7.200000000000006395, 1.199999999999945777 ) ) ;
#3897 = AXIS2_PLACEMENT_3D ( 'NONE', #5155, #1560, #844 ) ;
#3898 = EDGE_LOOP ( 'NONE', ( #1588, #414 ) ) ;
#3899 = CARTESIAN_POINT ( 'NONE',  ( -2.450000000000001066, 6.400000000000005684, 1.199999999999937339 ) ) ;
#3900 = CIRCLE ( 'NONE', #1442, 0.1249999999999999584 ) ;
#3901 = DIRECTION ( 'NONE',  ( 0.000000000000000000, -1.000000000000000000, 0.000000000000000000 ) ) ;
#3902 = EDGE_CURVE ( 'NONE', #4632, #9100, #4909, .T. ) ;
#3903 = VECTOR ( 'NONE', #2912, 39.37007874015748143 ) ;
#3904 = CARTESIAN_POINT ( 'NONE',  ( -2.450000000000001066, 8.299999999999998934, 1.599999999999958344 ) ) ;
#3905 = VERTEX_POINT ( 'NONE', #2782 ) ;
#3906 = CARTESIAN_POINT ( 'NONE',  ( -2.450000000000001066, 4.300000000000000711, 0.3999999999999165334 ) ) ;
#3907 = ORIENTED_EDGE ( 'NONE', *, *, #2996, .F. ) ;
#3908 = FACE_OUTER_BOUND ( 'NONE', #6034, .T. ) ;
#3909 = CARTESIAN_POINT ( 'NONE',  ( -8.550000000000000711, 7.434999999999998721, 0.2999999999999999889 ) ) ;
#3910 = VERTEX_POINT ( 'NONE', #7086 ) ;
#3911 = ORIENTED_EDGE ( 'NONE', *, *, #7613, .T. ) ;
#3912 = DIRECTION ( 'NONE',  ( 0.000000000000000000, 1.000000000000000000, 0.000000000000000000 ) ) ;
#3913 = ADVANCED_FACE ( 'NONE', ( #3589, #4296 ), #4157, .F. ) ;
#3914 = DIRECTION ( 'NONE',  ( 0.000000000000000000, 1.000000000000000000, 0.000000000000000000 ) ) ;
#3915 = DIRECTION ( 'NONE',  ( 0.000000000000000000, 1.000000000000000000, 0.000000000000000000 ) ) ;
#3916 = DIRECTION ( 'NONE',  ( -6.070773319253919496E-17, 1.000000000000000000, -0.000000000000000000 ) ) ;
#3917 = VERTEX_POINT ( 'NONE', #2734 ) ;
#3918 = ORIENTED_EDGE ( 'NONE', *, *, #1870, .T. ) ;
#3919 = DIRECTION ( 'NONE',  ( 0.000000000000000000, 1.000000000000000000, 0.000000000000000000 ) ) ;
#3920 = EDGE_CURVE ( 'NONE', #2880, #8460, #6002, .T. ) ;
#3921 = DIRECTION ( 'NONE',  ( 1.000000000000000000, 6.070773319253920728E-17, -0.000000000000000000 ) ) ;
#3922 = ADVANCED_FACE ( 'NONE', ( #7707 ), #1975, .F. ) ;
#3923 = LINE ( 'NONE', #5466, #5050 ) ;
#3924 = DIRECTION ( 'NONE',  ( 0.000000000000000000, -1.000000000000000000, 0.000000000000000000 ) ) ;
#3925 = VERTEX_POINT ( 'NONE', #5714 ) ;
#3926 = VERTEX_POINT ( 'NONE', #4999 ) ;
#3927 = CARTESIAN_POINT ( 'NONE',  ( -5.700000000000001066, 10.80000000000000249, 1.469999999999999973 ) ) ;
#3928 = ORIENTED_EDGE ( 'NONE', *, *, #138, .T. ) ;
#3929 = CARTESIAN_POINT ( 'NONE',  ( -5.700000000000001066, 8.010000000000003340, 0.6550000000000000266 ) ) ;
#3930 = FACE_BOUND ( 'NONE', #1970, .T. ) ;
#3931 = CYLINDRICAL_SURFACE ( 'NONE', #7955, 0.1000000000000005745 ) ;
#3932 = EDGE_CURVE ( 'NONE', #7059, #8888, #3133, .T. ) ;
#3933 = CARTESIAN_POINT ( 'NONE',  ( -2.150000000000001243, 10.40000000000000746, 1.199999999999979083 ) ) ;
#3934 = EDGE_CURVE ( 'NONE', #8631, #831, #2157, .T. ) ;
#3935 = AXIS2_PLACEMENT_3D ( 'NONE', #4593, #8099, #8905 ) ;
#3936 = VERTEX_POINT ( 'NONE', #6705 ) ;
#3937 = DIRECTION ( 'NONE',  ( 1.000000000000000000, 6.070773319253920728E-17, -0.000000000000000000 ) ) ;
#3938 = ORIENTED_EDGE ( 'NONE', *, *, #3157, .T. ) ;
#3939 = CARTESIAN_POINT ( 'NONE',  ( -11.15000000000000036, 8.000000000000000000, 0.000000000000000000 ) ) ;
#3940 = DIRECTION ( 'NONE',  ( 1.000000000000000000, 6.070773319253920728E-17, -0.000000000000000000 ) ) ;
#3941 = CARTESIAN_POINT ( 'NONE',  ( -2.700000000000000622, 12.44999999999999929, 0.000000000000000000 ) ) ;
#3942 = ORIENTED_EDGE ( 'NONE', *, *, #9199, .F. ) ;
#3943 = EDGE_CURVE ( 'NONE', #4289, #8482, #9330, .T. ) ;
#3944 = CARTESIAN_POINT ( 'NONE',  ( -5.150000000000000355, 12.69999999999999929, 1.499999999999999778 ) ) ;
#3945 = ORIENTED_EDGE ( 'NONE', *, *, #2078, .F. ) ;
#3946 = CARTESIAN_POINT ( 'NONE',  ( -11.14999999999999858, 5.635826771653543510, 0.7169291338582677309 ) ) ;
#3947 = DIRECTION ( 'NONE',  ( 1.000000000000000000, 6.070773319253920728E-17, -0.000000000000000000 ) ) ;
#3948 = VERTEX_POINT ( 'NONE', #3781 ) ;
#3949 = VERTEX_POINT ( 'NONE', #5801 ) ;
#3950 = DIRECTION ( 'NONE',  ( 1.000000000000000000, 6.070773319253919496E-17, 0.000000000000000000 ) ) ;
#3951 = CYLINDRICAL_SURFACE ( 'NONE', #1857, 0.4133858267716539192 ) ;
#3952 = EDGE_CURVE ( 'NONE', #7489, #496, #1455, .T. ) ;
#3953 = FACE_OUTER_BOUND ( 'NONE', #5619, .T. ) ;
#3954 = DIRECTION ( 'NONE',  ( 1.000000000000000000, 6.070773319253920728E-17, -0.000000000000000000 ) ) ;
#3955 = VERTEX_POINT ( 'NONE', #8083 ) ;
#3956 = EDGE_LOOP ( 'NONE', ( #213, #6278 ) ) ;
#3957 = DIRECTION ( 'NONE',  ( 1.000000000000000000, 6.070773319253920728E-17, -0.000000000000000000 ) ) ;
#3958 = CARTESIAN_POINT ( 'NONE',  ( -2.450000000000001066, 10.00000000000000000, 0.8999999999999999112 ) ) ;
#3959 = AXIS2_PLACEMENT_3D ( 'NONE', #2278, #5167, #4977 ) ;
#3960 = FACE_OUTER_BOUND ( 'NONE', #1839, .T. ) ;
#3961 = EDGE_CURVE ( 'NONE', #2992, #4864, #6157, .T. ) ;
#3962 = CARTESIAN_POINT ( 'NONE',  ( -2.150000000000000799, 5.900000000000016342, 0.3999999999999331868 ) ) ;
#3963 = ORIENTED_EDGE ( 'NONE', *, *, #1501, .T. ) ;
#3964 = ORIENTED_EDGE ( 'NONE', *, *, #8302, .F. ) ;
#3965 = LINE ( 'NONE', #2410, #4507 ) ;
#3966 = ORIENTED_EDGE ( 'NONE', *, *, #8040, .F. ) ;
#3967 = CARTESIAN_POINT ( 'NONE',  ( -2.450000000000001510, 12.00000000000001243, 0.7999999999999957145 ) ) ;
#3968 = FACE_BOUND ( 'NONE', #8546, .T. ) ;
#3969 = CIRCLE ( 'NONE', #6231, 0.5000000000000007772 ) ;
#3970 = DIRECTION ( 'NONE',  ( 1.000000000000000000, 0.000000000000000000, 0.000000000000000000 ) ) ;
#3971 = DIRECTION ( 'NONE',  ( 1.000000000000000000, 6.070773319253920728E-17, -0.000000000000000000 ) ) ;
#3972 = CIRCLE ( 'NONE', #1093, 0.1000000000000016709 ) ;
#3973 = UNCERTAINTY_MEASURE_WITH_UNIT (LENGTH_MEASURE( 1.000000000000000082E-05 ), #5267, 'distance_accuracy_value', 'NONE');
#3974 = EDGE_CURVE ( 'NONE', #1648, #2206, #5101, .T. ) ;
#3975 = DIRECTION ( 'NONE',  ( 1.000000000000000000, 0.000000000000000000, 0.000000000000000000 ) ) ;
#3976 = VECTOR ( 'NONE', #5511, 39.37007874015748143 ) ;
#3977 = ORIENTED_EDGE ( 'NONE', *, *, #3551, .F. ) ;
#3978 = DIRECTION ( 'NONE',  ( -1.000000000000000000, -5.463695987328527423E-16, 0.000000000000000000 ) ) ;
#3979 = VERTEX_POINT ( 'NONE', #834 ) ;
#3980 = CYLINDRICAL_SURFACE ( 'NONE', #6436, 0.08749999999999955036 ) ;
#3981 = EDGE_CURVE ( 'NONE', #2441, #4014, #6448, .T. ) ;
#3982 = CIRCLE ( 'NONE', #7309, 0.1000000000000016709 ) ;
#3983 = CARTESIAN_POINT ( 'NONE',  ( -4.710000000000000853, 7.730000000000000426, 0.5000000000000000000 ) ) ;
#3984 = AXIS2_PLACEMENT_3D ( 'NONE', #1591, #4482, #7365 ) ;
#3985 = DIRECTION ( 'NONE',  ( 1.000000000000000000, 0.000000000000000000, 0.000000000000000000 ) ) ;
#3986 = AXIS2_PLACEMENT_3D ( 'NONE', #6786, #5411, #9092 ) ;
#3987 = ORIENTED_EDGE ( 'NONE', *, *, #2745, .T. ) ;
#3988 = CARTESIAN_POINT ( 'NONE',  ( -4.900000000000000355, 7.050000000000001599, 0.2999999999999999889 ) ) ;
#3989 = AXIS2_PLACEMENT_3D ( 'NONE', #149, #5775, #3559 ) ;
#3990 = VERTEX_POINT ( 'NONE', #6003 ) ;
#3991 = CARTESIAN_POINT ( 'NONE',  ( -2.150000000000001243, 11.90000000000001101, 0.7999999999999957145 ) ) ;
#3992 = EDGE_CURVE ( 'NONE', #5708, #3949, #2259, .T. ) ;
#3993 = CARTESIAN_POINT ( 'NONE',  ( -5.150000000000000355, 12.20000000000000284, 1.499999999999999778 ) ) ;
#3994 = ORIENTED_EDGE ( 'NONE', *, *, #5912, .T. ) ;
#3995 = ORIENTED_EDGE ( 'NONE', *, *, #2593, .T. ) ;
#3996 = FACE_BOUND ( 'NONE', #8359, .T. ) ;
#3997 = AXIS2_PLACEMENT_3D ( 'NONE', #5163, #3695, #4512 ) ;
#3998 = CIRCLE ( 'NONE', #9279, 0.08749999999999981404 ) ;
#3999 = CARTESIAN_POINT ( 'NONE',  ( -5.700000000000001066, 8.010000000000003340, 0.4610000000000001319 ) ) ;
#4000 = DIRECTION ( 'NONE',  ( 1.000000000000000000, 6.070773319253920728E-17, -0.000000000000000000 ) ) ;
#4001 = AXIS2_PLACEMENT_3D ( 'NONE', #774, #1887, #462 ) ;
#4002 = ORIENTED_EDGE ( 'NONE', *, *, #8363, .F. ) ;
#4003 = CYLINDRICAL_SURFACE ( 'NONE', #515, 0.1000000000000005745 ) ;
#4004 = VERTEX_POINT ( 'NONE', #5948 ) ;
#4005 = AXIS2_PLACEMENT_3D ( 'NONE', #6271, #1966, #9162 ) ;
#4006 = ORIENTED_EDGE ( 'NONE', *, *, #7773, .F. ) ;
#4007 = DIRECTION ( 'NONE',  ( 0.000000000000000000, 1.000000000000000000, 0.000000000000000000 ) ) ;
#4008 = EDGE_CURVE ( 'NONE', #336, #4162, #4495, .T. ) ;
#4009 = CIRCLE ( 'NONE', #5215, 0.1000000000000005745 ) ;
#4010 = FACE_OUTER_BOUND ( 'NONE', #3517, .T. ) ;
#4011 = AXIS2_PLACEMENT_3D ( 'NONE', #583, #5703, #7642 ) ;
#4012 = DIRECTION ( 'NONE',  ( -0.000000000000000000, -0.000000000000000000, -1.000000000000000000 ) ) ;
#4013 = DIRECTION ( 'NONE',  ( 1.000000000000000000, 6.070773319253919496E-17, 0.000000000000000000 ) ) ;
#4014 = VERTEX_POINT ( 'NONE', #8891 ) ;
#4015 = ORIENTED_EDGE ( 'NONE', *, *, #5143, .F. ) ;
#4016 = CARTESIAN_POINT ( 'NONE',  ( -2.450000000000001510, 11.60000000000001208, 0.7999999999999914957 ) ) ;
#4017 = ORIENTED_EDGE ( 'NONE', *, *, #269, .T. ) ;
#4018 = CARTESIAN_POINT ( 'NONE',  ( -4.710000000000000853, 7.730000000000000426, 0.5000000000000000000 ) ) ;
#4019 = FACE_BOUND ( 'NONE', #1771, .T. ) ;
#4020 = CIRCLE ( 'NONE', #1443, 0.1000000000000016709 ) ;
#4021 = DIRECTION ( 'NONE',  ( 0.000000000000000000, 1.000000000000000000, 0.000000000000000000 ) ) ;
#4022 = EDGE_CURVE ( 'NONE', #2968, #1512, #7203, .T. ) ;
#4023 = DIRECTION ( 'NONE',  ( 1.000000000000000000, 6.070773319253919496E-17, 0.000000000000000000 ) ) ;
#4024 = CIRCLE ( 'NONE', #4767, 0.1000000000000005745 ) ;
#4025 = CIRCLE ( 'NONE', #4483, 0.1000000000000005745 ) ;
#4026 = FACE_OUTER_BOUND ( 'NONE', #3832, .T. ) ;
#4027 = ORIENTED_EDGE ( 'NONE', *, *, #8737, .T. ) ;
#4028 = CARTESIAN_POINT ( 'NONE',  ( -2.450000000000001066, 4.800000000000016698, 0.3999999999999207523 ) ) ;
#4029 = ORIENTED_EDGE ( 'NONE', *, *, #5029, .T. ) ;
#4030 = CARTESIAN_POINT ( 'NONE',  ( -11.14999999999999858, 5.566929133858268486, 1.583070866141732536 ) ) ;
#4031 = CIRCLE ( 'NONE', #7510, 0.1000000000000005745 ) ;
#4032 = CIRCLE ( 'NONE', #3270, 0.06889763779527564858 ) ;
#4033 = VECTOR ( 'NONE', #5091, 39.37007874015748143 ) ;
#4034 = EDGE_CURVE ( 'NONE', #2688, #9024, #6606, .T. ) ;
#4035 = CIRCLE ( 'NONE', #4933, 0.06899999999999972822 ) ;
#4036 = CARTESIAN_POINT ( 'NONE',  ( -2.450000000000001066, 8.800000000000000711, 1.599999999999962341 ) ) ;
#4037 = EDGE_CURVE ( 'NONE', #3149, #298, #7323, .T. ) ;
#4038 = AXIS2_PLACEMENT_3D ( 'NONE', #9117, #2691, #6989 ) ;
#4039 = ORIENTED_EDGE ( 'NONE', *, *, #8968, .T. ) ;
#4040 = DIRECTION ( 'NONE',  ( 1.000000000000000000, 6.070773319253920728E-17, -0.000000000000000000 ) ) ;
#4041 = AXIS2_PLACEMENT_3D ( 'NONE', #215, #3112, #21 ) ;
#4042 = ORIENTED_EDGE ( 'NONE', *, *, #490, .F. ) ;
#4043 = DIRECTION ( 'NONE',  ( 0.000000000000000000, 0.000000000000000000, 1.000000000000000000 ) ) ;
#4044 = PLANE ( 'NONE',  #1304 ) ;
#4045 = DIRECTION ( 'NONE',  ( -2.185478394931410575E-16, -1.000000000000000000, 0.000000000000000000 ) ) ;
#4046 = FACE_BOUND ( 'NONE', #120, .T. ) ;
#4047 = AXIS2_PLACEMENT_3D ( 'NONE', #4255, #641, #2740 ) ;
#4048 = EDGE_CURVE ( 'NONE', #1109, #2910, #5047, .T. ) ;
#4049 = CARTESIAN_POINT ( 'NONE',  ( -5.600000000000001421, 12.44999999999999929, 0.000000000000000000 ) ) ;
#4050 = EDGE_CURVE ( 'NONE', #7535, #3664, #2374, .T. ) ;
#4051 = ORIENTED_EDGE ( 'NONE', *, *, #61, .T. ) ;
#4052 = LINE ( 'NONE', #9152, #4724 ) ;
#4053 = AXIS2_PLACEMENT_3D ( 'NONE', #7496, #7985, #2111 ) ;
#4054 = DIRECTION ( 'NONE',  ( 1.000000000000000000, 6.070773319253919496E-17, 0.000000000000000000 ) ) ;
#4055 = VERTEX_POINT ( 'NONE', #4349 ) ;
#4056 = EDGE_LOOP ( 'NONE', ( #2217, #2108 ) ) ;
#4057 = DIRECTION ( 'NONE',  ( 1.000000000000000000, 0.000000000000000000, 0.000000000000000000 ) ) ;
#4058 = DIRECTION ( 'NONE',  ( 0.000000000000000000, 1.000000000000000000, 0.000000000000000000 ) ) ;
#4059 = EDGE_CURVE ( 'NONE', #1234, #4815, #167, .T. ) ;
#4060 = CARTESIAN_POINT ( 'NONE',  ( -2.450000000000001066, 6.700000000000016165, 0.3999999999999415135 ) ) ;
#4061 = LINE ( 'NONE', #3338, #7805 ) ;
#4062 = VERTEX_POINT ( 'NONE', #7989 ) ;
#4063 = ADVANCED_FACE ( 'NONE', ( #73 ), #2972, .T. ) ;
#4064 = ORIENTED_EDGE ( 'NONE', *, *, #8027, .T. ) ;
#4065 = AXIS2_PLACEMENT_3D ( 'NONE', #8385, #1994, #1950 ) ;
#4066 = DIRECTION ( 'NONE',  ( 0.000000000000000000, 0.000000000000000000, -1.000000000000000000 ) ) ;
#4067 = VERTEX_POINT ( 'NONE', #128 ) ;
#4068 = FACE_OUTER_BOUND ( 'NONE', #7974, .T. ) ;
#4069 = FACE_BOUND ( 'NONE', #2097, .T. ) ;
#4070 = PLANE ( 'NONE',  #6438 ) ;
#4071 = CARTESIAN_POINT ( 'NONE',  ( -2.450000000000001066, 11.30000000000001315, 0.7999999999999873879 ) ) ;
#4072 = CIRCLE ( 'NONE', #8280, 0.1000000000000016709 ) ;
#4073 = ORIENTED_EDGE ( 'NONE', *, *, #1779, .T. ) ;
#4074 = LINE ( 'NONE', #2595, #7663 ) ;
#4075 = VERTEX_POINT ( 'NONE', #3062 ) ;
#4076 = ADVANCED_FACE ( 'NONE', ( #3020 ), #8791, .F. ) ;
#4077 = CARTESIAN_POINT ( 'NONE',  ( -5.700000000000001066, 8.010000000000003340, 0.5300000000000001377 ) ) ;
#4078 = VERTEX_POINT ( 'NONE', #7418 ) ;
#4079 = DIRECTION ( 'NONE',  ( 0.000000000000000000, -1.000000000000000000, 0.000000000000000000 ) ) ;
#4080 = CARTESIAN_POINT ( 'NONE',  ( -10.59999999999999964, 4.550000000000000711, 0.2999999999999999889 ) ) ;
#4081 = ORIENTED_EDGE ( 'NONE', *, *, #7349, .T. ) ;
#4082 = ADVANCED_FACE ( 'NONE', ( #270 ), #5287, .F. ) ;
#4083 = DIRECTION ( 'NONE',  ( 1.000000000000000000, 6.070773319253919496E-17, 0.000000000000000000 ) ) ;
#4084 = ORIENTED_EDGE ( 'NONE', *, *, #6235, .F. ) ;
#4085 = LINE ( 'NONE', #4696, #2798 ) ;
#4086 = CARTESIAN_POINT ( 'NONE',  ( -3.450000000000001066, 7.050000000000001599, 0.2999999999999999889 ) ) ;
#4087 = EDGE_LOOP ( 'NONE', ( #7689, #4, #6805, #818 ) ) ;
#4088 = FACE_BOUND ( 'NONE', #133, .T. ) ;
#4089 = DIRECTION ( 'NONE',  ( 1.000000000000000000, 6.070773319253920728E-17, -0.000000000000000000 ) ) ;
#4090 = CARTESIAN_POINT ( 'NONE',  ( -2.150000000000000799, 5.300000000000006040, 1.199999999999924905 ) ) ;
#4091 = ORIENTED_EDGE ( 'NONE', *, *, #2291, .F. ) ;
#4092 = DIRECTION ( 'NONE',  ( 0.000000000000000000, 1.000000000000000000, 0.000000000000000000 ) ) ;
#4093 = CYLINDRICAL_SURFACE ( 'NONE', #7772, 0.1000000000000016709 ) ;
#4094 = ORIENTED_EDGE ( 'NONE', *, *, #2370, .T. ) ;
#4095 = EDGE_LOOP ( 'NONE', ( #7853, #8862, #3512, #3826 ) ) ;
#4096 = EDGE_CURVE ( 'NONE', #6890, #1680, #1694, .T. ) ;
#4097 = CARTESIAN_POINT ( 'NONE',  ( -6.000000000000001776, 12.65000000000000213, 2.000000000000000000 ) ) ;
#4098 = DIRECTION ( 'NONE',  ( 1.000000000000000000, 6.070773319253920728E-17, -0.000000000000000000 ) ) ;
#4099 = DIRECTION ( 'NONE',  ( 1.000000000000000000, 6.070773319253920728E-17, -0.000000000000000000 ) ) ;
#4100 = FACE_BOUND ( 'NONE', #5110, .T. ) ;
#4101 = VERTEX_POINT ( 'NONE', #974 ) ;
#4102 = ORIENTED_EDGE ( 'NONE', *, *, #3286, .F. ) ;
#4103 = CARTESIAN_POINT ( 'NONE',  ( -5.850000000000001421, 10.80000000000000249, 1.594999999999999751 ) ) ;
#4104 = ORIENTED_EDGE ( 'NONE', *, *, #8440, .F. ) ;
#4105 = DIRECTION ( 'NONE',  ( -1.000000000000000000, 0.000000000000000000, 0.000000000000000000 ) ) ;
#4106 = EDGE_CURVE ( 'NONE', #8444, #1353, #3871, .T. ) ;
#4107 = LINE ( 'NONE', #3532, #7486 ) ;
#4108 = CARTESIAN_POINT ( 'NONE',  ( -2.450000000000001066, 6.500000000000000888, 1.599999999999937250 ) ) ;
#4109 = CARTESIAN_POINT ( 'NONE',  ( -2.450000000000001066, 8.800000000000000711, 1.599999999999962341 ) ) ;
#4110 = EDGE_CURVE ( 'NONE', #4462, #1599, #6434, .T. ) ;
#4111 = ORIENTED_EDGE ( 'NONE', *, *, #1540, .T. ) ;
#4112 = CARTESIAN_POINT ( 'NONE',  ( -2.150000000000000799, 5.200000000000010836, 0.7999999999999247713 ) ) ;
#4113 = ORIENTED_EDGE ( 'NONE', *, *, #6415, .F. ) ;
#4114 = DIRECTION ( 'NONE',  ( 0.000000000000000000, 1.000000000000000000, 0.000000000000000000 ) ) ;
#4115 = DIRECTION ( 'NONE',  ( 1.000000000000000000, 0.000000000000000000, 0.000000000000000000 ) ) ;
#4116 = EDGE_LOOP ( 'NONE', ( #2788, #3121 ) ) ;
#4117 = DIRECTION ( 'NONE',  ( 0.000000000000000000, 0.000000000000000000, 1.000000000000000000 ) ) ;
#4118 = DIRECTION ( 'NONE',  ( 0.000000000000000000, 0.000000000000000000, -1.000000000000000000 ) ) ;
#4119 = EDGE_CURVE ( 'NONE', #4101, #3926, #5251, .T. ) ;
#4120 = AXIS2_PLACEMENT_3D ( 'NONE', #6814, #4773, #324 ) ;
#4121 = CARTESIAN_POINT ( 'NONE',  ( -8.550000000000000711, 7.434999999999998721, 0.4499999999999999556 ) ) ;
#4122 = ORIENTED_EDGE ( 'NONE', *, *, #6919, .F. ) ;
#4123 = CARTESIAN_POINT ( 'NONE',  ( -2.450000000000001066, 5.200000000000010836, 0.7999999999999247713 ) ) ;
#4124 = CIRCLE ( 'NONE', #4434, 0.1000000000000005745 ) ;
#4125 = VERTEX_POINT ( 'NONE', #1274 ) ;
#4126 = FACE_OUTER_BOUND ( 'NONE', #123, .T. ) ;
#4127 = CYLINDRICAL_SURFACE ( 'NONE', #1908, 0.1000000000000016709 ) ;
#4128 = CIRCLE ( 'NONE', #789, 0.1000000000000016709 ) ;
#4129 = DIRECTION ( 'NONE',  ( 0.000000000000000000, 1.000000000000000000, 0.000000000000000000 ) ) ;
#4130 = EDGE_CURVE ( 'NONE', #8248, #5430, #3277, .T. ) ;
#4131 = CIRCLE ( 'NONE', #3076, 0.1000000000000005745 ) ;
#4132 = CARTESIAN_POINT ( 'NONE',  ( -2.450000000000001066, 4.400000000000016342, 0.3999999999999165334 ) ) ;
#4133 = CIRCLE ( 'NONE', #348, 0.1000000000000005745 ) ;
#4134 = ADVANCED_FACE ( 'NONE', ( #7139 ), #2743, .F. ) ;
#4135 = CARTESIAN_POINT ( 'NONE',  ( -2.450000000000001066, 9.200000000000001066, 1.599999999999966560 ) ) ;
#4136 = EDGE_LOOP ( 'NONE', ( #8852, #7976 ) ) ;
#4137 = CARTESIAN_POINT ( 'NONE',  ( -2.450000000000001510, 11.70000000000000284, 1.599999999999991651 ) ) ;
#4138 = VERTEX_POINT ( 'NONE', #2884 ) ;
#4139 = FACE_OUTER_BOUND ( 'NONE', #4235, .T. ) ;
#4140 = ORIENTED_EDGE ( 'NONE', *, *, #7015, .F. ) ;
#4141 = VERTEX_POINT ( 'NONE', #4170 ) ;
#4142 = LINE ( 'NONE', #9247, #3412 ) ;
#4143 = VECTOR ( 'NONE', #6870, 39.37007874015748143 ) ;
#4144 = ADVANCED_FACE ( 'NONE', ( #8514 ), #9189, .T. ) ;
#4145 = FACE_OUTER_BOUND ( 'NONE', #8329, .T. ) ;
#4146 = VECTOR ( 'NONE', #6041, 39.37007874015748143 ) ;
#4147 = EDGE_CURVE ( 'NONE', #5225, #6336, #408, .T. ) ;
#4148 = DIRECTION ( 'NONE',  ( 0.000000000000000000, 1.000000000000000000, 0.000000000000000000 ) ) ;
#4149 = VECTOR ( 'NONE', #3783, 39.37007874015748143 ) ;
#4150 = ORIENTED_EDGE ( 'NONE', *, *, #9163, .F. ) ;
#4151 = ORIENTED_EDGE ( 'NONE', *, *, #6356, .T. ) ;
#4152 = CYLINDRICAL_SURFACE ( 'NONE', #7529, 0.1000000000000016709 ) ;
#4153 = EDGE_LOOP ( 'NONE', ( #535, #8820 ) ) ;
#4154 = CARTESIAN_POINT ( 'NONE',  ( -11.08750000000000213, 4.150000000000000355, 1.870000000000000107 ) ) ;
#4155 = DIRECTION ( 'NONE',  ( 1.000000000000000000, 6.070773319253919496E-17, 0.000000000000000000 ) ) ;
#4156 = CIRCLE ( 'NONE', #1424, 0.06889763779527564858 ) ;
#4157 = PLANE ( 'NONE',  #861 ) ;
#4158 = CIRCLE ( 'NONE', #3395, 0.1000000000000005745 ) ;
#4159 = DIRECTION ( 'NONE',  ( 0.000000000000000000, 0.000000000000000000, 1.000000000000000000 ) ) ;
#4160 = ADVANCED_FACE ( 'NONE', ( #1368 ), #3545, .F. ) ;
#4161 = EDGE_CURVE ( 'NONE', #7089, #1034, #5693, .T. ) ;
#4162 = VERTEX_POINT ( 'NONE', #1227 ) ;
#4163 = DIRECTION ( 'NONE',  ( -0.000000000000000000, -0.000000000000000000, 1.000000000000000000 ) ) ;
#4164 = ORIENTED_EDGE ( 'NONE', *, *, #7677, .F. ) ;
#4165 = LINE ( 'NONE', #5581, #3693 ) ;
#4166 = AXIS2_PLACEMENT_3D ( 'NONE', #2538, #407, #1737 ) ;
#4167 = CARTESIAN_POINT ( 'NONE',  ( -2.450000000000001066, 6.400000000000000355, 1.599999999999937250 ) ) ;
#4168 = ORIENTED_EDGE ( 'NONE', *, *, #7538, .F. ) ;
#4169 = DIRECTION ( 'NONE',  ( 0.000000000000000000, 1.000000000000000000, 0.000000000000000000 ) ) ;
#4170 = CARTESIAN_POINT ( 'NONE',  ( -2.150000000000001243, 11.10000000000001030, 0.7999999999999873879 ) ) ;
#4171 = EDGE_CURVE ( 'NONE', #4078, #5923, #3576, .T. ) ;
#4172 = CIRCLE ( 'NONE', #4922, 0.1000000000000005745 ) ;
#4173 = AXIS2_PLACEMENT_3D ( 'NONE', #193, #7209, #3609 ) ;
#4174 = CIRCLE ( 'NONE', #677, 0.1000000000000005745 ) ;
#4175 = CARTESIAN_POINT ( 'NONE',  ( -2.450000000000001066, 7.100000000000000533, 1.599999999999945688 ) ) ;
#4176 = EDGE_CURVE ( 'NONE', #4966, #4846, #8872, .T. ) ;
#4177 = ORIENTED_EDGE ( 'NONE', *, *, #8492, .F. ) ;
#4178 = FACE_OUTER_BOUND ( 'NONE', #5945, .T. ) ;
#4179 = AXIS2_PLACEMENT_3D ( 'NONE', #4590, #5435, #6152 ) ;
#4180 = ORIENTED_EDGE ( 'NONE', *, *, #7672, .T. ) ;
#4181 = DIRECTION ( 'NONE',  ( 1.000000000000000000, 6.070773319253920728E-17, -0.000000000000000000 ) ) ;
#4182 = CIRCLE ( 'NONE', #8409, 0.1000000000000016709 ) ;
#4183 = EDGE_CURVE ( 'NONE', #1852, #595, #4338, .T. ) ;
#4184 = CYLINDRICAL_SURFACE ( 'NONE', #8405, 0.1000000000000005745 ) ;
#4185 = CIRCLE ( 'NONE', #93, 0.1000000000000005745 ) ;
#4186 = DIRECTION ( 'NONE',  ( 1.000000000000000000, 6.070773319253919496E-17, 0.000000000000000000 ) ) ;
#4187 = VECTOR ( 'NONE', #7202, 39.37007874015748143 ) ;
#4188 = AXIS2_PLACEMENT_3D ( 'NONE', #4939, #8581, #4841 ) ;
#4189 = DIRECTION ( 'NONE',  ( 1.000000000000000000, 6.070773319253920728E-17, -0.000000000000000000 ) ) ;
#4190 = VECTOR ( 'NONE', #8176, 39.37007874015748143 ) ;
#4191 = CARTESIAN_POINT ( 'NONE',  ( -4.900000000000000355, 4.500000000000000888, 0.2999999999999999889 ) ) ;
#4192 = ORIENTED_EDGE ( 'NONE', *, *, #3440, .F. ) ;
#4193 = DIRECTION ( 'NONE',  ( 0.000000000000000000, -1.000000000000000000, 0.000000000000000000 ) ) ;
#4194 = ORIENTED_EDGE ( 'NONE', *, *, #7428, .F. ) ;
#4195 = DIRECTION ( 'NONE',  ( 1.000000000000000000, 6.070773319253920728E-17, -0.000000000000000000 ) ) ;
#4196 = EDGE_CURVE ( 'NONE', #1460, #3083, #695, .T. ) ;
#4197 = EDGE_LOOP ( 'NONE', ( #3219, #7936, #7023, #1725 ) ) ;
#4198 = ORIENTED_EDGE ( 'NONE', *, *, #6884, .F. ) ;
#4199 = DIRECTION ( 'NONE',  ( 1.000000000000000000, 6.070773319253920728E-17, -0.000000000000000000 ) ) ;
#4200 = DIRECTION ( 'NONE',  ( 0.000000000000000000, 1.000000000000000000, 0.000000000000000000 ) ) ;
#4201 = AXIS2_PLACEMENT_3D ( 'NONE', #4016, #415, #3302 ) ;
#4202 = CARTESIAN_POINT ( 'NONE',  ( -2.450000000000001066, 9.500000000000007105, 1.199999999999970646 ) ) ;
#4203 = ORIENTED_EDGE ( 'NONE', *, *, #6371, .F. ) ;
#4204 = EDGE_CURVE ( 'NONE', #5915, #7116, #2843, .T. ) ;
#4205 = ORIENTED_EDGE ( 'NONE', *, *, #8886, .T. ) ;
#4206 = CARTESIAN_POINT ( 'NONE',  ( -2.800000000000000711, 10.00000000000000000, 0.5000000000000000000 ) ) ;
#4207 = EDGE_LOOP ( 'NONE', ( #2186, #7923, #7637, #5896 ) ) ;
#4208 = DIRECTION ( 'NONE',  ( 0.000000000000000000, 1.000000000000000000, 0.000000000000000000 ) ) ;
#4209 = DIRECTION ( 'NONE',  ( 1.000000000000000000, 6.070773319253919496E-17, 0.000000000000000000 ) ) ;
#4210 = DIRECTION ( 'NONE',  ( 1.000000000000000000, 6.070773319253920728E-17, -0.000000000000000000 ) ) ;
#4211 = PLANE ( 'NONE',  #7895 ) ;
#4212 = ORIENTED_EDGE ( 'NONE', *, *, #5441, .F. ) ;
#4213 = DIRECTION ( 'NONE',  ( 0.000000000000000000, 1.000000000000000000, 0.000000000000000000 ) ) ;
#4214 = EDGE_LOOP ( 'NONE', ( #7699, #8120 ) ) ;
#4215 = DIRECTION ( 'NONE',  ( -1.000000000000000000, 0.000000000000000000, 0.000000000000000000 ) ) ;
#4216 = CARTESIAN_POINT ( 'NONE',  ( -2.925000000000000711, 10.00000000000000000, 0.2999999999999999889 ) ) ;
#4217 = VERTEX_POINT ( 'NONE', #8611 ) ;
#4218 = DIRECTION ( 'NONE',  ( 1.000000000000000000, 0.000000000000000000, 0.000000000000000000 ) ) ;
#4219 = DIRECTION ( 'NONE',  ( 1.000000000000000000, 6.070773319253920728E-17, -0.000000000000000000 ) ) ;
#4220 = ADVANCED_FACE ( 'NONE', ( #512 ), #7759, .F. ) ;
#4221 = CARTESIAN_POINT ( 'NONE',  ( -2.150000000000001243, 11.60000000000001208, 0.7999999999999914957 ) ) ;
#4222 = EDGE_LOOP ( 'NONE', ( #6248, #7926, #8936, #1767 ) ) ;
#4223 = DIRECTION ( 'NONE',  ( 0.000000000000000000, 1.000000000000000000, 0.000000000000000000 ) ) ;
#4224 = ORIENTED_EDGE ( 'NONE', *, *, #7787, .F. ) ;
#4225 = CARTESIAN_POINT ( 'NONE',  ( -2.450000000000001066, 4.400000000000011013, 0.7999999999999164446 ) ) ;
#4226 = CARTESIAN_POINT ( 'NONE',  ( -2.150000000000001243, 11.60000000000000675, 1.199999999999991518 ) ) ;
#4227 = DIRECTION ( 'NONE',  ( 1.000000000000000000, 6.070773319253920728E-17, -0.000000000000000000 ) ) ;
#4228 = ADVANCED_FACE ( 'NONE', ( #9372 ), #2704, .F. ) ;
#4229 = CARTESIAN_POINT ( 'NONE',  ( -2.150000000000001243, 11.20000000000001883, 0.3999999999999874212 ) ) ;
#4230 = DIRECTION ( 'NONE',  ( 1.000000000000000000, 6.070773319253919496E-17, 0.000000000000000000 ) ) ;
#4231 = EDGE_LOOP ( 'NONE', ( #3342, #85, #969, #5752 ) ) ;
#4232 = CARTESIAN_POINT ( 'NONE',  ( -11.14999999999999858, 4.300000000000000711, 2.000000000000000000 ) ) ;
#4233 = EDGE_LOOP ( 'NONE', ( #5152, #3374 ) ) ;
#4234 = CYLINDRICAL_SURFACE ( 'NONE', #8994, 0.06900000000000089395 ) ;
#4235 = EDGE_LOOP ( 'NONE', ( #1347, #7225, #1947, #1968 ) ) ;
#4236 = ORIENTED_EDGE ( 'NONE', *, *, #6129, .T. ) ;
#4237 = ORIENTED_EDGE ( 'NONE', *, *, #4457, .T. ) ;
#4238 = CARTESIAN_POINT ( 'NONE',  ( -10.59999999999999964, 7.449999999999999289, 0.000000000000000000 ) ) ;
#4239 = CARTESIAN_POINT ( 'NONE',  ( -2.450000000000001066, 9.200000000000006395, 1.199999999999966427 ) ) ;
#4240 = EDGE_CURVE ( 'NONE', #4141, #4245, #6300, .T. ) ;
#4241 = CARTESIAN_POINT ( 'NONE',  ( -2.450000000000001066, 6.800000000000006040, 1.199999999999941558 ) ) ;
#4242 = EDGE_LOOP ( 'NONE', ( #9155, #1831, #7025, #7615 ) ) ;
#4243 = VERTEX_POINT ( 'NONE', #4305 ) ;
#4244 = CARTESIAN_POINT ( 'NONE',  ( -2.450000000000001066, 4.300000000000000711, 2.000000000000000000 ) ) ;
#4245 = VERTEX_POINT ( 'NONE', #8012 ) ;
#4246 = CARTESIAN_POINT ( 'NONE',  ( -5.150000000000000355, 12.80000000000000071, 0.5000000000000000000 ) ) ;
#4247 = CARTESIAN_POINT ( 'NONE',  ( -8.650000000000000355, 7.534999999999998366, 0.2999999999999999889 ) ) ;
#4248 = CARTESIAN_POINT ( 'NONE',  ( -2.450000000000001066, 9.700000000000008171, 1.199999999999970646 ) ) ;
#4249 = CARTESIAN_POINT ( 'NONE',  ( -2.450000000000001510, 10.80000000000001847, 0.3000000000000000999 ) ) ;
#4250 = ADVANCED_FACE ( 'NONE', ( #8993 ), #3092, .T. ) ;
#4251 = ADVANCED_FACE ( 'NONE', ( #715 ), #2238, .F. ) ;
#4252 = VERTEX_POINT ( 'NONE', #5831 ) ;
#4253 = LINE ( 'NONE', #7133, #5678 ) ;
#4254 = ORIENTED_EDGE ( 'NONE', *, *, #3607, .F. ) ;
#4255 = CARTESIAN_POINT ( 'NONE',  ( -2.150000000000001243, 8.000000000000000000, 1.599999999999953904 ) ) ;
#4256 = ORIENTED_EDGE ( 'NONE', *, *, #8100, .F. ) ;
#4257 = CYLINDRICAL_SURFACE ( 'NONE', #7643, 0.06899999999999972822 ) ;
#4258 = CARTESIAN_POINT ( 'NONE',  ( -2.150000000000001243, 11.60000000000000142, 1.599999999999991651 ) ) ;
#4259 = DIRECTION ( 'NONE',  ( -1.000000000000000000, -6.070773319253919496E-17, 0.000000000000000000 ) ) ;
#4260 = EDGE_CURVE ( 'NONE', #1034, #7089, #2681, .T. ) ;
#4261 = ORIENTED_EDGE ( 'NONE', *, *, #4970, .F. ) ;
#4262 = EDGE_CURVE ( 'NONE', #6239, #5364, #5380, .T. ) ;
#4263 = CARTESIAN_POINT ( 'NONE',  ( -5.700000000000001066, 8.010000000000003340, 0.5300000000000001377 ) ) ;
#4264 = ORIENTED_EDGE ( 'NONE', *, *, #6762, .F. ) ;
#4265 = DIRECTION ( 'NONE',  ( 1.000000000000000000, 6.070773319253920728E-17, -0.000000000000000000 ) ) ;
#4266 = DIRECTION ( 'NONE',  ( 1.000000000000000000, 6.070773319253919496E-17, 0.000000000000000000 ) ) ;
#4267 = AXIS2_PLACEMENT_3D ( 'NONE', #2234, #5120, #5213 ) ;
#4268 = CARTESIAN_POINT ( 'NONE',  ( -2.150000000000001243, 7.600000000000000533, 1.599999999999949907 ) ) ;
#4269 = AXIS2_PLACEMENT_3D ( 'NONE', #4684, #1079, #5438 ) ;
#4270 = DIRECTION ( 'NONE',  ( 1.000000000000000000, 6.070773319253919496E-17, 0.000000000000000000 ) ) ;
#4272 = CIRCLE ( 'NONE', #5478, 0.1000000000000005745 ) ;
#4271 = DIRECTION ( 'NONE',  ( 0.000000000000000000, 1.000000000000000000, 0.000000000000000000 ) ) ;
#4273 = EDGE_LOOP ( 'NONE', ( #2057, #1432, #9013, #1542 ) ) ;
#4274 = EDGE_CURVE ( 'NONE', #3614, #2868, #1893, .T. ) ;
#4275 = DIRECTION ( 'NONE',  ( 0.000000000000000000, 1.000000000000000000, 0.000000000000000000 ) ) ;
#4276 = CIRCLE ( 'NONE', #6693, 0.1225000000000001227 ) ;
#4277 = ORIENTED_EDGE ( 'NONE', *, *, #1464, .T. ) ;
#4278 = CARTESIAN_POINT ( 'NONE',  ( -2.450000000000001066, 10.50000000000001243, 0.7999999999999790612 ) ) ;
#4279 = VERTEX_POINT ( 'NONE', #6592 ) ;
#4280 = VERTEX_POINT ( 'NONE', #5075 ) ;
#4281 = ORIENTED_EDGE ( 'NONE', *, *, #1090, .T. ) ;
#4282 = CARTESIAN_POINT ( 'NONE',  ( -2.450000000000001066, 10.29999999999999893, 1.599999999999979217 ) ) ;
#4283 = ADVANCED_FACE ( 'NONE', ( #2896 ), #107, .F. ) ;
#4284 = AXIS2_PLACEMENT_3D ( 'NONE', #9278, #9138, #2657 ) ;
#4285 = VECTOR ( 'NONE', #6883, 39.37007874015748143 ) ;
#4286 = CARTESIAN_POINT ( 'NONE',  ( -5.700000000000001066, 8.010000000000003340, 0.4050000000000001932 ) ) ;
#4287 = CARTESIAN_POINT ( 'NONE',  ( -2.450000000000001066, 7.600000000000006750, 1.199999999999949774 ) ) ;
#4288 = ORIENTED_EDGE ( 'NONE', *, *, #244, .T. ) ;
#4289 = VERTEX_POINT ( 'NONE', #5125 ) ;
#4290 = AXIS2_PLACEMENT_3D ( 'NONE', #864, #1379, #7914 ) ;
#4291 = CARTESIAN_POINT ( 'NONE',  ( -2.150000000000001243, 11.50000000000001599, 0.3999999999999914735 ) ) ;
#4292 = ORIENTED_EDGE ( 'NONE', *, *, #9363, .F. ) ;
#4293 = CARTESIAN_POINT ( 'NONE',  ( 0.000000000000000000, 0.000000000000000000, 0.2999999999999999889 ) ) ;
#4294 = CARTESIAN_POINT ( 'NONE',  ( -2.150000000000000799, 4.799999999999999822, 1.599999999999920597 ) ) ;
#4295 = EDGE_CURVE ( 'NONE', #8015, #4946, #3872, .T. ) ;
#4296 = FACE_OUTER_BOUND ( 'NONE', #7061, .T. ) ;
#4297 = AXIS2_PLACEMENT_3D ( 'NONE', #4824, #2700, #8463 ) ;
#4298 = CYLINDRICAL_SURFACE ( 'NONE', #6991, 0.1000000000000005745 ) ;
#4299 = EDGE_LOOP ( 'NONE', ( #4942, #8808, #7946, #1404 ) ) ;
#4300 = CARTESIAN_POINT ( 'NONE',  ( -6.500000000000000888, 7.434999999999998721, 0.4499999999999999556 ) ) ;
#4301 = ORIENTED_EDGE ( 'NONE', *, *, #3705, .F. ) ;
#4302 = CARTESIAN_POINT ( 'NONE',  ( -2.800000000000001155, 7.730000000000000426, 0.5000000000000000000 ) ) ;
#4303 = EDGE_LOOP ( 'NONE', ( #1711, #7924 ) ) ;
#4304 = FACE_OUTER_BOUND ( 'NONE', #9242, .T. ) ;
#4305 = CARTESIAN_POINT ( 'NONE',  ( -5.150000000000000355, 12.80000000000000071, 1.124999999999999778 ) ) ;
#4306 = EDGE_CURVE ( 'NONE', #8604, #1889, #3761, .T. ) ;
#4307 = AXIS2_PLACEMENT_3D ( 'NONE', #6628, #5257, #8705 ) ;
#4308 = FACE_BOUND ( 'NONE', #7526, .T. ) ;
#4309 = CIRCLE ( 'NONE', #5062, 0.06899999999999972822 ) ;
#4310 = AXIS2_PLACEMENT_3D ( 'NONE', #6616, #6658, #4536 ) ;
#4311 = VERTEX_POINT ( 'NONE', #8726 ) ;
#4312 = DIRECTION ( 'NONE',  ( 0.000000000000000000, 1.000000000000000000, 0.000000000000000000 ) ) ;
#4313 = ORIENTED_EDGE ( 'NONE', *, *, #5224, .F. ) ;
#4314 = DIRECTION ( 'NONE',  ( 0.000000000000000000, 1.000000000000000000, 0.000000000000000000 ) ) ;
#4315 = FACE_OUTER_BOUND ( 'NONE', #6075, .T. ) ;
#4316 = EDGE_CURVE ( 'NONE', #2955, #151, #8725, .T. ) ;
#4317 = CIRCLE ( 'NONE', #1439, 0.06899999999999972822 ) ;
#4318 = DIRECTION ( 'NONE',  ( 0.000000000000000000, -1.000000000000000000, 0.000000000000000000 ) ) ;
#4319 = AXIS2_PLACEMENT_3D ( 'NONE', #422, #1130, #6158 ) ;
#4320 = AXIS2_PLACEMENT_3D ( 'NONE', #5604, #3379, #2059 ) ;
#4321 = EDGE_CURVE ( 'NONE', #2222, #5602, #235, .T. ) ;
#4322 = DIRECTION ( 'NONE',  ( 1.000000000000000000, 6.070773319253920728E-17, -0.000000000000000000 ) ) ;
#4323 = AXIS2_PLACEMENT_3D ( 'NONE', #3212, #986, #7608 ) ;
#4324 = LINE ( 'NONE', #8061, #8393 ) ;
#4325 = ORIENTED_EDGE ( 'NONE', *, *, #655, .T. ) ;
#4326 = AXIS2_PLACEMENT_3D ( 'NONE', #6943, #3924, #315 ) ;
#4327 = DIRECTION ( 'NONE',  ( 1.000000000000000000, 6.070773319253919496E-17, 0.000000000000000000 ) ) ;
#4328 = ORIENTED_EDGE ( 'NONE', *, *, #5419, .T. ) ;
#4329 = CARTESIAN_POINT ( 'NONE',  ( -5.700000000000001066, 10.80000000000000071, 0.5300000000000001377 ) ) ;
#4330 = ORIENTED_EDGE ( 'NONE', *, *, #896, .T. ) ;
#4331 = ORIENTED_EDGE ( 'NONE', *, *, #4037, .T. ) ;
#4332 = ORIENTED_EDGE ( 'NONE', *, *, #7735, .T. ) ;
#4333 = LINE ( 'NONE', #3716, #5072 ) ;
#4334 = CIRCLE ( 'NONE', #3890, 0.1000000000000016709 ) ;
#4335 = AXIS2_PLACEMENT_3D ( 'NONE', #6354, #7110, #2854 ) ;
#4336 = EDGE_CURVE ( 'NONE', #4695, #5589, #4324, .T. ) ;
#4337 = EDGE_CURVE ( 'NONE', #3155, #8439, #6306, .T. ) ;
#4338 = CIRCLE ( 'NONE', #8411, 0.4999999999999996669 ) ;
#4339 = DIRECTION ( 'NONE',  ( 1.000000000000000000, 6.070773319253920728E-17, -0.000000000000000000 ) ) ;
#4340 = CYLINDRICAL_SURFACE ( 'NONE', #1009, 0.1000000000000005745 ) ;
#4341 = AXIS2_PLACEMENT_3D ( 'NONE', #6478, #5199, #6519 ) ;
#4342 = ORIENTED_EDGE ( 'NONE', *, *, #4306, .F. ) ;
#4343 = ORIENTED_EDGE ( 'NONE', *, *, #3902, .T. ) ;
#4344 = CIRCLE ( 'NONE', #4651, 0.1000000000000005745 ) ;
#4345 = CARTESIAN_POINT ( 'NONE',  ( -8.650000000000000355, 5.664999999999999147, 0.2999999999999999889 ) ) ;
#4346 = VERTEX_POINT ( 'NONE', #1580 ) ;
#4347 = CARTESIAN_POINT ( 'NONE',  ( -2.450000000000001066, 5.300000000000011369, 0.7999999999999247713 ) ) ;
#4348 = DIRECTION ( 'NONE',  ( 1.000000000000000000, 6.070773319253920728E-17, -0.000000000000000000 ) ) ;
#4349 = CARTESIAN_POINT ( 'NONE',  ( -4.779000000000000803, 7.730000000000000426, 0.2999999999999999889 ) ) ;
#4350 = AXIS2_PLACEMENT_3D ( 'NONE', #2647, #2082, #5534 ) ;
#4351 = LINE ( 'NONE', #5191, #3662 ) ;
#4352 = EDGE_CURVE ( 'NONE', #9008, #5938, #3437, .T. ) ;
#4353 = VERTEX_POINT ( 'NONE', #4470 ) ;
#4354 = DIRECTION ( 'NONE',  ( 0.000000000000000000, 1.000000000000000000, 0.000000000000000000 ) ) ;
#4355 = ORIENTED_EDGE ( 'NONE', *, *, #5127, .F. ) ;
#4356 = CARTESIAN_POINT ( 'NONE',  ( -2.150000000000000799, 4.700000000000016165, 0.3999999999999207523 ) ) ;
#4357 = VECTOR ( 'NONE', #3343, 39.37007874015748143 ) ;
#4358 = ORIENTED_EDGE ( 'NONE', *, *, #8506, .F. ) ;
#4359 = DIRECTION ( 'NONE',  ( 1.000000000000000000, 6.070773319253919496E-17, 0.000000000000000000 ) ) ;
#4360 = DIRECTION ( 'NONE',  ( 1.000000000000000000, 6.070773319253919496E-17, 0.000000000000000000 ) ) ;
#4361 = FACE_BOUND ( 'NONE', #1164, .T. ) ;
#4362 = EDGE_CURVE ( 'NONE', #8777, #5094, #8819, .T. ) ;
#4363 = ORIENTED_EDGE ( 'NONE', *, *, #6510, .T. ) ;
#4364 = CARTESIAN_POINT ( 'NONE',  ( -2.450000000000001510, 12.40000000000000036, 1.599999999999999867 ) ) ;
#4365 = EDGE_LOOP ( 'NONE', ( #376, #1569, #9215, #7183 ) ) ;
#4366 = DIRECTION ( 'NONE',  ( 0.000000000000000000, 0.000000000000000000, -1.000000000000000000 ) ) ;
#4367 = FACE_OUTER_BOUND ( 'NONE', #3166, .T. ) ;
#4368 = DIRECTION ( 'NONE',  ( -0.000000000000000000, -0.000000000000000000, 1.000000000000000000 ) ) ;
#4369 = CARTESIAN_POINT ( 'NONE',  ( -2.387500000000000622, 12.65000000000000213, 1.870000000000000107 ) ) ;
#4370 = EDGE_CURVE ( 'NONE', #8839, #4889, #8114, .T. ) ;
#4371 = DIRECTION ( 'NONE',  ( 0.000000000000000000, 0.000000000000000000, 1.000000000000000000 ) ) ;
#4372 = ORIENTED_EDGE ( 'NONE', *, *, #1194, .T. ) ;
#4373 = DIRECTION ( 'NONE',  ( 0.000000000000000000, 0.000000000000000000, 1.000000000000000000 ) ) ;
#4374 = ORIENTED_EDGE ( 'NONE', *, *, #7196, .F. ) ;
#4375 = CARTESIAN_POINT ( 'NONE',  ( -2.450000000000001066, 4.300000000000000711, 2.000000000000000000 ) ) ;
#4376 = ORIENTED_EDGE ( 'NONE', *, *, #4735, .T. ) ;
#4377 = EDGE_LOOP ( 'NONE', ( #7581, #1671 ) ) ;
#4378 = VERTEX_POINT ( 'NONE', #7968 ) ;
#4379 = CARTESIAN_POINT ( 'NONE',  ( -2.450000000000001066, 10.00000000000000000, 1.599999999999974998 ) ) ;
#4380 = DIRECTION ( 'NONE',  ( 0.000000000000000000, 1.000000000000000000, 0.000000000000000000 ) ) ;
#4381 = VECTOR ( 'NONE', #4652, 39.37007874015748143 ) ;
#4382 = DIRECTION ( 'NONE',  ( 1.000000000000000000, 6.070773319253919496E-17, 0.000000000000000000 ) ) ;
#4383 = ORIENTED_EDGE ( 'NONE', *, *, #3630, .T. ) ;
#4384 = ORIENTED_EDGE ( 'NONE', *, *, #4854, .T. ) ;
#4385 = ADVANCED_FACE ( 'NONE', ( #3803 ), #1483, .F. ) ;
#4386 = FACE_OUTER_BOUND ( 'NONE', #9335, .T. ) ;
#4387 = ORIENTED_EDGE ( 'NONE', *, *, #7735, .F. ) ;
#4388 = CARTESIAN_POINT ( 'NONE',  ( -2.150000000000001243, 11.89999999999999858, 1.599999999999995870 ) ) ;
#4389 = ORIENTED_EDGE ( 'NONE', *, *, #5121, .T. ) ;
#4390 = CARTESIAN_POINT ( 'NONE',  ( -2.150000000000000799, 4.800000000000006040, 1.199999999999920686 ) ) ;
#4391 = DIRECTION ( 'NONE',  ( 1.000000000000000000, 0.000000000000000000, -0.000000000000000000 ) ) ;
#4392 = CARTESIAN_POINT ( 'NONE',  ( -2.450000000000001510, 13.00000000000000000, 0.3000000000000000999 ) ) ;
#4393 = CARTESIAN_POINT ( 'NONE',  ( -2.450000000000001066, 7.100000000000011191, 0.7999999999999457545 ) ) ;
#4394 = LINE ( 'NONE', #3677, #1735 ) ;
#4395 = ORIENTED_EDGE ( 'NONE', *, *, #6160, .T. ) ;
#4396 = CARTESIAN_POINT ( 'NONE',  ( -6.500000000000000888, 7.434999999999998721, 0.2999999999999999889 ) ) ;
#4397 = VERTEX_POINT ( 'NONE', #3452 ) ;
#4398 = EDGE_CURVE ( 'NONE', #317, #6416, #5439, .T. ) ;
#4399 = CARTESIAN_POINT ( 'NONE',  ( -2.450000000000001066, 6.000000000000006217, 1.199999999999933120 ) ) ;
#4400 = ORIENTED_EDGE ( 'NONE', *, *, #6846, .F. ) ;
#4401 = CARTESIAN_POINT ( 'NONE',  ( -11.15000000000000036, 6.433070866141733291, 0.7169291338582677309 ) ) ;
#4402 = CARTESIAN_POINT ( 'NONE',  ( -6.500000000000000888, 7.434999999999998721, 0.2999999999999999889 ) ) ;
#4403 = CARTESIAN_POINT ( 'NONE',  ( -5.477500000000001812, 12.44999999999999929, 0.2999999999999999889 ) ) ;
#4404 = EDGE_CURVE ( 'NONE', #208, #4812, #2506, .T. ) ;
#4405 = CARTESIAN_POINT ( 'NONE',  ( -2.150000000000001243, 8.100000000000006750, 1.199999999999953992 ) ) ;
#4406 = ORIENTED_EDGE ( 'NONE', *, *, #8816, .T. ) ;
#4407 = LINE ( 'NONE', #7289, #3842 ) ;
#4408 = ORIENTED_EDGE ( 'NONE', *, *, #2683, .T. ) ;
#4409 = DIRECTION ( 'NONE',  ( 1.000000000000000000, 6.070773319253920728E-17, -0.000000000000000000 ) ) ;
#4410 =( LENGTH_UNIT ( ) NAMED_UNIT ( * ) SI_UNIT ( $, .METRE. ) );
#4411 = LINE ( 'NONE', #8665, #3205 ) ;
#4412 = EDGE_CURVE ( 'NONE', #1212, #266, #3900, .T. ) ;
#4413 = CARTESIAN_POINT ( 'NONE',  ( -2.450000000000001066, 7.600000000000006750, 1.199999999999949774 ) ) ;
#4414 = DIRECTION ( 'NONE',  ( 0.000000000000000000, 1.000000000000000000, 0.000000000000000000 ) ) ;
#4415 = ORIENTED_EDGE ( 'NONE', *, *, #9179, .F. ) ;
#4416 = CARTESIAN_POINT ( 'NONE',  ( -2.450000000000001510, 12.69999999999999929, 2.000000000000000000 ) ) ;
#4417 = ORIENTED_EDGE ( 'NONE', *, *, #4196, .T. ) ;
#4418 = CARTESIAN_POINT ( 'NONE',  ( -2.150000000000000799, 4.799999999999999822, 1.599999999999920597 ) ) ;
#4419 = VERTEX_POINT ( 'NONE', #7614 ) ;
#4420 = ORIENTED_EDGE ( 'NONE', *, *, #5749, .F. ) ;
#4421 =( GEOMETRIC_REPRESENTATION_CONTEXT ( 3 ) GLOBAL_UNCERTAINTY_ASSIGNED_CONTEXT ( ( #8806 ) ) GLOBAL_UNIT_ASSIGNED_CONTEXT ( ( #5345, #1403, #689 ) ) REPRESENTATION_CONTEXT ( 'NONE', 'WORKASPACE' ) );
#4422 = ORIENTED_EDGE ( 'NONE', *, *, #3639, .F. ) ;
#4423 = DIRECTION ( 'NONE',  ( 0.000000000000000000, 1.000000000000000000, 0.000000000000000000 ) ) ;
#4424 = EDGE_CURVE ( 'NONE', #8315, #3697, #994, .T. ) ;
#4425 = EDGE_CURVE ( 'NONE', #4527, #4743, #4344, .T. ) ;
#4426 = CYLINDRICAL_SURFACE ( 'NONE', #7605, 0.06889763779527564858 ) ;
#4427 = AXIS2_PLACEMENT_3D ( 'NONE', #8933, #3247, #6759 ) ;
#4428 = DIRECTION ( 'NONE',  ( 0.000000000000000000, -1.000000000000000000, 0.000000000000000000 ) ) ;
#4429 = ORIENTED_EDGE ( 'NONE', *, *, #8778, .T. ) ;
#4430 = EDGE_LOOP ( 'NONE', ( #7590, #8918 ) ) ;
#4431 = DIRECTION ( 'NONE',  ( 1.000000000000000000, 6.070773319253919496E-17, 0.000000000000000000 ) ) ;
#4432 = ORIENTED_EDGE ( 'NONE', *, *, #5134, .F. ) ;
#4433 = CYLINDRICAL_SURFACE ( 'NONE', #4053, 0.1000000000000016709 ) ;
#4434 = AXIS2_PLACEMENT_3D ( 'NONE', #2138, #7920, #2675 ) ;
#4435 = ORIENTED_EDGE ( 'NONE', *, *, #1666, .T. ) ;
#4436 = DIRECTION ( 'NONE',  ( 1.000000000000000000, 6.070773319253919496E-17, 0.000000000000000000 ) ) ;
#4437 = DIRECTION ( 'NONE',  ( 1.000000000000000000, 6.070773319253920728E-17, -0.000000000000000000 ) ) ;
#4438 = EDGE_CURVE ( 'NONE', #7982, #1785, #7208, .T. ) ;
#4439 = VECTOR ( 'NONE', #5555, 39.37007874015748143 ) ;
#4440 = DIRECTION ( 'NONE',  ( 1.000000000000000000, 6.070773319253920728E-17, -0.000000000000000000 ) ) ;
#4441 = CARTESIAN_POINT ( 'NONE',  ( -2.450000000000001066, 8.900000000000007461, 1.199999999999962430 ) ) ;
#4442 = ADVANCED_FACE ( 'NONE', ( #4778 ), #5480, .T. ) ;
#4443 = ADVANCED_FACE ( 'NONE', ( #2552 ), #6288, .F. ) ;
#4444 = CARTESIAN_POINT ( 'NONE',  ( -2.450000000000001066, 6.800000000000016698, 0.3999999999999415135 ) ) ;
#4445 = CIRCLE ( 'NONE', #4284, 0.06899999999999972822 ) ;
#4446 = EDGE_LOOP ( 'NONE', ( #1330, #4237, #6838, #2588 ) ) ;
#4447 = FACE_BOUND ( 'NONE', #469, .T. ) ;
#4448 = AXIS2_PLACEMENT_3D ( 'NONE', #4413, #7297, #5735 ) ;
#4449 = ORIENTED_EDGE ( 'NONE', *, *, #5528, .F. ) ;
#4450 = FACE_OUTER_BOUND ( 'NONE', #619, .T. ) ;
#4451 = VERTEX_POINT ( 'NONE', #2507 ) ;
#4452 = DIRECTION ( 'NONE',  ( 0.000000000000000000, 1.000000000000000000, 0.000000000000000000 ) ) ;
#4453 = DIRECTION ( 'NONE',  ( 0.000000000000000000, 1.000000000000000000, 0.000000000000000000 ) ) ;
#4454 = AXIS2_PLACEMENT_3D ( 'NONE', #287, #2460, #3178 ) ;
#4455 = DIRECTION ( 'NONE',  ( 1.000000000000000000, 6.070773319253919496E-17, 0.000000000000000000 ) ) ;
#4456 = FACE_OUTER_BOUND ( 'NONE', #6672, .T. ) ;
#4457 = EDGE_CURVE ( 'NONE', #7973, #8335, #4074, .T. ) ;
#4458 = ORIENTED_EDGE ( 'NONE', *, *, #5921, .F. ) ;
#4459 = DIRECTION ( 'NONE',  ( 1.000000000000000000, 6.070773319253920728E-17, -0.000000000000000000 ) ) ;
#4460 = AXIS2_PLACEMENT_3D ( 'NONE', #7763, #516, #8377 ) ;
#4461 = ADVANCED_FACE ( 'NONE', ( #4026 ), #5401, .F. ) ;
#4462 = VERTEX_POINT ( 'NONE', #460 ) ;
#4463 = DIRECTION ( 'NONE',  ( -1.000000000000000000, 0.000000000000000000, 0.000000000000000000 ) ) ;
#4464 = DIRECTION ( 'NONE',  ( -0.000000000000000000, -0.000000000000000000, 1.000000000000000000 ) ) ;
#4465 = FACE_OUTER_BOUND ( 'NONE', #1829, .T. ) ;
#4466 = VECTOR ( 'NONE', #4195, 39.37007874015748143 ) ;
#4467 = EDGE_CURVE ( 'NONE', #2282, #4055, #9178, .T. ) ;
#4468 = VECTOR ( 'NONE', #5567, 39.37007874015748143 ) ;
#4469 = DIRECTION ( 'NONE',  ( -0.000000000000000000, -0.000000000000000000, -1.000000000000000000 ) ) ;
#4470 = CARTESIAN_POINT ( 'NONE',  ( -11.14999999999999858, 5.635826771653544398, 1.583070866141732536 ) ) ;
#4471 = EDGE_LOOP ( 'NONE', ( #6622, #8699 ) ) ;
#4472 = EDGE_CURVE ( 'NONE', #5759, #729, #6281, .T. ) ;
#4473 = CARTESIAN_POINT ( 'NONE',  ( -2.150000000000001243, 9.500000000000007105, 1.199999999999970646 ) ) ;
#4474 = AXIS2_PLACEMENT_3D ( 'NONE', #5876, #5119, #1523 ) ;
#4475 = ORIENTED_EDGE ( 'NONE', *, *, #7366, .T. ) ;
#4476 = DIRECTION ( 'NONE',  ( -0.000000000000000000, 1.000000000000000000, -0.000000000000000000 ) ) ;
#4477 = VERTEX_POINT ( 'NONE', #1221 ) ;
#4478 = VECTOR ( 'NONE', #7736, 39.37007874015748143 ) ;
#4479 = VERTEX_POINT ( 'NONE', #6996 ) ;
#4480 = DIRECTION ( 'NONE',  ( 1.000000000000000000, 6.070773319253920728E-17, -0.000000000000000000 ) ) ;
#4481 = CIRCLE ( 'NONE', #6586, 0.1000000000000016709 ) ;
#4482 = DIRECTION ( 'NONE',  ( 0.000000000000000000, 0.000000000000000000, 1.000000000000000000 ) ) ;
#4483 = AXIS2_PLACEMENT_3D ( 'NONE', #4963, #8559, #4213 ) ;
#4484 = VECTOR ( 'NONE', #8924, 39.37007874015748143 ) ;
#4485 = EDGE_CURVE ( 'NONE', #4125, #4565, #5071, .T. ) ;
#4486 = CARTESIAN_POINT ( 'NONE',  ( -2.300000000000000711, 4.150000000000000355, 1.870000000000000107 ) ) ;
#4487 = VERTEX_POINT ( 'NONE', #4686 ) ;
#4488 = ORIENTED_EDGE ( 'NONE', *, *, #1041, .T. ) ;
#4489 = DIRECTION ( 'NONE',  ( 1.000000000000000000, 6.070773319253920728E-17, -0.000000000000000000 ) ) ;
#4490 = ORIENTED_EDGE ( 'NONE', *, *, #1441, .T. ) ;
#4491 = AXIS2_PLACEMENT_3D ( 'NONE', #1662, #4359, #8095 ) ;
#4492 = EDGE_LOOP ( 'NONE', ( #4102, #6275, #7821, #3581 ) ) ;
#4493 = DIRECTION ( 'NONE',  ( -0.000000000000000000, -0.000000000000000000, 1.000000000000000000 ) ) ;
#4494 = AXIS2_PLACEMENT_3D ( 'NONE', #5707, #3481, #7841 ) ;
#4495 = LINE ( 'NONE', #734, #2524 ) ;
#4496 = DIRECTION ( 'NONE',  ( 0.000000000000000000, 0.000000000000000000, -1.000000000000000000 ) ) ;
#4497 = CARTESIAN_POINT ( 'NONE',  ( -4.641000000000000902, 10.00000000000000000, 0.2999999999999999889 ) ) ;
#4498 = AXIS2_PLACEMENT_3D ( 'NONE', #1954, #1997, #7155 ) ;
#4500 = ORIENTED_EDGE ( 'NONE', *, *, #8766, .T. ) ;
#4499 = EDGE_CURVE ( 'NONE', #6082, #2275, #3400, .T. ) ;
#4501 = DIRECTION ( 'NONE',  ( 1.000000000000000000, 6.070773319253920728E-17, -0.000000000000000000 ) ) ;
#4502 = ORIENTED_EDGE ( 'NONE', *, *, #9000, .F. ) ;
#4503 = FACE_OUTER_BOUND ( 'NONE', #3110, .T. ) ;
#4504 = VERTEX_POINT ( 'NONE', #5579 ) ;
#4505 = CARTESIAN_POINT ( 'NONE',  ( -2.450000000000001510, 11.50000000000001599, 0.3999999999999914735 ) ) ;
#4506 = CARTESIAN_POINT ( 'NONE',  ( -8.650000000000000355, 5.664999999999999147, 0.2999999999999999889 ) ) ;
#4507 = VECTOR ( 'NONE', #1701, 39.37007874015748143 ) ;
#4508 = DIRECTION ( 'NONE',  ( 0.000000000000000000, 1.000000000000000000, 0.000000000000000000 ) ) ;
#4509 = LINE ( 'NONE', #5816, #906 ) ;
#4510 = AXIS2_PLACEMENT_3D ( 'NONE', #5043, #776, #5751 ) ;
#4511 = VERTEX_POINT ( 'NONE', #8461 ) ;
#4512 = DIRECTION ( 'NONE',  ( 1.000000000000000000, 0.000000000000000000, 0.000000000000000000 ) ) ;
#4513 = EDGE_CURVE ( 'NONE', #3125, #2868, #1978, .T. ) ;
#4514 = ORIENTED_EDGE ( 'NONE', *, *, #7196, .T. ) ;
#4515 = LINE ( 'NONE', #7291, #4617 ) ;
#4516 = EDGE_CURVE ( 'NONE', #935, #2648, #1267, .T. ) ;
#4517 = DIRECTION ( 'NONE',  ( 0.000000000000000000, 1.000000000000000000, 0.000000000000000000 ) ) ;
#4518 = CARTESIAN_POINT ( 'NONE',  ( -10.84999999999999964, 7.700000000000000178, 2.000000000000000000 ) ) ;
#4519 = LINE ( 'NONE', #3849, #2624 ) ;
#4520 = CARTESIAN_POINT ( 'NONE',  ( -2.450000000000001066, 10.50000000000000888, 1.199999999999979083 ) ) ;
#4521 = ORIENTED_EDGE ( 'NONE', *, *, #1806, .F. ) ;
#4522 = FACE_OUTER_BOUND ( 'NONE', #4492, .T. ) ;
#4523 = CIRCLE ( 'NONE', #1336, 0.1000000000000016709 ) ;
#4524 = VERTEX_POINT ( 'NONE', #7807 ) ;
#4525 = CARTESIAN_POINT ( 'NONE',  ( -2.450000000000001066, 10.10000000000000142, 1.599999999999974998 ) ) ;
#4526 = EDGE_LOOP ( 'NONE', ( #2521, #362, #3769, #5358 ) ) ;
#4527 = VERTEX_POINT ( 'NONE', #1405 ) ;
#4528 = DIRECTION ( 'NONE',  ( 0.000000000000000000, 0.000000000000000000, 1.000000000000000000 ) ) ;
#4529 = DIRECTION ( 'NONE',  ( 1.000000000000000000, 0.000000000000000000, 0.000000000000000000 ) ) ;
#4530 = DIRECTION ( 'NONE',  ( 1.000000000000000000, 6.070773319253920728E-17, -0.000000000000000000 ) ) ;
#4531 = EDGE_LOOP ( 'NONE', ( #3034, #6788, #7052, #6528 ) ) ;
#4532 = EDGE_LOOP ( 'NONE', ( #2719, #7454, #6061, #2706 ) ) ;
#4533 = CARTESIAN_POINT ( 'NONE',  ( -2.150000000000001243, 7.700000000000000178, 0.4999999999999996669 ) ) ;
#4534 = EDGE_LOOP ( 'NONE', ( #3815, #6173 ) ) ;
#4535 = ORIENTED_EDGE ( 'NONE', *, *, #7981, .T. ) ;
#4536 = DIRECTION ( 'NONE',  ( 0.000000000000000000, 0.000000000000000000, 1.000000000000000000 ) ) ;
#4537 = DIRECTION ( 'NONE',  ( 1.000000000000000000, 0.000000000000000000, 0.000000000000000000 ) ) ;
#4538 = EDGE_CURVE ( 'NONE', #3610, #846, #6010, .T. ) ;
#4539 = CIRCLE ( 'NONE', #2866, 0.1000000000000005745 ) ;
#4540 = LINE ( 'NONE', #783, #1853 ) ;
#4541 = LINE ( 'NONE', #7420, #4900 ) ;
#4542 = ORIENTED_EDGE ( 'NONE', *, *, #614, .T. ) ;
#4543 = DIRECTION ( 'NONE',  ( 0.000000000000000000, 1.000000000000000000, 0.000000000000000000 ) ) ;
#4544 = ORIENTED_EDGE ( 'NONE', *, *, #8975, .F. ) ;
#4545 = DIRECTION ( 'NONE',  ( -1.000000000000000000, -5.463695987328527423E-16, 0.000000000000000000 ) ) ;
#4546 = ORIENTED_EDGE ( 'NONE', *, *, #7028, .T. ) ;
#4547 = DIRECTION ( 'NONE',  ( 0.000000000000000000, 1.000000000000000000, 0.000000000000000000 ) ) ;
#4548 = CARTESIAN_POINT ( 'NONE',  ( -9.999999999999998224, 4.300000000000000711, 1.000000000000000000 ) ) ;
#4549 = DIRECTION ( 'NONE',  ( 0.000000000000000000, 1.000000000000000000, 0.000000000000000000 ) ) ;
#4550 = EDGE_CURVE ( 'NONE', #7132, #2596, #1511, .T. ) ;
#4551 = LINE ( 'NONE', #797, #3323 ) ;
#4552 = ORIENTED_EDGE ( 'NONE', *, *, #1568, .F. ) ;
#4553 = DIRECTION ( 'NONE',  ( -1.000000000000000000, 2.185478394931410575E-16, -0.000000000000000000 ) ) ;
#4554 = VERTEX_POINT ( 'NONE', #596 ) ;
#4555 = CYLINDRICAL_SURFACE ( 'NONE', #8101, 0.1249999999999999029 ) ;
#4556 = DIRECTION ( 'NONE',  ( 1.000000000000000000, 6.070773319253920728E-17, -0.000000000000000000 ) ) ;
#4557 = DIRECTION ( 'NONE',  ( 1.000000000000000000, 6.070773319253919496E-17, 0.000000000000000000 ) ) ;
#4558 = EDGE_CURVE ( 'NONE', #4378, #5176, #676, .T. ) ;
#4559 = DIRECTION ( 'NONE',  ( 0.000000000000000000, -1.000000000000000000, 0.000000000000000000 ) ) ;
#4560 = EDGE_CURVE ( 'NONE', #7499, #5641, #3411, .T. ) ;
#4561 = EDGE_LOOP ( 'NONE', ( #4714, #570, #4891, #8906 ) ) ;
#4562 = CYLINDRICAL_SURFACE ( 'NONE', #8353, 0.1000000000000005745 ) ;
#4563 = EDGE_LOOP ( 'NONE', ( #3775, #3188, #2032, #2477 ) ) ;
#4564 = DIRECTION ( 'NONE',  ( 0.000000000000000000, 0.000000000000000000, 1.000000000000000000 ) ) ;
#4565 = VERTEX_POINT ( 'NONE', #6475 ) ;
#4566 = VERTEX_POINT ( 'NONE', #9222 ) ;
#4567 = DIRECTION ( 'NONE',  ( -1.000000000000000000, 0.000000000000000000, -0.000000000000000000 ) ) ;
#4568 = CARTESIAN_POINT ( 'NONE',  ( -5.850000000000001421, 7.699999999999999289, 2.000000000000000000 ) ) ;
#4569 = ADVANCED_FACE ( 'NONE', ( #4912 ), #2837, .F. ) ;
#4570 = DIRECTION ( 'NONE',  ( 0.000000000000000000, 1.000000000000000000, 0.000000000000000000 ) ) ;
#4571 = EDGE_LOOP ( 'NONE', ( #8672, #4727 ) ) ;
#4572 = LINE ( 'NONE', #3108, #6113 ) ;
#4573 = ORIENTED_EDGE ( 'NONE', *, *, #5146, .F. ) ;
#4574 = ORIENTED_EDGE ( 'NONE', *, *, #1041, .F. ) ;
#4575 = CYLINDRICAL_SURFACE ( 'NONE', #9003, 0.1249999999999999029 ) ;
#4576 = AXIS2_PLACEMENT_3D ( 'NONE', #1575, #4464, #7293 ) ;
#4577 = CARTESIAN_POINT ( 'NONE',  ( -2.450000000000001066, 10.10000000000000142, 1.599999999999974998 ) ) ;
#4578 = VECTOR ( 'NONE', #5246, 39.37007874015748143 ) ;
#4579 = DIRECTION ( 'NONE',  ( 1.000000000000000000, 6.070773319253920728E-17, -0.000000000000000000 ) ) ;
#4580 = DIRECTION ( 'NONE',  ( 1.000000000000000000, 6.070773319253919496E-17, 0.000000000000000000 ) ) ;
#4581 = ORIENTED_EDGE ( 'NONE', *, *, #6743, .T. ) ;
#4582 = CYLINDRICAL_SURFACE ( 'NONE', #2812, 0.1000000000000005745 ) ;
#4583 = CIRCLE ( 'NONE', #5334, 0.1000000000000016709 ) ;
#4584 = EDGE_LOOP ( 'NONE', ( #1420, #2122, #2674, #5697 ) ) ;
#4585 = EDGE_CURVE ( 'NONE', #6711, #6008, #787, .T. ) ;
#4586 = ORIENTED_EDGE ( 'NONE', *, *, #9179, .T. ) ;
#4587 = AXIS2_PLACEMENT_3D ( 'NONE', #2822, #8402, #1303 ) ;
#4588 = CARTESIAN_POINT ( 'NONE',  ( -2.450000000000001066, 10.90000000000000924, 1.199999999999983080 ) ) ;
#4589 = EDGE_LOOP ( 'NONE', ( #5667, #6954, #1702, #3320 ) ) ;
#4590 = CARTESIAN_POINT ( 'NONE',  ( -9.680768314573425570, 6.433070866141734179, 1.583070866141732536 ) ) ;
#4591 = FACE_BOUND ( 'NONE', #5999, .T. ) ;
#4592 = CARTESIAN_POINT ( 'NONE',  ( -2.150000000000000799, 4.800000000000006040, 1.199999999999920686 ) ) ;
#4593 = CARTESIAN_POINT ( 'NONE',  ( -9.680768314573425570, 6.433070866141734179, 0.7169291338582677309 ) ) ;
#4594 = EDGE_LOOP ( 'NONE', ( #2715, #9104, #4926, #7793 ) ) ;
#4595 = EDGE_CURVE ( 'NONE', #5265, #9167, #539, .T. ) ;
#4596 = LINE ( 'NONE', #2511, #7312 ) ;
#4597 = CIRCLE ( 'NONE', #8074, 0.1224999999999995814 ) ;
#4598 = ORIENTED_EDGE ( 'NONE', *, *, #1207, .T. ) ;
#4599 = CARTESIAN_POINT ( 'NONE',  ( -2.450000000000001066, 5.500000000000010658, 0.7999999999999289901 ) ) ;
#4600 = CYLINDRICAL_SURFACE ( 'NONE', #8498, 0.1000000000000005745 ) ;
#4601 = CYLINDRICAL_SURFACE ( 'NONE', #3787, 0.1000000000000016709 ) ;
#4602 = CIRCLE ( 'NONE', #1117, 0.1000000000000005745 ) ;
#4603 = CARTESIAN_POINT ( 'NONE',  ( -11.15000000000000036, 6.000000000000000888, 1.150000000000000133 ) ) ;
#4604 = VECTOR ( 'NONE', #8749, 39.37007874015748143 ) ;
#4605 = EDGE_LOOP ( 'NONE', ( #2203, #3043, #5892, #9270 ) ) ;
#4606 = EDGE_CURVE ( 'NONE', #6180, #2900, #1321, .T. ) ;
#4607 = CARTESIAN_POINT ( 'NONE',  ( -2.450000000000001066, 6.400000000000017231, 0.3999999999999374056 ) ) ;
#4608 = EDGE_LOOP ( 'NONE', ( #7320, #29, #8734, #8340 ) ) ;
#4609 = DIRECTION ( 'NONE',  ( 0.000000000000000000, 0.000000000000000000, 1.000000000000000000 ) ) ;
#4610 = DIRECTION ( 'NONE',  ( 1.000000000000000000, 6.070773319253920728E-17, -0.000000000000000000 ) ) ;
#4611 = ORIENTED_EDGE ( 'NONE', *, *, #7577, .T. ) ;
#4612 = AXIS2_PLACEMENT_3D ( 'NONE', #7256, #5885, #5928 ) ;
#4613 = EDGE_LOOP ( 'NONE', ( #1657, #2629 ) ) ;
#4614 = CARTESIAN_POINT ( 'NONE',  ( -4.779000000000000803, 10.00000000000000000, 0.2999999999999999889 ) ) ;
#4615 = AXIS2_PLACEMENT_3D ( 'NONE', #2073, #3447, #4957 ) ;
#4616 = CARTESIAN_POINT ( 'NONE',  ( -2.450000000000001066, 10.70000000000000639, 1.199999999999983080 ) ) ;
#4617 = VECTOR ( 'NONE', #1573, 39.37007874015748143 ) ;
#4618 = DIRECTION ( 'NONE',  ( 0.000000000000000000, 1.000000000000000000, 0.000000000000000000 ) ) ;
#4619 = VECTOR ( 'NONE', #4758, 39.37007874015748143 ) ;
#4620 = LINE ( 'NONE', #7508, #6257 ) ;
#4621 = ORIENTED_EDGE ( 'NONE', *, *, #2799, .F. ) ;
#4622 = ORIENTED_EDGE ( 'NONE', *, *, #7219, .F. ) ;
#4623 = ADVANCED_FACE ( 'NONE', ( #6375 ), #1362, .T. ) ;
#4624 = CARTESIAN_POINT ( 'NONE',  ( -4.641000000000000902, 7.730000000000000426, 0.5000000000000000000 ) ) ;
#4625 = AXIS2_PLACEMENT_3D ( 'NONE', #1326, #1984, #4218 ) ;
#4626 = AXIS2_PLACEMENT_3D ( 'NONE', #5023, #5977, #7298 ) ;
#4627 = AXIS2_PLACEMENT_3D ( 'NONE', #820, #2196, #671 ) ;
#4628 = DIRECTION ( 'NONE',  ( -0.000000000000000000, -1.000000000000000000, -0.000000000000000000 ) ) ;
#4629 = CYLINDRICAL_SURFACE ( 'NONE', #4910, 0.1000000000000016709 ) ;
#4630 = DIRECTION ( 'NONE',  ( 1.000000000000000000, 6.070773319253919496E-17, 0.000000000000000000 ) ) ;
#4631 = CIRCLE ( 'NONE', #5387, 0.1249999999999999029 ) ;
#4632 = VERTEX_POINT ( 'NONE', #8508 ) ;
#4633 = AXIS2_PLACEMENT_3D ( 'NONE', #1461, #2027, #5052 ) ;
#4634 = ORIENTED_EDGE ( 'NONE', *, *, #1538, .T. ) ;
#4635 = CIRCLE ( 'NONE', #2363, 0.1000000000000016709 ) ;
#4636 = DIRECTION ( 'NONE',  ( 0.000000000000000000, 1.000000000000000000, 0.000000000000000000 ) ) ;
#4637 = ORIENTED_EDGE ( 'NONE', *, *, #942, .F. ) ;
#4638 = DIRECTION ( 'NONE',  ( 0.000000000000000000, -1.000000000000000000, 0.000000000000000000 ) ) ;
#4639 = EDGE_CURVE ( 'NONE', #9343, #996, #389, .T. ) ;
#4640 = FACE_BOUND ( 'NONE', #3493, .T. ) ;
#4641 = FACE_OUTER_BOUND ( 'NONE', #1615, .T. ) ;
#4642 = CIRCLE ( 'NONE', #7815, 0.1000000000000016709 ) ;
#4643 = AXIS2_PLACEMENT_3D ( 'NONE', #4135, #8624, #1240 ) ;
#4644 = EDGE_CURVE ( 'NONE', #2068, #3778, #4025, .T. ) ;
#4645 = AXIS2_PLACEMENT_3D ( 'NONE', #593, #5755, #8643 ) ;
#4646 = ORIENTED_EDGE ( 'NONE', *, *, #2434, .T. ) ;
#4647 = CARTESIAN_POINT ( 'NONE',  ( -11.15000000000000036, 6.364173228346457378, 0.7169291338582677309 ) ) ;
#4648 = AXIS2_PLACEMENT_3D ( 'NONE', #7606, #6012, #3252 ) ;
#4649 = EDGE_LOOP ( 'NONE', ( #3363, #6251, #6361, #6696 ) ) ;
#4650 = CARTESIAN_POINT ( 'NONE',  ( -2.150000000000001243, 10.80000000000000782, 1.199999999999983080 ) ) ;
#4651 = AXIS2_PLACEMENT_3D ( 'NONE', #4112, #6195, #8323 ) ;
#4652 = DIRECTION ( 'NONE',  ( 0.000000000000000000, 0.000000000000000000, -1.000000000000000000 ) ) ;
#4653 = ADVANCED_FACE ( 'NONE', ( #7891 ), #7090, .F. ) ;
#4654 = CIRCLE ( 'NONE', #6619, 0.1249999999999999029 ) ;
#4655 = DIRECTION ( 'NONE',  ( -0.000000000000000000, 1.000000000000000000, -0.000000000000000000 ) ) ;
#4656 = EDGE_LOOP ( 'NONE', ( #2332, #288, #5562 ) ) ;
#4657 = DIRECTION ( 'NONE',  ( 0.000000000000000000, -1.000000000000000000, 0.000000000000000000 ) ) ;
#4658 = ORIENTED_EDGE ( 'NONE', *, *, #2495, .F. ) ;
#4659 = DIRECTION ( 'NONE',  ( 0.000000000000000000, 1.000000000000000000, 0.000000000000000000 ) ) ;
#4660 = FACE_BOUND ( 'NONE', #4584, .T. ) ;
#4661 = ORIENTED_EDGE ( 'NONE', *, *, #3952, .F. ) ;
#4662 = VERTEX_POINT ( 'NONE', #3492 ) ;
#4663 = DIRECTION ( 'NONE',  ( 1.000000000000000000, 6.070773319253919496E-17, 0.000000000000000000 ) ) ;
#4664 = EDGE_CURVE ( 'NONE', #1889, #2137, #5231, .T. ) ;
#4665 = LINE ( 'NONE', #3999, #4285 ) ;
#4666 = CARTESIAN_POINT ( 'NONE',  ( -2.150000000000000799, 4.299999999999999822, 1.599999999999916600 ) ) ;
#4667 = CARTESIAN_POINT ( 'NONE',  ( -2.450000000000001510, 12.00000000000001776, 0.3999999999999957478 ) ) ;
#4668 = ORIENTED_EDGE ( 'NONE', *, *, #3060, .T. ) ;
#4669 = EDGE_LOOP ( 'NONE', ( #5609, #7333, #7678, #493 ) ) ;
#4670 = FACE_OUTER_BOUND ( 'NONE', #5700, .T. ) ;
#4671 = EDGE_CURVE ( 'NONE', #266, #1212, #3731, .T. ) ;
#4672 = CARTESIAN_POINT ( 'NONE',  ( -3.450000000000001066, 4.500000000000000888, 0.4499999999999999556 ) ) ;
#4673 = LINE ( 'NONE', #1068, #6116 ) ;
#4674 = EDGE_CURVE ( 'NONE', #1133, #5504, #4253, .T. ) ;
#4675 = PLANE ( 'NONE',  #4326 ) ;
#4676 = AXIS2_PLACEMENT_3D ( 'NONE', #6968, #4883, #2567 ) ;
#4677 = ORIENTED_EDGE ( 'NONE', *, *, #8926, .F. ) ;
#4678 = ORIENTED_EDGE ( 'NONE', *, *, #8663, .T. ) ;
#4679 = DIRECTION ( 'NONE',  ( 1.000000000000000000, 6.070773319253919496E-17, 0.000000000000000000 ) ) ;
#4680 = VERTEX_POINT ( 'NONE', #2924 ) ;
#4681 = CARTESIAN_POINT ( 'NONE',  ( 0.000000000000000000, 0.000000000000000000, 0.2999999999999999889 ) ) ;
#4682 = FACE_BOUND ( 'NONE', #5628, .T. ) ;
#4683 = DIRECTION ( 'NONE',  ( 0.000000000000000000, 1.000000000000000000, 0.000000000000000000 ) ) ;
#4684 = CARTESIAN_POINT ( 'NONE',  ( -2.450000000000001066, 4.800000000000016698, 0.3999999999999207523 ) ) ;
#4685 = ADVANCED_FACE ( 'NONE', ( #3538 ), #5807, .F. ) ;
#4686 = CARTESIAN_POINT ( 'NONE',  ( -5.850000000000001421, 10.80000000000000071, 0.4049999999999996381 ) ) ;
#4687 = ORIENTED_EDGE ( 'NONE', *, *, #2235, .T. ) ;
#4688 = CARTESIAN_POINT ( 'NONE',  ( -11.15000000000000036, 8.000000000000000000, 2.000000000000000000 ) ) ;
#4689 = ORIENTED_EDGE ( 'NONE', *, *, #8057, .T. ) ;
#4690 = DIRECTION ( 'NONE',  ( 0.000000000000000000, 1.000000000000000000, 0.000000000000000000 ) ) ;
#4691 = DIRECTION ( 'NONE',  ( 1.000000000000000000, 6.070773319253920728E-17, -0.000000000000000000 ) ) ;
#4692 = CYLINDRICAL_SURFACE ( 'NONE', #3846, 0.1000000000000016709 ) ;
#4693 = EDGE_LOOP ( 'NONE', ( #6713, #8931, #5657, #2195 ) ) ;
#4694 = DIRECTION ( 'NONE',  ( 0.000000000000000000, 1.000000000000000000, 0.000000000000000000 ) ) ;
#4695 = VERTEX_POINT ( 'NONE', #2264 ) ;
#4696 = CARTESIAN_POINT ( 'NONE',  ( -3.550000000000001599, 6.950000000000001066, 0.2999999999999999889 ) ) ;
#4697 = EDGE_CURVE ( 'NONE', #3925, #7851, #3067, .T. ) ;
#4698 = DIRECTION ( 'NONE',  ( -0.000000000000000000, 0.000000000000000000, 1.000000000000000000 ) ) ;
#4699 = ORIENTED_EDGE ( 'NONE', *, *, #6136, .F. ) ;
#4700 = ORIENTED_EDGE ( 'NONE', *, *, #6019, .T. ) ;
#4701 = DIRECTION ( 'NONE',  ( 1.000000000000000000, 6.070773319253919496E-17, 0.000000000000000000 ) ) ;
#4702 = DIRECTION ( 'NONE',  ( 1.000000000000000000, 0.000000000000000000, 0.000000000000000000 ) ) ;
#4703 = CARTESIAN_POINT ( 'NONE',  ( -5.150000000000000355, 12.80000000000000071, 0.5000000000000000000 ) ) ;
#4704 = CARTESIAN_POINT ( 'NONE',  ( -2.150000000000001243, 8.700000000000006395, 1.199999999999962430 ) ) ;
#4705 = EDGE_CURVE ( 'NONE', #7742, #8227, #2516, .T. ) ;
#4706 = ORIENTED_EDGE ( 'NONE', *, *, #5290, .F. ) ;
#4707 = ORIENTED_EDGE ( 'NONE', *, *, #1287, .F. ) ;
#4708 = DIRECTION ( 'NONE',  ( 1.000000000000000000, 6.070773319253920728E-17, -0.000000000000000000 ) ) ;
#4709 = CARTESIAN_POINT ( 'NONE',  ( -9.999999999999998224, 4.300000000000000711, 1.499999999999999556 ) ) ;
#4710 = DIRECTION ( 'NONE',  ( 0.000000000000000000, 0.000000000000000000, 1.000000000000000000 ) ) ;
#4711 = CARTESIAN_POINT ( 'NONE',  ( -2.150000000000001243, 7.200000000000001066, 1.599999999999945688 ) ) ;
#4712 = ORIENTED_EDGE ( 'NONE', *, *, #7939, .F. ) ;
#4713 = EDGE_CURVE ( 'NONE', #8413, #6853, #275, .T. ) ;
#4714 = ORIENTED_EDGE ( 'NONE', *, *, #7859, .F. ) ;
#4715 = DIRECTION ( 'NONE',  ( 0.000000000000000000, 1.000000000000000000, 0.000000000000000000 ) ) ;
#4716 =( GEOMETRIC_REPRESENTATION_CONTEXT ( 3 ) GLOBAL_UNCERTAINTY_ASSIGNED_CONTEXT ( ( #3973 ) ) GLOBAL_UNIT_ASSIGNED_CONTEXT ( ( #5267, #1843, #6781 ) ) REPRESENTATION_CONTEXT ( 'NONE', 'WORKASPACE' ) );
#4717 = VERTEX_POINT ( 'NONE', #3827 ) ;
#4718 = DIRECTION ( 'NONE',  ( -1.000000000000000000, -5.463695987328527423E-16, 0.000000000000000000 ) ) ;
#4719 = FACE_BOUND ( 'NONE', #1184, .T. ) ;
#4720 = AXIS2_PLACEMENT_3D ( 'NONE', #8748, #2355, #6706 ) ;
#4721 = DIRECTION ( 'NONE',  ( -1.000000000000000000, 0.000000000000000000, 0.000000000000000000 ) ) ;
#4722 = EDGE_CURVE ( 'NONE', #9, #1133, #9010, .T. ) ;
#4723 = CARTESIAN_POINT ( 'NONE',  ( -2.150000000000001243, 9.200000000000006395, 1.199999999999966427 ) ) ;
#4724 = VECTOR ( 'NONE', #6177, 39.37007874015748143 ) ;
#4725 = DIRECTION ( 'NONE',  ( 0.000000000000000000, 1.000000000000000000, 0.000000000000000000 ) ) ;
#4726 = CIRCLE ( 'NONE', #4587, 0.5000000000000007772 ) ;
#4727 = ORIENTED_EDGE ( 'NONE', *, *, #2998, .T. ) ;
#4728 = CYLINDRICAL_SURFACE ( 'NONE', #8828, 0.1000000000000016709 ) ;
#4729 = ORIENTED_EDGE ( 'NONE', *, *, #8614, .F. ) ;
#4730 = DIRECTION ( 'NONE',  ( 1.000000000000000000, 6.070773319253919496E-17, 0.000000000000000000 ) ) ;
#4731 = ADVANCED_FACE ( 'NONE', ( #7380, #5250, #4447, #5953, #5864, #1608 ), #931, .T. ) ;
#4732 = VECTOR ( 'NONE', #8063, 39.37007874015748143 ) ;
#4733 = ADVANCED_FACE ( 'NONE', ( #6663 ), #132, .F. ) ;
#4734 = VECTOR ( 'NONE', #4089, 39.37007874015748143 ) ;
#4735 = EDGE_CURVE ( 'NONE', #693, #2555, #3739, .T. ) ;
#4736 = CARTESIAN_POINT ( 'NONE',  ( -2.150000000000000799, 5.500000000000015987, 0.3999999999999290790 ) ) ;
#4737 = VERTEX_POINT ( 'NONE', #1742 ) ;
#4738 = DIRECTION ( 'NONE',  ( 0.000000000000000000, 1.000000000000000000, 0.000000000000000000 ) ) ;
#4739 = CIRCLE ( 'NONE', #8521, 0.1000000000000005745 ) ;
#4740 = ORIENTED_EDGE ( 'NONE', *, *, #1328, .F. ) ;
#4741 = CARTESIAN_POINT ( 'NONE',  ( -2.150000000000001243, 10.70000000000001705, 0.3999999999999831468 ) ) ;
#4742 = DIRECTION ( 'NONE',  ( 0.000000000000000000, 0.000000000000000000, 1.000000000000000000 ) ) ;
#4743 = VERTEX_POINT ( 'NONE', #8896 ) ;
#4744 = LINE ( 'NONE', #807, #2134 ) ;
#4745 = FACE_BOUND ( 'NONE', #4471, .T. ) ;
#4746 = EDGE_CURVE ( 'NONE', #7768, #8444, #840, .T. ) ;
#4747 = CIRCLE ( 'NONE', #8677, 0.1000000000000005745 ) ;
#4748 = AXIS2_PLACEMENT_3D ( 'NONE', #219, #2405, #8894 ) ;
#4749 = CARTESIAN_POINT ( 'NONE',  ( -9.680768314573425570, 6.000000000000001776, 1.150000000000000133 ) ) ;
#4750 = EDGE_CURVE ( 'NONE', #3925, #5607, #7193, .T. ) ;
#4751 = ORIENTED_EDGE ( 'NONE', *, *, #7916, .T. ) ;
#4752 = DIRECTION ( 'NONE',  ( 0.000000000000000000, 1.000000000000000000, 0.000000000000000000 ) ) ;
#4753 = CIRCLE ( 'NONE', #1739, 0.1000000000000005745 ) ;
#4754 = DIRECTION ( 'NONE',  ( 0.000000000000000000, 1.000000000000000000, 0.000000000000000000 ) ) ;
#4755 = EDGE_LOOP ( 'NONE', ( #7344, #2101, #8574, #6403 ) ) ;
#4756 = AXIS2_PLACEMENT_3D ( 'NONE', #5613, #4155, #7886 ) ;
#4757 = ORIENTED_EDGE ( 'NONE', *, *, #8968, .F. ) ;
#4758 = DIRECTION ( 'NONE',  ( 1.000000000000000000, 6.070773319253920728E-17, -0.000000000000000000 ) ) ;
#4759 = VECTOR ( 'NONE', #7434, 39.37007874015748143 ) ;
#4760 = DIRECTION ( 'NONE',  ( 0.000000000000000000, 0.000000000000000000, 1.000000000000000000 ) ) ;
#4761 = ADVANCED_FACE ( 'NONE', ( #171 ), #1658, .F. ) ;
#4762 = CARTESIAN_POINT ( 'NONE',  ( -2.869000000000001105, 7.730000000000000426, 0.5000000000000000000 ) ) ;
#4763 = DIRECTION ( 'NONE',  ( 0.000000000000000000, 1.000000000000000000, 0.000000000000000000 ) ) ;
#4764 = ORIENTED_EDGE ( 'NONE', *, *, #5576, .T. ) ;
#4765 = ORIENTED_EDGE ( 'NONE', *, *, #2078, .T. ) ;
#4766 = CARTESIAN_POINT ( 'NONE',  ( -2.450000000000001066, 7.200000000000011724, 0.7999999999999457545 ) ) ;
#4767 = AXIS2_PLACEMENT_3D ( 'NONE', #6294, #6381, #8610 ) ;
#4768 = ORIENTED_EDGE ( 'NONE', *, *, #1197, .F. ) ;
#4769 = DIRECTION ( 'NONE',  ( -1.000000000000000000, -0.000000000000000000, -0.000000000000000000 ) ) ;
#4770 = FACE_BOUND ( 'NONE', #3442, .T. ) ;
#4771 = AXIS2_PLACEMENT_3D ( 'NONE', #3008, #723, #8679 ) ;
#4772 = CARTESIAN_POINT ( 'NONE',  ( -2.450000000000001066, 7.600000000000000533, 1.599999999999949907 ) ) ;
#4773 = DIRECTION ( 'NONE',  ( 1.000000000000000000, 6.070773319253919496E-17, 0.000000000000000000 ) ) ;
#4774 = EDGE_CURVE ( 'NONE', #3519, #5186, #7350, .T. ) ;
#4775 = CIRCLE ( 'NONE', #7347, 0.08749999999999981404 ) ;
#4776 = CIRCLE ( 'NONE', #6893, 0.1000000000000005745 ) ;
#4777 = ORIENTED_EDGE ( 'NONE', *, *, #109, .T. ) ;
#4779 = AXIS2_PLACEMENT_3D ( 'NONE', #8232, #7610, #4021 ) ;
#4778 = FACE_OUTER_BOUND ( 'NONE', #8616, .T. ) ;
#4780 = EDGE_LOOP ( 'NONE', ( #6973, #665, #8225, #7882 ) ) ;
#4781 = CARTESIAN_POINT ( 'NONE',  ( -11.08750000000000213, 4.150000000000000355, 2.000000000000000000 ) ) ;
#4782 = ORIENTED_EDGE ( 'NONE', *, *, #7077, .F. ) ;
#4783 = CARTESIAN_POINT ( 'NONE',  ( -2.150000000000001243, 12.40000000000001812, 0.3999999999999998557 ) ) ;
#4784 = CIRCLE ( 'NONE', #5239, 0.1000000000000016709 ) ;
#4785 = VECTOR ( 'NONE', #2366, 39.37007874015748143 ) ;
#4786 = AXIS2_PLACEMENT_3D ( 'NONE', #1351, #3578, #5038 ) ;
#4787 = AXIS2_PLACEMENT_3D ( 'NONE', #7002, #6382, #7054 ) ;
#4788 = CARTESIAN_POINT ( 'NONE',  ( -6.150000000000000355, 13.00000000000000000, 2.000000000000000000 ) ) ;
#4789 = AXIS2_PLACEMENT_3D ( 'NONE', #8414, #7037, #3391 ) ;
#4790 = ORIENTED_EDGE ( 'NONE', *, *, #6394, .F. ) ;
#4791 = ADVANCED_FACE ( 'NONE', ( #7519 ), #5196, .F. ) ;
#4792 = LINE ( 'NONE', #3276, #8071 ) ;
#4793 = VECTOR ( 'NONE', #2185, 39.37007874015748143 ) ;
#4794 = EDGE_LOOP ( 'NONE', ( #5570, #7728 ) ) ;
#4795 = LINE ( 'NONE', #7681, #380 ) ;
#4796 = CARTESIAN_POINT ( 'NONE',  ( -2.450000000000001066, 5.600000000000000533, 1.599999999999929035 ) ) ;
#4797 = CYLINDRICAL_SURFACE ( 'NONE', #7222, 0.1000000000000005745 ) ;
#4798 = FACE_BOUND ( 'NONE', #8254, .T. ) ;
#4799 = CARTESIAN_POINT ( 'NONE',  ( -4.641000000000000902, 10.00000000000000000, 0.5000000000000000000 ) ) ;
#4800 = EDGE_LOOP ( 'NONE', ( #451, #1491 ) ) ;
#4801 = EDGE_CURVE ( 'NONE', #6945, #8307, #4923, .T. ) ;
#4802 = CARTESIAN_POINT ( 'NONE',  ( -5.850000000000001421, 10.80000000000000249, 1.469999999999999973 ) ) ;
#4803 = VECTOR ( 'NONE', #5854, 39.37007874015748143 ) ;
#4804 = CYLINDRICAL_SURFACE ( 'NONE', #7474, 0.1000000000000005745 ) ;
#4805 = ORIENTED_EDGE ( 'NONE', *, *, #4863, .T. ) ;
#4806 = ORIENTED_EDGE ( 'NONE', *, *, #345, .T. ) ;
#4807 = DIRECTION ( 'NONE',  ( 0.000000000000000000, 1.000000000000000000, 0.000000000000000000 ) ) ;
#4808 = ADVANCED_FACE ( 'NONE', ( #1698 ), #4582, .F. ) ;
#4809 = LINE ( 'NONE', #2625, #3976 ) ;
#4810 = CARTESIAN_POINT ( 'NONE',  ( -10.59999999999999964, 7.449999999999999289, 0.2999999999999999889 ) ) ;
#4811 = CARTESIAN_POINT ( 'NONE',  ( -10.47749999999999915, 7.449999999999999289, 0.000000000000000000 ) ) ;
#4812 = VERTEX_POINT ( 'NONE', #3877 ) ;
#4813 = ORIENTED_EDGE ( 'NONE', *, *, #7115, .F. ) ;
#4814 = FACE_OUTER_BOUND ( 'NONE', #3227, .T. ) ;
#4815 = VERTEX_POINT ( 'NONE', #5333 ) ;
#4816 = CARTESIAN_POINT ( 'NONE',  ( -5.700000000000001066, 10.80000000000000249, 1.539000000000000146 ) ) ;
#4817 = CARTESIAN_POINT ( 'NONE',  ( -10.84999999999999787, 5.566929133858268486, 1.583070866141732536 ) ) ;
#4818 = EDGE_CURVE ( 'NONE', #5066, #2494, #4776, .T. ) ;
#4819 = DIRECTION ( 'NONE',  ( 0.000000000000000000, 1.000000000000000000, 0.000000000000000000 ) ) ;
#4820 = DIRECTION ( 'NONE',  ( 1.000000000000000000, 6.070773319253919496E-17, 0.000000000000000000 ) ) ;
#4821 = ORIENTED_EDGE ( 'NONE', *, *, #8786, .T. ) ;
#4822 = CARTESIAN_POINT ( 'NONE',  ( -5.850000000000001421, 8.010000000000003340, 0.5300000000000001377 ) ) ;
#4823 = ORIENTED_EDGE ( 'NONE', *, *, #7120, .F. ) ;
#4824 = CARTESIAN_POINT ( 'NONE',  ( -5.700000000000001066, 10.80000000000000249, 1.469999999999999973 ) ) ;
#4825 = CARTESIAN_POINT ( 'NONE',  ( -5.850000000000001421, 8.010000000000003340, 0.4050000000000001932 ) ) ;
#4826 = VERTEX_POINT ( 'NONE', #8352 ) ;
#4827 = DIRECTION ( 'NONE',  ( 1.000000000000000000, 6.070773319253920728E-17, -0.000000000000000000 ) ) ;
#4828 = CARTESIAN_POINT ( 'NONE',  ( -11.14999999999999858, 4.000000000000000888, 0.000000000000000000 ) ) ;
#4829 = ADVANCED_FACE ( 'NONE', ( #411 ), #8980, .F. ) ;
#4830 = AXIS2_PLACEMENT_3D ( 'NONE', #8196, #4557, #7537 ) ;
#4831 = CARTESIAN_POINT ( 'NONE',  ( -3.450000000000001066, 4.500000000000000888, 0.2999999999999999889 ) ) ;
#4832 = ORIENTED_EDGE ( 'NONE', *, *, #768, .T. ) ;
#4833 = DIRECTION ( 'NONE',  ( 1.000000000000000000, 6.070773319253919496E-17, 0.000000000000000000 ) ) ;
#4834 = ORIENTED_EDGE ( 'NONE', *, *, #4606, .F. ) ;
#4835 = CARTESIAN_POINT ( 'NONE',  ( -8.550000000000000711, 7.434999999999998721, 0.2999999999999999889 ) ) ;
#4836 = FACE_BOUND ( 'NONE', #5402, .T. ) ;
#4837 = EDGE_CURVE ( 'NONE', #4815, #7095, #5834, .T. ) ;
#4838 = CARTESIAN_POINT ( 'NONE',  ( -2.450000000000001510, 11.60000000000001208, 0.7999999999999914957 ) ) ;
#4839 = EDGE_CURVE ( 'NONE', #5607, #5532, #9314, .T. ) ;
#4840 = DIRECTION ( 'NONE',  ( -0.000000000000000000, -0.000000000000000000, 1.000000000000000000 ) ) ;
#4841 = DIRECTION ( 'NONE',  ( 0.000000000000000000, 1.000000000000000000, 0.000000000000000000 ) ) ;
#4842 = EDGE_LOOP ( 'NONE', ( #3158, #1561, #1801, #2766 ) ) ;
#4843 = LINE ( 'NONE', #4137, #1715 ) ;
#4844 = ORIENTED_EDGE ( 'NONE', *, *, #908, .T. ) ;
#4845 = DIRECTION ( 'NONE',  ( 0.000000000000000000, 1.000000000000000000, 0.000000000000000000 ) ) ;
#4846 = VERTEX_POINT ( 'NONE', #6089 ) ;
#4847 = VERTEX_POINT ( 'NONE', #5385 ) ;
#4848 = CYLINDRICAL_SURFACE ( 'NONE', #3873, 0.1000000000000005745 ) ;
#4849 = EDGE_CURVE ( 'NONE', #5252, #2596, #3249, .T. ) ;
#4850 = EDGE_CURVE ( 'NONE', #9276, #8678, #8273, .T. ) ;
#4851 = CARTESIAN_POINT ( 'NONE',  ( -2.150000000000001243, 11.60000000000000142, 1.599999999999991651 ) ) ;
#4852 = CARTESIAN_POINT ( 'NONE',  ( -2.450000000000001066, 8.300000000000006040, 1.199999999999958211 ) ) ;
#4853 = CARTESIAN_POINT ( 'NONE',  ( -2.822500000000002451, 12.44999999999999929, 0.000000000000000000 ) ) ;
#4854 = EDGE_CURVE ( 'NONE', #8307, #1385, #5467, .T. ) ;
#4855 = ORIENTED_EDGE ( 'NONE', *, *, #2695, .T. ) ;
#4856 = ORIENTED_EDGE ( 'NONE', *, *, #1764, .F. ) ;
#4857 = DIRECTION ( 'NONE',  ( 0.000000000000000000, 1.000000000000000000, 0.000000000000000000 ) ) ;
#4858 = ORIENTED_EDGE ( 'NONE', *, *, #4697, .T. ) ;
#4859 = CARTESIAN_POINT ( 'NONE',  ( -5.850000000000001421, 8.010000000000003340, 0.5300000000000001377 ) ) ;
#4860 = DIRECTION ( 'NONE',  ( 1.000000000000000000, 6.070773319253920728E-17, -0.000000000000000000 ) ) ;
#4861 = FACE_BOUND ( 'NONE', #5929, .T. ) ;
#4862 = AXIS2_PLACEMENT_3D ( 'NONE', #1525, #3700, #6587 ) ;
#4863 = EDGE_CURVE ( 'NONE', #6875, #319, #5991, .T. ) ;
#4864 = VERTEX_POINT ( 'NONE', #4853 ) ;
#4865 = CARTESIAN_POINT ( 'NONE',  ( -2.450000000000001510, 12.50000000000001421, 0.7999999999999998224 ) ) ;
#4866 = VERTEX_POINT ( 'NONE', #1924 ) ;
#4867 = CARTESIAN_POINT ( 'NONE',  ( -2.450000000000001066, 10.40000000000000036, 1.599999999999979217 ) ) ;
#4868 = CIRCLE ( 'NONE', #5330, 0.1250000000000004441 ) ;
#4869 = CYLINDRICAL_SURFACE ( 'NONE', #5701, 0.1000000000000005745 ) ;
#4870 = ORIENTED_EDGE ( 'NONE', *, *, #7919, .T. ) ;
#4871 = CARTESIAN_POINT ( 'NONE',  ( -2.450000000000001066, 9.599999999999999645, 1.599999999999970557 ) ) ;
#4872 = CARTESIAN_POINT ( 'NONE',  ( -9.999999999999998224, 4.000000000000000888, 1.000000000000000000 ) ) ;
#4873 = CIRCLE ( 'NONE', #9250, 0.1224999999999995814 ) ;
#4874 = DIRECTION ( 'NONE',  ( 1.000000000000000000, 0.000000000000000000, -0.000000000000000000 ) ) ;
#4875 = EDGE_CURVE ( 'NONE', #698, #3251, #8400, .T. ) ;
#4876 = ORIENTED_EDGE ( 'NONE', *, *, #6223, .F. ) ;
#4877 = DIRECTION ( 'NONE',  ( -0.000000000000000000, -0.000000000000000000, 1.000000000000000000 ) ) ;
#4878 = AXIS2_PLACEMENT_3D ( 'NONE', #3001, #5835, #3094 ) ;
#4879 = EDGE_LOOP ( 'NONE', ( #6466, #5350 ) ) ;
#4880 = CARTESIAN_POINT ( 'NONE',  ( -2.450000000000001066, 4.300000000000010481, 0.7999999999999164446 ) ) ;
#4881 = DIRECTION ( 'NONE',  ( 1.000000000000000000, 6.070773319253919496E-17, 0.000000000000000000 ) ) ;
#4882 = AXIS2_PLACEMENT_3D ( 'NONE', #4239, #1349, #9161 ) ;
#4883 = DIRECTION ( 'NONE',  ( 0.000000000000000000, 0.000000000000000000, 1.000000000000000000 ) ) ;
#4884 = AXIS2_PLACEMENT_3D ( 'NONE', #7679, #431, #3319 ) ;
#4885 = DIRECTION ( 'NONE',  ( 0.000000000000000000, 1.000000000000000000, 0.000000000000000000 ) ) ;
#4886 = ADVANCED_FACE ( 'NONE', ( #4100, #491, #1871, #7650 ), #4675, .F. ) ;
#4887 = AXIS2_PLACEMENT_3D ( 'NONE', #3718, #8682, #2198 ) ;
#4888 = LINE ( 'NONE', #4191, #6909 ) ;
#4889 = VERTEX_POINT ( 'NONE', #6224 ) ;
#4890 = CARTESIAN_POINT ( 'NONE',  ( -2.150000000000000799, 5.600000000000005862, 1.199999999999928901 ) ) ;
#4891 = ORIENTED_EDGE ( 'NONE', *, *, #2209, .T. ) ;
#4892 = DIRECTION ( 'NONE',  ( 1.000000000000000000, 0.000000000000000000, 0.000000000000000000 ) ) ;
#4893 = EDGE_LOOP ( 'NONE', ( #6068, #7173 ) ) ;
#4894 = CIRCLE ( 'NONE', #6106, 0.1000000000000005745 ) ;
#4895 = ORIENTED_EDGE ( 'NONE', *, *, #338, .T. ) ;
#4896 = CARTESIAN_POINT ( 'NONE',  ( -2.450000000000001510, 11.70000000000000284, 1.599999999999991651 ) ) ;
#4897 = CARTESIAN_POINT ( 'NONE',  ( -11.15000000000000036, 6.433070866141733291, 1.583070866141732536 ) ) ;
#4898 = AXIS2_PLACEMENT_3D ( 'NONE', #2645, #1223, #6797 ) ;
#4899 = CARTESIAN_POINT ( 'NONE',  ( -4.800000000000001599, 4.600000000000000533, 0.4499999999999999556 ) ) ;
#4900 = VECTOR ( 'NONE', #6707, 39.37007874015748143 ) ;
#4901 = ORIENTED_EDGE ( 'NONE', *, *, #1555, .F. ) ;
#4902 = EDGE_CURVE ( 'NONE', #8522, #6841, #243, .T. ) ;
#4903 = ORIENTED_EDGE ( 'NONE', *, *, #8707, .T. ) ;
#4904 = DIRECTION ( 'NONE',  ( 0.000000000000000000, 1.000000000000000000, 0.000000000000000000 ) ) ;
#4905 = ORIENTED_EDGE ( 'NONE', *, *, #6391, .T. ) ;
#4906 = CARTESIAN_POINT ( 'NONE',  ( -2.300000000000000711, 4.150000000000000355, 2.000000000000000000 ) ) ;
#4907 = DIRECTION ( 'NONE',  ( 0.000000000000000000, 1.000000000000000000, 0.000000000000000000 ) ) ;
#4908 = CIRCLE ( 'NONE', #3856, 0.06900000000000026945 ) ;
#4909 = LINE ( 'NONE', #5575, #102 ) ;
#4910 = AXIS2_PLACEMENT_3D ( 'NONE', #7517, #4099, #2684 ) ;
#4911 = ORIENTED_EDGE ( 'NONE', *, *, #704, .T. ) ;
#4912 = FACE_OUTER_BOUND ( 'NONE', #4231, .T. ) ;
#4913 = VECTOR ( 'NONE', #5592, 39.37007874015748143 ) ;
#4914 = ORIENTED_EDGE ( 'NONE', *, *, #7428, .T. ) ;
#4915 = DIRECTION ( 'NONE',  ( -1.000000000000000000, 0.000000000000000000, 0.000000000000000000 ) ) ;
#4916 = VECTOR ( 'NONE', #9208, 39.37007874015748143 ) ;
#4917 = CARTESIAN_POINT ( 'NONE',  ( -11.14999999999999858, 4.000000000000000888, 2.000000000000000000 ) ) ;
#4918 = ORIENTED_EDGE ( 'NONE', *, *, #4362, .F. ) ;
#4919 = CARTESIAN_POINT ( 'NONE',  ( -2.450000000000001066, 7.200000000000017053, 0.3999999999999457323 ) ) ;
#4920 = DIRECTION ( 'NONE',  ( 1.000000000000000000, 6.070773319253919496E-17, 0.000000000000000000 ) ) ;
#4921 = EDGE_CURVE ( 'NONE', #2220, #6474, #4061, .T. ) ;
#4922 = AXIS2_PLACEMENT_3D ( 'NONE', #5584, #3544, #2742 ) ;
#4923 = CIRCLE ( 'NONE', #2362, 0.1000000000000005745 ) ;
#4924 = CIRCLE ( 'NONE', #843, 0.1000000000000005745 ) ;
#4925 = DIRECTION ( 'NONE',  ( 1.000000000000000000, 6.070773319253920728E-17, -0.000000000000000000 ) ) ;
#4926 = ORIENTED_EDGE ( 'NONE', *, *, #898, .T. ) ;
#4927 = DIRECTION ( 'NONE',  ( -1.000000000000000000, -5.463695987328527423E-16, -0.000000000000000000 ) ) ;
#4928 = CIRCLE ( 'NONE', #1000, 0.06900000000000026945 ) ;
#4929 = ORIENTED_EDGE ( 'NONE', *, *, #383, .F. ) ;
#4930 = FACE_OUTER_BOUND ( 'NONE', #1682, .T. ) ;
#4931 = VECTOR ( 'NONE', #1541, 39.37007874015748143 ) ;
#4932 = CARTESIAN_POINT ( 'NONE',  ( -10.84999999999999787, 5.635826771653544398, 1.583070866141732536 ) ) ;
#4933 = AXIS2_PLACEMENT_3D ( 'NONE', #5475, #8362, #5396 ) ;
#4934 = DIRECTION ( 'NONE',  ( 1.000000000000000000, 0.000000000000000000, -0.000000000000000000 ) ) ;
#4935 = EDGE_CURVE ( 'NONE', #298, #9325, #8450, .T. ) ;
#4936 = AXIS2_PLACEMENT_3D ( 'NONE', #6615, #7987, #2154 ) ;
#4937 = CARTESIAN_POINT ( 'NONE',  ( -10.59999999999999964, 7.449999999999999289, 0.000000000000000000 ) ) ;
#4938 = AXIS2_PLACEMENT_3D ( 'NONE', #4258, #644, #3459 ) ;
#4939 = CARTESIAN_POINT ( 'NONE',  ( -2.150000000000000799, 4.800000000000011369, 0.7999999999999206635 ) ) ;
#4940 = ORIENTED_EDGE ( 'NONE', *, *, #3286, .T. ) ;
#4941 = LINE ( 'NONE', #4232, #3828 ) ;
#4942 = ORIENTED_EDGE ( 'NONE', *, *, #1783, .F. ) ;
#4943 = CYLINDRICAL_SURFACE ( 'NONE', #2636, 0.1249999999999999029 ) ;
#4944 = ORIENTED_EDGE ( 'NONE', *, *, #2744, .T. ) ;
#4945 = AXIS2_PLACEMENT_3D ( 'NONE', #2981, #4545, #7382 ) ;
#4946 = VERTEX_POINT ( 'NONE', #3962 ) ;
#4947 = DIRECTION ( 'NONE',  ( 0.000000000000000000, 0.000000000000000000, 1.000000000000000000 ) ) ;
#4948 = EDGE_CURVE ( 'NONE', #4847, #1490, #7561, .T. ) ;
#4949 = CARTESIAN_POINT ( 'NONE',  ( -2.450000000000001066, 7.300000000000001599, 1.599999999999945688 ) ) ;
#4950 = VECTOR ( 'NONE', #9170, 39.37007874015748143 ) ;
#4951 = CYLINDRICAL_SURFACE ( 'NONE', #3272, 0.1000000000000005745 ) ;
#4952 = ORIENTED_EDGE ( 'NONE', *, *, #1314, .T. ) ;
#4953 = ORIENTED_EDGE ( 'NONE', *, *, #4424, .T. ) ;
#4954 = DIRECTION ( 'NONE',  ( 1.000000000000000000, 6.070773319253919496E-17, 0.000000000000000000 ) ) ;
#4955 = ORIENTED_EDGE ( 'NONE', *, *, #8904, .T. ) ;
#4956 = CARTESIAN_POINT ( 'NONE',  ( -8.650000000000000355, 5.664999999999999147, 0.4499999999999999556 ) ) ;
#4957 = DIRECTION ( 'NONE',  ( 0.000000000000000000, 1.000000000000000000, 0.000000000000000000 ) ) ;
#4958 = EDGE_CURVE ( 'NONE', #295, #3580, #8313, .T. ) ;
#4959 = CARTESIAN_POINT ( 'NONE',  ( -5.700000000000001066, 8.010000000000003340, 1.470000000000001084 ) ) ;
#4960 = CARTESIAN_POINT ( 'NONE',  ( 0.000000000000000000, 0.000000000000000000, 0.2999999999999999889 ) ) ;
#4961 = EDGE_CURVE ( 'NONE', #8982, #6754, #1827, .T. ) ;
#4962 = EDGE_LOOP ( 'NONE', ( #1094, #2825 ) ) ;
#4963 = CARTESIAN_POINT ( 'NONE',  ( -2.150000000000000799, 4.400000000000005684, 1.199999999999916467 ) ) ;
#4964 = VERTEX_POINT ( 'NONE', #7698 ) ;
#4965 = CARTESIAN_POINT ( 'NONE',  ( -2.450000000000001510, 11.90000000000001634, 0.3999999999999957478 ) ) ;
#4966 = VERTEX_POINT ( 'NONE', #1210 ) ;
#4967 = DIRECTION ( 'NONE',  ( 0.000000000000000000, 1.000000000000000000, 0.000000000000000000 ) ) ;
#4968 = CARTESIAN_POINT ( 'NONE',  ( -2.450000000000001066, 5.200000000000017053, 0.3999999999999248601 ) ) ;
#4969 = FACE_BOUND ( 'NONE', #2318, .T. ) ;
#4970 = EDGE_CURVE ( 'NONE', #2, #3093, #4182, .T. ) ;
#4971 = EDGE_LOOP ( 'NONE', ( #426, #5041 ) ) ;
#4972 = DIRECTION ( 'NONE',  ( -1.000000000000000000, 0.000000000000000000, 0.000000000000000000 ) ) ;
#4973 = EDGE_CURVE ( 'NONE', #7379, #1325, #2216, .T. ) ;
#4974 = ORIENTED_EDGE ( 'NONE', *, *, #9151, .F. ) ;
#4975 = LINE ( 'NONE', #3419, #4913 ) ;
#4976 = CARTESIAN_POINT ( 'NONE',  ( -2.731000000000001648, 7.730000000000000426, 0.5000000000000000000 ) ) ;
#4977 = DIRECTION ( 'NONE',  ( -1.000000000000000000, 0.000000000000000000, 0.000000000000000000 ) ) ;
#4978 = DIRECTION ( 'NONE',  ( 0.000000000000000000, 1.000000000000000000, 0.000000000000000000 ) ) ;
#4979 = DIRECTION ( 'NONE',  ( 1.000000000000000000, 6.070773319253920728E-17, -0.000000000000000000 ) ) ;
#4980 = ORIENTED_EDGE ( 'NONE', *, *, #1729, .F. ) ;
#4981 = ADVANCED_FACE ( 'NONE', ( #7931 ), #1252, .F. ) ;
#4982 = CARTESIAN_POINT ( 'NONE',  ( -4.585000000000000853, 7.730000000000000426, 0.2999999999999999889 ) ) ;
#4983 = ORIENTED_EDGE ( 'NONE', *, *, #1870, .F. ) ;
#4984 = DIRECTION ( 'NONE',  ( -1.000000000000000000, 0.000000000000000000, 0.000000000000000000 ) ) ;
#4985 = ORIENTED_EDGE ( 'NONE', *, *, #3348, .F. ) ;
#4986 = ORIENTED_EDGE ( 'NONE', *, *, #5808, .F. ) ;
#4987 = VERTEX_POINT ( 'NONE', #4899 ) ;
#4988 = CARTESIAN_POINT ( 'NONE',  ( -5.150000000000000355, 12.20000000000000284, 1.499999999999999778 ) ) ;
#4989 = DIMENSIONAL_EXPONENTS ( 1.000000000000000000, 0.000000000000000000, 0.000000000000000000, 0.000000000000000000, 0.000000000000000000, 0.000000000000000000, 0.000000000000000000 ) ;
#4990 = DIRECTION ( 'NONE',  ( 1.000000000000000000, 6.070773319253919496E-17, 0.000000000000000000 ) ) ;
#4991 = ADVANCED_FACE ( 'NONE', ( #9211 ), #4951, .F. ) ;
#4992 = DIRECTION ( 'NONE',  ( 1.000000000000000000, 6.070773319253920728E-17, -0.000000000000000000 ) ) ;
#4993 = ORIENTED_EDGE ( 'NONE', *, *, #6467, .F. ) ;
#4994 = EDGE_LOOP ( 'NONE', ( #1849, #1917, #182, #5986 ) ) ;
#4995 = CARTESIAN_POINT ( 'NONE',  ( -10.91250000000000142, 4.150000000000000355, 1.870000000000000107 ) ) ;
#4996 = VERTEX_POINT ( 'NONE', #2773 ) ;
#4997 = DIRECTION ( 'NONE',  ( 1.000000000000000000, 0.000000000000000000, -0.000000000000000000 ) ) ;
#4998 = DIRECTION ( 'NONE',  ( 1.000000000000000000, 6.070773319253919496E-17, 0.000000000000000000 ) ) ;
#4999 = CARTESIAN_POINT ( 'NONE',  ( -2.150000000000001243, 11.50000000000000000, 1.599999999999991651 ) ) ;
#5000 = DIRECTION ( 'NONE',  ( 0.000000000000000000, 1.000000000000000000, 0.000000000000000000 ) ) ;
#5002 = ORIENTED_EDGE ( 'NONE', *, *, #4110, .T. ) ;
#5001 = EDGE_CURVE ( 'NONE', #342, #4067, #249, .T. ) ;
#5003 = CARTESIAN_POINT ( 'NONE',  ( -2.300000000000000711, 12.65000000000000213, 2.000000000000000000 ) ) ;
#5004 = ORIENTED_EDGE ( 'NONE', *, *, #8489, .T. ) ;
#5005 = CARTESIAN_POINT ( 'NONE',  ( -2.450000000000001066, 10.50000000000001243, 0.7999999999999790612 ) ) ;
#5006 = EDGE_CURVE ( 'NONE', #510, #8519, #691, .T. ) ;
#5007 = ORIENTED_EDGE ( 'NONE', *, *, #992, .T. ) ;
#5008 = FACE_OUTER_BOUND ( 'NONE', #5516, .T. ) ;
#5009 = ADVANCED_FACE ( 'NONE', ( #12 ), #4340, .F. ) ;
#5010 = CARTESIAN_POINT ( 'NONE',  ( -2.150000000000001243, 11.20000000000001172, 0.7999999999999873879 ) ) ;
#5011 = FACE_BOUND ( 'NONE', #7555, .T. ) ;
#5012 = ORIENTED_EDGE ( 'NONE', *, *, #1806, .T. ) ;
#5013 = CARTESIAN_POINT ( 'NONE',  ( -2.150000000000001243, 8.800000000000006040, 1.199999999999962430 ) ) ;
#5014 = EDGE_CURVE ( 'NONE', #3738, #1680, #8116, .T. ) ;
#5015 = ORIENTED_EDGE ( 'NONE', *, *, #6143, .T. ) ;
#5016 = DIRECTION ( 'NONE',  ( 0.000000000000000000, 1.000000000000000000, 0.000000000000000000 ) ) ;
#5017 = ADVANCED_FACE ( 'NONE', ( #726 ), #2909, .F. ) ;
#5018 = DIRECTION ( 'NONE',  ( 0.000000000000000000, 1.000000000000000000, 0.000000000000000000 ) ) ;
#5019 = CIRCLE ( 'NONE', #179, 0.1000000000000005745 ) ;
#5020 = DIRECTION ( 'NONE',  ( 0.000000000000000000, 1.000000000000000000, 0.000000000000000000 ) ) ;
#5021 = DIRECTION ( 'NONE',  ( 1.000000000000000000, 6.070773319253919496E-17, 0.000000000000000000 ) ) ;
#5023 = CARTESIAN_POINT ( 'NONE',  ( -2.150000000000001243, 12.40000000000001279, 0.7999999999999998224 ) ) ;
#5022 = CIRCLE ( 'NONE', #3223, 0.1000000000000016709 ) ;
#5024 = ORIENTED_EDGE ( 'NONE', *, *, #8635, .T. ) ;
#5025 = CARTESIAN_POINT ( 'NONE',  ( -2.450000000000001066, 8.700000000000006395, 1.199999999999962430 ) ) ;
#5026 = CIRCLE ( 'NONE', #4882, 0.1000000000000005745 ) ;
#5027 = VERTEX_POINT ( 'NONE', #7078 ) ;
#5028 = FACE_OUTER_BOUND ( 'NONE', #2741, .T. ) ;
#5029 = EDGE_CURVE ( 'NONE', #9206, #5600, #8684, .T. ) ;
#5030 = ORIENTED_EDGE ( 'NONE', *, *, #1019, .F. ) ;
#5031 = VERTEX_POINT ( 'NONE', #8493 ) ;
#5032 = EDGE_LOOP ( 'NONE', ( #737, #5184, #4821, #1445 ) ) ;
#5033 = CARTESIAN_POINT ( 'NONE',  ( -2.150000000000001243, 12.00000000000000711, 1.199999999999995737 ) ) ;
#5034 = CIRCLE ( 'NONE', #2921, 0.06889763779527564858 ) ;
#5035 = EDGE_CURVE ( 'NONE', #6841, #8522, #6299, .T. ) ;
#5036 = CIRCLE ( 'NONE', #2472, 0.1000000000000016709 ) ;
#5037 = DIRECTION ( 'NONE',  ( 0.000000000000000000, -1.000000000000000000, 0.000000000000000000 ) ) ;
#5038 = DIRECTION ( 'NONE',  ( 1.000000000000000000, 0.000000000000000000, 0.000000000000000000 ) ) ;
#5039 = CIRCLE ( 'NONE', #808, 0.1000000000000005745 ) ;
#5040 = ORIENTED_EDGE ( 'NONE', *, *, #8344, .T. ) ;
#5041 = ORIENTED_EDGE ( 'NONE', *, *, #1837, .T. ) ;
#5042 = AXIS2_PLACEMENT_3D ( 'NONE', #3759, #2944, #7207 ) ;
#5043 = CARTESIAN_POINT ( 'NONE',  ( -2.450000000000001066, 5.200000000000005507, 1.199999999999924905 ) ) ;
#5044 = ORIENTED_EDGE ( 'NONE', *, *, #3058, .T. ) ;
#5045 = CARTESIAN_POINT ( 'NONE',  ( -2.150000000000001243, 11.60000000000001208, 0.7999999999999914957 ) ) ;
#5046 = FACE_OUTER_BOUND ( 'NONE', #9137, .T. ) ;
#5047 = LINE ( 'NONE', #3627, #2979 ) ;
#5048 = ADVANCED_FACE ( 'NONE', ( #3441 ), #2726, .F. ) ;
#5049 = CARTESIAN_POINT ( 'NONE',  ( -5.700000000000001066, 8.010000000000003340, 0.5989999999999999769 ) ) ;
#5050 = VECTOR ( 'NONE', #6049, 39.37007874015748143 ) ;
#5051 = ORIENTED_EDGE ( 'NONE', *, *, #8829, .T. ) ;
#5052 = DIRECTION ( 'NONE',  ( 0.000000000000000000, 1.000000000000000000, 0.000000000000000000 ) ) ;
#5053 = ORIENTED_EDGE ( 'NONE', *, *, #5925, .T. ) ;
#5054 = CARTESIAN_POINT ( 'NONE',  ( -2.450000000000001066, 11.30000000000000959, 1.199999999999987299 ) ) ;
#5055 = VECTOR ( 'NONE', #2816, 39.37007874015748143 ) ;
#5056 = ORIENTED_EDGE ( 'NONE', *, *, #3992, .T. ) ;
#5057 = DIRECTION ( 'NONE',  ( 1.000000000000000000, 0.000000000000000000, 0.000000000000000000 ) ) ;
#5058 = DIRECTION ( 'NONE',  ( 1.000000000000000000, 6.070773319253920728E-17, -0.000000000000000000 ) ) ;
#5059 = AXIS2_PLACEMENT_3D ( 'NONE', #3746, #4360, #6669 ) ;
#5060 = LINE ( 'NONE', #7241, #1139 ) ;
#5061 = ADVANCED_FACE ( 'NONE', ( #2823 ), #8593, .F. ) ;
#5062 = AXIS2_PLACEMENT_3D ( 'NONE', #9141, #299, #2607 ) ;
#5063 = CIRCLE ( 'NONE', #3258, 0.1000000000000005745 ) ;
#5064 = EDGE_LOOP ( 'NONE', ( #7080, #4855, #156, #518 ) ) ;
#5065 = CARTESIAN_POINT ( 'NONE',  ( -2.150000000000000799, 5.600000000000000533, 1.599999999999929035 ) ) ;
#5066 = VERTEX_POINT ( 'NONE', #7880 ) ;
#5067 = CARTESIAN_POINT ( 'NONE',  ( -2.150000000000001243, 10.00000000000000000, 0.5000000000000000000 ) ) ;
#5068 = CARTESIAN_POINT ( 'NONE',  ( -2.450000000000001066, 6.800000000000006040, 1.199999999999941558 ) ) ;
#5069 = AXIS2_PLACEMENT_3D ( 'NONE', #9088, #7670, #7483 ) ;
#5070 = CARTESIAN_POINT ( 'NONE',  ( -2.150000000000000799, 4.900000000000017231, 0.3999999999999207523 ) ) ;
#5071 = CIRCLE ( 'NONE', #530, 0.1249999999999999029 ) ;
#5072 = VECTOR ( 'NONE', #2288, 39.37007874015748143 ) ;
#5073 = FACE_BOUND ( 'NONE', #4116, .T. ) ;
#5074 = ADVANCED_FACE ( 'NONE', ( #2011 ), #9354, .F. ) ;
#5075 = CARTESIAN_POINT ( 'NONE',  ( -2.450000000000001066, 5.899999999999999467, 1.599999999999933253 ) ) ;
#5076 = ORIENTED_EDGE ( 'NONE', *, *, #6743, .F. ) ;
#5077 = VECTOR ( 'NONE', #7422, 39.37007874015748143 ) ;
#5078 = CARTESIAN_POINT ( 'NONE',  ( -2.450000000000001066, 5.600000000000005862, 1.199999999999928901 ) ) ;
#5079 = CIRCLE ( 'NONE', #3566, 0.1000000000000016709 ) ;
#5080 = ORIENTED_EDGE ( 'NONE', *, *, #4034, .T. ) ;
#5081 = CARTESIAN_POINT ( 'NONE',  ( -2.150000000000001243, 6.800000000000011369, 0.7999999999999414246 ) ) ;
#5082 = ORIENTED_EDGE ( 'NONE', *, *, #8653, .T. ) ;
#5083 = ORIENTED_EDGE ( 'NONE', *, *, #9238, .F. ) ;
#5084 = ORIENTED_EDGE ( 'NONE', *, *, #6302, .F. ) ;
#5085 = LINE ( 'NONE', #6547, #5226 ) ;
#5086 = CIRCLE ( 'NONE', #542, 0.1000000000000005745 ) ;
#5087 = AXIS2_PLACEMENT_3D ( 'NONE', #1339, #4230, #7727 ) ;
#5088 = AXIS2_PLACEMENT_3D ( 'NONE', #6552, #5937, #62 ) ;
#5089 = CARTESIAN_POINT ( 'NONE',  ( -2.450000000000001066, 10.00000000000000711, 1.199999999999974865 ) ) ;
#5090 = EDGE_CURVE ( 'NONE', #2129, #4451, #5747, .T. ) ;
#5091 = DIRECTION ( 'NONE',  ( 1.000000000000000000, 6.070773319253920728E-17, -0.000000000000000000 ) ) ;
#5092 = ORIENTED_EDGE ( 'NONE', *, *, #6451, .T. ) ;
#5093 = CARTESIAN_POINT ( 'NONE',  ( -2.150000000000001243, 11.90000000000001634, 0.3999999999999957478 ) ) ;
#5094 = VERTEX_POINT ( 'NONE', #1444 ) ;
#5095 = VECTOR ( 'NONE', #7047, 39.37007874015748143 ) ;
#5096 = ADVANCED_FACE ( 'NONE', ( #1687 ), #3862, .F. ) ;
#5097 = CARTESIAN_POINT ( 'NONE',  ( -2.450000000000001066, 6.000000000000000888, 1.599999999999933253 ) ) ;
#5098 = EDGE_LOOP ( 'NONE', ( #5461, #7863 ) ) ;
#5099 = CARTESIAN_POINT ( 'NONE',  ( -2.450000000000001066, 7.300000000000017586, 0.3999999999999457323 ) ) ;
#5100 = DIRECTION ( 'NONE',  ( 0.000000000000000000, 1.000000000000000000, 0.000000000000000000 ) ) ;
#5101 = LINE ( 'NONE', #781, #7056 ) ;
#5102 = AXIS2_PLACEMENT_3D ( 'NONE', #6926, #2475, #2564 ) ;
#5103 = CARTESIAN_POINT ( 'NONE',  ( -2.150000000000001243, 10.80000000000000071, 1.599999999999983213 ) ) ;
#5104 = CARTESIAN_POINT ( 'NONE',  ( -4.641000000000000902, 7.730000000000000426, 0.2999999999999999889 ) ) ;
#5105 = ORIENTED_EDGE ( 'NONE', *, *, #9277, .F. ) ;
#5106 = DIRECTION ( 'NONE',  ( -0.000000000000000000, -1.000000000000000000, -0.000000000000000000 ) ) ;
#5107 = ORIENTED_EDGE ( 'NONE', *, *, #8603, .F. ) ;
#5108 = ADVANCED_FACE ( 'NONE', ( #2250, #5233 ), #3011, .T. ) ;
#5109 = LINE ( 'NONE', #5760, #3747 ) ;
#5110 = EDGE_LOOP ( 'NONE', ( #7269, #7730 ) ) ;
#5111 = CARTESIAN_POINT ( 'NONE',  ( -10.84999999999999787, 4.300000000000000711, 0.2999999999999999889 ) ) ;
#5112 = CARTESIAN_POINT ( 'NONE',  ( -2.450000000000001066, 5.200000000000017053, 0.3999999999999248601 ) ) ;
#5113 = CARTESIAN_POINT ( 'NONE',  ( -2.450000000000001066, 10.00000000000000000, 0.8999999999999999112 ) ) ;
#5114 = CARTESIAN_POINT ( 'NONE',  ( -2.450000000000001066, 5.700000000000001066, 1.599999999999929035 ) ) ;
#5115 = ORIENTED_EDGE ( 'NONE', *, *, #3117, .T. ) ;
#5116 = EDGE_CURVE ( 'NONE', #8452, #5508, #7311, .T. ) ;
#5117 = LINE ( 'NONE', #327, #1728 ) ;
#5118 = ORIENTED_EDGE ( 'NONE', *, *, #5304, .F. ) ;
#5119 = DIRECTION ( 'NONE',  ( -0.000000000000000000, -0.000000000000000000, -1.000000000000000000 ) ) ;
#5120 = DIRECTION ( 'NONE',  ( 1.000000000000000000, 0.000000000000000000, -0.000000000000000000 ) ) ;
#5121 = EDGE_CURVE ( 'NONE', #1272, #6, #5182, .T. ) ;
#5122 = DIRECTION ( 'NONE',  ( -1.000000000000000000, 0.000000000000000000, 0.000000000000000000 ) ) ;
#5123 = FACE_OUTER_BOUND ( 'NONE', #406, .T. ) ;
#5124 = CIRCLE ( 'NONE', #9054, 0.06900000000000026945 ) ;
#5125 = CARTESIAN_POINT ( 'NONE',  ( -2.450000000000001510, 12.30000000000001670, 0.3999999999999998557 ) ) ;
#5126 = EDGE_LOOP ( 'NONE', ( #3046, #5076 ) ) ;
#5127 = EDGE_CURVE ( 'NONE', #4004, #3125, #6756, .T. ) ;
#5128 = PLANE ( 'NONE',  #5485 ) ;
#5129 = VERTEX_POINT ( 'NONE', #8073 ) ;
#5130 = DIRECTION ( 'NONE',  ( 0.000000000000000000, 1.000000000000000000, 0.000000000000000000 ) ) ;
#5131 = ORIENTED_EDGE ( 'NONE', *, *, #870, .T. ) ;
#5132 = ORIENTED_EDGE ( 'NONE', *, *, #5379, .F. ) ;
#5133 = EDGE_LOOP ( 'NONE', ( #4544, #764, #6825, #4953 ) ) ;
#5134 = EDGE_CURVE ( 'NONE', #5129, #7144, #5686, .T. ) ;
#5135 = DIRECTION ( 'NONE',  ( 0.000000000000000000, 1.000000000000000000, 0.000000000000000000 ) ) ;
#5136 = CARTESIAN_POINT ( 'NONE',  ( -5.700000000000001066, 10.80000000000000071, 0.5300000000000001377 ) ) ;
#5137 = DIRECTION ( 'NONE',  ( 1.000000000000000000, 0.000000000000000000, 0.000000000000000000 ) ) ;
#5138 = ORIENTED_EDGE ( 'NONE', *, *, #1066, .F. ) ;
#5139 = ORIENTED_EDGE ( 'NONE', *, *, #4183, .T. ) ;
#5140 = CARTESIAN_POINT ( 'NONE',  ( -2.450000000000001066, 5.500000000000000000, 1.599999999999929035 ) ) ;
#5141 = ORIENTED_EDGE ( 'NONE', *, *, #3618, .F. ) ;
#5142 = DIRECTION ( 'NONE',  ( 0.000000000000000000, 0.000000000000000000, 1.000000000000000000 ) ) ;
#5143 = EDGE_CURVE ( 'NONE', #384, #2430, #920, .T. ) ;
#5144 = ORIENTED_EDGE ( 'NONE', *, *, #6873, .T. ) ;
#5145 = CARTESIAN_POINT ( 'NONE',  ( -2.450000000000001066, 7.200000000000017053, 0.3999999999999457323 ) ) ;
#5146 = EDGE_CURVE ( 'NONE', #4252, #5252, #1593, .T. ) ;
#5147 = LINE ( 'NONE', #833, #1751 ) ;
#5148 = CARTESIAN_POINT ( 'NONE',  ( -5.850000000000001421, 13.00000000000000000, 2.000000000000000000 ) ) ;
#5149 = DIRECTION ( 'NONE',  ( 0.000000000000000000, 1.000000000000000000, 0.000000000000000000 ) ) ;
#5150 = DIRECTION ( 'NONE',  ( 0.000000000000000000, 1.000000000000000000, 0.000000000000000000 ) ) ;
#5151 = EDGE_CURVE ( 'NONE', #7445, #5462, #3893, .T. ) ;
#5152 = ORIENTED_EDGE ( 'NONE', *, *, #191, .T. ) ;
#5153 = CARTESIAN_POINT ( 'NONE',  ( -2.450000000000001066, 8.099999999999999645, 1.599999999999953904 ) ) ;
#5154 = VERTEX_POINT ( 'NONE', #2961 ) ;
#5155 = CARTESIAN_POINT ( 'NONE',  ( -5.150000000000000355, 12.80000000000000071, 1.499999999999999778 ) ) ;
#5156 = ORIENTED_EDGE ( 'NONE', *, *, #673, .T. ) ;
#5157 = DIRECTION ( 'NONE',  ( -0.000000000000000000, -0.000000000000000000, 1.000000000000000000 ) ) ;
#5158 = CARTESIAN_POINT ( 'NONE',  ( -10.84999999999999964, 6.433070866141733291, 0.7169291338582677309 ) ) ;
#5159 = CARTESIAN_POINT ( 'NONE',  ( -2.212500000000001243, 12.65000000000000213, 2.000000000000000000 ) ) ;
#5160 = CARTESIAN_POINT ( 'NONE',  ( -2.450000000000001066, 5.500000000000010658, 0.7999999999999289901 ) ) ;
#5161 = ADVANCED_FACE ( 'NONE', ( #160 ), #7980, .F. ) ;
#5162 = ORIENTED_EDGE ( 'NONE', *, *, #3934, .T. ) ;
#5163 = CARTESIAN_POINT ( 'NONE',  ( -11.00000000000000178, 4.150000000000000355, 2.000000000000000000 ) ) ;
#5164 = ORIENTED_EDGE ( 'NONE', *, *, #8911, .T. ) ;
#5165 = DIRECTION ( 'NONE',  ( 0.000000000000000000, 1.000000000000000000, 0.000000000000000000 ) ) ;
#5166 = DIRECTION ( 'NONE',  ( 0.000000000000000000, 1.000000000000000000, 0.000000000000000000 ) ) ;
#5167 = DIRECTION ( 'NONE',  ( -0.000000000000000000, -0.000000000000000000, -1.000000000000000000 ) ) ;
#5168 = EDGE_CURVE ( 'NONE', #1325, #7379, #1156, .T. ) ;
#5169 = DIRECTION ( 'NONE',  ( -0.000000000000000000, 1.000000000000000000, -0.000000000000000000 ) ) ;
#5170 = CARTESIAN_POINT ( 'NONE',  ( -2.450000000000001066, 7.200000000000011724, 0.7999999999999457545 ) ) ;
#5171 = ORIENTED_EDGE ( 'NONE', *, *, #1859, .F. ) ;
#5172 = CARTESIAN_POINT ( 'NONE',  ( -5.912500000000002309, 12.65000000000000213, 1.870000000000000107 ) ) ;
#5173 = EDGE_LOOP ( 'NONE', ( #6199, #4420, #7161, #2779 ) ) ;
#5174 = FACE_OUTER_BOUND ( 'NONE', #4526, .T. ) ;
#5175 = ORIENTED_EDGE ( 'NONE', *, *, #2356, .T. ) ;
#5176 = VERTEX_POINT ( 'NONE', #824 ) ;
#5177 = CARTESIAN_POINT ( 'NONE',  ( -2.450000000000001066, 6.300000000000011369, 0.7999999999999374278 ) ) ;
#5178 = EDGE_CURVE ( 'NONE', #722, #7423, #1910, .T. ) ;
#5179 = AXIS2_PLACEMENT_3D ( 'NONE', #2533, #6214, #5420 ) ;
#5180 = CARTESIAN_POINT ( 'NONE',  ( -2.450000000000001066, 8.000000000000000000, 1.599999999999953904 ) ) ;
#5181 = CIRCLE ( 'NONE', #799, 0.1000000000000016709 ) ;
#5182 = LINE ( 'NONE', #6748, #852 ) ;
#5183 = ORIENTED_EDGE ( 'NONE', *, *, #6302, .T. ) ;
#5184 = ORIENTED_EDGE ( 'NONE', *, *, #9353, .T. ) ;
#5185 = DIRECTION ( 'NONE',  ( 1.000000000000000000, 6.070773319253919496E-17, 0.000000000000000000 ) ) ;
#5186 = VERTEX_POINT ( 'NONE', #8738 ) ;
#5187 = ORIENTED_EDGE ( 'NONE', *, *, #3134, .F. ) ;
#5188 = CARTESIAN_POINT ( 'NONE',  ( -2.150000000000001243, 10.00000000000000000, 0.5000000000000000000 ) ) ;
#5189 = AXIS2_PLACEMENT_3D ( 'NONE', #5180, #4339, #3577 ) ;
#5190 = DIRECTION ( 'NONE',  ( 0.000000000000000000, 1.000000000000000000, 0.000000000000000000 ) ) ;
#5191 = CARTESIAN_POINT ( 'NONE',  ( -3.550000000000001599, 6.950000000000001066, 0.4499999999999999556 ) ) ;
#5192 = DIRECTION ( 'NONE',  ( 1.000000000000000000, 0.000000000000000000, 0.000000000000000000 ) ) ;
#5193 = AXIS2_PLACEMENT_3D ( 'NONE', #183, #8762, #142 ) ;
#5194 = ADVANCED_FACE ( 'NONE', ( #3721 ), #6039, .T. ) ;
#5195 = ORIENTED_EDGE ( 'NONE', *, *, #232, .T. ) ;
#5196 = CYLINDRICAL_SURFACE ( 'NONE', #3122, 0.1000000000000005745 ) ;
#5197 = AXIS2_PLACEMENT_3D ( 'NONE', #5310, #8198, #3985 ) ;
#5198 = EDGE_LOOP ( 'NONE', ( #1051, #9365, #7126, #6040 ) ) ;
#5199 = DIRECTION ( 'NONE',  ( -0.000000000000000000, -1.000000000000000000, -0.000000000000000000 ) ) ;
#5200 = ORIENTED_EDGE ( 'NONE', *, *, #1705, .T. ) ;
#5201 = DIRECTION ( 'NONE',  ( 1.000000000000000000, 6.070773319253920728E-17, -0.000000000000000000 ) ) ;
#5202 = DIRECTION ( 'NONE',  ( 0.000000000000000000, 1.000000000000000000, 0.000000000000000000 ) ) ;
#5203 = PLANE ( 'NONE',  #687 ) ;
#5204 = VECTOR ( 'NONE', #3248, 39.37007874015748143 ) ;
#5205 = FACE_BOUND ( 'NONE', #391, .T. ) ;
#5206 = EDGE_CURVE ( 'NONE', #6922, #7290, #2343, .T. ) ;
#5207 = VECTOR ( 'NONE', #4489, 39.37007874015748143 ) ;
#5208 = ORIENTED_EDGE ( 'NONE', *, *, #379, .T. ) ;
#5209 = CYLINDRICAL_SURFACE ( 'NONE', #7152, 0.1000000000000005745 ) ;
#5210 = AXIS2_PLACEMENT_3D ( 'NONE', #5158, #87, #229 ) ;
#5211 = ORIENTED_EDGE ( 'NONE', *, *, #898, .F. ) ;
#5212 = CARTESIAN_POINT ( 'NONE',  ( -5.700000000000001066, 8.010000000000003340, 1.470000000000001084 ) ) ;
#5213 = DIRECTION ( 'NONE',  ( 0.000000000000000000, 0.000000000000000000, -1.000000000000000000 ) ) ;
#5214 = CARTESIAN_POINT ( 'NONE',  ( -2.450000000000001066, 4.700000000000016165, 0.3999999999999207523 ) ) ;
#5215 = AXIS2_PLACEMENT_3D ( 'NONE', #7159, #2764, #5645 ) ;
#5216 = VECTOR ( 'NONE', #4437, 39.37007874015748143 ) ;
#5217 = CARTESIAN_POINT ( 'NONE',  ( -9.999999999999998224, 4.000000000000000888, 1.499999999999999778 ) ) ;
#5218 = DIRECTION ( 'NONE',  ( 0.000000000000000000, 1.000000000000000000, 0.000000000000000000 ) ) ;
#5219 = ORIENTED_EDGE ( 'NONE', *, *, #933, .F. ) ;
#5220 = LINE ( 'NONE', #8118, #4732 ) ;
#5221 = AXIS2_PLACEMENT_3D ( 'NONE', #9195, #4265, #7824 ) ;
#5222 = ORIENTED_EDGE ( 'NONE', *, *, #6136, .T. ) ;
#5223 = LINE ( 'NONE', #7403, #975 ) ;
#5224 = EDGE_CURVE ( 'NONE', #7089, #3979, #8781, .T. ) ;
#5225 = VERTEX_POINT ( 'NONE', #7451 ) ;
#5226 = VECTOR ( 'NONE', #3770, 39.37007874015748143 ) ;
#5227 = ORIENTED_EDGE ( 'NONE', *, *, #5001, .F. ) ;
#5228 = FACE_BOUND ( 'NONE', #706, .T. ) ;
#5229 = AXIS2_PLACEMENT_3D ( 'NONE', #1366, #4117, #3457 ) ;
#5230 = CARTESIAN_POINT ( 'NONE',  ( -5.700000000000001066, 10.80000000000000071, 0.5300000000000001377 ) ) ;
#5231 = CIRCLE ( 'NONE', #6594, 0.1000000000000016709 ) ;
#5232 = AXIS2_PLACEMENT_3D ( 'NONE', #6718, #3689, #4508 ) ;
#5233 = FACE_BOUND ( 'NONE', #1298, .T. ) ;
#5234 = ORIENTED_EDGE ( 'NONE', *, *, #3974, .T. ) ;
#5235 = ORIENTED_EDGE ( 'NONE', *, *, #8070, .F. ) ;
#5236 = CARTESIAN_POINT ( 'NONE',  ( -2.450000000000001066, 8.000000000000000000, 1.599999999999953904 ) ) ;
#5237 = EDGE_CURVE ( 'NONE', #831, #2585, #3105, .T. ) ;
#5238 = EDGE_LOOP ( 'NONE', ( #7238, #8146 ) ) ;
#5239 = AXIS2_PLACEMENT_3D ( 'NONE', #2752, #8524, #903 ) ;
#5240 = CIRCLE ( 'NONE', #1154, 0.1249999999999999029 ) ;
#5241 = ORIENTED_EDGE ( 'NONE', *, *, #1943, .F. ) ;
#5242 = DIRECTION ( 'NONE',  ( -0.000000000000000000, 0.000000000000000000, -1.000000000000000000 ) ) ;
#5243 = VECTOR ( 'NONE', #2397, 39.37007874015748143 ) ;
#5244 = AXIS2_PLACEMENT_3D ( 'NONE', #2693, #2875, #8503 ) ;
#5245 = CARTESIAN_POINT ( 'NONE',  ( -9.680768314573425570, 6.501968503937010091, 0.7169291338582677309 ) ) ;
#5246 = DIRECTION ( 'NONE',  ( -6.070773319253919496E-17, 1.000000000000000000, -0.000000000000000000 ) ) ;
#5247 = CARTESIAN_POINT ( 'NONE',  ( -5.850000000000001421, 10.80000000000000071, 0.4609999999999991882 ) ) ;
#5248 = AXIS2_PLACEMENT_3D ( 'NONE', #3561, #6453, #1199 ) ;
#5249 = ORIENTED_EDGE ( 'NONE', *, *, #3839, .F. ) ;
#5251 = CIRCLE ( 'NONE', #4938, 0.1000000000000016709 ) ;
#5250 = FACE_BOUND ( 'NONE', #629, .T. ) ;
#5252 = VERTEX_POINT ( 'NONE', #5281 ) ;
#5253 = ADVANCED_FACE ( 'NONE', ( #965 ), #5502, .F. ) ;
#5254 = DIRECTION ( 'NONE',  ( 1.000000000000000000, 0.000000000000000000, -0.000000000000000000 ) ) ;
#5255 = ORIENTED_EDGE ( 'NONE', *, *, #9133, .T. ) ;
#5256 = CARTESIAN_POINT ( 'NONE',  ( -6.087500000000001243, 12.65000000000000213, 1.870000000000000107 ) ) ;
#5257 = DIRECTION ( 'NONE',  ( 0.000000000000000000, 0.000000000000000000, 1.000000000000000000 ) ) ;
#5258 = CIRCLE ( 'NONE', #6303, 0.1000000000000016709 ) ;
#5259 = LINE ( 'NONE', #6524, #8711 ) ;
#5260 = EDGE_CURVE ( 'NONE', #6225, #4280, #7901, .T. ) ;
#5261 = CARTESIAN_POINT ( 'NONE',  ( -2.150000000000001243, 12.10000000000001386, 0.7999999999999957145 ) ) ;
#5262 = VECTOR ( 'NONE', #1213, 39.37007874015748143 ) ;
#5263 = EDGE_LOOP ( 'NONE', ( #7831, #6320 ) ) ;
#5264 = DIRECTION ( 'NONE',  ( 0.000000000000000000, 0.000000000000000000, 1.000000000000000000 ) ) ;
#5265 = VERTEX_POINT ( 'NONE', #6131 ) ;
#5266 = DIRECTION ( 'NONE',  ( 1.000000000000000000, 0.000000000000000000, 0.000000000000000000 ) ) ;
#5267 =( CONVERSION_BASED_UNIT ( 'INCH', #2380 ) LENGTH_UNIT ( ) NAMED_UNIT ( #4989 ) );
#5268 = ADVANCED_FACE ( 'NONE', ( #478 ), #1059, .F. ) ;
#5269 = LINE ( 'NONE', #3040, #3473 ) ;
#5270 = EDGE_CURVE ( 'NONE', #1259, #7768, #7506, .T. ) ;
#5271 = CARTESIAN_POINT ( 'NONE',  ( -2.925000000000000711, 10.00000000000000000, 0.5000000000000000000 ) ) ;
#5272 = VERTEX_POINT ( 'NONE', #3375 ) ;
#5273 = DIRECTION ( 'NONE',  ( 0.000000000000000000, 1.000000000000000000, 0.000000000000000000 ) ) ;
#5274 = ORIENTED_EDGE ( 'NONE', *, *, #7057, .T. ) ;
#5275 = DIRECTION ( 'NONE',  ( 0.000000000000000000, 1.000000000000000000, 0.000000000000000000 ) ) ;
#5276 = VERTEX_POINT ( 'NONE', #5371 ) ;
#5277 = EDGE_LOOP ( 'NONE', ( #8630, #1912 ) ) ;
#5278 = FACE_BOUND ( 'NONE', #2232, .T. ) ;
#5279 = DIRECTION ( 'NONE',  ( 0.000000000000000000, -1.000000000000000000, 0.000000000000000000 ) ) ;
#5280 = EDGE_CURVE ( 'NONE', #2499, #2902, #4052, .T. ) ;
#5281 = CARTESIAN_POINT ( 'NONE',  ( -6.500000000000000888, 7.434999999999998721, 0.4499999999999999556 ) ) ;
#5282 = ORIENTED_EDGE ( 'NONE', *, *, #4412, .F. ) ;
#5283 = LINE ( 'NONE', #8215, #3534 ) ;
#5284 = EDGE_LOOP ( 'NONE', ( #6170, #3818 ) ) ;
#5285 = ORIENTED_EDGE ( 'NONE', *, *, #8506, .T. ) ;
#5286 = DIRECTION ( 'NONE',  ( 1.000000000000000000, 6.070773319253919496E-17, 0.000000000000000000 ) ) ;
#5287 = CYLINDRICAL_SURFACE ( 'NONE', #7364, 0.4999999999999996669 ) ;
#5288 = CIRCLE ( 'NONE', #2115, 0.1000000000000005745 ) ;
#5289 = CARTESIAN_POINT ( 'NONE',  ( -5.150000000000000355, 12.20000000000000284, 0.6250000000000000000 ) ) ;
#5290 = EDGE_CURVE ( 'NONE', #3990, #7482, #947, .T. ) ;
#5291 = LINE ( 'NONE', #5862, #4604 ) ;
#5292 = EDGE_LOOP ( 'NONE', ( #3006, #5235 ) ) ;
#5293 = CARTESIAN_POINT ( 'NONE',  ( -2.450000000000001066, 6.000000000000006217, 1.199999999999933120 ) ) ;
#5294 = ORIENTED_EDGE ( 'NONE', *, *, #5690, .T. ) ;
#5295 = VERTEX_POINT ( 'NONE', #4666 ) ;
#5296 = CARTESIAN_POINT ( 'NONE',  ( -8.550000000000000711, 5.764999999999997904, 0.2999999999999999889 ) ) ;
#5297 = EDGE_LOOP ( 'NONE', ( #8947, #5007, #4765, #6733 ) ) ;
#5298 = DIRECTION ( 'NONE',  ( 0.000000000000000000, 1.000000000000000000, 0.000000000000000000 ) ) ;
#5299 = FACE_BOUND ( 'NONE', #3193, .T. ) ;
#5300 = DIRECTION ( 'NONE',  ( -1.000000000000000000, 0.000000000000000000, -0.000000000000000000 ) ) ;
#5301 = FACE_OUTER_BOUND ( 'NONE', #5173, .T. ) ;
#5302 = EDGE_CURVE ( 'NONE', #8958, #4511, #6691, .T. ) ;
#5303 = EDGE_LOOP ( 'NONE', ( #8795, #8637 ) ) ;
#5304 = EDGE_CURVE ( 'NONE', #3777, #2476, #1249, .T. ) ;
#5305 = LINE ( 'NONE', #238, #6247 ) ;
#5306 = EDGE_LOOP ( 'NONE', ( #4432, #6642, #1510, #2345 ) ) ;
#5307 = DIRECTION ( 'NONE',  ( 1.000000000000000000, 6.070773319253919496E-17, 0.000000000000000000 ) ) ;
#5308 = CYLINDRICAL_SURFACE ( 'NONE', #2600, 0.1000000000000016709 ) ;
#5309 = DIRECTION ( 'NONE',  ( -0.000000000000000000, -0.000000000000000000, -1.000000000000000000 ) ) ;
#5310 = CARTESIAN_POINT ( 'NONE',  ( -2.800000000000001155, 7.730000000000000426, 0.5000000000000000000 ) ) ;
#5311 = ORIENTED_EDGE ( 'NONE', *, *, #5146, .T. ) ;
#5312 = EDGE_CURVE ( 'NONE', #6723, #2361, #485, .T. ) ;
#5313 = DIRECTION ( 'NONE',  ( -1.000000000000000000, -5.463695987328527423E-16, 0.000000000000000000 ) ) ;
#5314 = EDGE_LOOP ( 'NONE', ( #4929, #8921, #5139, #6368 ) ) ;
#5315 = DIRECTION ( 'NONE',  ( 0.000000000000000000, 1.000000000000000000, 0.000000000000000000 ) ) ;
#5316 = CARTESIAN_POINT ( 'NONE',  ( -2.450000000000001066, 6.000000000000011546, 0.7999999999999330980 ) ) ;
#5317 = ORIENTED_EDGE ( 'NONE', *, *, #614, .F. ) ;
#5318 = ORIENTED_EDGE ( 'NONE', *, *, #2102, .T. ) ;
#5319 = FACE_BOUND ( 'NONE', #5617, .T. ) ;
#5320 = DIRECTION ( 'NONE',  ( 0.000000000000000000, 1.000000000000000000, 0.000000000000000000 ) ) ;
#5321 = ADVANCED_FACE ( 'NONE', ( #6262 ), #5322, .F. ) ;
#5322 = CYLINDRICAL_SURFACE ( 'NONE', #346, 0.1000000000000016709 ) ;
#5323 = VERTEX_POINT ( 'NONE', #3197 ) ;
#5324 = DIRECTION ( 'NONE',  ( 1.000000000000000000, 6.070773319253920728E-17, -0.000000000000000000 ) ) ;
#5325 = ORIENTED_EDGE ( 'NONE', *, *, #6940, .T. ) ;
#5326 = ORIENTED_EDGE ( 'NONE', *, *, #8946, .T. ) ;
#5327 = LINE ( 'NONE', #4624, #5372 ) ;
#5328 = EDGE_CURVE ( 'NONE', #3125, #4004, #3670, .T. ) ;
#5329 = VECTOR ( 'NONE', #6677, 39.37007874015748143 ) ;
#5330 = AXIS2_PLACEMENT_3D ( 'NONE', #2694, #8459, #2076 ) ;
#5331 = CARTESIAN_POINT ( 'NONE',  ( -2.450000000000001066, 8.900000000000000355, 1.599999999999962341 ) ) ;
#5332 = DIRECTION ( 'NONE',  ( -1.000000000000000000, 0.000000000000000000, 0.000000000000000000 ) ) ;
#5333 = CARTESIAN_POINT ( 'NONE',  ( -2.150000000000001243, 7.300000000000001599, 1.599999999999945688 ) ) ;
#5334 = AXIS2_PLACEMENT_3D ( 'NONE', #717, #3611, #6494 ) ;
#5335 = ORIENTED_EDGE ( 'NONE', *, *, #5419, .F. ) ;
#5336 = ORIENTED_EDGE ( 'NONE', *, *, #5749, .T. ) ;
#5337 = CIRCLE ( 'NONE', #7753, 0.1000000000000005745 ) ;
#5338 = CARTESIAN_POINT ( 'NONE',  ( -2.450000000000001510, 13.00000000000000000, 0.3000000000000000999 ) ) ;
#5339 = ORIENTED_EDGE ( 'NONE', *, *, #4671, .F. ) ;
#5340 = DIRECTION ( 'NONE',  ( 0.000000000000000000, 1.000000000000000000, 0.000000000000000000 ) ) ;
#5341 = CARTESIAN_POINT ( 'NONE',  ( -2.150000000000001243, 8.400000000000000355, 1.599999999999958344 ) ) ;
#5342 = ADVANCED_FACE ( 'NONE', ( #3953 ), #8260, .F. ) ;
#5343 = CARTESIAN_POINT ( 'NONE',  ( -2.450000000000001066, 7.200000000000006395, 1.199999999999945777 ) ) ;
#5344 = AXIS2_PLACEMENT_3D ( 'NONE', #195, #8871, #8671 ) ;
#5345 =( CONVERSION_BASED_UNIT ( 'INCH', #284 ) LENGTH_UNIT ( ) NAMED_UNIT ( #5651 ) );
#5346 = AXIS2_PLACEMENT_3D ( 'NONE', #2532, #1103, #397 ) ;
#5347 = ORIENTED_EDGE ( 'NONE', *, *, #5369, .F. ) ;
#5348 = DIRECTION ( 'NONE',  ( 1.000000000000000000, 6.070773319253920728E-17, -0.000000000000000000 ) ) ;
#5349 = AXIS2_PLACEMENT_3D ( 'NONE', #3552, #6442, #4312 ) ;
#5350 = ORIENTED_EDGE ( 'NONE', *, *, #5956, .F. ) ;
#5351 = CARTESIAN_POINT ( 'NONE',  ( -4.585000000000000853, 10.00000000000000000, 0.2999999999999999889 ) ) ;
#5352 = DIRECTION ( 'NONE',  ( 1.000000000000000000, 0.000000000000000000, 0.000000000000000000 ) ) ;
#5353 = EDGE_CURVE ( 'NONE', #1677, #8877, #6234, .T. ) ;
#5354 = AXIS2_PLACEMENT_3D ( 'NONE', #1329, #1986, #1845 ) ;
#5355 = DIRECTION ( 'NONE',  ( 0.000000000000000000, 1.000000000000000000, 0.000000000000000000 ) ) ;
#5356 = EDGE_CURVE ( 'NONE', #7851, #2090, #5777, .T. ) ;
#5357 = DIRECTION ( 'NONE',  ( 1.000000000000000000, 0.000000000000000000, 0.000000000000000000 ) ) ;
#5358 = ORIENTED_EDGE ( 'NONE', *, *, #5302, .T. ) ;
#5359 = DIRECTION ( 'NONE',  ( 0.000000000000000000, -1.000000000000000000, 0.000000000000000000 ) ) ;
#5360 = ORIENTED_EDGE ( 'NONE', *, *, #8805, .T. ) ;
#5361 = DIRECTION ( 'NONE',  ( 0.000000000000000000, 1.000000000000000000, 0.000000000000000000 ) ) ;
#5362 = FACE_BOUND ( 'NONE', #8900, .T. ) ;
#5364 = VERTEX_POINT ( 'NONE', #7589 ) ;
#5363 = EDGE_CURVE ( 'NONE', #4311, #7116, #2008, .T. ) ;
#5365 = AXIS2_PLACEMENT_3D ( 'NONE', #6457, #2056, #7972 ) ;
#5366 = ORIENTED_EDGE ( 'NONE', *, *, #4722, .F. ) ;
#5367 = LINE ( 'NONE', #1776, #7800 ) ;
#5368 = AXIS2_PLACEMENT_3D ( 'NONE', #6222, #5332, #8222 ) ;
#5369 = EDGE_CURVE ( 'NONE', #4717, #3244, #3511, .T. ) ;
#5370 = CARTESIAN_POINT ( 'NONE',  ( -2.450000000000001066, 4.400000000000016342, 0.3999999999999165334 ) ) ;
#5371 = CARTESIAN_POINT ( 'NONE',  ( -2.150000000000000799, 4.300000000000015810, 0.3999999999999165334 ) ) ;
#5372 = VECTOR ( 'NONE', #354, 39.37007874015748143 ) ;
#5373 = EDGE_LOOP ( 'NONE', ( #5822, #8955 ) ) ;
#5374 = DIRECTION ( 'NONE',  ( 0.000000000000000000, 1.000000000000000000, 0.000000000000000000 ) ) ;
#5375 = VERTEX_POINT ( 'NONE', #1913 ) ;
#5376 = ORIENTED_EDGE ( 'NONE', *, *, #1071, .F. ) ;
#5377 = CYLINDRICAL_SURFACE ( 'NONE', #5512, 0.1000000000000005745 ) ;
#5378 = AXIS2_PLACEMENT_3D ( 'NONE', #9187, #7856, #5624 ) ;
#5379 = EDGE_CURVE ( 'NONE', #8277, #7872, #1565, .T. ) ;
#5380 = CIRCLE ( 'NONE', #3113, 0.1000000000000005745 ) ;
#5381 = AXIS2_PLACEMENT_3D ( 'NONE', #3194, #4528, #6076 ) ;
#5382 = LINE ( 'NONE', #4672, #3830 ) ;
#5383 = CARTESIAN_POINT ( 'NONE',  ( -2.450000000000001066, 5.600000000000011191, 0.7999999999999289901 ) ) ;
#5384 = EDGE_CURVE ( 'NONE', #4846, #4966, #3972, .T. ) ;
#5385 = CARTESIAN_POINT ( 'NONE',  ( -11.08750000000000213, 7.849999999999998757, 1.870000000000000107 ) ) ;
#5386 = EDGE_CURVE ( 'NONE', #2765, #2900, #6384, .T. ) ;
#5387 = AXIS2_PLACEMENT_3D ( 'NONE', #228, #3887, #3304 ) ;
#5388 = ORIENTED_EDGE ( 'NONE', *, *, #2146, .F. ) ;
#5389 = VECTOR ( 'NONE', #6804, 39.37007874015748143 ) ;
#5390 = ORIENTED_EDGE ( 'NONE', *, *, #5379, .T. ) ;
#5391 = CIRCLE ( 'NONE', #5232, 0.1000000000000005745 ) ;
#5392 = CARTESIAN_POINT ( 'NONE',  ( -2.450000000000001066, 4.800000000000016698, 0.3999999999999207523 ) ) ;
#5393 = EDGE_LOOP ( 'NONE', ( #5080, #1489 ) ) ;
#5394 = FACE_OUTER_BOUND ( 'NONE', #8998, .T. ) ;
#5395 = FACE_BOUND ( 'NONE', #4571, .T. ) ;
#5396 = DIRECTION ( 'NONE',  ( 1.000000000000000000, 0.000000000000000000, 0.000000000000000000 ) ) ;
#5397 = AXIS2_PLACEMENT_3D ( 'NONE', #3699, #1524, #5917 ) ;
#5398 = AXIS2_PLACEMENT_3D ( 'NONE', #6329, #8500, #1215 ) ;
#5399 = DIRECTION ( 'NONE',  ( -1.000000000000000000, -6.070773319253919496E-17, 0.000000000000000000 ) ) ;
#5400 = EDGE_CURVE ( 'NONE', #4346, #1322, #8505, .T. ) ;
#5401 = CYLINDRICAL_SURFACE ( 'NONE', #9150, 0.1000000000000016709 ) ;
#5402 = EDGE_LOOP ( 'NONE', ( #5249, #6872 ) ) ;
#5403 = DIRECTION ( 'NONE',  ( 0.000000000000000000, 1.000000000000000000, 0.000000000000000000 ) ) ;
#5404 = AXIS2_PLACEMENT_3D ( 'NONE', #4302, #8564, #4115 ) ;
#5405 = ORIENTED_EDGE ( 'NONE', *, *, #6510, .F. ) ;
#5406 = CARTESIAN_POINT ( 'NONE',  ( -2.150000000000001243, 8.000000000000007105, 1.199999999999953992 ) ) ;
#5407 = CARTESIAN_POINT ( 'NONE',  ( -2.150000000000001243, 6.700000000000010836, 0.7999999999999414246 ) ) ;
#5408 = FACE_OUTER_BOUND ( 'NONE', #6167, .T. ) ;
#5409 = EDGE_CURVE ( 'NONE', #1945, #4695, #4941, .T. ) ;
#5410 = ORIENTED_EDGE ( 'NONE', *, *, #3369, .T. ) ;
#5411 = DIRECTION ( 'NONE',  ( -9.013277126192587560E-33, 1.484699996556664793E-16, -1.000000000000000000 ) ) ;
#5412 = VERTEX_POINT ( 'NONE', #578 ) ;
#5413 = CARTESIAN_POINT ( 'NONE',  ( -6.150000000000000355, 7.999999999999999112, 2.000000000000000000 ) ) ;
#5414 = CARTESIAN_POINT ( 'NONE',  ( 0.000000000000000000, 0.000000000000000000, 0.2999999999999999889 ) ) ;
#5415 = ORIENTED_EDGE ( 'NONE', *, *, #1132, .F. ) ;
#5416 = VERTEX_POINT ( 'NONE', #5558 ) ;
#5417 = FACE_BOUND ( 'NONE', #2620, .T. ) ;
#5418 = DIRECTION ( 'NONE',  ( 1.000000000000000000, 6.070773319253919496E-17, 0.000000000000000000 ) ) ;
#5419 = EDGE_CURVE ( 'NONE', #5375, #8091, #3362, .T. ) ;
#5420 = DIRECTION ( 'NONE',  ( 0.000000000000000000, 1.000000000000000000, 0.000000000000000000 ) ) ;
#5421 = EDGE_CURVE ( 'NONE', #40, #1497, #4124, .T. ) ;
#5422 = CYLINDRICAL_SURFACE ( 'NONE', #7925, 0.1000000000000005745 ) ;
#5423 = ORIENTED_EDGE ( 'NONE', *, *, #755, .F. ) ;
#5424 = ORIENTED_EDGE ( 'NONE', *, *, #2370, .F. ) ;
#5425 = CARTESIAN_POINT ( 'NONE',  ( -5.700000000000001066, 8.010000000000003340, 0.6550000000000000266 ) ) ;
#5426 = CARTESIAN_POINT ( 'NONE',  ( -2.450000000000001066, 5.900000000000005684, 1.199999999999933120 ) ) ;
#5427 = CARTESIAN_POINT ( 'NONE',  ( -2.450000000000001066, 6.000000000000016875, 0.3999999999999331868 ) ) ;
#5428 = DIRECTION ( 'NONE',  ( -1.000000000000000000, 8.741913579725647229E-16, -0.000000000000000000 ) ) ;
#5429 = ADVANCED_FACE ( 'NONE', ( #6455 ), #1430, .F. ) ;
#5430 = VERTEX_POINT ( 'NONE', #3472 ) ;
#5431 = EDGE_CURVE ( 'NONE', #7719, #6366, #6357, .T. ) ;
#5432 = VERTEX_POINT ( 'NONE', #4982 ) ;
#5433 = CARTESIAN_POINT ( 'NONE',  ( -2.150000000000001243, 11.70000000000001350, 0.7999999999999914957 ) ) ;
#5434 = ORIENTED_EDGE ( 'NONE', *, *, #379, .F. ) ;
#5435 = DIRECTION ( 'NONE',  ( -1.000000000000000000, -5.463695987328527423E-16, -0.000000000000000000 ) ) ;
#5436 = FACE_BOUND ( 'NONE', #716, .T. ) ;
#5437 = DIRECTION ( 'NONE',  ( 0.000000000000000000, 1.000000000000000000, 0.000000000000000000 ) ) ;
#5438 = DIRECTION ( 'NONE',  ( 0.000000000000000000, 1.000000000000000000, 0.000000000000000000 ) ) ;
#5439 = LINE ( 'NONE', #6861, #6588 ) ;
#5440 = ORIENTED_EDGE ( 'NONE', *, *, #3753, .T. ) ;
#5441 = EDGE_CURVE ( 'NONE', #2476, #6840, #6316, .T. ) ;
#5442 = FACE_OUTER_BOUND ( 'NONE', #3151, .T. ) ;
#5443 = ORIENTED_EDGE ( 'NONE', *, *, #2651, .F. ) ;
#5444 = DIRECTION ( 'NONE',  ( 1.000000000000000000, 6.070773319253919496E-17, 0.000000000000000000 ) ) ;
#5445 = EDGE_CURVE ( 'NONE', #7625, #6334, #2769, .T. ) ;
#5446 = CARTESIAN_POINT ( 'NONE',  ( -2.450000000000001066, 11.10000000000001030, 0.7999999999999873879 ) ) ;
#5447 = ORIENTED_EDGE ( 'NONE', *, *, #5820, .F. ) ;
#5448 = LINE ( 'NONE', #8330, #2469 ) ;
#5449 = ORIENTED_EDGE ( 'NONE', *, *, #3440, .T. ) ;
#5450 = DIRECTION ( 'NONE',  ( -2.324977015884479041E-16, 1.000000000000000000, -0.000000000000000000 ) ) ;
#5451 = DIRECTION ( 'NONE',  ( 0.000000000000000000, 1.000000000000000000, 0.000000000000000000 ) ) ;
#5452 = ORIENTED_EDGE ( 'NONE', *, *, #2291, .T. ) ;
#5453 = CARTESIAN_POINT ( 'NONE',  ( -2.150000000000001243, 7.100000000000005862, 1.199999999999945777 ) ) ;
#5454 = FACE_BOUND ( 'NONE', #9367, .T. ) ;
#5455 = EDGE_CURVE ( 'NONE', #7838, #8703, #2098, .T. ) ;
#5456 = PLANE ( 'NONE',  #1257 ) ;
#5457 = EDGE_LOOP ( 'NONE', ( #2857, #5415, #5468, #2962 ) ) ;
#5458 = DIRECTION ( 'NONE',  ( 0.000000000000000000, 0.000000000000000000, 1.000000000000000000 ) ) ;
#5459 = EDGE_LOOP ( 'NONE', ( #2802, #8752, #8068, #7412 ) ) ;
#5460 = CARTESIAN_POINT ( 'NONE',  ( -2.150000000000001243, 7.600000000000006750, 1.199999999999949774 ) ) ;
#5461 = ORIENTED_EDGE ( 'NONE', *, *, #7057, .F. ) ;
#5462 = VERTEX_POINT ( 'NONE', #7871 ) ;
#5463 = CARTESIAN_POINT ( 'NONE',  ( -2.450000000000001510, 11.50000000000001599, 0.3999999999999914735 ) ) ;
#5464 = EDGE_CURVE ( 'NONE', #8777, #7838, #8656, .T. ) ;
#5465 = FACE_BOUND ( 'NONE', #5940, .T. ) ;
#5466 = CARTESIAN_POINT ( 'NONE',  ( -5.477500000000001812, 12.44999999999999929, 0.000000000000000000 ) ) ;
#5467 = LINE ( 'NONE', #1790, #686 ) ;
#5468 = ORIENTED_EDGE ( 'NONE', *, *, #603, .F. ) ;
#5469 = ORIENTED_EDGE ( 'NONE', *, *, #15, .F. ) ;
#5470 = DIRECTION ( 'NONE',  ( 1.000000000000000000, 6.070773319253919496E-17, 0.000000000000000000 ) ) ;
#5471 = VECTOR ( 'NONE', #6532, 39.37007874015748143 ) ;
#5472 = ORIENTED_EDGE ( 'NONE', *, *, #4110, .F. ) ;
#5473 = CYLINDRICAL_SURFACE ( 'NONE', #1620, 0.06899999999999945066 ) ;
#5474 = FACE_BOUND ( 'NONE', #7008, .T. ) ;
#5475 = CARTESIAN_POINT ( 'NONE',  ( -2.800000000000000711, 10.00000000000000000, 0.5000000000000000000 ) ) ;
#5476 = SURFACE_STYLE_USAGE ( .BOTH. , #458 ) ;
#5477 = EDGE_CURVE ( 'NONE', #8950, #1533, #5022, .T. ) ;
#5478 = AXIS2_PLACEMENT_3D ( 'NONE', #9344, #4327, #1242 ) ;
#5479 = ORIENTED_EDGE ( 'NONE', *, *, #1186, .T. ) ;
#5480 = PLANE ( 'NONE',  #4319 ) ;
#5481 = ORIENTED_EDGE ( 'NONE', *, *, #1314, .F. ) ;
#5482 = CYLINDRICAL_SURFACE ( 'NONE', #5488, 0.06899999999999993638 ) ;
#5483 = ORIENTED_EDGE ( 'NONE', *, *, #2092, .F. ) ;
#5484 = CARTESIAN_POINT ( 'NONE',  ( -2.800000000000000711, 10.00000000000000000, 0.5000000000000000000 ) ) ;
#5485 = AXIS2_PLACEMENT_3D ( 'NONE', #1486, #2388, #8160 ) ;
#5486 = EDGE_CURVE ( 'NONE', #1466, #7489, #4272, .T. ) ;
#5487 = LINE ( 'NONE', #7623, #970 ) ;
#5488 = AXIS2_PLACEMENT_3D ( 'NONE', #4077, #4915, #5671 ) ;
#5489 = ORIENTED_EDGE ( 'NONE', *, *, #430, .T. ) ;
#5490 = CARTESIAN_POINT ( 'NONE',  ( -11.15000000000000036, 7.700000000000000178, 2.000000000000000000 ) ) ;
#5491 = AXIS2_PLACEMENT_3D ( 'NONE', #4121, #1895, #6246 ) ;
#5492 = ORIENTED_EDGE ( 'NONE', *, *, #3741, .F. ) ;
#5493 = CARTESIAN_POINT ( 'NONE',  ( -2.150000000000001243, 10.90000000000000213, 1.599999999999983213 ) ) ;
#5494 = DIRECTION ( 'NONE',  ( 0.000000000000000000, 0.000000000000000000, 1.000000000000000000 ) ) ;
#5495 = CARTESIAN_POINT ( 'NONE',  ( -6.400000000000001243, 7.534999999999998366, 0.4499999999999999556 ) ) ;
#5496 = FACE_BOUND ( 'NONE', #3898, .T. ) ;
#5497 = AXIS2_PLACEMENT_3D ( 'NONE', #1914, #351, #1203 ) ;
#5498 = VECTOR ( 'NONE', #7818, 39.37007874015748143 ) ;
#5499 = LINE ( 'NONE', #2614, #2024 ) ;
#5500 = ORIENTED_EDGE ( 'NONE', *, *, #8155, .T. ) ;
#5501 = EDGE_CURVE ( 'NONE', #7872, #8277, #187, .T. ) ;
#5502 = CYLINDRICAL_SURFACE ( 'NONE', #34, 0.08750000000000063283 ) ;
#5503 = VECTOR ( 'NONE', #8016, 39.37007874015748143 ) ;
#5504 = VERTEX_POINT ( 'NONE', #8441 ) ;
#5505 = DIRECTION ( 'NONE',  ( 0.000000000000000000, 1.000000000000000000, 0.000000000000000000 ) ) ;
#5506 = VERTEX_POINT ( 'NONE', #5025 ) ;
#5507 = VECTOR ( 'NONE', #1357, 39.37007874015748143 ) ;
#5508 = VERTEX_POINT ( 'NONE', #7212 ) ;
#5509 = LINE ( 'NONE', #6268, #9153 ) ;
#5510 = AXIS2_PLACEMENT_3D ( 'NONE', #6171, #433, #3190 ) ;
#5511 = DIRECTION ( 'NONE',  ( -0.000000000000000000, -0.000000000000000000, 1.000000000000000000 ) ) ;
#5512 = AXIS2_PLACEMENT_3D ( 'NONE', #1787, #4708, #4007 ) ;
#5513 = CARTESIAN_POINT ( 'NONE',  ( -2.150000000000000799, 5.900000000000011013, 0.7999999999999330980 ) ) ;
#5514 = EDGE_CURVE ( 'NONE', #1785, #7982, #4583, .T. ) ;
#5515 = DIRECTION ( 'NONE',  ( 1.000000000000000000, 6.070773319253920728E-17, -0.000000000000000000 ) ) ;
#5516 = EDGE_LOOP ( 'NONE', ( #387, #1361, #5449, #2304 ) ) ;
#5517 = ORIENTED_EDGE ( 'NONE', *, *, #3185, .T. ) ;
#5518 = LINE ( 'NONE', #2632, #5262 ) ;
#5519 = AXIS2_PLACEMENT_3D ( 'NONE', #6163, #4730, #7619 ) ;
#5520 = ORIENTED_EDGE ( 'NONE', *, *, #5477, .F. ) ;
#5521 = CARTESIAN_POINT ( 'NONE',  ( -10.72249999999999837, 7.449999999999999289, 0.000000000000000000 ) ) ;
#5522 = DIRECTION ( 'NONE',  ( 0.000000000000000000, 1.000000000000000000, 0.000000000000000000 ) ) ;
#5523 = AXIS2_PLACEMENT_3D ( 'NONE', #1, #4371, #2999 ) ;
#5524 = VECTOR ( 'NONE', #8878, 39.37007874015748143 ) ;
#5525 = FACE_OUTER_BOUND ( 'NONE', #9345, .T. ) ;
#5526 = DIRECTION ( 'NONE',  ( 0.000000000000000000, 1.000000000000000000, 0.000000000000000000 ) ) ;
#5527 = AXIS2_PLACEMENT_3D ( 'NONE', #8406, #5568, #1170 ) ;
#5529 = ORIENTED_EDGE ( 'NONE', *, *, #4558, .T. ) ;
#5528 = EDGE_CURVE ( 'NONE', #3093, #4101, #4843, .T. ) ;
#5531 = AXIS2_PLACEMENT_3D ( 'NONE', #2550, #1179, #4683 ) ;
#5530 = DIRECTION ( 'NONE',  ( 1.000000000000000000, 6.070773319253920728E-17, -0.000000000000000000 ) ) ;
#5532 = VERTEX_POINT ( 'NONE', #3431 ) ;
#5533 = LINE ( 'NONE', #598, #203 ) ;
#5534 = DIRECTION ( 'NONE',  ( 0.000000000000000000, 0.000000000000000000, 1.000000000000000000 ) ) ;
#5535 = ORIENTED_EDGE ( 'NONE', *, *, #4746, .F. ) ;
#5536 = CARTESIAN_POINT ( 'NONE',  ( -2.450000000000001066, 7.600000000000006750, 1.199999999999949774 ) ) ;
#5537 = EDGE_CURVE ( 'NONE', #2562, #248, #9203, .T. ) ;
#5538 = AXIS2_PLACEMENT_3D ( 'NONE', #5068, #753, #5018 ) ;
#5539 = VECTOR ( 'NONE', #8530, 39.37007874015748143 ) ;
#5540 = AXIS2_PLACEMENT_3D ( 'NONE', #2300, #2353, #4537 ) ;
#5541 = DIRECTION ( 'NONE',  ( 0.000000000000000000, 0.000000000000000000, 1.000000000000000000 ) ) ;
#5542 = AXIS2_PLACEMENT_3D ( 'NONE', #3071, #8041, #7331 ) ;
#5543 = ORIENTED_EDGE ( 'NONE', *, *, #4404, .F. ) ;
#5544 = LINE ( 'NONE', #3462, #5788 ) ;
#5545 = AXIS2_PLACEMENT_3D ( 'NONE', #5010, #7899, #1411 ) ;
#5546 = EDGE_CURVE ( 'NONE', #3267, #2765, #3708, .T. ) ;
#5547 = ORIENTED_EDGE ( 'NONE', *, *, #7645, .F. ) ;
#5548 = DIRECTION ( 'NONE',  ( 0.000000000000000000, 0.000000000000000000, 1.000000000000000000 ) ) ;
#5549 = EDGE_CURVE ( 'NONE', #3093, #2, #7750, .T. ) ;
#5550 = CARTESIAN_POINT ( 'NONE',  ( -2.450000000000001066, 8.000000000000000000, 1.599999999999953904 ) ) ;
#5551 = CARTESIAN_POINT ( 'NONE',  ( -11.15000000000000036, 8.000000000000000000, 0.000000000000000000 ) ) ;
#5552 = FACE_BOUND ( 'NONE', #5819, .T. ) ;
#5553 = CIRCLE ( 'NONE', #4510, 0.1000000000000005745 ) ;
#5554 = ADVANCED_FACE ( 'NONE', ( #6643 ), #2899, .T. ) ;
#5555 = DIRECTION ( 'NONE',  ( 0.000000000000000000, -1.000000000000000000, 0.000000000000000000 ) ) ;
#5556 = PLANE ( 'NONE',  #5844 ) ;
#5557 = ORIENTED_EDGE ( 'NONE', *, *, #728, .T. ) ;
#5558 = CARTESIAN_POINT ( 'NONE',  ( -11.14999999999999858, 5.498031496062992574, 0.7169291338582677309 ) ) ;
#5559 = CIRCLE ( 'NONE', #6920, 0.06899999999999972822 ) ;
#5560 = EDGE_LOOP ( 'NONE', ( #8860, #6646, #6610, #3682, #6741 ) ) ;
#5561 = DIRECTION ( 'NONE',  ( 1.000000000000000000, 6.070773319253920728E-17, -0.000000000000000000 ) ) ;
#5562 = ORIENTED_EDGE ( 'NONE', *, *, #2295, .F. ) ;
#5563 = VERTEX_POINT ( 'NONE', #1679 ) ;
#5564 = DIRECTION ( 'NONE',  ( -0.000000000000000000, -1.000000000000000000, -0.000000000000000000 ) ) ;
#5565 = EDGE_CURVE ( 'NONE', #3949, #6095, #3226, .T. ) ;
#5566 = DIRECTION ( 'NONE',  ( 1.000000000000000000, 6.070773319253919496E-17, 0.000000000000000000 ) ) ;
#5567 = DIRECTION ( 'NONE',  ( -1.000000000000000000, 0.000000000000000000, 0.000000000000000000 ) ) ;
#5568 = DIRECTION ( 'NONE',  ( 1.000000000000000000, 6.070773319253919496E-17, 0.000000000000000000 ) ) ;
#5569 = ORIENTED_EDGE ( 'NONE', *, *, #908, .F. ) ;
#5570 = ORIENTED_EDGE ( 'NONE', *, *, #6313, .T. ) ;
#5571 = DIRECTION ( 'NONE',  ( 0.000000000000000000, 0.000000000000000000, 1.000000000000000000 ) ) ;
#5572 = ORIENTED_EDGE ( 'NONE', *, *, #8292, .T. ) ;
#5573 = CARTESIAN_POINT ( 'NONE',  ( -2.450000000000001066, 9.200000000000001066, 1.599999999999966560 ) ) ;
#5574 = CARTESIAN_POINT ( 'NONE',  ( -2.450000000000001066, 6.300000000000011369, 0.7999999999999374278 ) ) ;
#5575 = CARTESIAN_POINT ( 'NONE',  ( -3.450000000000001066, 7.050000000000001599, 0.4499999999999999556 ) ) ;
#5576 = EDGE_CURVE ( 'NONE', #8460, #3778, #867, .T. ) ;
#5577 = CARTESIAN_POINT ( 'NONE',  ( -2.450000000000001066, 6.400000000000017231, 0.3999999999999374056 ) ) ;
#5578 = ORIENTED_EDGE ( 'NONE', *, *, #4801, .F. ) ;
#5579 = CARTESIAN_POINT ( 'NONE',  ( -2.450000000000001066, 5.100000000000016520, 0.3999999999999248601 ) ) ;
#5580 = VERTEX_POINT ( 'NONE', #5172 ) ;
#5581 = CARTESIAN_POINT ( 'NONE',  ( -5.700000000000001066, 10.80000000000000249, 1.344999999999999973 ) ) ;
#5582 = CYLINDRICAL_SURFACE ( 'NONE', #3579, 0.1000000000000005745 ) ;
#5583 = ORIENTED_EDGE ( 'NONE', *, *, #4560, .F. ) ;
#5584 = CARTESIAN_POINT ( 'NONE',  ( -2.150000000000001243, 6.800000000000006040, 1.199999999999941558 ) ) ;
#5585 = DIRECTION ( 'NONE',  ( 1.000000000000000000, -2.185478394931410575E-16, 0.000000000000000000 ) ) ;
#5586 = ADVANCED_FACE ( 'NONE', ( #6595 ), #8821, .T. ) ;
#5587 = AXIS2_PLACEMENT_3D ( 'NONE', #1707, #90, #3077 ) ;
#5588 = DIRECTION ( 'NONE',  ( 1.000000000000000000, 6.070773319253920728E-17, -0.000000000000000000 ) ) ;
#5589 = VERTEX_POINT ( 'NONE', #4416 ) ;
#5590 = CYLINDRICAL_SURFACE ( 'NONE', #192, 0.1224999999999995814 ) ;
#5591 = ORIENTED_EDGE ( 'NONE', *, *, #4644, .F. ) ;
#5592 = DIRECTION ( 'NONE',  ( -0.000000000000000000, -0.000000000000000000, 1.000000000000000000 ) ) ;
#5593 = CARTESIAN_POINT ( 'NONE',  ( -2.450000000000001510, 11.60000000000001918, 0.3999999999999914735 ) ) ;
#5594 = DIRECTION ( 'NONE',  ( 0.000000000000000000, 1.000000000000000000, 0.000000000000000000 ) ) ;
#5595 = CARTESIAN_POINT ( 'NONE',  ( -9.680768314573423794, 5.566929133858270262, 1.583070866141732536 ) ) ;
#5596 = EDGE_CURVE ( 'NONE', #7402, #4462, #5220, .T. ) ;
#5597 = CARTESIAN_POINT ( 'NONE',  ( -2.450000000000001066, 5.200000000000017053, 0.3000000000000000999 ) ) ;
#5598 = ORIENTED_EDGE ( 'NONE', *, *, #138, .F. ) ;
#5599 = CARTESIAN_POINT ( 'NONE',  ( -2.450000000000001066, 8.300000000000006040, 1.199999999999958211 ) ) ;
#5600 = VERTEX_POINT ( 'NONE', #4473 ) ;
#5601 = DIRECTION ( 'NONE',  ( 0.000000000000000000, 1.000000000000000000, 0.000000000000000000 ) ) ;
#5602 = VERTEX_POINT ( 'NONE', #6540 ) ;
#5603 = ORIENTED_EDGE ( 'NONE', *, *, #4875, .T. ) ;
#5604 = CARTESIAN_POINT ( 'NONE',  ( -9.680768314573423794, 5.566929133858268486, 0.7169291338582677309 ) ) ;
#5605 = LINE ( 'NONE', #7121, #6238 ) ;
#5606 = DIRECTION ( 'NONE',  ( 0.000000000000000000, 1.000000000000000000, 0.000000000000000000 ) ) ;
#5607 = VERTEX_POINT ( 'NONE', #954 ) ;
#5608 = ADVANCED_FACE ( 'NONE', ( #4522 ), #4562, .F. ) ;
#5609 = ORIENTED_EDGE ( 'NONE', *, *, #8226, .F. ) ;
#5610 = CARTESIAN_POINT ( 'NONE',  ( -2.450000000000001066, 10.40000000000000036, 1.599999999999979217 ) ) ;
#5611 = EDGE_LOOP ( 'NONE', ( #7545, #7781 ) ) ;
#5612 = DIRECTION ( 'NONE',  ( 0.000000000000000000, 1.000000000000000000, 0.000000000000000000 ) ) ;
#5613 = CARTESIAN_POINT ( 'NONE',  ( -2.150000000000001243, 8.000000000000007105, 1.199999999999953992 ) ) ;
#5614 = DIRECTION ( 'NONE',  ( 1.000000000000000000, 6.070773319253919496E-17, 0.000000000000000000 ) ) ;
#5615 = AXIS2_PLACEMENT_3D ( 'NONE', #7248, #2132, #5020 ) ;
#5616 = CARTESIAN_POINT ( 'NONE',  ( -2.387500000000000622, 12.65000000000000213, 2.000000000000000000 ) ) ;
#5617 = EDGE_LOOP ( 'NONE', ( #6119, #7757 ) ) ;
#5618 = DIRECTION ( 'NONE',  ( 0.000000000000000000, -1.000000000000000000, 0.000000000000000000 ) ) ;
#5619 = EDGE_LOOP ( 'NONE', ( #480, #8134, #6218, #2273 ) ) ;
#5620 = ADVANCED_FACE ( 'NONE', ( #3764 ), #152, .F. ) ;
#5621 = DIRECTION ( 'NONE',  ( 0.000000000000000000, 1.000000000000000000, 0.000000000000000000 ) ) ;
#5622 = FACE_OUTER_BOUND ( 'NONE', #3786, .T. ) ;
#5623 = VERTEX_POINT ( 'NONE', #7254 ) ;
#5624 = DIRECTION ( 'NONE',  ( 0.000000000000000000, 1.000000000000000000, 0.000000000000000000 ) ) ;
#5625 = DIRECTION ( 'NONE',  ( 1.000000000000000000, 6.070773319253919496E-17, 0.000000000000000000 ) ) ;
#5626 = AXIS2_PLACEMENT_3D ( 'NONE', #5705, #8592, #6221 ) ;
#5627 = CARTESIAN_POINT ( 'NONE',  ( -2.450000000000001066, 9.900000000000005684, 1.199999999999974865 ) ) ;
#5628 = EDGE_LOOP ( 'NONE', ( #7562, #7959 ) ) ;
#5629 = EDGE_CURVE ( 'NONE', #4245, #4141, #6548, .T. ) ;
#5630 = CARTESIAN_POINT ( 'NONE',  ( -2.150000000000001243, 7.100000000000016520, 0.3999999999999457323 ) ) ;
#5631 = AXIS2_PLACEMENT_3D ( 'NONE', #2813, #7779, #1293 ) ;
#5632 = ORIENTED_EDGE ( 'NONE', *, *, #8457, .T. ) ;
#5633 = CARTESIAN_POINT ( 'NONE',  ( -2.150000000000001243, 10.50000000000001954, 0.3999999999999790945 ) ) ;
#5634 = FACE_OUTER_BOUND ( 'NONE', #2166, .T. ) ;
#5635 = CIRCLE ( 'NONE', #3984, 0.1249999999999999029 ) ;
#5636 = CARTESIAN_POINT ( 'NONE',  ( -2.387500000000001066, 4.150000000000000355, 1.870000000000000107 ) ) ;
#5637 = AXIS2_PLACEMENT_3D ( 'NONE', #4123, #7721, #7009 ) ;
#5638 = DIRECTION ( 'NONE',  ( 0.000000000000000000, 1.000000000000000000, 0.000000000000000000 ) ) ;
#5639 = CIRCLE ( 'NONE', #6558, 0.1224999999999995814 ) ;
#5640 = CYLINDRICAL_SURFACE ( 'NONE', #8715, 0.1000000000000005745 ) ;
#5641 = VERTEX_POINT ( 'NONE', #7440 ) ;
#5642 = EDGE_CURVE ( 'NONE', #568, #8091, #8728, .T. ) ;
#5643 = DIRECTION ( 'NONE',  ( 1.000000000000000000, 6.070773319253919496E-17, 0.000000000000000000 ) ) ;
#5644 = ORIENTED_EDGE ( 'NONE', *, *, #6782, .F. ) ;
#5645 = DIRECTION ( 'NONE',  ( 0.000000000000000000, 1.000000000000000000, 0.000000000000000000 ) ) ;
#5646 = VERTEX_POINT ( 'NONE', #6683 ) ;
#5647 = AXIS2_PLACEMENT_3D ( 'NONE', #560, #1183, #3494 ) ;
#5648 = ORIENTED_EDGE ( 'NONE', *, *, #3523, .T. ) ;
#5649 = EDGE_CURVE ( 'NONE', #4847, #5684, #5944, .T. ) ;
#5650 = DIRECTION ( 'NONE',  ( 0.000000000000000000, 1.000000000000000000, 0.000000000000000000 ) ) ;
#5651 = DIMENSIONAL_EXPONENTS ( 1.000000000000000000, 0.000000000000000000, 0.000000000000000000, 0.000000000000000000, 0.000000000000000000, 0.000000000000000000, 0.000000000000000000 ) ;
#5652 = AXIS2_PLACEMENT_3D ( 'NONE', #2975, #8036, #5192 ) ;
#5653 = DIRECTION ( 'NONE',  ( -1.000000000000000000, -5.463695987328527423E-16, -0.000000000000000000 ) ) ;
#5654 = CIRCLE ( 'NONE', #7617, 0.1000000000000005745 ) ;
#5655 = DIRECTION ( 'NONE',  ( 1.000000000000000000, 6.070773319253920728E-17, -0.000000000000000000 ) ) ;
#5656 = EDGE_LOOP ( 'NONE', ( #8472, #3808, #2358, #121 ) ) ;
#5657 = ORIENTED_EDGE ( 'NONE', *, *, #4513, .T. ) ;
#5658 = CYLINDRICAL_SURFACE ( 'NONE', #2685, 0.06900000000000026945 ) ;
#5659 = ORIENTED_EDGE ( 'NONE', *, *, #6343, .F. ) ;
#5660 = LINE ( 'NONE', #4816, #247 ) ;
#5661 = EDGE_CURVE ( 'NONE', #5886, #3282, #6100, .T. ) ;
#5662 = DIRECTION ( 'NONE',  ( 0.000000000000000000, 1.000000000000000000, 0.000000000000000000 ) ) ;
#5663 = AXIS2_PLACEMENT_3D ( 'NONE', #1095, #4609, #2660 ) ;
#5664 = FACE_BOUND ( 'NONE', #1042, .T. ) ;
#5665 = CIRCLE ( 'NONE', #8685, 0.1000000000000016709 ) ;
#5666 = FACE_OUTER_BOUND ( 'NONE', #8658, .T. ) ;
#5667 = ORIENTED_EDGE ( 'NONE', *, *, #3228, .F. ) ;
#5668 = CARTESIAN_POINT ( 'NONE',  ( -5.150000000000000355, 12.69999999999999929, 0.5000000000000000000 ) ) ;
#5669 = AXIS2_PLACEMENT_3D ( 'NONE', #3084, #2938, #8053 ) ;
#5670 = EDGE_LOOP ( 'NONE', ( #7014, #5056, #2142, #94 ) ) ;
#5671 = DIRECTION ( 'NONE',  ( 0.000000000000000000, 0.000000000000000000, 1.000000000000000000 ) ) ;
#5672 = CIRCLE ( 'NONE', #4310, 0.06900000000000026945 ) ;
#5673 = DIRECTION ( 'NONE',  ( 1.000000000000000000, 6.070773319253919496E-17, 0.000000000000000000 ) ) ;
#5674 = ORIENTED_EDGE ( 'NONE', *, *, #3238, .F. ) ;
#5675 = CYLINDRICAL_SURFACE ( 'NONE', #3560, 0.1000000000000005745 ) ;
#5676 = DIRECTION ( 'NONE',  ( 0.000000000000000000, 1.000000000000000000, 0.000000000000000000 ) ) ;
#5677 = AXIS2_PLACEMENT_3D ( 'NONE', #6433, #7898, #2842 ) ;
#5678 = VECTOR ( 'NONE', #638, 39.37007874015748143 ) ;
#5679 = ADVANCED_FACE ( 'NONE', ( #2947 ), #5128, .F. ) ;
#5680 = CIRCLE ( 'NONE', #83, 0.1000000000000016709 ) ;
#5681 = ORIENTED_EDGE ( 'NONE', *, *, #6423, .T. ) ;
#5682 = FACE_OUTER_BOUND ( 'NONE', #3762, .T. ) ;
#5683 = CIRCLE ( 'NONE', #241, 0.1000000000000005745 ) ;
#5684 = VERTEX_POINT ( 'NONE', #8014 ) ;
#5685 = LINE ( 'NONE', #1283, #1138 ) ;
#5686 = CIRCLE ( 'NONE', #6446, 0.1224999999999995814 ) ;
#5687 = LINE ( 'NONE', #4976, #8713 ) ;
#5688 = AXIS2_PLACEMENT_3D ( 'NONE', #3533, #8458, #6422 ) ;
#5689 = DIRECTION ( 'NONE',  ( -0.000000000000000000, -0.000000000000000000, 1.000000000000000000 ) ) ;
#5690 = EDGE_CURVE ( 'NONE', #3388, #698, #4792, .T. ) ;
#5691 = CIRCLE ( 'NONE', #4936, 0.1249999999999999029 ) ;
#5692 = FACE_OUTER_BOUND ( 'NONE', #6497, .T. ) ;
#5693 = CIRCLE ( 'NONE', #8126, 0.1225000000000001227 ) ;
#5694 = CARTESIAN_POINT ( 'NONE',  ( -4.835000000000000853, 10.00000000000000000, 0.2999999999999999889 ) ) ;
#5695 = ORIENTED_EDGE ( 'NONE', *, *, #2638, .T. ) ;
#5696 = DIRECTION ( 'NONE',  ( 1.000000000000000000, -0.000000000000000000, 0.000000000000000000 ) ) ;
#5697 = ORIENTED_EDGE ( 'NONE', *, *, #5280, .F. ) ;
#5698 = CARTESIAN_POINT ( 'NONE',  ( -5.850000000000001421, 7.699999999999999289, 2.000000000000000000 ) ) ;
#5699 = ORIENTED_EDGE ( 'NONE', *, *, #5353, .T. ) ;
#5700 = EDGE_LOOP ( 'NONE', ( #5659, #8465, #4581, #8252 ) ) ;
#5701 = AXIS2_PLACEMENT_3D ( 'NONE', #1364, #8511, #2121 ) ;
#5702 = ORIENTED_EDGE ( 'NONE', *, *, #4472, .F. ) ;
#5703 = DIRECTION ( 'NONE',  ( 0.000000000000000000, 0.000000000000000000, 1.000000000000000000 ) ) ;
#5704 = ADVANCED_FACE ( 'NONE', ( #6874, #1010 ), #2471, .T. ) ;
#5705 = CARTESIAN_POINT ( 'NONE',  ( -2.450000000000001066, 6.800000000000006040, 1.199999999999941558 ) ) ;
#5706 = EDGE_CURVE ( 'NONE', #7524, #1473, #9053, .T. ) ;
#5707 = CARTESIAN_POINT ( 'NONE',  ( -2.150000000000001243, 11.20000000000001883, 0.3999999999999874212 ) ) ;
#5708 = VERTEX_POINT ( 'NONE', #2523 ) ;
#5709 = ORIENTED_EDGE ( 'NONE', *, *, #1932, .F. ) ;
#5710 = FACE_OUTER_BOUND ( 'NONE', #4365, .T. ) ;
#5711 = ORIENTED_EDGE ( 'NONE', *, *, #3341, .T. ) ;
#5712 = LINE ( 'NONE', #4154, #6443 ) ;
#5713 = CARTESIAN_POINT ( 'NONE',  ( -2.150000000000001243, 12.40000000000000036, 1.599999999999999867 ) ) ;
#5714 = CARTESIAN_POINT ( 'NONE',  ( -2.450000000000001066, 5.700000000000017053, 0.3999999999999290790 ) ) ;
#5715 = DIRECTION ( 'NONE',  ( 1.000000000000000000, 0.000000000000000000, 0.000000000000000000 ) ) ;
#5716 = EDGE_CURVE ( 'NONE', #3360, #4826, #1092, .T. ) ;
#5717 = ADVANCED_FACE ( 'NONE', ( #8247 ), #1769, .F. ) ;
#5718 = ORIENTED_EDGE ( 'NONE', *, *, #3269, .T. ) ;
#5719 = DIRECTION ( 'NONE',  ( 0.000000000000000000, 0.000000000000000000, -1.000000000000000000 ) ) ;
#5720 = ORIENTED_EDGE ( 'NONE', *, *, #8047, .T. ) ;
#5721 = DIRECTION ( 'NONE',  ( 0.000000000000000000, 0.000000000000000000, 1.000000000000000000 ) ) ;
#5722 = ORIENTED_EDGE ( 'NONE', *, *, #4337, .F. ) ;
#5723 = CARTESIAN_POINT ( 'NONE',  ( -2.450000000000001066, 6.400000000000005684, 1.199999999999937339 ) ) ;
#5724 = DIRECTION ( 'NONE',  ( 1.000000000000000000, 6.070773319253920728E-17, -0.000000000000000000 ) ) ;
#5725 = EDGE_CURVE ( 'NONE', #4964, #6956, #5448, .T. ) ;
#5726 = FACE_BOUND ( 'NONE', #3482, .T. ) ;
#5727 = EDGE_CURVE ( 'NONE', #1473, #2727, #335, .T. ) ;
#5728 = ORIENTED_EDGE ( 'NONE', *, *, #5549, .T. ) ;
#5729 = CARTESIAN_POINT ( 'NONE',  ( -2.450000000000001510, 11.70000000000000995, 1.199999999999991518 ) ) ;
#5730 = ORIENTED_EDGE ( 'NONE', *, *, #4457, .F. ) ;
#5731 = CARTESIAN_POINT ( 'NONE',  ( -5.477500000000001812, 12.44999999999999929, 0.000000000000000000 ) ) ;
#5732 = EDGE_CURVE ( 'NONE', #5416, #6977, #5034, .T. ) ;
#5733 = CARTESIAN_POINT ( 'NONE',  ( -2.450000000000001066, 11.30000000000002025, 0.3999999999999874212 ) ) ;
#5734 = DIRECTION ( 'NONE',  ( -0.000000000000000000, -0.000000000000000000, -1.000000000000000000 ) ) ;
#5735 = DIRECTION ( 'NONE',  ( 0.000000000000000000, 1.000000000000000000, 0.000000000000000000 ) ) ;
#5736 = PLANE ( 'NONE',  #98 ) ;
#5737 = VERTEX_POINT ( 'NONE', #3229 ) ;
#5738 = CARTESIAN_POINT ( 'NONE',  ( -5.850000000000001421, 10.80000000000000249, 1.469999999999999973 ) ) ;
#5739 = ORIENTED_EDGE ( 'NONE', *, *, #5939, .F. ) ;
#5740 = CARTESIAN_POINT ( 'NONE',  ( -2.925000000000001155, 7.730000000000000426, 0.5000000000000000000 ) ) ;
#5741 = EDGE_LOOP ( 'NONE', ( #4740, #8261, #890, #9105 ) ) ;
#5742 = ADVANCED_FACE ( 'NONE', ( #1143 ), #7490, .F. ) ;
#5743 = VERTEX_POINT ( 'NONE', #8201 ) ;
#5744 = EDGE_LOOP ( 'NONE', ( #3668, #662, #2598, #2845 ) ) ;
#5745 = DIRECTION ( 'NONE',  ( 1.000000000000000000, 6.070773319253920728E-17, -0.000000000000000000 ) ) ;
#5746 = DIRECTION ( 'NONE',  ( 0.000000000000000000, 1.000000000000000000, 0.000000000000000000 ) ) ;
#5747 = LINE ( 'NONE', #8636, #1768 ) ;
#5748 = ORIENTED_EDGE ( 'NONE', *, *, #7467, .F. ) ;
#5749 = EDGE_CURVE ( 'NONE', #826, #4075, #8660, .T. ) ;
#5750 = ORIENTED_EDGE ( 'NONE', *, *, #4837, .T. ) ;
#5751 = DIRECTION ( 'NONE',  ( 0.000000000000000000, 1.000000000000000000, 0.000000000000000000 ) ) ;
#5752 = ORIENTED_EDGE ( 'NONE', *, *, #224, .F. ) ;
#5753 = DIRECTION ( 'NONE',  ( 1.000000000000000000, 6.070773319253919496E-17, 0.000000000000000000 ) ) ;
#5754 = FACE_OUTER_BOUND ( 'NONE', #5952, .T. ) ;
#5755 = DIRECTION ( 'NONE',  ( 1.000000000000000000, 6.070773319253920728E-17, -0.000000000000000000 ) ) ;
#5756 = DIRECTION ( 'NONE',  ( 0.000000000000000000, 1.000000000000000000, 0.000000000000000000 ) ) ;
#5757 = ORIENTED_EDGE ( 'NONE', *, *, #7082, .T. ) ;
#5758 = DIRECTION ( 'NONE',  ( -6.543348487818592711E-16, 1.000000000000000000, -0.000000000000000000 ) ) ;
#5759 = VERTEX_POINT ( 'NONE', #3144 ) ;
#5760 = CARTESIAN_POINT ( 'NONE',  ( -10.84999999999999964, 8.000000000000000000, 2.000000000000000000 ) ) ;
#5761 = VERTEX_POINT ( 'NONE', #3988 ) ;
#5762 = CYLINDRICAL_SURFACE ( 'NONE', #8556, 0.1225000000000017603 ) ;
#5763 = DIRECTION ( 'NONE',  ( 0.000000000000000000, 0.000000000000000000, 1.000000000000000000 ) ) ;
#5764 = VECTOR ( 'NONE', #3606, 39.37007874015748143 ) ;
#5765 = FACE_BOUND ( 'NONE', #5126, .T. ) ;
#5766 = EDGE_CURVE ( 'NONE', #1736, #317, #2012, .T. ) ;
#5767 = ORIENTED_EDGE ( 'NONE', *, *, #5776, .T. ) ;
#5768 = FACE_OUTER_BOUND ( 'NONE', #3752, .T. ) ;
#5769 = ORIENTED_EDGE ( 'NONE', *, *, #1645, .F. ) ;
#5770 = CARTESIAN_POINT ( 'NONE',  ( -5.700000000000001066, 10.80000000000000071, 0.4049999999999996381 ) ) ;
#5771 = CARTESIAN_POINT ( 'NONE',  ( -2.150000000000000799, 4.400000000000016342, 0.3999999999999165334 ) ) ;
#5772 = CARTESIAN_POINT ( 'NONE',  ( -8.299999999999998934, 4.300000000000000711, 1.000000000000000222 ) ) ;
#5773 = ADVANCED_FACE ( 'NONE', ( #297 ), #1897, .F. ) ;
#5774 = CIRCLE ( 'NONE', #5930, 0.1000000000000016709 ) ;
#5775 = DIRECTION ( 'NONE',  ( 1.000000000000000000, 5.463695987328527423E-16, -0.000000000000000000 ) ) ;
#5776 = EDGE_CURVE ( 'NONE', #7433, #7288, #7003, .T. ) ;
#5778 = CARTESIAN_POINT ( 'NONE',  ( -2.450000000000001510, 12.10000000000000853, 1.199999999999995737 ) ) ;
#5777 = CIRCLE ( 'NONE', #2605, 0.1000000000000005745 ) ;
#5779 = EDGE_LOOP ( 'NONE', ( #404, #2017, #8183, #5092, #2878, #1182, #4634, #7722, #26, #5162, #8018, #5489, #1172, #9310, #8740, #7996, #7215, #4611, #444, #9299 ) ) ;
#5780 = CARTESIAN_POINT ( 'NONE',  ( -11.00000000000000178, 7.849999999999998757, 1.870000000000000107 ) ) ;
#5781 = VECTOR ( 'NONE', #3115, 39.37007874015748143 ) ;
#5782 = VERTEX_POINT ( 'NONE', #3906 ) ;
#5783 = CARTESIAN_POINT ( 'NONE',  ( -2.450000000000001066, 4.900000000000006573, 1.199999999999920686 ) ) ;
#5784 = ORIENTED_EDGE ( 'NONE', *, *, #1676, .T. ) ;
#5785 = ORIENTED_EDGE ( 'NONE', *, *, #4875, .F. ) ;
#5786 = ORIENTED_EDGE ( 'NONE', *, *, #7390, .F. ) ;
#5787 = CYLINDRICAL_SURFACE ( 'NONE', #9014, 0.1000000000000016709 ) ;
#5788 = VECTOR ( 'NONE', #6348, 39.37007874015748143 ) ;
#5789 = AXIS2_PLACEMENT_3D ( 'NONE', #1686, #6692, #6176 ) ;
#5790 = FACE_OUTER_BOUND ( 'NONE', #8544, .T. ) ;
#5791 = EDGE_CURVE ( 'NONE', #3948, #1272, #2774, .T. ) ;
#5792 = DIRECTION ( 'NONE',  ( 0.000000000000000000, 1.000000000000000000, 0.000000000000000000 ) ) ;
#5793 = AXIS2_PLACEMENT_3D ( 'NONE', #4364, #7244, #8714 ) ;
#5794 = ORIENTED_EDGE ( 'NONE', *, *, #8047, .F. ) ;
#5795 = ORIENTED_EDGE ( 'NONE', *, *, #7916, .F. ) ;
#5796 = CIRCLE ( 'NONE', #5042, 0.1000000000000005745 ) ;
#5797 = CARTESIAN_POINT ( 'NONE',  ( -2.150000000000001243, 12.50000000000000888, 1.199999999999999734 ) ) ;
#5798 = ORIENTED_EDGE ( 'NONE', *, *, #5596, .T. ) ;
#5799 = DIRECTION ( 'NONE',  ( 1.000000000000000000, 6.070773319253919496E-17, 0.000000000000000000 ) ) ;
#5800 = CARTESIAN_POINT ( 'NONE',  ( -4.900000000000000355, 4.500000000000000888, 0.4499999999999999556 ) ) ;
#5801 = CARTESIAN_POINT ( 'NONE',  ( -11.15000000000000036, 6.501968503937009203, 0.7169291338582677309 ) ) ;
#5802 = CARTESIAN_POINT ( 'NONE',  ( -2.150000000000001243, 8.699999999999999289, 1.599999999999962341 ) ) ;
#5803 = ADVANCED_FACE ( 'NONE', ( #9006 ), #2604, .F. ) ;
#5804 = CIRCLE ( 'NONE', #8079, 0.1000000000000016709 ) ;
#5805 = CARTESIAN_POINT ( 'NONE',  ( -2.300000000000000711, 4.150000000000000355, 2.000000000000000000 ) ) ;
#5806 = ORIENTED_EDGE ( 'NONE', *, *, #2583, .F. ) ;
#5807 = CYLINDRICAL_SURFACE ( 'NONE', #6286, 0.1000000000000016709 ) ;
#5808 = EDGE_CURVE ( 'NONE', #1385, #670, #7146, .T. ) ;
#5809 = ORIENTED_EDGE ( 'NONE', *, *, #5706, .T. ) ;
#5810 = DIRECTION ( 'NONE',  ( -0.000000000000000000, -0.000000000000000000, 1.000000000000000000 ) ) ;
#5811 = AXIS2_PLACEMENT_3D ( 'NONE', #533, #719, #3613 ) ;
#5812 = ORIENTED_EDGE ( 'NONE', *, *, #4176, .T. ) ;
#5813 = CARTESIAN_POINT ( 'NONE',  ( -2.150000000000001243, 12.10000000000002096, 0.3999999999999957478 ) ) ;
#5814 = CARTESIAN_POINT ( 'NONE',  ( -2.450000000000001066, 7.200000000000001066, 1.599999999999945688 ) ) ;
#5815 = CARTESIAN_POINT ( 'NONE',  ( -5.722500000000001030, 12.44999999999999929, 0.2999999999999999889 ) ) ;
#5816 = CARTESIAN_POINT ( 'NONE',  ( -4.800000000000001599, 6.950000000000001954, 0.4499999999999999556 ) ) ;
#5817 = EDGE_CURVE ( 'NONE', #6355, #5416, #3361, .T. ) ;
#5818 = AXIS2_PLACEMENT_3D ( 'NONE', #3869, #311, #3202 ) ;
#5819 = EDGE_LOOP ( 'NONE', ( #8908, #9052 ) ) ;
#5820 = EDGE_CURVE ( 'NONE', #815, #8604, #3982, .T. ) ;
#5821 = CARTESIAN_POINT ( 'NONE',  ( -4.800000000000001599, 6.950000000000001954, 0.4499999999999999556 ) ) ;
#5822 = ORIENTED_EDGE ( 'NONE', *, *, #7366, .F. ) ;
#5823 = LINE ( 'NONE', #8154, #4759 ) ;
#5824 = CARTESIAN_POINT ( 'NONE',  ( -2.450000000000001066, 9.599999999999999645, 1.599999999999970557 ) ) ;
#5825 = VECTOR ( 'NONE', #3314, 39.37007874015748143 ) ;
#5826 = FACE_OUTER_BOUND ( 'NONE', #5741, .T. ) ;
#5827 = AXIS2_PLACEMENT_3D ( 'NONE', #7353, #909, #1528 ) ;
#5828 = CIRCLE ( 'NONE', #1755, 0.08750000000000063283 ) ;
#5829 = CARTESIAN_POINT ( 'NONE',  ( -2.150000000000001243, 10.40000000000000036, 1.599999999999979217 ) ) ;
#5830 = EDGE_CURVE ( 'NONE', #6875, #4014, #9334, .T. ) ;
#5831 = CARTESIAN_POINT ( 'NONE',  ( -6.500000000000000000, 5.764999999999997904, 0.4499999999999999556 ) ) ;
#5832 = ORIENTED_EDGE ( 'NONE', *, *, #9340, .F. ) ;
#5833 = ADVANCED_FACE ( 'NONE', ( #4178 ), #7102, .F. ) ;
#5834 = CIRCLE ( 'NONE', #3420, 0.1000000000000005745 ) ;
#5835 = DIRECTION ( 'NONE',  ( 1.000000000000000000, 6.070773319253919496E-17, 0.000000000000000000 ) ) ;
#5836 = AXIS2_PLACEMENT_3D ( 'NONE', #2314, #3748, #1618 ) ;
#5837 = ORIENTED_EDGE ( 'NONE', *, *, #5127, .T. ) ;
#5838 = DIRECTION ( 'NONE',  ( 1.000000000000000000, 6.070773319253919496E-17, 0.000000000000000000 ) ) ;
#5839 = VERTEX_POINT ( 'NONE', #1371 ) ;
#5840 = ORIENTED_EDGE ( 'NONE', *, *, #3369, .F. ) ;
#5841 = ORIENTED_EDGE ( 'NONE', *, *, #7843, .T. ) ;
#5842 = DIRECTION ( 'NONE',  ( 0.000000000000000000, -1.000000000000000000, -1.187759997245331834E-16 ) ) ;
#5843 = VECTOR ( 'NONE', #6309, 39.37007874015748143 ) ;
#5844 = AXIS2_PLACEMENT_3D ( 'NONE', #6260, #1290, #7830 ) ;
#5845 = AXIS2_PLACEMENT_3D ( 'NONE', #2107, #4992, #5606 ) ;
#5846 = DIRECTION ( 'NONE',  ( 0.000000000000000000, 0.000000000000000000, -1.000000000000000000 ) ) ;
#5847 = EDGE_CURVE ( 'NONE', #8496, #8078, #39, .T. ) ;
#5848 = CARTESIAN_POINT ( 'NONE',  ( -2.450000000000001510, 12.40000000000001279, 0.7999999999999998224 ) ) ;
#5849 = VECTOR ( 'NONE', #8358, 39.37007874015748143 ) ;
#5850 = EDGE_LOOP ( 'NONE', ( #4198, #839 ) ) ;
#5851 = ORIENTED_EDGE ( 'NONE', *, *, #933, .T. ) ;
#5852 = DIRECTION ( 'NONE',  ( 0.000000000000000000, 1.000000000000000000, 0.000000000000000000 ) ) ;
#5853 = ORIENTED_EDGE ( 'NONE', *, *, #1087, .F. ) ;
#5854 = DIRECTION ( 'NONE',  ( 1.000000000000000000, 6.070773319253920728E-17, -0.000000000000000000 ) ) ;
#5855 = ORIENTED_EDGE ( 'NONE', *, *, #6721, .F. ) ;
#5856 = DIRECTION ( 'NONE',  ( 1.000000000000000000, 6.070773319253920728E-17, -0.000000000000000000 ) ) ;
#5857 = CARTESIAN_POINT ( 'NONE',  ( -2.450000000000001066, 6.900000000000011902, 0.7999999999999414246 ) ) ;
#5858 = EDGE_CURVE ( 'NONE', #2365, #7994, #6249, .T. ) ;
#5859 = DIRECTION ( 'NONE',  ( 0.000000000000000000, 1.000000000000000000, 0.000000000000000000 ) ) ;
#5860 = CIRCLE ( 'NONE', #5102, 0.1000000000000016709 ) ;
#5861 = DIRECTION ( 'NONE',  ( 0.000000000000000000, 1.000000000000000000, 0.000000000000000000 ) ) ;
#5862 = CARTESIAN_POINT ( 'NONE',  ( -9.999999999999998224, 4.300000000000000711, 0.5000000000000003331 ) ) ;
#5863 = ORIENTED_EDGE ( 'NONE', *, *, #2548, .T. ) ;
#5864 = FACE_BOUND ( 'NONE', #1991, .T. ) ;
#5865 = VERTEX_POINT ( 'NONE', #519 ) ;
#5866 = DIRECTION ( 'NONE',  ( 1.000000000000000000, 6.070773319253920728E-17, -0.000000000000000000 ) ) ;
#5867 = EDGE_LOOP ( 'NONE', ( #9087, #5175, #310, #803 ) ) ;
#5868 = FACE_OUTER_BOUND ( 'NONE', #8065, .T. ) ;
#5869 = CARTESIAN_POINT ( 'NONE',  ( -2.450000000000001066, 4.800000000000011369, 0.7999999999999206635 ) ) ;
#5870 = EDGE_CURVE ( 'NONE', #1060, #6504, #4131, .T. ) ;
#5871 = CARTESIAN_POINT ( 'NONE',  ( -2.450000000000001066, 6.700000000000005507, 1.199999999999941558 ) ) ;
#5872 = CARTESIAN_POINT ( 'NONE',  ( -2.150000000000000799, 6.000000000000006217, 1.199999999999933120 ) ) ;
#5873 = ORIENTED_EDGE ( 'NONE', *, *, #585, .F. ) ;
#5874 = PLANE ( 'NONE',  #2320 ) ;
#5875 = ORIENTED_EDGE ( 'NONE', *, *, #6191, .T. ) ;
#5876 = CARTESIAN_POINT ( 'NONE',  ( -4.710000000000000853, 10.00000000000000000, 0.5000000000000000000 ) ) ;
#5877 = CARTESIAN_POINT ( 'NONE',  ( -2.800000000000000711, 10.00000000000000000, 0.2999999999999999889 ) ) ;
#5878 = ADVANCED_FACE ( 'NONE', ( #5682 ), #5590, .F. ) ;
#5879 = FACE_OUTER_BOUND ( 'NONE', #6021, .T. ) ;
#5880 = CYLINDRICAL_SURFACE ( 'NONE', #1576, 0.1000000000000005745 ) ;
#5881 = CARTESIAN_POINT ( 'NONE',  ( -9.680768314573423794, 5.566929133858270262, 1.583070866141732536 ) ) ;
#5882 = ORIENTED_EDGE ( 'NONE', *, *, #2630, .T. ) ;
#5883 = DIRECTION ( 'NONE',  ( -0.000000000000000000, 0.000000000000000000, 1.000000000000000000 ) ) ;
#5884 = ORIENTED_EDGE ( 'NONE', *, *, #8681, .F. ) ;
#5885 = DIRECTION ( 'NONE',  ( 1.000000000000000000, 6.070773319253919496E-17, 0.000000000000000000 ) ) ;
#5886 = VERTEX_POINT ( 'NONE', #7766 ) ;
#5887 = VERTEX_POINT ( 'NONE', #606 ) ;
#5888 = DIRECTION ( 'NONE',  ( 1.000000000000000000, 6.070773319253920728E-17, -0.000000000000000000 ) ) ;
#5889 = ADVANCED_FACE ( 'NONE', ( #1281 ), #2846, .F. ) ;
#5890 = DIRECTION ( 'NONE',  ( 1.000000000000000000, 0.000000000000000000, -0.000000000000000000 ) ) ;
#5891 = CARTESIAN_POINT ( 'NONE',  ( -2.450000000000001066, 10.00000000000000000, 0.5000000000000000000 ) ) ;
#5892 = ORIENTED_EDGE ( 'NONE', *, *, #5421, .T. ) ;
#5893 = ORIENTED_EDGE ( 'NONE', *, *, #1612, .F. ) ;
#5894 = CARTESIAN_POINT ( 'NONE',  ( -2.450000000000001066, 6.400000000000000355, 1.599999999999937250 ) ) ;
#5895 = ORIENTED_EDGE ( 'NONE', *, *, #7417, .F. ) ;
#5896 = ORIENTED_EDGE ( 'NONE', *, *, #7677, .T. ) ;
#5897 = CYLINDRICAL_SURFACE ( 'NONE', #3274, 0.1249999999999999029 ) ;
#5898 = CARTESIAN_POINT ( 'NONE',  ( -2.150000000000000799, 6.300000000000011369, 0.7999999999999374278 ) ) ;
#5899 = DIRECTION ( 'NONE',  ( 1.000000000000000000, 6.070773319253920728E-17, -0.000000000000000000 ) ) ;
#5900 = EDGE_CURVE ( 'NONE', #7482, #8315, #5544, .T. ) ;
#5901 = DIRECTION ( 'NONE',  ( -1.000000000000000000, -5.463695987328527423E-16, 0.000000000000000000 ) ) ;
#5902 = CYLINDRICAL_SURFACE ( 'NONE', #1419, 0.1000000000000005745 ) ;
#5903 = ORIENTED_EDGE ( 'NONE', *, *, #575, .T. ) ;
#5904 = CARTESIAN_POINT ( 'NONE',  ( -10.84999999999999964, 8.000000000000000000, 2.000000000000000000 ) ) ;
#5905 = ORIENTED_EDGE ( 'NONE', *, *, #2295, .T. ) ;
#5906 = CARTESIAN_POINT ( 'NONE',  ( -2.450000000000001510, 12.40000000000001812, 0.3000000000000000999 ) ) ;
#5907 = EDGE_LOOP ( 'NONE', ( #4911, #5234, #2164, #7792 ) ) ;
#5908 = CARTESIAN_POINT ( 'NONE',  ( -2.700000000000000622, 12.44999999999999929, 0.000000000000000000 ) ) ;
#5909 = LINE ( 'NONE', #4506, #7932 ) ;
#5910 = DIRECTION ( 'NONE',  ( 0.000000000000000000, 0.000000000000000000, 1.000000000000000000 ) ) ;
#5911 = FACE_BOUND ( 'NONE', #1247, .T. ) ;
#5912 = EDGE_CURVE ( 'NONE', #9036, #1121, #802, .T. ) ;
#5913 = VERTEX_POINT ( 'NONE', #5630 ) ;
#5914 = DIRECTION ( 'NONE',  ( 1.000000000000000000, 6.070773319253920728E-17, -0.000000000000000000 ) ) ;
#5915 = VERTEX_POINT ( 'NONE', #8520 ) ;
#5916 = LINE ( 'NONE', #1628, #5974 ) ;
#5917 = DIRECTION ( 'NONE',  ( 0.000000000000000000, 1.000000000000000000, 0.000000000000000000 ) ) ;
#5918 = DIRECTION ( 'NONE',  ( 0.000000000000000000, -1.000000000000000000, 0.000000000000000000 ) ) ;
#5919 = CARTESIAN_POINT ( 'NONE',  ( -2.450000000000001066, 5.099999999999999645, 1.599999999999925038 ) ) ;
#5920 = ADVANCED_FACE ( 'NONE', ( #468, #2041 ), #8573, .F. ) ;
#5921 = EDGE_CURVE ( 'NONE', #2763, #6544, #4445, .T. ) ;
#5922 = DIRECTION ( 'NONE',  ( 1.000000000000000000, 6.070773319253920728E-17, -0.000000000000000000 ) ) ;
#5923 = VERTEX_POINT ( 'NONE', #8432 ) ;
#5924 = CARTESIAN_POINT ( 'NONE',  ( -2.150000000000001243, 11.20000000000001172, 0.7999999999999873879 ) ) ;
#5925 = EDGE_CURVE ( 'NONE', #1109, #3910, #3678, .T. ) ;
#5926 = CIRCLE ( 'NONE', #4267, 0.1249999999999999029 ) ;
#5927 = VERTEX_POINT ( 'NONE', #1946 ) ;
#5928 = DIRECTION ( 'NONE',  ( 0.000000000000000000, 1.000000000000000000, 0.000000000000000000 ) ) ;
#5929 = EDGE_LOOP ( 'NONE', ( #3784, #7313, #7258, #1499, #5966, #1545 ) ) ;
#5930 = AXIS2_PLACEMENT_3D ( 'NONE', #5103, #2974, #2158 ) ;
#5931 = ORIENTED_EDGE ( 'NONE', *, *, #7436, .T. ) ;
#5932 = DIRECTION ( 'NONE',  ( 1.000000000000000000, 6.070773319253920728E-17, -0.000000000000000000 ) ) ;
#5933 = AXIS2_PLACEMENT_3D ( 'NONE', #4802, #1201, #8532 ) ;
#5934 = CARTESIAN_POINT ( 'NONE',  ( -5.700000000000001066, 10.80000000000000071, 0.4609999999999991882 ) ) ;
#5935 = ADVANCED_FACE ( 'NONE', ( #7145 ), #650, .F. ) ;
#5936 = VECTOR ( 'NONE', #6502, 39.37007874015748143 ) ;
#5937 = DIRECTION ( 'NONE',  ( 1.000000000000000000, 6.070773319253919496E-17, 0.000000000000000000 ) ) ;
#5938 = VERTEX_POINT ( 'NONE', #3754 ) ;
#5939 = EDGE_CURVE ( 'NONE', #8091, #5375, #9273, .T. ) ;
#5940 = EDGE_LOOP ( 'NONE', ( #194, #309 ) ) ;
#5941 = EDGE_CURVE ( 'NONE', #3300, #9116, #707, .T. ) ;
#5942 = DIRECTION ( 'NONE',  ( -0.000000000000000000, -0.000000000000000000, -1.000000000000000000 ) ) ;
#5943 = ORIENTED_EDGE ( 'NONE', *, *, #2683, .F. ) ;
#5944 = CIRCLE ( 'NONE', #6244, 0.08750000000000063283 ) ;
#5945 = EDGE_LOOP ( 'NONE', ( #8433, #9294, #81, #3723 ) ) ;
#5946 = DIRECTION ( 'NONE',  ( 1.000000000000000000, 6.070773319253920728E-17, -0.000000000000000000 ) ) ;
#5947 = CIRCLE ( 'NONE', #7761, 0.1000000000000005745 ) ;
#5948 = CARTESIAN_POINT ( 'NONE',  ( -2.450000000000001510, 12.30000000000000959, 0.7999999999999998224 ) ) ;
#5949 = DIRECTION ( 'NONE',  ( 0.000000000000000000, 1.000000000000000000, 0.000000000000000000 ) ) ;
#5950 = LINE ( 'NONE', #8845, #1275 ) ;
#5951 = CIRCLE ( 'NONE', #6395, 0.1000000000000016709 ) ;
#5952 = EDGE_LOOP ( 'NONE', ( #8392, #5082, #760, #1246, #7368 ) ) ;
#5953 = FACE_BOUND ( 'NONE', #4800, .T. ) ;
#5954 = AXIS2_PLACEMENT_3D ( 'NONE', #4229, #7109, #3425 ) ;
#5955 = EDGE_LOOP ( 'NONE', ( #5840, #6162, #2687, #1099 ) ) ;
#5956 = EDGE_CURVE ( 'NONE', #6325, #7389, #7463, .T. ) ;
#5957 = DIRECTION ( 'NONE',  ( 1.000000000000000000, 6.070773319253920728E-17, -0.000000000000000000 ) ) ;
#5958 = VERTEX_POINT ( 'NONE', #8051 ) ;
#5959 = CARTESIAN_POINT ( 'NONE',  ( -11.15000000000000036, 8.000000000000000000, 2.000000000000000000 ) ) ;
#5960 = LINE ( 'NONE', #2269, #2797 ) ;
#5961 = CIRCLE ( 'NONE', #2627, 0.1000000000000016709 ) ;
#5962 = DIRECTION ( 'NONE',  ( 0.000000000000000000, 0.000000000000000000, -1.000000000000000000 ) ) ;
#5963 = CIRCLE ( 'NONE', #9132, 0.1000000000000016709 ) ;
#5964 = DIRECTION ( 'NONE',  ( 0.000000000000000000, 1.000000000000000000, 0.000000000000000000 ) ) ;
#5965 = AXIS2_PLACEMENT_3D ( 'NONE', #199, #3047, #761 ) ;
#5966 = ORIENTED_EDGE ( 'NONE', *, *, #5706, .F. ) ;
#5967 = DIRECTION ( 'NONE',  ( 1.000000000000000000, 0.000000000000000000, 0.000000000000000000 ) ) ;
#5968 = CIRCLE ( 'NONE', #9287, 0.1000000000000016709 ) ;
#5969 = VERTEX_POINT ( 'NONE', #2991 ) ;
#5970 = DIRECTION ( 'NONE',  ( 0.000000000000000000, 0.000000000000000000, 1.000000000000000000 ) ) ;
#5971 = DIRECTION ( 'NONE',  ( 0.000000000000000000, 1.000000000000000000, 0.000000000000000000 ) ) ;
#5972 = FACE_OUTER_BOUND ( 'NONE', #5064, .T. ) ;
#5973 = EDGE_CURVE ( 'NONE', #4566, #6008, #4894, .T. ) ;
#5974 = VECTOR ( 'NONE', #4409, 39.37007874015748143 ) ;
#5975 = CIRCLE ( 'NONE', #526, 0.1000000000000016709 ) ;
#5976 = DIRECTION ( 'NONE',  ( 0.000000000000000000, 0.000000000000000000, -1.000000000000000000 ) ) ;
#5977 = DIRECTION ( 'NONE',  ( 1.000000000000000000, 6.070773319253919496E-17, 0.000000000000000000 ) ) ;
#5978 = ORIENTED_EDGE ( 'NONE', *, *, #2061, .F. ) ;
#5979 = CARTESIAN_POINT ( 'NONE',  ( 0.000000000000000000, 0.000000000000000000, 0.2999999999999999889 ) ) ;
#5980 = CIRCLE ( 'NONE', #5378, 0.1000000000000005745 ) ;
#5981 = ORIENTED_EDGE ( 'NONE', *, *, #1824, .F. ) ;
#5982 = DIRECTION ( 'NONE',  ( 1.000000000000000000, 6.070773319253920728E-17, -0.000000000000000000 ) ) ;
#5983 = AXIS2_PLACEMENT_3D ( 'NONE', #150, #811, #3706 ) ;
#5984 = EDGE_LOOP ( 'NONE', ( #6197, #922 ) ) ;
#5985 = AXIS2_PLACEMENT_3D ( 'NONE', #8020, #5932, #4423 ) ;
#5986 = ORIENTED_EDGE ( 'NONE', *, *, #9285, .T. ) ;
#5987 = CARTESIAN_POINT ( 'NONE',  ( -2.150000000000001243, 6.900000000000011902, 0.7999999999999414246 ) ) ;
#5988 = EDGE_CURVE ( 'NONE', #8067, #6470, #4407, .T. ) ;
#5989 = VECTOR ( 'NONE', #175, 39.37007874015748143 ) ;
#5990 = LINE ( 'NONE', #8881, #1721 ) ;
#5991 = CIRCLE ( 'NONE', #8710, 0.1000000000000016709 ) ;
#5992 = CIRCLE ( 'NONE', #7505, 0.1224999999999995814 ) ;
#5993 = CARTESIAN_POINT ( 'NONE',  ( -2.450000000000001510, 13.00000000000000000, 0.3000000000000000999 ) ) ;
#5994 = VERTEX_POINT ( 'NONE', #2231 ) ;
#5995 = DIRECTION ( 'NONE',  ( 0.000000000000000000, 0.000000000000000000, 1.000000000000000000 ) ) ;
#5996 = EDGE_LOOP ( 'NONE', ( #4918, #3477, #6571, #924 ) ) ;
#5997 = CIRCLE ( 'NONE', #3574, 0.1000000000000005745 ) ;
#5998 = CIRCLE ( 'NONE', #6591, 0.1000000000000005745 ) ;
#5999 = EDGE_LOOP ( 'NONE', ( #1484, #3143 ) ) ;
#6000 = CYLINDRICAL_SURFACE ( 'NONE', #3549, 0.1000000000000005745 ) ;
#6001 = EDGE_CURVE ( 'NONE', #3360, #1307, #4597, .T. ) ;
#6002 = CIRCLE ( 'NONE', #6757, 0.1000000000000005745 ) ;
#6003 = CARTESIAN_POINT ( 'NONE',  ( -2.450000000000001066, 5.100000000000004974, 1.199999999999924905 ) ) ;
#6004 = CARTESIAN_POINT ( 'NONE',  ( -2.150000000000001243, 8.800000000000000711, 1.599999999999962341 ) ) ;
#6005 = EDGE_CURVE ( 'NONE', #6406, #5375, #1418, .T. ) ;
#6006 = LINE ( 'NONE', #886, #7164 ) ;
#6007 = CIRCLE ( 'NONE', #2215, 0.1250000000000000278 ) ;
#6008 = VERTEX_POINT ( 'NONE', #2935 ) ;
#6010 = CIRCLE ( 'NONE', #7520, 0.08749999999999981404 ) ;
#6009 = CARTESIAN_POINT ( 'NONE',  ( -9.680768314573423794, 5.498031496062994350, 1.583070866141732536 ) ) ;
#6011 = ORIENTED_EDGE ( 'NONE', *, *, #2272, .T. ) ;
#6012 = DIRECTION ( 'NONE',  ( 1.000000000000000000, 6.070773319253919496E-17, 0.000000000000000000 ) ) ;
#6013 = VERTEX_POINT ( 'NONE', #3796 ) ;
#6014 = DIRECTION ( 'NONE',  ( 0.000000000000000000, 1.000000000000000000, 0.000000000000000000 ) ) ;
#6015 = FACE_BOUND ( 'NONE', #1016, .T. ) ;
#6016 = AXIS2_PLACEMENT_3D ( 'NONE', #509, #6339, #7756 ) ;
#6017 = DIRECTION ( 'NONE',  ( -1.000000000000000000, -5.463695987328527423E-16, -0.000000000000000000 ) ) ;
#6018 = PLANE ( 'NONE',  #5587 ) ;
#6019 = EDGE_CURVE ( 'NONE', #319, #6875, #500, .T. ) ;
#6020 = VECTOR ( 'NONE', #3583, 39.37007874015748143 ) ;
#6021 = EDGE_LOOP ( 'NONE', ( #1744, #9077, #930, #8760 ) ) ;
#6022 = DIRECTION ( 'NONE',  ( 0.000000000000000000, 1.000000000000000000, 0.000000000000000000 ) ) ;
#6023 = ORIENTED_EDGE ( 'NONE', *, *, #7629, .T. ) ;
#6024 = CARTESIAN_POINT ( 'NONE',  ( -6.000000000000001776, 12.65000000000000213, 1.870000000000000107 ) ) ;
#6025 = CARTESIAN_POINT ( 'NONE',  ( -2.800000000000001155, 7.730000000000000426, 0.5000000000000000000 ) ) ;
#6026 = ADVANCED_FACE ( 'NONE', ( #6633 ), #6674, .F. ) ;
#6027 = DIRECTION ( 'NONE',  ( 0.000000000000000000, 1.000000000000000000, 0.000000000000000000 ) ) ;
#6028 = ORIENTED_EDGE ( 'NONE', *, *, #465, .T. ) ;
#6029 = ADVANCED_FACE ( 'NONE', ( #3036 ), #5209, .F. ) ;
#6030 = CARTESIAN_POINT ( 'NONE',  ( -2.450000000000001066, 4.400000000000000355, 1.599999999999916600 ) ) ;
#6031 = ORIENTED_EDGE ( 'NONE', *, *, #2339, .F. ) ;
#6032 = CARTESIAN_POINT ( 'NONE',  ( -2.150000000000001243, 8.500000000000007105, 1.199999999999958211 ) ) ;
#6033 = CARTESIAN_POINT ( 'NONE',  ( -5.700000000000001066, 8.010000000000003340, 1.470000000000001084 ) ) ;
#6034 = EDGE_LOOP ( 'NONE', ( #5535, #8050, #3250, #9233, #6148, #5051, #7216, #5905 ) ) ;
#6035 = ORIENTED_EDGE ( 'NONE', *, *, #605, .T. ) ;
#6036 = DIRECTION ( 'NONE',  ( 0.000000000000000000, 1.000000000000000000, 0.000000000000000000 ) ) ;
#6037 = DIRECTION ( 'NONE',  ( -6.070773319253919496E-17, 1.000000000000000000, -0.000000000000000000 ) ) ;
#6038 = ADVANCED_FACE ( 'NONE', ( #8659 ), #97, .F. ) ;
#6039 = CYLINDRICAL_SURFACE ( 'NONE', #3426, 0.1249999999999999029 ) ;
#6040 = ORIENTED_EDGE ( 'NONE', *, *, #4735, .F. ) ;
#6041 = DIRECTION ( 'NONE',  ( 1.000000000000000000, 6.070773319253920728E-17, -0.000000000000000000 ) ) ;
#6042 = ORIENTED_EDGE ( 'NONE', *, *, #1062, .F. ) ;
#6043 = ORIENTED_EDGE ( 'NONE', *, *, #5642, .F. ) ;
#6044 = CARTESIAN_POINT ( 'NONE',  ( -2.150000000000001243, 12.50000000000001954, 0.3999999999999998557 ) ) ;
#6045 = DIRECTION ( 'NONE',  ( -6.070773319253919496E-17, 1.000000000000000000, -0.000000000000000000 ) ) ;
#6046 = VECTOR ( 'NONE', #8709, 39.37007874015748143 ) ;
#6047 = AXIS2_PLACEMENT_3D ( 'NONE', #3933, #6858, #5526 ) ;
#6048 = DIRECTION ( 'NONE',  ( 0.000000000000000000, 1.000000000000000000, 0.000000000000000000 ) ) ;
#6049 = DIRECTION ( 'NONE',  ( -0.000000000000000000, -0.000000000000000000, 1.000000000000000000 ) ) ;
#6051 = EDGE_LOOP ( 'NONE', ( #3095, #9226, #2153, #2542 ) ) ;
#6050 = ADVANCED_FACE ( 'NONE', ( #5768 ), #5874, .T. ) ;
#6052 = DIRECTION ( 'NONE',  ( 1.000000000000000000, 6.070773319253920728E-17, -0.000000000000000000 ) ) ;
#6053 = VERTEX_POINT ( 'NONE', #7391 ) ;
#6054 = EDGE_LOOP ( 'NONE', ( #277, #958, #7200, #4905 ) ) ;
#6055 = LINE ( 'NONE', #6712, #5849 ) ;
#6056 = VERTEX_POINT ( 'NONE', #6529 ) ;
#6057 = CARTESIAN_POINT ( 'NONE',  ( -2.450000000000001066, 4.500000000000000888, 1.599999999999916600 ) ) ;
#6058 = FACE_BOUND ( 'NONE', #7765, .T. ) ;
#6059 = DIRECTION ( 'NONE',  ( 1.000000000000000000, 6.070773319253919496E-17, 0.000000000000000000 ) ) ;
#6060 = PLANE ( 'NONE',  #3189 ) ;
#6061 = ORIENTED_EDGE ( 'NONE', *, *, #4398, .T. ) ;
#6062 = FACE_OUTER_BOUND ( 'NONE', #7218, .T. ) ;
#6063 = ORIENTED_EDGE ( 'NONE', *, *, #5596, .F. ) ;
#6064 = CARTESIAN_POINT ( 'NONE',  ( -11.15000000000000036, 8.000000000000000000, 2.000000000000000000 ) ) ;
#6065 = ADVANCED_FACE ( 'NONE', ( #38 ), #2376, .T. ) ;
#6066 = DIRECTION ( 'NONE',  ( 1.000000000000000000, 6.070773319253919496E-17, 0.000000000000000000 ) ) ;
#6067 = DIRECTION ( 'NONE',  ( 0.000000000000000000, 1.000000000000000000, 0.000000000000000000 ) ) ;
#6068 = ORIENTED_EDGE ( 'NONE', *, *, #8915, .T. ) ;
#6069 = CARTESIAN_POINT ( 'NONE',  ( -2.800000000000001155, 7.730000000000000426, 0.5000000000000000000 ) ) ;
#6070 = ORIENTED_EDGE ( 'NONE', *, *, #8578, .T. ) ;
#6071 = CARTESIAN_POINT ( 'NONE',  ( -2.150000000000000799, 4.500000000000016875, 0.3999999999999165334 ) ) ;
#6072 = ADVANCED_FACE ( 'NONE', ( #7957 ), #1475, .F. ) ;
#6073 = LINE ( 'NONE', #2429, #3903 ) ;
#6074 = ORIENTED_EDGE ( 'NONE', *, *, #4750, .F. ) ;
#6075 = EDGE_LOOP ( 'NONE', ( #8876, #2888, #590, #6652, #7399 ) ) ;
#6076 = DIRECTION ( 'NONE',  ( 1.000000000000000000, 0.000000000000000000, 0.000000000000000000 ) ) ;
#6077 = EDGE_CURVE ( 'NONE', #8115, #4397, #5117, .T. ) ;
#6078 = CARTESIAN_POINT ( 'NONE',  ( -2.450000000000001510, 11.60000000000000675, 1.199999999999991518 ) ) ;
#6079 = DIRECTION ( 'NONE',  ( -0.000000000000000000, -0.000000000000000000, 1.000000000000000000 ) ) ;
#6080 = CIRCLE ( 'NONE', #8491, 0.1000000000000005745 ) ;
#6081 = CARTESIAN_POINT ( 'NONE',  ( -11.08750000000000213, 4.150000000000000355, 1.870000000000000107 ) ) ;
#6082 = VERTEX_POINT ( 'NONE', #8325 ) ;
#6083 = ORIENTED_EDGE ( 'NONE', *, *, #398, .T. ) ;
#6084 = DIRECTION ( 'NONE',  ( 1.000000000000000000, 6.070773319253920728E-17, -0.000000000000000000 ) ) ;
#6085 = EDGE_CURVE ( 'NONE', #9221, #4243, #7611, .T. ) ;
#6086 = CIRCLE ( 'NONE', #2156, 0.1000000000000016709 ) ;
#6087 = DIRECTION ( 'NONE',  ( 1.000000000000000000, 0.000000000000000000, 0.000000000000000000 ) ) ;
#6088 = DIRECTION ( 'NONE',  ( 1.000000000000000000, 6.070773319253920728E-17, -0.000000000000000000 ) ) ;
#6089 = CARTESIAN_POINT ( 'NONE',  ( -2.150000000000001243, 10.10000000000000853, 1.199999999999974865 ) ) ;
#6090 = VECTOR ( 'NONE', #1022, 39.37007874015748143 ) ;
#6091 = ORIENTED_EDGE ( 'NONE', *, *, #3943, .T. ) ;
#6092 = EDGE_LOOP ( 'NONE', ( #482, #3603, #5440, #5211 ) ) ;
#6093 = VECTOR ( 'NONE', #4098, 39.37007874015748143 ) ;
#6094 = CARTESIAN_POINT ( 'NONE',  ( -2.450000000000001510, 11.50000000000000000, 1.599999999999991651 ) ) ;
#6095 = VERTEX_POINT ( 'NONE', #4647 ) ;
#6096 = LINE ( 'NONE', #3929, #2369 ) ;
#6097 = FACE_BOUND ( 'NONE', #7711, .T. ) ;
#6098 = CARTESIAN_POINT ( 'NONE',  ( -5.700000000000001066, 10.80000000000000249, 1.469999999999999973 ) ) ;
#6099 = EDGE_CURVE ( 'NONE', #8076, #2562, #6553, .T. ) ;
#6100 = CIRCLE ( 'NONE', #5344, 0.1000000000000005745 ) ;
#6101 = CYLINDRICAL_SURFACE ( 'NONE', #913, 0.1000000000000005745 ) ;
#6102 = CIRCLE ( 'NONE', #3372, 0.1249999999999999029 ) ;
#6103 = EDGE_CURVE ( 'NONE', #5589, #7524, #4596, .T. ) ;
#6104 = ORIENTED_EDGE ( 'NONE', *, *, #7577, .F. ) ;
#6105 = DIRECTION ( 'NONE',  ( 1.000000000000000000, 6.070773319253919496E-17, 0.000000000000000000 ) ) ;
#6106 = AXIS2_PLACEMENT_3D ( 'NONE', #3081, #855, #900 ) ;
#6107 = VERTEX_POINT ( 'NONE', #374 ) ;
#6108 = DIRECTION ( 'NONE',  ( -0.000000000000000000, -0.000000000000000000, 1.000000000000000000 ) ) ;
#6109 = CIRCLE ( 'NONE', #8981, 0.1000000000000005745 ) ;
#6110 = CARTESIAN_POINT ( 'NONE',  ( -9.999999999999998224, 4.300000000000000711, 1.000000000000000000 ) ) ;
#6111 = ADVANCED_FACE ( 'NONE', ( #8192 ), #7534, .F. ) ;
#6112 = EDGE_CURVE ( 'NONE', #8324, #1793, #997, .T. ) ;
#6113 = VECTOR ( 'NONE', #3866, 39.37007874015748143 ) ;
#6114 = DIRECTION ( 'NONE',  ( 0.000000000000000000, 1.000000000000000000, 0.000000000000000000 ) ) ;
#6115 = ADVANCED_FACE ( 'NONE', ( #3312 ), #4728, .F. ) ;
#6116 = VECTOR ( 'NONE', #448, 39.37007874015748143 ) ;
#6117 = ORIENTED_EDGE ( 'NONE', *, *, #2724, .T. ) ;
#6118 = DIRECTION ( 'NONE',  ( 0.000000000000000000, -1.000000000000000000, 0.000000000000000000 ) ) ;
#6119 = ORIENTED_EDGE ( 'NONE', *, *, #8197, .F. ) ;
#6120 = DIRECTION ( 'NONE',  ( 1.000000000000000000, 6.070773319253919496E-17, 0.000000000000000000 ) ) ;
#6121 = DIRECTION ( 'NONE',  ( 1.000000000000000000, 6.070773319253919496E-17, 0.000000000000000000 ) ) ;
#6122 = ORIENTED_EDGE ( 'NONE', *, *, #5576, .F. ) ;
#6123 = VECTOR ( 'NONE', #337, 39.37007874015748143 ) ;
#6124 = ORIENTED_EDGE ( 'NONE', *, *, #6975, .T. ) ;
#6125 = CARTESIAN_POINT ( 'NONE',  ( -2.450000000000001066, 8.900000000000007461, 1.199999999999962430 ) ) ;
#6126 = CIRCLE ( 'NONE', #659, 0.1000000000000005745 ) ;
#6127 = EDGE_CURVE ( 'NONE', #1810, #7669, #8287, .T. ) ;
#6128 = FACE_OUTER_BOUND ( 'NONE', #2400, .T. ) ;
#6129 = EDGE_CURVE ( 'NONE', #829, #8774, #5039, .T. ) ;
#6130 = AXIS2_PLACEMENT_3D ( 'NONE', #8575, #9234, #2091 ) ;
#6131 = CARTESIAN_POINT ( 'NONE',  ( -11.15000000000000036, 6.413385826771654585, 1.150000000000000133 ) ) ;
#6132 = AXIS2_PLACEMENT_3D ( 'NONE', #8415, #2781, #4907 ) ;
#6133 = ORIENTED_EDGE ( 'NONE', *, *, #5727, .T. ) ;
#6134 = DIRECTION ( 'NONE',  ( 0.000000000000000000, 1.000000000000000000, 0.000000000000000000 ) ) ;
#6135 = ORIENTED_EDGE ( 'NONE', *, *, #2064, .F. ) ;
#6136 = EDGE_CURVE ( 'NONE', #3895, #4311, #7573, .T. ) ;
#6137 = ORIENTED_EDGE ( 'NONE', *, *, #4370, .F. ) ;
#6138 = CARTESIAN_POINT ( 'NONE',  ( -2.450000000000001066, 6.000000000000011546, 0.7999999999999330980 ) ) ;
#6139 = CIRCLE ( 'NONE', #8107, 0.1000000000000016709 ) ;
#6140 = AXIS2_PLACEMENT_3D ( 'NONE', #9366, #2737, #5618 ) ;
#6141 = CIRCLE ( 'NONE', #3264, 0.1000000000000005745 ) ;
#6142 = DIRECTION ( 'NONE',  ( 0.000000000000000000, 0.000000000000000000, 1.000000000000000000 ) ) ;
#6143 = EDGE_CURVE ( 'NONE', #6355, #4279, #7764, .T. ) ;
#6144 = FACE_OUTER_BOUND ( 'NONE', #2393, .T. ) ;
#6145 = DIRECTION ( 'NONE',  ( -0.000000000000000000, -0.000000000000000000, 1.000000000000000000 ) ) ;
#6146 = ORIENTED_EDGE ( 'NONE', *, *, #5260, .T. ) ;
#6147 = EDGE_CURVE ( 'NONE', #819, #384, #8996, .T. ) ;
#6148 = ORIENTED_EDGE ( 'NONE', *, *, #6201, .T. ) ;
#6149 = VECTOR ( 'NONE', #499, 39.37007874015748143 ) ;
#6150 = DIRECTION ( 'NONE',  ( 1.000000000000000000, 6.070773319253919496E-17, 0.000000000000000000 ) ) ;
#6151 = EDGE_LOOP ( 'NONE', ( #5376, #7124, #4288, #9124 ) ) ;
#6152 = DIRECTION ( 'NONE',  ( 0.000000000000000000, -1.000000000000000000, 0.000000000000000000 ) ) ;
#6153 = FACE_BOUND ( 'NONE', #4971, .T. ) ;
#6154 = DIRECTION ( 'NONE',  ( -0.000000000000000000, -0.000000000000000000, 1.000000000000000000 ) ) ;
#6155 = CIRCLE ( 'NONE', #2377, 0.1000000000000016709 ) ;
#6156 = DIRECTION ( 'NONE',  ( 0.000000000000000000, 1.000000000000000000, 0.000000000000000000 ) ) ;
#6157 = CIRCLE ( 'NONE', #549, 0.1225000000000017603 ) ;
#6158 = DIRECTION ( 'NONE',  ( 0.000000000000000000, -0.000000000000000000, 1.000000000000000000 ) ) ;
#6159 = ORIENTED_EDGE ( 'NONE', *, *, #8801, .T. ) ;
#6160 = EDGE_CURVE ( 'NONE', #1280, #7032, #8907, .T. ) ;
#6161 = CARTESIAN_POINT ( 'NONE',  ( -2.450000000000001066, 5.700000000000006395, 1.199999999999928901 ) ) ;
#6162 = ORIENTED_EDGE ( 'NONE', *, *, #7978, .T. ) ;
#6163 = CARTESIAN_POINT ( 'NONE',  ( -2.450000000000001066, 7.600000000000000533, 1.599999999999949907 ) ) ;
#6164 = DIRECTION ( 'NONE',  ( 1.000000000000000000, 6.070773319253920728E-17, -0.000000000000000000 ) ) ;
#6165 = VECTOR ( 'NONE', #8184, 39.37007874015748143 ) ;
#6166 = PLANE ( 'NONE',  #5491 ) ;
#6167 = EDGE_LOOP ( 'NONE', ( #4677, #5084, #3109, #7479 ) ) ;
#6168 = EDGE_CURVE ( 'NONE', #7170, #6, #6708, .T. ) ;
#6169 = DIRECTION ( 'NONE',  ( 1.000000000000000000, 0.000000000000000000, -0.000000000000000000 ) ) ;
#6170 = ORIENTED_EDGE ( 'NONE', *, *, #3174, .F. ) ;
#6171 = CARTESIAN_POINT ( 'NONE',  ( -11.14999999999999858, 4.300000000000000711, 2.000000000000000000 ) ) ;
#6172 = DIRECTION ( 'NONE',  ( 1.000000000000000000, 6.070773319253920728E-17, -0.000000000000000000 ) ) ;
#6173 = ORIENTED_EDGE ( 'NONE', *, *, #3981, .F. ) ;
#6174 = DIRECTION ( 'NONE',  ( 0.000000000000000000, 1.000000000000000000, 0.000000000000000000 ) ) ;
#6175 = DIRECTION ( 'NONE',  ( 6.070773319253919496E-17, -1.000000000000000000, 0.000000000000000000 ) ) ;
#6176 = DIRECTION ( 'NONE',  ( 0.000000000000000000, 1.000000000000000000, 0.000000000000000000 ) ) ;
#6177 = DIRECTION ( 'NONE',  ( 0.000000000000000000, 1.000000000000000000, 0.000000000000000000 ) ) ;
#6178 = CARTESIAN_POINT ( 'NONE',  ( -2.150000000000000799, 5.600000000000011191, 0.7999999999999289901 ) ) ;
#6179 = ORIENTED_EDGE ( 'NONE', *, *, #2537, .T. ) ;
#6180 = VERTEX_POINT ( 'NONE', #6161 ) ;
#6181 = ADVANCED_FACE ( 'NONE', ( #5442 ), #1134, .F. ) ;
#6182 = CARTESIAN_POINT ( 'NONE',  ( -2.577499999999998792, 12.44999999999999929, 0.000000000000000000 ) ) ;
#6183 = LINE ( 'NONE', #5331, #9108 ) ;
#6184 = CARTESIAN_POINT ( 'NONE',  ( -2.450000000000001510, 11.70000000000000995, 1.199999999999991518 ) ) ;
#6185 = DIRECTION ( 'NONE',  ( 0.000000000000000000, 1.000000000000000000, 0.000000000000000000 ) ) ;
#6186 = ORIENTED_EDGE ( 'NONE', *, *, #3811, .T. ) ;
#6187 = ORIENTED_EDGE ( 'NONE', *, *, #486, .T. ) ;
#6188 = DIRECTION ( 'NONE',  ( 1.000000000000000000, 6.070773319253919496E-17, 0.000000000000000000 ) ) ;
#6189 = ORIENTED_EDGE ( 'NONE', *, *, #3811, .F. ) ;
#6190 = FACE_OUTER_BOUND ( 'NONE', #5996, .T. ) ;
#6191 = EDGE_CURVE ( 'NONE', #2992, #6924, #1670, .T. ) ;
#6192 = FACE_BOUND ( 'NONE', #3806, .T. ) ;
#6193 = CYLINDRICAL_SURFACE ( 'NONE', #2517, 0.1249999999999999029 ) ;
#6194 = SURFACE_STYLE_FILL_AREA ( #8365 ) ;
#6195 = DIRECTION ( 'NONE',  ( 1.000000000000000000, 6.070773319253919496E-17, 0.000000000000000000 ) ) ;
#6196 = VECTOR ( 'NONE', #1047, 39.37007874015748143 ) ;
#6197 = ORIENTED_EDGE ( 'NONE', *, *, #5302, .F. ) ;
#6198 = CARTESIAN_POINT ( 'NONE',  ( -2.450000000000001066, 6.400000000000000355, 1.599999999999937250 ) ) ;
#6199 = ORIENTED_EDGE ( 'NONE', *, *, #6813, .F. ) ;
#6200 = DIRECTION ( 'NONE',  ( 1.000000000000000000, 6.070773319253919496E-17, 0.000000000000000000 ) ) ;
#6201 = EDGE_CURVE ( 'NONE', #4075, #8460, #5305, .T. ) ;
#6202 = LINE ( 'NONE', #4831, #8838 ) ;
#6203 = ORIENTED_EDGE ( 'NONE', *, *, #7040, .T. ) ;
#6204 = CARTESIAN_POINT ( 'NONE',  ( -2.450000000000001066, 7.200000000000006395, 1.199999999999945777 ) ) ;
#6205 = ORIENTED_EDGE ( 'NONE', *, *, #2102, .F. ) ;
#6206 = FACE_BOUND ( 'NONE', #7213, .T. ) ;
#6207 = FACE_BOUND ( 'NONE', #165, .T. ) ;
#6208 = FACE_OUTER_BOUND ( 'NONE', #7933, .T. ) ;
#6209 = FACE_BOUND ( 'NONE', #721, .T. ) ;
#6210 = EDGE_CURVE ( 'NONE', #8078, #8496, #7913, .T. ) ;
#6211 = CARTESIAN_POINT ( 'NONE',  ( -2.150000000000001243, 10.90000000000000924, 1.199999999999983080 ) ) ;
#6212 = ADVANCED_FACE ( 'NONE', ( #6062 ), #6291, .F. ) ;
#6213 = ORIENTED_EDGE ( 'NONE', *, *, #7491, .T. ) ;
#6214 = DIRECTION ( 'NONE',  ( 1.000000000000000000, 6.070773319253919496E-17, 0.000000000000000000 ) ) ;
#6215 = ORIENTED_EDGE ( 'NONE', *, *, #4513, .F. ) ;
#6216 = CARTESIAN_POINT ( 'NONE',  ( -2.450000000000001066, 5.600000000000005862, 1.199999999999928901 ) ) ;
#6217 = ORIENTED_EDGE ( 'NONE', *, *, #845, .F. ) ;
#6218 = ORIENTED_EDGE ( 'NONE', *, *, #3380, .F. ) ;
#6219 = CARTESIAN_POINT ( 'NONE',  ( -4.710000000000000853, 10.00000000000000000, 0.5000000000000000000 ) ) ;
#6220 = ADVANCED_FACE ( 'NONE', ( #2029 ), #6998, .F. ) ;
#6221 = DIRECTION ( 'NONE',  ( 0.000000000000000000, 1.000000000000000000, 0.000000000000000000 ) ) ;
#6222 = CARTESIAN_POINT ( 'NONE',  ( -5.700000000000001066, 8.010000000000003340, 0.5300000000000001377 ) ) ;
#6223 = EDGE_CURVE ( 'NONE', #5412, #1709, #5951, .T. ) ;
#6224 = CARTESIAN_POINT ( 'NONE',  ( -2.150000000000001243, 10.50000000000000888, 1.199999999999979083 ) ) ;
#6225 = VERTEX_POINT ( 'NONE', #7810 ) ;
#6226 = ORIENTED_EDGE ( 'NONE', *, *, #1101, .T. ) ;
#6227 = CARTESIAN_POINT ( 'NONE',  ( -5.850000000000001421, 7.699999999999999289, 0.2999999999999999889 ) ) ;
#6228 = EDGE_LOOP ( 'NONE', ( #1896, #5481 ) ) ;
#6229 = DIRECTION ( 'NONE',  ( -1.000000000000000000, 0.000000000000000000, 0.000000000000000000 ) ) ;
#6230 = CYLINDRICAL_SURFACE ( 'NONE', #6132, 0.1000000000000005745 ) ;
#6231 = AXIS2_PLACEMENT_3D ( 'NONE', #3021, #7943, #928 ) ;
#6232 = CARTESIAN_POINT ( 'NONE',  ( -4.779000000000000803, 7.730000000000000426, 0.5000000000000000000 ) ) ;
#6233 = ADVANCED_FACE ( 'NONE', ( #3454 ), #5482, .F. ) ;
#6234 = CIRCLE ( 'NONE', #8965, 0.1000000000000005745 ) ;
#6235 = EDGE_CURVE ( 'NONE', #5994, #8207, #5533, .T. ) ;
#6236 = EDGE_LOOP ( 'NONE', ( #4805, #4700 ) ) ;
#6237 = DIRECTION ( 'NONE',  ( 1.000000000000000000, 6.070773319253920728E-17, -0.000000000000000000 ) ) ;
#6238 = VECTOR ( 'NONE', #9210, 39.37007874015748143 ) ;
#6239 = VERTEX_POINT ( 'NONE', #6240 ) ;
#6240 = CARTESIAN_POINT ( 'NONE',  ( -2.150000000000000799, 6.300000000000005151, 1.199999999999937339 ) ) ;
#6241 = CARTESIAN_POINT ( 'NONE',  ( -2.450000000000001066, 7.700000000000000178, 0.8999999999999996891 ) ) ;
#6242 = VERTEX_POINT ( 'NONE', #1498 ) ;
#6243 = DIRECTION ( 'NONE',  ( 0.000000000000000000, 1.000000000000000000, 0.000000000000000000 ) ) ;
#6244 = AXIS2_PLACEMENT_3D ( 'NONE', #5780, #4373, #2240 ) ;
#6245 = CIRCLE ( 'NONE', #9265, 0.1000000000000005745 ) ;
#6246 = DIRECTION ( 'NONE',  ( 0.000000000000000000, -0.000000000000000000, -1.000000000000000000 ) ) ;
#6247 = VECTOR ( 'NONE', #3136, 39.37007874015748143 ) ;
#6248 = ORIENTED_EDGE ( 'NONE', *, *, #344, .F. ) ;
#6249 = LINE ( 'NONE', #5729, #2160 ) ;
#6250 = AXIS2_PLACEMENT_3D ( 'NONE', #7578, #6679, #6824 ) ;
#6251 = ORIENTED_EDGE ( 'NONE', *, *, #8163, .F. ) ;
#6252 = CARTESIAN_POINT ( 'NONE',  ( -2.450000000000001066, 10.30000000000000604, 1.199999999999979083 ) ) ;
#6253 = EDGE_CURVE ( 'NONE', #7604, #1012, #3403, .T. ) ;
#6254 = FACE_BOUND ( 'NONE', #8823, .T. ) ;
#6255 = CARTESIAN_POINT ( 'NONE',  ( -2.150000000000000799, 6.299999999999999822, 1.599999999999937250 ) ) ;
#6256 = FACE_BOUND ( 'NONE', #3015, .T. ) ;
#6257 = VECTOR ( 'NONE', #3916, 39.37007874015748143 ) ;
#6258 = VECTOR ( 'NONE', #3629, 39.37007874015748143 ) ;
#6259 = CARTESIAN_POINT ( 'NONE',  ( -2.150000000000000799, 4.000000000000000888, 0.000000000000000000 ) ) ;
#6260 = CARTESIAN_POINT ( 'NONE',  ( -5.850000000000001421, 13.00000000000000000, 2.000000000000000000 ) ) ;
#6261 = ORIENTED_EDGE ( 'NONE', *, *, #6383, .F. ) ;
#6262 = FACE_OUTER_BOUND ( 'NONE', #3530, .T. ) ;
#6263 = AXIS2_PLACEMENT_3D ( 'NONE', #4418, #5838, #5275 ) ;
#6264 = CYLINDRICAL_SURFACE ( 'NONE', #2942, 0.1000000000000005745 ) ;
#6265 = EDGE_CURVE ( 'NONE', #1466, #1136, #1270, .T. ) ;
#6266 = ORIENTED_EDGE ( 'NONE', *, *, #269, .F. ) ;
#6267 = ORIENTED_EDGE ( 'NONE', *, *, #575, .F. ) ;
#6268 = CARTESIAN_POINT ( 'NONE',  ( -2.450000000000001066, 11.10000000000001030, 0.7999999999999873879 ) ) ;
#6269 = AXIS2_PLACEMENT_3D ( 'NONE', #3604, #6486, #3465 ) ;
#6270 = DIRECTION ( 'NONE',  ( 0.000000000000000000, 1.000000000000000000, 0.000000000000000000 ) ) ;
#6271 = CARTESIAN_POINT ( 'NONE',  ( -2.450000000000001066, 6.800000000000000711, 1.599999999999941691 ) ) ;
#6272 = CARTESIAN_POINT ( 'NONE',  ( -2.450000000000001510, 11.60000000000000142, 1.599999999999991651 ) ) ;
#6273 = ORIENTED_EDGE ( 'NONE', *, *, #1504, .F. ) ;
#6274 = EDGE_CURVE ( 'NONE', #1677, #1325, #6338, .T. ) ;
#6275 = ORIENTED_EDGE ( 'NONE', *, *, #8199, .F. ) ;
#6276 = LINE ( 'NONE', #6946, #4950 ) ;
#6277 = AXIS2_PLACEMENT_3D ( 'NONE', #945, #7960, #4366 ) ;
#6278 = ORIENTED_EDGE ( 'NONE', *, *, #1598, .T. ) ;
#6279 = DIRECTION ( 'NONE',  ( 0.000000000000000000, 0.000000000000000000, 1.000000000000000000 ) ) ;
#6280 = CARTESIAN_POINT ( 'NONE',  ( -2.450000000000001066, 8.000000000000000000, 1.599999999999953904 ) ) ;
#6281 = CIRCLE ( 'NONE', #7947, 0.06899999999999993638 ) ;
#6282 = FACE_OUTER_BOUND ( 'NONE', #8561, .T. ) ;
#6283 = EDGE_CURVE ( 'NONE', #1936, #6107, #4165, .T. ) ;
#6284 = DIRECTION ( 'NONE',  ( 0.000000000000000000, 1.000000000000000000, 0.000000000000000000 ) ) ;
#6285 = VECTOR ( 'NONE', #5157, 39.37007874015748143 ) ;
#6286 = AXIS2_PLACEMENT_3D ( 'NONE', #6517, #8697, #2218 ) ;
#6287 = ORIENTED_EDGE ( 'NONE', *, *, #3035, .T. ) ;
#6289 = AXIS2_PLACEMENT_3D ( 'NONE', #4772, #7659, #1039 ) ;
#6288 = CYLINDRICAL_SURFACE ( 'NONE', #1471, 0.1000000000000016709 ) ;
#6290 = ORIENTED_EDGE ( 'NONE', *, *, #9017, .F. ) ;
#6291 = CYLINDRICAL_SURFACE ( 'NONE', #1110, 0.1000000000000016709 ) ;
#6292 = CARTESIAN_POINT ( 'NONE',  ( -2.800000000000000711, 10.00000000000000000, 0.2999999999999999889 ) ) ;
#6293 = VERTEX_POINT ( 'NONE', #7050 ) ;
#6294 = CARTESIAN_POINT ( 'NONE',  ( -2.150000000000001243, 7.200000000000017053, 0.3999999999999457323 ) ) ;
#6295 = DIRECTION ( 'NONE',  ( 0.000000000000000000, 1.000000000000000000, 0.000000000000000000 ) ) ;
#6296 = AXIS2_PLACEMENT_3D ( 'NONE', #4226, #1335, #2093 ) ;
#6297 = AXIS2_PLACEMENT_3D ( 'NONE', #6292, #8464, #3541 ) ;
#6298 = EDGE_CURVE ( 'NONE', #4996, #8161, #5961, .T. ) ;
#6299 = CIRCLE ( 'NONE', #8870, 0.1000000000000016709 ) ;
#6300 = CIRCLE ( 'NONE', #5545, 0.1000000000000016709 ) ;
#6301 = LINE ( 'NONE', #2705, #6258 ) ;
#6302 = EDGE_CURVE ( 'NONE', #9182, #2174, #9286, .T. ) ;
#6303 = AXIS2_PLACEMENT_3D ( 'NONE', #6852, #5470, #3831 ) ;
#6304 = ORIENTED_EDGE ( 'NONE', *, *, #987, .T. ) ;
#6305 = DIRECTION ( 'NONE',  ( 1.000000000000000000, 6.070773319253920728E-17, -0.000000000000000000 ) ) ;
#6306 = CIRCLE ( 'NONE', #8700, 0.1000000000000016709 ) ;
#6307 = ORIENTED_EDGE ( 'NONE', *, *, #8100, .T. ) ;
#6308 = CYLINDRICAL_SURFACE ( 'NONE', #6269, 0.08750000000000009159 ) ;
#6309 = DIRECTION ( 'NONE',  ( 1.000000000000000000, 6.070773319253920728E-17, -0.000000000000000000 ) ) ;
#6310 = CARTESIAN_POINT ( 'NONE',  ( -2.450000000000001066, 10.80000000000000782, 1.199999999999983080 ) ) ;
#6311 = VECTOR ( 'NONE', #1500, 39.37007874015748143 ) ;
#6312 = DIRECTION ( 'NONE',  ( -0.000000000000000000, -0.000000000000000000, 1.000000000000000000 ) ) ;
#6313 = EDGE_CURVE ( 'NONE', #8486, #1583, #4602, .T. ) ;
#6314 = DIRECTION ( 'NONE',  ( 0.000000000000000000, 0.000000000000000000, 1.000000000000000000 ) ) ;
#6315 = ORIENTED_EDGE ( 'NONE', *, *, #6650, .F. ) ;
#6316 = LINE ( 'NONE', #5599, #7448 ) ;
#6317 = ORIENTED_EDGE ( 'NONE', *, *, #6962, .T. ) ;
#6318 = DIRECTION ( 'NONE',  ( 1.000000000000000000, 6.070773319253919496E-17, 0.000000000000000000 ) ) ;
#6319 = ORIENTED_EDGE ( 'NONE', *, *, #6127, .F. ) ;
#6320 = ORIENTED_EDGE ( 'NONE', *, *, #6820, .F. ) ;
#6321 = CARTESIAN_POINT ( 'NONE',  ( -2.150000000000000799, 6.500000000000017764, 0.3999999999999374056 ) ) ;
#6322 = DIRECTION ( 'NONE',  ( 1.000000000000000000, 6.070773319253920728E-17, -0.000000000000000000 ) ) ;
#6323 = EDGE_CURVE ( 'NONE', #2361, #6723, #5654, .T. ) ;
#6324 = DIRECTION ( 'NONE',  ( 1.000000000000000000, 6.070773319253919496E-17, 0.000000000000000000 ) ) ;
#6325 = VERTEX_POINT ( 'NONE', #4781 ) ;
#6326 = ORIENTED_EDGE ( 'NONE', *, *, #4750, .T. ) ;
#6327 = CARTESIAN_POINT ( 'NONE',  ( -2.450000000000001066, 10.50000000000000888, 1.199999999999979083 ) ) ;
#6328 = VERTEX_POINT ( 'NONE', #7092 ) ;
#6329 = CARTESIAN_POINT ( 'NONE',  ( -2.450000000000001066, 9.600000000000006750, 1.199999999999970646 ) ) ;
#6330 = CARTESIAN_POINT ( 'NONE',  ( -9.680768314573423794, 5.635826771653545286, 1.583070866141732536 ) ) ;
#6331 = FACE_BOUND ( 'NONE', #4879, .T. ) ;
#6332 = FACE_OUTER_BOUND ( 'NONE', #7522, .T. ) ;
#6333 = ADVANCED_FACE ( 'NONE', ( #1937 ), #2739, .T. ) ;
#6334 = VERTEX_POINT ( 'NONE', #5093 ) ;
#6335 = DIRECTION ( 'NONE',  ( 0.000000000000000000, 1.000000000000000000, 0.000000000000000000 ) ) ;
#6336 = VERTEX_POINT ( 'NONE', #7713 ) ;
#6337 = ADVANCED_FACE ( 'NONE', ( #4386 ), #6957, .F. ) ;
#6338 = LINE ( 'NONE', #2202, #966 ) ;
#6339 = DIRECTION ( 'NONE',  ( -1.000000000000000000, -5.463695987328527423E-16, -0.000000000000000000 ) ) ;
#6340 = ORIENTED_EDGE ( 'NONE', *, *, #2356, .F. ) ;
#6341 = DIRECTION ( 'NONE',  ( -1.000000000000000000, 0.000000000000000000, 0.000000000000000000 ) ) ;
#6342 = DIRECTION ( 'NONE',  ( 1.000000000000000000, 0.000000000000000000, 0.000000000000000000 ) ) ;
#6343 = EDGE_CURVE ( 'NONE', #5176, #4378, #8989, .T. ) ;
#6344 = VECTOR ( 'NONE', #862, 39.37007874015748143 ) ;
#6345 = DIRECTION ( 'NONE',  ( -0.000000000000000000, -0.000000000000000000, -1.000000000000000000 ) ) ;
#6346 = ORIENTED_EDGE ( 'NONE', *, *, #1585, .T. ) ;
#6347 = ADVANCED_FACE ( 'NONE', ( #210 ), #2253, .T. ) ;
#6348 = DIRECTION ( 'NONE',  ( 1.000000000000000000, 6.070773319253920728E-17, -0.000000000000000000 ) ) ;
#6349 = EDGE_LOOP ( 'NONE', ( #6011, #3328, #6792, #7666 ) ) ;
#6350 = CARTESIAN_POINT ( 'NONE',  ( -2.150000000000001243, 6.800000000000000711, 1.599999999999941691 ) ) ;
#6351 = DIRECTION ( 'NONE',  ( 0.000000000000000000, 1.000000000000000000, 0.000000000000000000 ) ) ;
#6352 = DIRECTION ( 'NONE',  ( 1.000000000000000000, 6.070773319253919496E-17, 0.000000000000000000 ) ) ;
#6353 = CARTESIAN_POINT ( 'NONE',  ( -2.450000000000001066, 9.700000000000001066, 1.599999999999970557 ) ) ;
#6354 = CARTESIAN_POINT ( 'NONE',  ( -10.84999999999999787, 5.566929133858267598, 0.7169291338582677309 ) ) ;
#6355 = VERTEX_POINT ( 'NONE', #7413 ) ;
#6356 = EDGE_CURVE ( 'NONE', #5782, #5276, #8133, .T. ) ;
#6357 = LINE ( 'NONE', #9241, #1848 ) ;
#6358 = ORIENTED_EDGE ( 'NONE', *, *, #7620, .F. ) ;
#6359 = LINE ( 'NONE', #8673, #7930 ) ;
#6360 = ORIENTED_EDGE ( 'NONE', *, *, #5817, .T. ) ;
#6361 = ORIENTED_EDGE ( 'NONE', *, *, #9193, .T. ) ;
#6362 = LINE ( 'NONE', #2007, #4619 ) ;
#6363 = CYLINDRICAL_SURFACE ( 'NONE', #2917, 0.1000000000000016709 ) ;
#6364 = DIRECTION ( 'NONE',  ( 0.000000000000000000, 1.000000000000000000, 0.000000000000000000 ) ) ;
#6365 = EDGE_LOOP ( 'NONE', ( #3378, #5053 ) ) ;
#6366 = VERTEX_POINT ( 'NONE', #4533 ) ;
#6367 = DIRECTION ( 'NONE',  ( 0.000000000000000000, 1.000000000000000000, 0.000000000000000000 ) ) ;
#6368 = ORIENTED_EDGE ( 'NONE', *, *, #2172, .F. ) ;
#6369 = FACE_OUTER_BOUND ( 'NONE', #1191, .T. ) ;
#6370 = CARTESIAN_POINT ( 'NONE',  ( -2.450000000000001510, 11.60000000000000675, 1.199999999999991518 ) ) ;
#6371 = EDGE_CURVE ( 'NONE', #8161, #6997, #4572, .T. ) ;
#6372 = DIRECTION ( 'NONE',  ( -1.000000000000000000, 0.000000000000000000, 0.000000000000000000 ) ) ;
#6373 = CARTESIAN_POINT ( 'NONE',  ( -2.800000000000000711, 10.00000000000000000, 0.5000000000000000000 ) ) ;
#6374 = VERTEX_POINT ( 'NONE', #8929 ) ;
#6375 = FACE_OUTER_BOUND ( 'NONE', #762, .T. ) ;
#6376 = ORIENTED_EDGE ( 'NONE', *, *, #9000, .T. ) ;
#6377 = DIRECTION ( 'NONE',  ( 1.000000000000000000, 6.070773319253919496E-17, 0.000000000000000000 ) ) ;
#6378 = CIRCLE ( 'NONE', #6837, 0.1249999999999999029 ) ;
#6379 = FACE_OUTER_BOUND ( 'NONE', #6349, .T. ) ;
#6380 = ORIENTED_EDGE ( 'NONE', *, *, #8003, .T. ) ;
#6381 = DIRECTION ( 'NONE',  ( 1.000000000000000000, 6.070773319253919496E-17, 0.000000000000000000 ) ) ;
#6382 = DIRECTION ( 'NONE',  ( 1.000000000000000000, 6.070773319253919496E-17, 0.000000000000000000 ) ) ;
#6383 = EDGE_CURVE ( 'NONE', #878, #3057, #3056, .T. ) ;
#6384 = CIRCLE ( 'NONE', #2306, 0.1000000000000005745 ) ;
#6385 = ORIENTED_EDGE ( 'NONE', *, *, #3458, .F. ) ;
#6386 = DIRECTION ( 'NONE',  ( 0.000000000000000000, 0.000000000000000000, 1.000000000000000000 ) ) ;
#6387 = AXIS2_PLACEMENT_3D ( 'NONE', #759, #1637, #2188 ) ;
#6388 = ORIENTED_EDGE ( 'NONE', *, *, #3331, .F. ) ;
#6389 = CYLINDRICAL_SURFACE ( 'NONE', #2643, 0.1000000000000005745 ) ;
#6390 = DIRECTION ( 'NONE',  ( 0.000000000000000000, 1.000000000000000000, 0.000000000000000000 ) ) ;
#6391 = EDGE_CURVE ( 'NONE', #4243, #9221, #56, .T. ) ;
#6392 = AXIS2_PLACEMENT_3D ( 'NONE', #2145, #5890, #5846 ) ;
#6393 = CARTESIAN_POINT ( 'NONE',  ( -6.150000000000000355, 12.80000000000000071, 0.000000000000000000 ) ) ;
#6394 = EDGE_CURVE ( 'NONE', #5176, #450, #7453, .T. ) ;
#6395 = AXIS2_PLACEMENT_3D ( 'NONE', #7755, #6556, #1323 ) ;
#6396 = CARTESIAN_POINT ( 'NONE',  ( -2.150000000000001243, 12.30000000000000604, 1.199999999999999734 ) ) ;
#6397 = AXIS2_PLACEMENT_3D ( 'NONE', #8667, #8769, #1482 ) ;
#6398 = CARTESIAN_POINT ( 'NONE',  ( -8.650000000000000355, 5.664999999999999147, 0.4499999999999999556 ) ) ;
#6399 = EDGE_LOOP ( 'NONE', ( #8042, #4678 ) ) ;
#6400 = DIRECTION ( 'NONE',  ( 1.000000000000000000, 6.070773319253919496E-17, 0.000000000000000000 ) ) ;
#6401 = VERTEX_POINT ( 'NONE', #2399 ) ;
#6402 = CARTESIAN_POINT ( 'NONE',  ( -2.150000000000001243, 9.200000000000006395, 1.199999999999966427 ) ) ;
#6403 = ORIENTED_EDGE ( 'NONE', *, *, #3466, .T. ) ;
#6404 = EDGE_LOOP ( 'NONE', ( #5447, #1928, #3496, #4342 ) ) ;
#6405 = AXIS2_PLACEMENT_3D ( 'NONE', #2964, #5185, #5852 ) ;
#6406 = VERTEX_POINT ( 'NONE', #5140 ) ;
#6407 = CARTESIAN_POINT ( 'NONE',  ( -3.550000000000001599, 6.950000000000001066, 0.4499999999999999556 ) ) ;
#6408 = VECTOR ( 'NONE', #4012, 39.37007874015748143 ) ;
#6409 = EDGE_CURVE ( 'NONE', #7290, #1726, #879, .T. ) ;
#6410 = EDGE_CURVE ( 'NONE', #6544, #2763, #8084, .T. ) ;
#6411 = CARTESIAN_POINT ( 'NONE',  ( -2.450000000000001510, 12.10000000000000320, 1.599999999999995870 ) ) ;
#6412 = AXIS2_PLACEMENT_3D ( 'NONE', #5236, #5324, #1024 ) ;
#6413 = DIRECTION ( 'NONE',  ( -1.000000000000000000, -5.463695987328527423E-16, -0.000000000000000000 ) ) ;
#6414 = AXIS2_PLACEMENT_3D ( 'NONE', #5814, #137, #6522 ) ;
#6415 = EDGE_CURVE ( 'NONE', #9182, #2378, #5283, .T. ) ;
#6416 = VERTEX_POINT ( 'NONE', #3156 ) ;
#6417 = EDGE_LOOP ( 'NONE', ( #6340, #2470, #7971, #5156 ) ) ;
#6418 = CARTESIAN_POINT ( 'NONE',  ( -8.550000000000000711, 5.764999999999997904, 0.4499999999999999556 ) ) ;
#6419 = ORIENTED_EDGE ( 'NONE', *, *, #5501, .T. ) ;
#6420 = DIRECTION ( 'NONE',  ( 0.000000000000000000, 1.000000000000000000, 0.000000000000000000 ) ) ;
#6421 = DIRECTION ( 'NONE',  ( 1.000000000000000000, 6.070773319253919496E-17, 0.000000000000000000 ) ) ;
#6422 = DIRECTION ( 'NONE',  ( 1.000000000000000000, 0.000000000000000000, 0.000000000000000000 ) ) ;
#6423 = EDGE_CURVE ( 'NONE', #461, #2955, #8028, .T. ) ;
#6424 = AXIS2_PLACEMENT_3D ( 'NONE', #6842, #5286, #9026 ) ;
#6425 = DIRECTION ( 'NONE',  ( -1.000000000000000000, 0.000000000000000000, 0.000000000000000000 ) ) ;
#6426 = ADVANCED_FACE ( 'NONE', ( #2347 ), #8172, .F. ) ;
#6427 = ORIENTED_EDGE ( 'NONE', *, *, #504, .F. ) ;
#6428 = DIRECTION ( 'NONE',  ( 1.000000000000000000, 0.000000000000000000, 0.000000000000000000 ) ) ;
#6429 = ORIENTED_EDGE ( 'NONE', *, *, #3952, .T. ) ;
#6430 = VECTOR ( 'NONE', #5842, 39.37007874015748143 ) ;
#6431 = FACE_BOUND ( 'NONE', #6937, .T. ) ;
#6432 = VERTEX_POINT ( 'NONE', #1689 ) ;
#6433 = CARTESIAN_POINT ( 'NONE',  ( -2.150000000000001243, 11.20000000000000107, 1.599999999999987210 ) ) ;
#6434 = LINE ( 'NONE', #4828, #3427 ) ;
#6435 = FACE_BOUND ( 'NONE', #1581, .T. ) ;
#6436 = AXIS2_PLACEMENT_3D ( 'NONE', #6024, #6108, #8951 ) ;
#6437 = AXIS2_PLACEMENT_3D ( 'NONE', #8848, #3165, #7328 ) ;
#6438 = AXIS2_PLACEMENT_3D ( 'NONE', #6098, #6951, #8990 ) ;
#6439 = ADVANCED_FACE ( 'NONE', ( #1733 ), #968, .F. ) ;
#6440 = ORIENTED_EDGE ( 'NONE', *, *, #8890, .F. ) ;
#6442 = DIRECTION ( 'NONE',  ( 1.000000000000000000, 6.070773319253920728E-17, -0.000000000000000000 ) ) ;
#6441 = AXIS2_PLACEMENT_3D ( 'NONE', #434, #1851, #4742 ) ;
#6443 = VECTOR ( 'NONE', #2780, 39.37007874015748143 ) ;
#6444 = VERTEX_POINT ( 'NONE', #1544 ) ;
#6445 = DIRECTION ( 'NONE',  ( 1.000000000000000000, 6.070773319253920728E-17, -0.000000000000000000 ) ) ;
#6446 = AXIS2_PLACEMENT_3D ( 'NONE', #8023, #3663, #8882 ) ;
#6447 = LINE ( 'NONE', #8620, #8112 ) ;
#6448 = CIRCLE ( 'NONE', #6911, 0.1000000000000016709 ) ;
#6449 = FACE_OUTER_BOUND ( 'NONE', #7074, .T. ) ;
#6450 = DIRECTION ( 'NONE',  ( 1.000000000000000000, 6.070773319253919496E-17, 0.000000000000000000 ) ) ;
#6451 = EDGE_CURVE ( 'NONE', #8248, #5532, #4620, .T. ) ;
#6452 = AXIS2_PLACEMENT_3D ( 'NONE', #2034, #4920, #3598 ) ;
#6453 = DIRECTION ( 'NONE',  ( 1.000000000000000000, 6.070773319253919496E-17, 0.000000000000000000 ) ) ;
#6454 = ORIENTED_EDGE ( 'NONE', *, *, #8128, .F. ) ;
#6455 = FACE_OUTER_BOUND ( 'NONE', #7693, .T. ) ;
#6456 = ORIENTED_EDGE ( 'NONE', *, *, #2006, .T. ) ;
#6457 = CARTESIAN_POINT ( 'NONE',  ( -2.450000000000001066, 4.800000000000011369, 0.7999999999999206635 ) ) ;
#6458 = EDGE_LOOP ( 'NONE', ( #8286, #5452, #4903, #9296 ) ) ;
#6459 = EDGE_LOOP ( 'NONE', ( #2336, #3049 ) ) ;
#6460 = AXIS2_PLACEMENT_3D ( 'NONE', #3684, #2364, #173 ) ;
#6461 = ORIENTED_EDGE ( 'NONE', *, *, #6283, .F. ) ;
#6462 = CARTESIAN_POINT ( 'NONE',  ( -4.710000000000000853, 7.730000000000000426, 0.2999999999999999889 ) ) ;
#6463 = CYLINDRICAL_SURFACE ( 'NONE', #5189, 0.1000000000000005745 ) ;
#6464 = DIRECTION ( 'NONE',  ( 1.000000000000000000, 6.070773319253919496E-17, 0.000000000000000000 ) ) ;
#6465 = EDGE_CURVE ( 'NONE', #1522, #6764, #8833, .T. ) ;
#6466 = ORIENTED_EDGE ( 'NONE', *, *, #95, .F. ) ;
#6467 = EDGE_CURVE ( 'NONE', #1497, #40, #4747, .T. ) ;
#6468 = EDGE_LOOP ( 'NONE', ( #3880, #4264 ) ) ;
#6469 = DIRECTION ( 'NONE',  ( 0.000000000000000000, -1.000000000000000000, 0.000000000000000000 ) ) ;
#6470 = VERTEX_POINT ( 'NONE', #828 ) ;
#6471 = DIRECTION ( 'NONE',  ( 0.000000000000000000, 1.000000000000000000, 0.000000000000000000 ) ) ;
#6472 = DIRECTION ( 'NONE',  ( 1.000000000000000000, 6.070773319253920728E-17, -0.000000000000000000 ) ) ;
#6473 = DIRECTION ( 'NONE',  ( 0.000000000000000000, 0.000000000000000000, -1.000000000000000000 ) ) ;
#6474 = VERTEX_POINT ( 'NONE', #8077 ) ;
#6475 = CARTESIAN_POINT ( 'NONE',  ( -5.150000000000000355, 12.69999999999999929, 1.124999999999999778 ) ) ;
#6476 = ORIENTED_EDGE ( 'NONE', *, *, #4560, .T. ) ;
#6477 = ADVANCED_FACE ( 'NONE', ( #3724 ), #122, .F. ) ;
#6478 = CARTESIAN_POINT ( 'NONE',  ( -8.299999999999998934, 4.300000000000000711, 1.000000000000000222 ) ) ;
#6479 = ORIENTED_EDGE ( 'NONE', *, *, #5369, .T. ) ;
#6480 = DIRECTION ( 'NONE',  ( 0.000000000000000000, -1.000000000000000000, 0.000000000000000000 ) ) ;
#6481 = DIRECTION ( 'NONE',  ( 0.000000000000000000, 0.000000000000000000, 1.000000000000000000 ) ) ;
#6482 = FACE_BOUND ( 'NONE', #3634, .T. ) ;
#6483 = ORIENTED_EDGE ( 'NONE', *, *, #4295, .T. ) ;
#6484 = DIRECTION ( 'NONE',  ( 1.000000000000000000, 6.070773319253919496E-17, 0.000000000000000000 ) ) ;
#6485 = EDGE_LOOP ( 'NONE', ( #981, #4521 ) ) ;
#6486 = DIRECTION ( 'NONE',  ( -0.000000000000000000, -0.000000000000000000, 1.000000000000000000 ) ) ;
#6487 = DIRECTION ( 'NONE',  ( 1.000000000000000000, 0.000000000000000000, 0.000000000000000000 ) ) ;
#6488 = CARTESIAN_POINT ( 'NONE',  ( -6.000000000000001776, 12.65000000000000213, 2.000000000000000000 ) ) ;
#6489 = ADVANCED_FACE ( 'NONE', ( #4139 ), #7553, .F. ) ;
#6490 = AXIS2_PLACEMENT_3D ( 'NONE', #5872, #2316, #3794 ) ;
#6491 = LINE ( 'NONE', #4369, #8515 ) ;
#6492 = CARTESIAN_POINT ( 'NONE',  ( -2.450000000000001066, 11.09999999999999964, 1.599999999999987210 ) ) ;
#6493 = EDGE_LOOP ( 'NONE', ( #1381, #2071, #7425, #9114 ) ) ;
#6494 = DIRECTION ( 'NONE',  ( 0.000000000000000000, 1.000000000000000000, 0.000000000000000000 ) ) ;
#6495 = ORIENTED_EDGE ( 'NONE', *, *, #3932, .T. ) ;
#6496 = DIRECTION ( 'NONE',  ( 0.000000000000000000, -0.000000000000000000, -1.000000000000000000 ) ) ;
#6497 = EDGE_LOOP ( 'NONE', ( #5884, #2461, #5812, #4122 ) ) ;
#6498 = VERTEX_POINT ( 'NONE', #1820 ) ;
#6499 = ORIENTED_EDGE ( 'NONE', *, *, #8645, .F. ) ;
#6500 = DIRECTION ( 'NONE',  ( 0.000000000000000000, 0.000000000000000000, 1.000000000000000000 ) ) ;
#6501 = EDGE_CURVE ( 'NONE', #1322, #4346, #3240, .T. ) ;
#6502 = DIRECTION ( 'NONE',  ( -0.000000000000000000, -0.000000000000000000, -1.000000000000000000 ) ) ;
#6503 = CARTESIAN_POINT ( 'NONE',  ( -2.150000000000001243, 6.800000000000016698, 0.3999999999999415135 ) ) ;
#6504 = VERTEX_POINT ( 'NONE', #4704 ) ;
#6505 = EDGE_LOOP ( 'NONE', ( #8039, #9306 ) ) ;
#6506 = DIRECTION ( 'NONE',  ( 1.000000000000000000, 6.070773319253920728E-17, -0.000000000000000000 ) ) ;
#6507 = ORIENTED_EDGE ( 'NONE', *, *, #8805, .F. ) ;
#6508 = CARTESIAN_POINT ( 'NONE',  ( -2.800000000000000711, 10.00000000000000000, 0.5000000000000000000 ) ) ;
#6509 = DIRECTION ( 'NONE',  ( 1.000000000000000000, 6.070773319253920728E-17, -0.000000000000000000 ) ) ;
#6510 = EDGE_CURVE ( 'NONE', #6180, #3267, #1587, .T. ) ;
#6511 = CARTESIAN_POINT ( 'NONE',  ( -2.450000000000001066, 7.300000000000001599, 1.599999999999945688 ) ) ;
#6512 = DIRECTION ( 'NONE',  ( 1.000000000000000000, 0.000000000000000000, 0.000000000000000000 ) ) ;
#6513 = ADVANCED_FACE ( 'NONE', ( #442 ), #4804, .F. ) ;
#6514 = ADVANCED_FACE ( 'NONE', ( #7691 ), #2676, .F. ) ;
#6515 = CARTESIAN_POINT ( 'NONE',  ( -3.450000000000001066, 4.500000000000000888, 0.2999999999999999889 ) ) ;
#6516 = ORIENTED_EDGE ( 'NONE', *, *, #2420, .T. ) ;
#6517 = CARTESIAN_POINT ( 'NONE',  ( -2.450000000000001066, 10.00000000000000000, 1.599999999999974998 ) ) ;
#6518 = ORIENTED_EDGE ( 'NONE', *, *, #9065, .F. ) ;
#6519 = DIRECTION ( 'NONE',  ( 0.000000000000000000, 0.000000000000000000, -1.000000000000000000 ) ) ;
#6520 = ORIENTED_EDGE ( 'NONE', *, *, #1239, .T. ) ;
#6521 = DIRECTION ( 'NONE',  ( -0.000000000000000000, -0.000000000000000000, 1.000000000000000000 ) ) ;
#6522 = DIRECTION ( 'NONE',  ( 0.000000000000000000, 1.000000000000000000, 0.000000000000000000 ) ) ;
#6523 = AXIS2_PLACEMENT_3D ( 'NONE', #6025, #5309, #3087 ) ;
#6524 = CARTESIAN_POINT ( 'NONE',  ( -4.900000000000000355, 4.500000000000000888, 0.4499999999999999556 ) ) ;
#6525 = EDGE_CURVE ( 'NONE', #2090, #7851, #2173, .T. ) ;
#6526 = DIRECTION ( 'NONE',  ( 1.000000000000000000, 6.070773319253919496E-17, 0.000000000000000000 ) ) ;
#6527 = ADVANCED_FACE ( 'NONE', ( #6839 ), #308, .F. ) ;
#6528 = ORIENTED_EDGE ( 'NONE', *, *, #1004, .F. ) ;
#6529 = CARTESIAN_POINT ( 'NONE',  ( -2.450000000000001066, 10.69999999999999929, 1.599999999999983213 ) ) ;
#6530 = ORIENTED_EDGE ( 'NONE', *, *, #3147, .F. ) ;
#6531 = CYLINDRICAL_SURFACE ( 'NONE', #9302, 0.1225000000000001227 ) ;
#6532 = DIRECTION ( 'NONE',  ( 1.000000000000000000, 6.070773319253920728E-17, -0.000000000000000000 ) ) ;
#6533 = DIRECTION ( 'NONE',  ( 1.000000000000000000, 6.070773319253920728E-17, -0.000000000000000000 ) ) ;
#6534 = AXIS2_PLACEMENT_3D ( 'NONE', #6620, #5901, #6565 ) ;
#6535 = DIRECTION ( 'NONE',  ( 0.000000000000000000, 0.000000000000000000, 1.000000000000000000 ) ) ;
#6537 = CARTESIAN_POINT ( 'NONE',  ( -2.450000000000001066, 6.800000000000000711, 1.599999999999941691 ) ) ;
#6536 = VECTOR ( 'NONE', #8773, 39.37007874015748143 ) ;
#6538 = ORIENTED_EDGE ( 'NONE', *, *, #2280, .F. ) ;
#6539 = ADVANCED_FACE ( 'NONE', ( #2534 ), #3198, .F. ) ;
#6540 = CARTESIAN_POINT ( 'NONE',  ( -2.450000000000001066, 7.300000000000012257, 0.7999999999999457545 ) ) ;
#6541 = CIRCLE ( 'NONE', #4427, 0.1250000000000004441 ) ;
#6542 = ORIENTED_EDGE ( 'NONE', *, *, #4585, .F. ) ;
#6543 = FACE_OUTER_BOUND ( 'NONE', #1200, .T. ) ;
#6544 = VERTEX_POINT ( 'NONE', #2618 ) ;
#6545 = EDGE_LOOP ( 'NONE', ( #2321, #3685, #7607, #7969 ) ) ;
#6546 = ORIENTED_EDGE ( 'NONE', *, *, #8975, .T. ) ;
#6547 = CARTESIAN_POINT ( 'NONE',  ( -2.450000000000001066, 8.500000000000007105, 1.199999999999958211 ) ) ;
#6548 = CIRCLE ( 'NONE', #2613, 0.1000000000000016709 ) ;
#6549 = VECTOR ( 'NONE', #9352, 39.37007874015748143 ) ;
#6550 = CARTESIAN_POINT ( 'NONE',  ( -2.150000000000001243, 6.700000000000000178, 1.599999999999941691 ) ) ;
#6551 = ADVANCED_FACE ( 'NONE', ( #1784 ), #4093, .F. ) ;
#6552 = CARTESIAN_POINT ( 'NONE',  ( -2.450000000000001066, 5.600000000000011191, 0.7999999999999289901 ) ) ;
#6553 = CIRCLE ( 'NONE', #2930, 0.1000000000000005745 ) ;
#6554 = EDGE_LOOP ( 'NONE', ( #559, #6213, #5187, #7304 ) ) ;
#6555 = EDGE_LOOP ( 'NONE', ( #4844, #8159 ) ) ;
#6556 = DIRECTION ( 'NONE',  ( 1.000000000000000000, 6.070773319253919496E-17, 0.000000000000000000 ) ) ;
#6557 = ORIENTED_EDGE ( 'NONE', *, *, #7919, .F. ) ;
#6558 = AXIS2_PLACEMENT_3D ( 'NONE', #4937, #1338, #611 ) ;
#6559 = DIRECTION ( 'NONE',  ( 1.000000000000000000, 0.000000000000000000, 0.000000000000000000 ) ) ;
#6560 = ORIENTED_EDGE ( 'NONE', *, *, #9049, .F. ) ;
#6561 = CYLINDRICAL_SURFACE ( 'NONE', #3130, 0.1000000000000016709 ) ;
#6562 = DIRECTION ( 'NONE',  ( 0.000000000000000000, 1.000000000000000000, 0.000000000000000000 ) ) ;
#6563 = DIRECTION ( 'NONE',  ( 1.000000000000000000, 6.070773319253919496E-17, 0.000000000000000000 ) ) ;
#6564 = AXIS2_PLACEMENT_3D ( 'NONE', #9067, #5561, #3332 ) ;
#6565 = DIRECTION ( 'NONE',  ( 0.000000000000000000, 1.000000000000000000, 0.000000000000000000 ) ) ;
#6566 = AXIS2_PLACEMENT_3D ( 'NONE', #4444, #4580, #1508 ) ;
#6567 = DIRECTION ( 'NONE',  ( 1.000000000000000000, 6.070773319253919496E-17, 0.000000000000000000 ) ) ;
#6569 = ORIENTED_EDGE ( 'NONE', *, *, #8859, .F. ) ;
#6568 = EDGE_CURVE ( 'NONE', #1793, #507, #8526, .T. ) ;
#6570 = DIRECTION ( 'NONE',  ( 0.000000000000000000, 1.000000000000000000, 0.000000000000000000 ) ) ;
#6571 = ORIENTED_EDGE ( 'NONE', *, *, #5455, .T. ) ;
#6572 = CARTESIAN_POINT ( 'NONE',  ( -3.550000000000001155, 4.600000000000000533, 0.4499999999999999556 ) ) ;
#6573 = ORIENTED_EDGE ( 'NONE', *, *, #2886, .T. ) ;
#6574 = CARTESIAN_POINT ( 'NONE',  ( -5.700000000000001066, 8.010000000000003340, 0.5300000000000001377 ) ) ;
#6575 = CARTESIAN_POINT ( 'NONE',  ( -4.900000000000000355, 7.050000000000001599, 0.4499999999999999556 ) ) ;
#6576 = AXIS2_PLACEMENT_3D ( 'NONE', #3687, #8854, #7427 ) ;
#6577 = CARTESIAN_POINT ( 'NONE',  ( -2.450000000000001510, 11.60000000000001918, 0.3999999999999914735 ) ) ;
#6578 = DIRECTION ( 'NONE',  ( 0.000000000000000000, 1.000000000000000000, 0.000000000000000000 ) ) ;
#6579 = AXIS2_PLACEMENT_3D ( 'NONE', #185, #8811, #5165 ) ;
#6580 = ORIENTED_EDGE ( 'NONE', *, *, #2537, .F. ) ;
#6581 = DIRECTION ( 'NONE',  ( 0.000000000000000000, 1.000000000000000000, 0.000000000000000000 ) ) ;
#6582 = ORIENTED_EDGE ( 'NONE', *, *, #5661, .F. ) ;
#6583 = DIRECTION ( 'NONE',  ( 1.000000000000000000, 6.070773319253919496E-17, 0.000000000000000000 ) ) ;
#6584 = ADVANCED_FACE ( 'NONE', ( #1861 ), #5422, .F. ) ;
#6585 = FACE_OUTER_BOUND ( 'NONE', #1049, .T. ) ;
#6586 = AXIS2_PLACEMENT_3D ( 'NONE', #4783, #6865, #1045 ) ;
#6587 = DIRECTION ( 'NONE',  ( 0.000000000000000000, 1.000000000000000000, 0.000000000000000000 ) ) ;
#6588 = VECTOR ( 'NONE', #2697, 39.37007874015748143 ) ;
#6589 = CIRCLE ( 'NONE', #2814, 0.1000000000000005745 ) ;
#6590 = FACE_OUTER_BOUND ( 'NONE', #8661, .T. ) ;
#6591 = AXIS2_PLACEMENT_3D ( 'NONE', #7189, #7239, #4452 ) ;
#6592 = CARTESIAN_POINT ( 'NONE',  ( -10.84999999999999787, 5.635826771653543510, 0.7169291338582677309 ) ) ;
#6593 = ORIENTED_EDGE ( 'NONE', *, *, #2420, .F. ) ;
#6594 = AXIS2_PLACEMENT_3D ( 'NONE', #25, #2789, #7945 ) ;
#6595 = FACE_OUTER_BOUND ( 'NONE', #4994, .T. ) ;
#6596 = AXIS2_PLACEMENT_3D ( 'NONE', #5343, #322, #8320 ) ;
#6597 = ORIENTED_EDGE ( 'NONE', *, *, #6721, .T. ) ;
#6598 = LINE ( 'NONE', #3807, #9293 ) ;
#6599 = ADVANCED_FACE ( 'NONE', ( #8395 ), #4003, .F. ) ;
#6600 = ORIENTED_EDGE ( 'NONE', *, *, #1598, .F. ) ;
#6601 = ORIENTED_EDGE ( 'NONE', *, *, #9076, .F. ) ;
#6602 = ORIENTED_EDGE ( 'NONE', *, *, #3339, .F. ) ;
#6603 = DIRECTION ( 'NONE',  ( 1.000000000000000000, 6.070773319253920728E-17, -0.000000000000000000 ) ) ;
#6604 = VECTOR ( 'NONE', #1993, 39.37007874015748143 ) ;
#6605 = ADVANCED_FACE ( 'NONE', ( #6888 ), #6264, .F. ) ;
#6606 = CIRCLE ( 'NONE', #7515, 0.1000000000000016709 ) ;
#6607 = DIRECTION ( 'NONE',  ( 0.000000000000000000, 0.000000000000000000, 1.000000000000000000 ) ) ;
#6608 = DIRECTION ( 'NONE',  ( -1.000000000000000000, 0.000000000000000000, 0.000000000000000000 ) ) ;
#6609 = AXIS2_PLACEMENT_3D ( 'NONE', #4167, #6999, #7051 ) ;
#6610 = ORIENTED_EDGE ( 'NONE', *, *, #5151, .T. ) ;
#6611 = ORIENTED_EDGE ( 'NONE', *, *, #1319, .T. ) ;
#6612 = DIRECTION ( 'NONE',  ( 1.000000000000000000, 6.070773319253920728E-17, -0.000000000000000000 ) ) ;
#6613 = VERTEX_POINT ( 'NONE', #6081 ) ;
#6614 = ORIENTED_EDGE ( 'NONE', *, *, #6682, .T. ) ;
#6615 = CARTESIAN_POINT ( 'NONE',  ( -2.800000000000001155, 7.730000000000000426, 0.2999999999999999889 ) ) ;
#6616 = CARTESIAN_POINT ( 'NONE',  ( -5.700000000000001066, 10.80000000000000249, 1.469999999999999973 ) ) ;
#6617 = DIRECTION ( 'NONE',  ( 1.000000000000000000, 0.000000000000000000, -0.000000000000000000 ) ) ;
#6618 = EDGE_CURVE ( 'NONE', #1171, #3388, #4009, .T. ) ;
#6619 = AXIS2_PLACEMENT_3D ( 'NONE', #2204, #1448, #7226 ) ;
#6620 = CARTESIAN_POINT ( 'NONE',  ( -10.84999999999999964, 6.433070866141733291, 1.583070866141732536 ) ) ;
#6621 = FACE_OUTER_BOUND ( 'NONE', #7783, .T. ) ;
#6622 = ORIENTED_EDGE ( 'NONE', *, *, #1754, .F. ) ;
#6623 = DIRECTION ( 'NONE',  ( 0.000000000000000000, 1.000000000000000000, 0.000000000000000000 ) ) ;
#6624 = ORIENTED_EDGE ( 'NONE', *, *, #2339, .T. ) ;
#6625 = LINE ( 'NONE', #7948, #3285 ) ;
#6626 = EDGE_LOOP ( 'NONE', ( #1828, #8263, #3055, #4661 ) ) ;
#6627 = CARTESIAN_POINT ( 'NONE',  ( -2.450000000000001066, 7.700000000000000178, 0.4999999999999996114 ) ) ;
#6628 = CARTESIAN_POINT ( 'NONE',  ( -4.710000000000000853, 10.00000000000000000, 0.5000000000000000000 ) ) ;
#6629 = CARTESIAN_POINT ( 'NONE',  ( -10.59999999999999964, 4.550000000000000711, 0.000000000000000000 ) ) ;
#6630 = EDGE_CURVE ( 'NONE', #7584, #8750, #1433, .T. ) ;
#6631 = CARTESIAN_POINT ( 'NONE',  ( -2.212500000000001243, 12.65000000000000213, 1.870000000000000107 ) ) ;
#6632 = ORIENTED_EDGE ( 'NONE', *, *, #3657, .T. ) ;
#6633 = FACE_OUTER_BOUND ( 'NONE', #267, .T. ) ;
#6634 = ORIENTED_EDGE ( 'NONE', *, *, #6939, .T. ) ;
#6635 = PLANE ( 'NONE',  #524 ) ;
#6636 = CARTESIAN_POINT ( 'NONE',  ( -4.800000000000001599, 6.950000000000001954, 0.2999999999999999889 ) ) ;
#6637 = LINE ( 'NONE', #4518, #6344 ) ;
#6638 = EDGE_CURVE ( 'NONE', #4217, #4397, #2182, .T. ) ;
#6639 = CARTESIAN_POINT ( 'NONE',  ( -2.150000000000001243, 7.500000000000006217, 1.199999999999949774 ) ) ;
#6640 = EDGE_CURVE ( 'NONE', #6293, #9355, #9295, .T. ) ;
#6641 = DIRECTION ( 'NONE',  ( -6.070773319253919496E-17, 1.000000000000000000, -0.000000000000000000 ) ) ;
#6642 = ORIENTED_EDGE ( 'NONE', *, *, #7069, .T. ) ;
#6643 = FACE_OUTER_BOUND ( 'NONE', #1025, .T. ) ;
#6644 = ORIENTED_EDGE ( 'NONE', *, *, #3540, .T. ) ;
#6645 = DIRECTION ( 'NONE',  ( -0.000000000000000000, -0.000000000000000000, 1.000000000000000000 ) ) ;
#6646 = ORIENTED_EDGE ( 'NONE', *, *, #2036, .T. ) ;
#6647 = EDGE_LOOP ( 'NONE', ( #9333, #8869, #3722, #1586 ) ) ;
#6648 = CARTESIAN_POINT ( 'NONE',  ( -2.450000000000001510, 11.60000000000000675, 1.199999999999991518 ) ) ;
#6649 = CARTESIAN_POINT ( 'NONE',  ( -4.779000000000000803, 10.00000000000000000, 0.5000000000000000000 ) ) ;
#6650 = EDGE_CURVE ( 'NONE', #1064, #8507, #1131, .T. ) ;
#6651 = DIRECTION ( 'NONE',  ( 0.000000000000000000, 1.000000000000000000, 0.000000000000000000 ) ) ;
#6652 = ORIENTED_EDGE ( 'NONE', *, *, #474, .F. ) ;
#6653 = ORIENTED_EDGE ( 'NONE', *, *, #6927, .F. ) ;
#6654 = DIRECTION ( 'NONE',  ( 1.000000000000000000, 0.000000000000000000, 0.000000000000000000 ) ) ;
#6655 = ORIENTED_EDGE ( 'NONE', *, *, #3591, .T. ) ;
#6656 = EDGE_CURVE ( 'NONE', #1473, #8787, #5, .T. ) ;
#6657 = ORIENTED_EDGE ( 'NONE', *, *, #79, .F. ) ;
#6658 = DIRECTION ( 'NONE',  ( -1.000000000000000000, 0.000000000000000000, 0.000000000000000000 ) ) ;
#6659 = CARTESIAN_POINT ( 'NONE',  ( -2.150000000000001243, 10.40000000000000036, 1.599999999999979217 ) ) ;
#6660 = CARTESIAN_POINT ( 'NONE',  ( -2.450000000000001510, 11.50000000000001066, 0.7999999999999914957 ) ) ;
#6661 = CARTESIAN_POINT ( 'NONE',  ( -4.779000000000000803, 7.730000000000000426, 0.5000000000000000000 ) ) ;
#6662 = ORIENTED_EDGE ( 'NONE', *, *, #6085, .T. ) ;
#6663 = FACE_OUTER_BOUND ( 'NONE', #6404, .T. ) ;
#6664 = ORIENTED_EDGE ( 'NONE', *, *, #180, .F. ) ;
#6665 = EDGE_CURVE ( 'NONE', #996, #4419, #7072, .T. ) ;
#6666 = CARTESIAN_POINT ( 'NONE',  ( -2.450000000000001510, 12.10000000000001386, 0.7999999999999957145 ) ) ;
#6667 = ORIENTED_EDGE ( 'NONE', *, *, #6702, .T. ) ;
#6668 = LINE ( 'NONE', #2312, #7954 ) ;
#6669 = DIRECTION ( 'NONE',  ( 0.000000000000000000, 1.000000000000000000, 0.000000000000000000 ) ) ;
#6670 = DIRECTION ( 'NONE',  ( -0.000000000000000000, -0.000000000000000000, -1.000000000000000000 ) ) ;
#6671 = DIRECTION ( 'NONE',  ( 0.000000000000000000, 1.000000000000000000, 0.000000000000000000 ) ) ;
#6672 = EDGE_LOOP ( 'NONE', ( #2311, #1756, #6851, #6850, #4194 ) ) ;
#6673 = EDGE_CURVE ( 'NONE', #1782, #507, #1488, .T. ) ;
#6674 = CYLINDRICAL_SURFACE ( 'NONE', #5193, 0.1000000000000005745 ) ;
#6675 = EDGE_LOOP ( 'NONE', ( #8052, #6735 ) ) ;
#6676 = DIRECTION ( 'NONE',  ( -1.000000000000000000, -5.463695987328527423E-16, 0.000000000000000000 ) ) ;
#6677 = DIRECTION ( 'NONE',  ( 1.000000000000000000, 6.070773319253920728E-17, -0.000000000000000000 ) ) ;
#6678 = LINE ( 'NONE', #6783, #4381 ) ;
#6679 = DIRECTION ( 'NONE',  ( -0.000000000000000000, -0.000000000000000000, -1.000000000000000000 ) ) ;
#6680 = DIRECTION ( 'NONE',  ( 1.000000000000000000, 6.070773319253919496E-17, 0.000000000000000000 ) ) ;
#6681 = EDGE_LOOP ( 'NONE', ( #8381, #4150, #7754, #6083 ) ) ;
#6682 = EDGE_CURVE ( 'NONE', #577, #6956, #8234, .T. ) ;
#6683 = CARTESIAN_POINT ( 'NONE',  ( -2.450000000000001066, 7.899999999999999467, 1.599999999999953904 ) ) ;
#6684 = ORIENTED_EDGE ( 'NONE', *, *, #9193, .F. ) ;
#6685 = DIRECTION ( 'NONE',  ( 1.000000000000000000, 6.070773319253920728E-17, -0.000000000000000000 ) ) ;
#6686 = ORIENTED_EDGE ( 'NONE', *, *, #5356, .F. ) ;
#6687 = CIRCLE ( 'NONE', #2147, 0.1000000000000005745 ) ;
#6688 = ORIENTED_EDGE ( 'NONE', *, *, #4262, .F. ) ;
#6689 = ADVANCED_FACE ( 'NONE', ( #8629 ), #4943, .T. ) ;
#6690 = FACE_BOUND ( 'NONE', #7890, .T. ) ;
#6691 = CIRCLE ( 'NONE', #2759, 0.1250000000000000278 ) ;
#6692 = DIRECTION ( 'NONE',  ( 1.000000000000000000, 6.070773319253919496E-17, 0.000000000000000000 ) ) ;
#6693 = AXIS2_PLACEMENT_3D ( 'NONE', #2539, #6142, #409 ) ;
#6694 = DIRECTION ( 'NONE',  ( -0.000000000000000000, -0.000000000000000000, 1.000000000000000000 ) ) ;
#6695 = EDGE_LOOP ( 'NONE', ( #8597, #2622 ) ) ;
#6696 = ORIENTED_EDGE ( 'NONE', *, *, #7538, .T. ) ;
#6697 = CARTESIAN_POINT ( 'NONE',  ( -2.150000000000001243, 10.00000000000000000, 0.8999999999999999112 ) ) ;
#6698 = EDGE_LOOP ( 'NONE', ( #6461, #1120, #9256, #54 ) ) ;
#6699 = ADVANCED_FACE ( 'NONE', ( #1344 ), #4234, .F. ) ;
#6700 = VECTOR ( 'NONE', #2333, 39.37007874015748143 ) ;
#6701 = ORIENTED_EDGE ( 'NONE', *, *, #8911, .F. ) ;
#6702 = EDGE_CURVE ( 'NONE', #8371, #8941, #617, .T. ) ;
#6703 = CARTESIAN_POINT ( 'NONE',  ( -2.450000000000001510, 12.10000000000001386, 0.7999999999999957145 ) ) ;
#6704 = AXIS2_PLACEMENT_3D ( 'NONE', #205, #9061, #1856 ) ;
#6705 = CARTESIAN_POINT ( 'NONE',  ( -4.641000000000000902, 7.730000000000000426, 0.5000000000000000000 ) ) ;
#6706 = DIRECTION ( 'NONE',  ( 0.000000000000000000, 1.000000000000000000, 0.000000000000000000 ) ) ;
#6707 = DIRECTION ( 'NONE',  ( 0.000000000000000000, 0.000000000000000000, -1.000000000000000000 ) ) ;
#6708 = CIRCLE ( 'NONE', #962, 0.1000000000000005745 ) ;
#6709 = ORIENTED_EDGE ( 'NONE', *, *, #3228, .T. ) ;
#6710 = CARTESIAN_POINT ( 'NONE',  ( -2.450000000000001066, 5.600000000000016520, 0.3999999999999290790 ) ) ;
#6711 = VERTEX_POINT ( 'NONE', #2140 ) ;
#6712 = CARTESIAN_POINT ( 'NONE',  ( -2.450000000000001066, 5.500000000000015987, 0.3999999999999290790 ) ) ;
#6713 = ORIENTED_EDGE ( 'NONE', *, *, #8591, .F. ) ;
#6714 = DIRECTION ( 'NONE',  ( 0.000000000000000000, 0.000000000000000000, 1.000000000000000000 ) ) ;
#6715 = ADVANCED_FACE ( 'NONE', ( #5028 ), #7922, .F. ) ;
#6716 = DIRECTION ( 'NONE',  ( 1.000000000000000000, 6.070773319253919496E-17, 0.000000000000000000 ) ) ;
#6717 = VECTOR ( 'NONE', #7370, 39.37007874015748143 ) ;
#6718 = CARTESIAN_POINT ( 'NONE',  ( -2.150000000000001243, 8.400000000000005684, 1.199999999999958211 ) ) ;
#6719 = AXIS2_PLACEMENT_3D ( 'NONE', #1116, #7648, #1030 ) ;
#6720 = DIRECTION ( 'NONE',  ( 1.000000000000000000, 6.070773319253920728E-17, -0.000000000000000000 ) ) ;
#6721 = EDGE_CURVE ( 'NONE', #4055, #2282, #4908, .T. ) ;
#6722 = CIRCLE ( 'NONE', #6263, 0.1000000000000005745 ) ;
#6723 = VERTEX_POINT ( 'NONE', #5783 ) ;
#6724 = DIRECTION ( 'NONE',  ( -0.000000000000000000, -0.000000000000000000, 1.000000000000000000 ) ) ;
#6725 = CIRCLE ( 'NONE', #4756, 0.1000000000000005745 ) ;
#6726 = ORIENTED_EDGE ( 'NONE', *, *, #1319, .F. ) ;
#6727 = DIRECTION ( 'NONE',  ( 0.000000000000000000, 1.000000000000000000, 0.000000000000000000 ) ) ;
#6728 = CARTESIAN_POINT ( 'NONE',  ( -2.450000000000001510, 11.70000000000001350, 0.7999999999999914957 ) ) ;
#6729 = DIRECTION ( 'NONE',  ( 0.000000000000000000, 1.000000000000000000, 0.000000000000000000 ) ) ;
#6730 = EDGE_CURVE ( 'NONE', #5602, #5066, #6359, .T. ) ;
#6731 = AXIS2_PLACEMENT_3D ( 'NONE', #7513, #7594, #2579 ) ;
#6732 = DIRECTION ( 'NONE',  ( -1.000000000000000000, 0.000000000000000000, 0.000000000000000000 ) ) ;
#6733 = ORIENTED_EDGE ( 'NONE', *, *, #4850, .F. ) ;
#6734 = DIRECTION ( 'NONE',  ( 0.000000000000000000, 1.000000000000000000, 0.000000000000000000 ) ) ;
#6735 = ORIENTED_EDGE ( 'NONE', *, *, #3010, .T. ) ;
#6736 = CARTESIAN_POINT ( 'NONE',  ( -2.450000000000001066, 10.10000000000000853, 1.199999999999974865 ) ) ;
#6737 = VECTOR ( 'NONE', #3975, 39.37007874015748143 ) ;
#6738 = DIRECTION ( 'NONE',  ( -0.000000000000000000, -0.000000000000000000, -1.000000000000000000 ) ) ;
#6739 = ORIENTED_EDGE ( 'NONE', *, *, #4472, .T. ) ;
#6740 = VECTOR ( 'NONE', #8255, 39.37007874015748143 ) ;
#6741 = ORIENTED_EDGE ( 'NONE', *, *, #4130, .F. ) ;
#6742 = LINE ( 'NONE', #343, #6740 ) ;
#6743 = EDGE_CURVE ( 'NONE', #450, #3418, #7478, .T. ) ;
#6744 = VECTOR ( 'NONE', #7282, 39.37007874015748143 ) ;
#6745 = DIRECTION ( 'NONE',  ( 1.000000000000000000, 6.070773319253919496E-17, 0.000000000000000000 ) ) ;
#6746 = VECTOR ( 'NONE', #8937, 39.37007874015748143 ) ;
#6747 = VECTOR ( 'NONE', #938, 39.37007874015748143 ) ;
#6748 = CARTESIAN_POINT ( 'NONE',  ( -2.450000000000001066, 7.100000000000005862, 1.199999999999945777 ) ) ;
#6749 = ORIENTED_EDGE ( 'NONE', *, *, #1634, .T. ) ;
#6750 = DIRECTION ( 'NONE',  ( 1.000000000000000000, 6.070773319253920728E-17, -0.000000000000000000 ) ) ;
#6751 = ORIENTED_EDGE ( 'NONE', *, *, #6235, .T. ) ;
#6752 = AXIS2_PLACEMENT_3D ( 'NONE', #9197, #2711, #6487 ) ;
#6753 = AXIS2_PLACEMENT_3D ( 'NONE', #7229, #5799, #19 ) ;
#6754 = VERTEX_POINT ( 'NONE', #8483 ) ;
#6755 = CARTESIAN_POINT ( 'NONE',  ( -11.14999999999999858, 4.000000000000000888, 2.000000000000000000 ) ) ;
#6756 = CIRCLE ( 'NONE', #7355, 0.1000000000000016709 ) ;
#6757 = AXIS2_PLACEMENT_3D ( 'NONE', #7849, #5614, #2833 ) ;
#6758 = CARTESIAN_POINT ( 'NONE',  ( -9.999999999999998224, 4.300000000000000711, 1.000000000000000000 ) ) ;
#6759 = DIRECTION ( 'NONE',  ( 0.000000000000000000, 0.000000000000000000, 1.000000000000000000 ) ) ;
#6760 = FACE_OUTER_BOUND ( 'NONE', #6493, .T. ) ;
#6761 = AXIS2_PLACEMENT_3D ( 'NONE', #4917, #7811, #1324 ) ;
#6762 = EDGE_CURVE ( 'NONE', #3979, #910, #8842, .T. ) ;
#6763 = EDGE_CURVE ( 'NONE', #6933, #208, #4753, .T. ) ;
#6764 = VERTEX_POINT ( 'NONE', #9243 ) ;
#6766 = AXIS2_PLACEMENT_3D ( 'NONE', #5170, #2331, #1635 ) ;
#6765 = DIRECTION ( 'NONE',  ( 1.000000000000000000, 6.070773319253919496E-17, 0.000000000000000000 ) ) ;
#6767 = VERTEX_POINT ( 'NONE', #7303 ) ;
#6768 = EDGE_LOOP ( 'NONE', ( #4782, #2690, #5115, #3840 ) ) ;
#6769 = CARTESIAN_POINT ( 'NONE',  ( -4.800000000000001599, 4.600000000000000533, 0.4499999999999999556 ) ) ;
#6770 = ORIENTED_EDGE ( 'NONE', *, *, #714, .T. ) ;
#6771 = CYLINDRICAL_SURFACE ( 'NONE', #538, 0.1000000000000005745 ) ;
#6772 = FACE_BOUND ( 'NONE', #9290, .T. ) ;
#6773 = AXIS2_PLACEMENT_3D ( 'NONE', #5316, #4610, #1014 ) ;
#6774 = DIRECTION ( 'NONE',  ( 0.000000000000000000, 1.000000000000000000, 0.000000000000000000 ) ) ;
#6775 = DIRECTION ( 'NONE',  ( 0.000000000000000000, 1.000000000000000000, 0.000000000000000000 ) ) ;
#6776 = CIRCLE ( 'NONE', #5397, 0.1000000000000005745 ) ;
#6777 = ORIENTED_EDGE ( 'NONE', *, *, #6210, .F. ) ;
#6778 = CARTESIAN_POINT ( 'NONE',  ( -2.450000000000001066, 7.500000000000006217, 1.199999999999949774 ) ) ;
#6779 = ORIENTED_EDGE ( 'NONE', *, *, #8674, .F. ) ;
#6780 = CARTESIAN_POINT ( 'NONE',  ( -2.150000000000001243, 6.700000000000016165, 0.3999999999999415135 ) ) ;
#6781 =( NAMED_UNIT ( * ) SI_UNIT ( $, .STERADIAN. ) SOLID_ANGLE_UNIT ( ) );
#6782 = EDGE_CURVE ( 'NONE', #866, #4217, #5223, .T. ) ;
#6783 = CARTESIAN_POINT ( 'NONE',  ( -5.850000000000001421, 12.69999999999999929, 2.000000000000000000 ) ) ;
#6784 = CARTESIAN_POINT ( 'NONE',  ( -2.450000000000001066, 6.500000000000017764, 0.3999999999999374056 ) ) ;
#6785 = VERTEX_POINT ( 'NONE', #6032 ) ;
#6786 = CARTESIAN_POINT ( 'NONE',  ( -2.450000000000001066, 10.00000000000000000, 0.5000000000000000000 ) ) ;
#6787 = CIRCLE ( 'NONE', #4065, 0.06900000000000089395 ) ;
#6788 = ORIENTED_EDGE ( 'NONE', *, *, #3631, .T. ) ;
#6789 = DIRECTION ( 'NONE',  ( 1.000000000000000000, 6.070773319253920728E-17, -0.000000000000000000 ) ) ;
#6790 = EDGE_CURVE ( 'NONE', #8923, #7389, #869, .T. ) ;
#6791 = CYLINDRICAL_SURFACE ( 'NONE', #8892, 0.1249999999999999029 ) ;
#6792 = ORIENTED_EDGE ( 'NONE', *, *, #3317, .F. ) ;
#6793 = ORIENTED_EDGE ( 'NONE', *, *, #1194, .F. ) ;
#6794 = CARTESIAN_POINT ( 'NONE',  ( -2.150000000000001243, 10.40000000000000746, 1.199999999999979083 ) ) ;
#6795 = DIRECTION ( 'NONE',  ( 0.000000000000000000, 1.000000000000000000, 0.000000000000000000 ) ) ;
#6796 = DIRECTION ( 'NONE',  ( 0.000000000000000000, 1.000000000000000000, 0.000000000000000000 ) ) ;
#6797 = DIRECTION ( 'NONE',  ( 0.000000000000000000, 1.000000000000000000, 0.000000000000000000 ) ) ;
#6798 = EDGE_CURVE ( 'NONE', #7144, #5129, #372, .T. ) ;
#6799 = EDGE_LOOP ( 'NONE', ( #7369, #800 ) ) ;
#6800 = ORIENTED_EDGE ( 'NONE', *, *, #3088, .T. ) ;
#6801 = DIRECTION ( 'NONE',  ( 0.000000000000000000, 1.000000000000000000, 0.000000000000000000 ) ) ;
#6802 = CARTESIAN_POINT ( 'NONE',  ( -2.150000000000001243, 6.900000000000006573, 1.199999999999941558 ) ) ;
#6803 = CARTESIAN_POINT ( 'NONE',  ( -2.450000000000001510, 11.90000000000000568, 1.199999999999995737 ) ) ;
#6804 = DIRECTION ( 'NONE',  ( -0.000000000000000000, -0.000000000000000000, -1.000000000000000000 ) ) ;
#6805 = ORIENTED_EDGE ( 'NONE', *, *, #1612, .T. ) ;
#6806 = ADVANCED_FACE ( 'NONE', ( #253 ), #3711, .F. ) ;
#6807 = EDGE_LOOP ( 'NONE', ( #4901, #5598, #5318, #5931 ) ) ;
#6808 = DIRECTION ( 'NONE',  ( 0.000000000000000000, 0.000000000000000000, 1.000000000000000000 ) ) ;
#6809 = ORIENTED_EDGE ( 'NONE', *, *, #6019, .F. ) ;
#6810 = DIRECTION ( 'NONE',  ( -1.000000000000000000, 0.000000000000000000, 0.000000000000000000 ) ) ;
#6811 = FACE_BOUND ( 'NONE', #5393, .T. ) ;
#6812 = FACE_BOUND ( 'NONE', #9204, .T. ) ;
#6813 = EDGE_CURVE ( 'NONE', #4075, #5295, #6598, .T. ) ;
#6814 = CARTESIAN_POINT ( 'NONE',  ( -2.150000000000001243, 10.00000000000000000, 1.599999999999974998 ) ) ;
#6815 = PRODUCT_DEFINITION_CONTEXT ( 'detailed design', #1834, 'design' ) ;
#6816 = ORIENTED_EDGE ( 'NONE', *, *, #1142, .F. ) ;
#6817 = DIRECTION ( 'NONE',  ( 0.000000000000000000, 1.000000000000000000, 0.000000000000000000 ) ) ;
#6818 = ORIENTED_EDGE ( 'NONE', *, *, #4425, .T. ) ;
#6819 = CARTESIAN_POINT ( 'NONE',  ( -2.450000000000001066, 9.700000000000008171, 1.199999999999970646 ) ) ;
#6820 = EDGE_CURVE ( 'NONE', #6840, #6785, #1878, .T. ) ;
#6821 = FACE_OUTER_BOUND ( 'NONE', #3624, .T. ) ;
#6822 = EDGE_CURVE ( 'NONE', #4695, #4075, #8162, .T. ) ;
#6823 = EDGE_CURVE ( 'NONE', #1736, #5623, #8919, .T. ) ;
#6824 = DIRECTION ( 'NONE',  ( -1.000000000000000000, 0.000000000000000000, 0.000000000000000000 ) ) ;
#6825 = ORIENTED_EDGE ( 'NONE', *, *, #5900, .T. ) ;
#6826 = DIRECTION ( 'NONE',  ( 1.000000000000000000, 6.070773319253920728E-17, -0.000000000000000000 ) ) ;
#6827 = EDGE_LOOP ( 'NONE', ( #162, #3432, #8549, #4387 ) ) ;
#6828 = DIRECTION ( 'NONE',  ( -0.000000000000000000, -0.000000000000000000, -1.000000000000000000 ) ) ;
#6829 = FACE_OUTER_BOUND ( 'NONE', #7265, .T. ) ;
#6830 = ORIENTED_EDGE ( 'NONE', *, *, #5178, .T. ) ;
#6831 = ORIENTED_EDGE ( 'NONE', *, *, #3026, .F. ) ;
#6832 = CYLINDRICAL_SURFACE ( 'NONE', #2654, 0.08750000000000063283 ) ;
#6833 = EDGE_CURVE ( 'NONE', #8115, #866, #8533, .T. ) ;
#6834 = DIRECTION ( 'NONE',  ( 1.000000000000000000, 0.000000000000000000, 0.000000000000000000 ) ) ;
#6835 = EDGE_CURVE ( 'NONE', #8482, #461, #3098, .T. ) ;
#6836 = CARTESIAN_POINT ( 'NONE',  ( -2.450000000000001066, 8.400000000000005684, 1.199999999999958211 ) ) ;
#6837 = AXIS2_PLACEMENT_3D ( 'NONE', #6373, #1359, #8504 ) ;
#6838 = ORIENTED_EDGE ( 'NONE', *, *, #2428, .T. ) ;
#6839 = FACE_OUTER_BOUND ( 'NONE', #7033, .T. ) ;
#6840 = VERTEX_POINT ( 'NONE', #2285 ) ;
#6841 = VERTEX_POINT ( 'NONE', #2335 ) ;
#6842 = CARTESIAN_POINT ( 'NONE',  ( -2.150000000000001243, 9.599999999999999645, 1.599999999999970557 ) ) ;
#6843 = AXIS2_PLACEMENT_3D ( 'NONE', #7690, #440, #3915 ) ;
#6844 = AXIS2_PLACEMENT_3D ( 'NONE', #4851, #7737, #1251 ) ;
#6845 = DIRECTION ( 'NONE',  ( 7.210621700954070322E-33, -1.187759997245332081E-16, 1.000000000000000000 ) ) ;
#6846 = EDGE_CURVE ( 'NONE', #3502, #2206, #1277, .T. ) ;
#6847 = CYLINDRICAL_SURFACE ( 'NONE', #3243, 0.1224999999999995814 ) ;
#6848 = DIRECTION ( 'NONE',  ( -0.000000000000000000, -0.000000000000000000, 1.000000000000000000 ) ) ;
#6849 = AXIS2_PLACEMENT_3D ( 'NONE', #8583, #4193, #7070 ) ;
#6850 = ORIENTED_EDGE ( 'NONE', *, *, #3088, .F. ) ;
#6851 = ORIENTED_EDGE ( 'NONE', *, *, #1568, .T. ) ;
#6852 = CARTESIAN_POINT ( 'NONE',  ( -2.450000000000001066, 11.20000000000000107, 1.599999999999987210 ) ) ;
#6853 = VERTEX_POINT ( 'NONE', #3004 ) ;
#6854 = DIRECTION ( 'NONE',  ( 1.000000000000000000, 6.070773319253919496E-17, 0.000000000000000000 ) ) ;
#6855 = FACE_BOUND ( 'NONE', #1254, .T. ) ;
#6856 = PLANE ( 'NONE',  #3123 ) ;
#6857 = VECTOR ( 'NONE', #2425, 39.37007874015748143 ) ;
#6858 = DIRECTION ( 'NONE',  ( 1.000000000000000000, 6.070773319253919496E-17, 0.000000000000000000 ) ) ;
#6859 = EDGE_CURVE ( 'NONE', #3149, #3955, #112, .T. ) ;
#6860 = VECTOR ( 'NONE', #4655, 39.37007874015748143 ) ;
#6861 = CARTESIAN_POINT ( 'NONE',  ( -5.150000000000000355, 12.20000000000000284, 1.624999999999999778 ) ) ;
#6862 = ORIENTED_EDGE ( 'NONE', *, *, #7867, .F. ) ;
#6863 = DIRECTION ( 'NONE',  ( 0.000000000000000000, -1.000000000000000000, 0.000000000000000000 ) ) ;
#6864 = EDGE_LOOP ( 'NONE', ( #708, #200 ) ) ;
#6865 = DIRECTION ( 'NONE',  ( 1.000000000000000000, 6.070773319253919496E-17, 0.000000000000000000 ) ) ;
#6866 = AXIS2_PLACEMENT_3D ( 'NONE', #5427, #7560, #1826 ) ;
#6867 = LINE ( 'NONE', #378, #441 ) ;
#6868 = PRODUCT ( 'EnclosureBSLnew (1)', 'EnclosureBSLnew (1)', '', ( #1942 ) ) ;
#6869 = AXIS2_PLACEMENT_3D ( 'NONE', #3291, #8262, #5505 ) ;
#6870 = DIRECTION ( 'NONE',  ( 1.000000000000000000, 6.070773319253920728E-17, -0.000000000000000000 ) ) ;
#6871 = CIRCLE ( 'NONE', #2340, 0.1249999999999999029 ) ;
#6872 = ORIENTED_EDGE ( 'NONE', *, *, #3587, .F. ) ;
#6873 = EDGE_CURVE ( 'NONE', #1363, #8499, #4156, .T. ) ;
#6874 = FACE_OUTER_BOUND ( 'NONE', #827, .T. ) ;
#6875 = VERTEX_POINT ( 'NONE', #1681 ) ;
#6876 = DIRECTION ( 'NONE',  ( 0.000000000000000000, 1.000000000000000000, 0.000000000000000000 ) ) ;
#6877 = DIRECTION ( 'NONE',  ( -0.000000000000000000, 1.000000000000000000, -0.000000000000000000 ) ) ;
#6878 = ORIENTED_EDGE ( 'NONE', *, *, #2745, .F. ) ;
#6879 = AXIS2_PLACEMENT_3D ( 'NONE', #7582, #2563, #6876 ) ;
#6880 = ORIENTED_EDGE ( 'NONE', *, *, #2707, .F. ) ;
#6881 = DIRECTION ( 'NONE',  ( 1.000000000000000000, 6.070773319253919496E-17, 0.000000000000000000 ) ) ;
#6882 = CIRCLE ( 'NONE', #2047, 0.06889763779527564858 ) ;
#6883 = DIRECTION ( 'NONE',  ( -1.000000000000000000, 0.000000000000000000, 0.000000000000000000 ) ) ;
#6884 = EDGE_CURVE ( 'NONE', #4419, #731, #6722, .T. ) ;
#6885 = DIRECTION ( 'NONE',  ( -1.000000000000000000, 0.000000000000000000, 0.000000000000000000 ) ) ;
#6886 = CIRCLE ( 'NONE', #4166, 0.5000000000000007772 ) ;
#6887 = EDGE_LOOP ( 'NONE', ( #9244, #1883, #6360, #223 ) ) ;
#6888 = FACE_OUTER_BOUND ( 'NONE', #2529, .T. ) ;
#6889 = ORIENTED_EDGE ( 'NONE', *, *, #2481, .T. ) ;
#6890 = VERTEX_POINT ( 'NONE', #4525 ) ;
#6891 = LINE ( 'NONE', #5463, #2502 ) ;
#6892 = AXIS2_PLACEMENT_3D ( 'NONE', #3899, #5307, #4690 ) ;
#6893 = AXIS2_PLACEMENT_3D ( 'NONE', #8751, #6897, #9073 ) ;
#6894 = CIRCLE ( 'NONE', #236, 0.1000000000000016709 ) ;
#6895 = DIRECTION ( 'NONE',  ( -6.070773319253919496E-17, 1.000000000000000000, -0.000000000000000000 ) ) ;
#6896 = CYLINDRICAL_SURFACE ( 'NONE', #6719, 0.06899999999999945066 ) ;
#6897 = DIRECTION ( 'NONE',  ( 1.000000000000000000, 6.070773319253919496E-17, 0.000000000000000000 ) ) ;
#6898 = AXIS2_PLACEMENT_3D ( 'NONE', #630, #9216, #4105 ) ;
#6899 = ORIENTED_EDGE ( 'NONE', *, *, #7533, .F. ) ;
#6900 = AXIS2_PLACEMENT_3D ( 'NONE', #1646, #4382, #7263 ) ;
#6901 = ORIENTED_EDGE ( 'NONE', *, *, #4849, .T. ) ;
#6902 = AXIS2_PLACEMENT_3D ( 'NONE', #3488, #6372, #8601 ) ;
#6903 = FACE_OUTER_BOUND ( 'NONE', #5297, .T. ) ;
#6904 = ORIENTED_EDGE ( 'NONE', *, *, #3879, .F. ) ;
#6905 = DIRECTION ( 'NONE',  ( 0.000000000000000000, 0.000000000000000000, 1.000000000000000000 ) ) ;
#6906 = FACE_BOUND ( 'NONE', #6864, .T. ) ;
#6907 = ADVANCED_FACE ( 'NONE', ( #6543 ), #2243, .F. ) ;
#6908 = DIRECTION ( 'NONE',  ( -0.000000000000000000, 1.000000000000000000, -0.000000000000000000 ) ) ;
#6909 = VECTOR ( 'NONE', #7777, 39.37007874015748143 ) ;
#6910 = CARTESIAN_POINT ( 'NONE',  ( -5.850000000000001421, 8.010000000000003340, 0.4610000000000000764 ) ) ;
#6911 = AXIS2_PLACEMENT_3D ( 'NONE', #8034, #7272, #8137 ) ;
#6912 = CARTESIAN_POINT ( 'NONE',  ( -2.450000000000001066, 6.000000000000016875, 0.3999999999999331868 ) ) ;
#6913 = ORIENTED_EDGE ( 'NONE', *, *, #5386, .T. ) ;
#6914 = DIRECTION ( 'NONE',  ( 0.000000000000000000, 1.000000000000000000, 0.000000000000000000 ) ) ;
#6915 = CIRCLE ( 'NONE', #2985, 0.1000000000000005745 ) ;
#6916 = VERTEX_POINT ( 'NONE', #957 ) ;
#6917 = DIRECTION ( 'NONE',  ( -1.000000000000000000, -5.463695987328527423E-16, 0.000000000000000000 ) ) ;
#6918 = ADVANCED_FACE ( 'NONE', ( #5174 ), #8066, .F. ) ;
#6919 = EDGE_CURVE ( 'NONE', #2459, #4846, #7442, .T. ) ;
#6920 = AXIS2_PLACEMENT_3D ( 'NONE', #4206, #9254, #2778 ) ;
#6921 = CARTESIAN_POINT ( 'NONE',  ( -2.450000000000001066, 9.500000000000000000, 1.599999999999970557 ) ) ;
#6922 = VERTEX_POINT ( 'NONE', #1723 ) ;
#6923 = DIRECTION ( 'NONE',  ( 0.000000000000000000, 1.000000000000000000, 0.000000000000000000 ) ) ;
#6924 = VERTEX_POINT ( 'NONE', #8959 ) ;
#6925 = PLANE ( 'NONE',  #5510 ) ;
#6926 = CARTESIAN_POINT ( 'NONE',  ( -2.150000000000001243, 12.40000000000000746, 1.199999999999999734 ) ) ;
#6927 = EDGE_CURVE ( 'NONE', #1490, #9323, #3246, .T. ) ;
#6928 = DIRECTION ( 'NONE',  ( 0.000000000000000000, 1.000000000000000000, 0.000000000000000000 ) ) ;
#6929 = FACE_BOUND ( 'NONE', #1543, .T. ) ;
#6930 = EDGE_CURVE ( 'NONE', #2722, #5927, #1592, .T. ) ;
#6931 = EDGE_CURVE ( 'NONE', #5508, #298, #4085, .T. ) ;
#6932 = DIRECTION ( 'NONE',  ( 1.000000000000000000, 0.000000000000000000, 0.000000000000000000 ) ) ;
#6933 = VERTEX_POINT ( 'NONE', #8249 ) ;
#6934 = DIRECTION ( 'NONE',  ( 1.000000000000000000, 6.070773319253919496E-17, 0.000000000000000000 ) ) ;
#6935 = DIRECTION ( 'NONE',  ( 1.000000000000000000, 6.070773319253920728E-17, -0.000000000000000000 ) ) ;
#6936 = EDGE_LOOP ( 'NONE', ( #4261, #6070, #4952, #4449 ) ) ;
#6937 = EDGE_LOOP ( 'NONE', ( #1795, #8582 ) ) ;
#6938 = CARTESIAN_POINT ( 'NONE',  ( -2.150000000000000799, 6.100000000000001421, 1.599999999999933253 ) ) ;
#6939 = EDGE_CURVE ( 'NONE', #2880, #2068, #8332, .T. ) ;
#6940 = EDGE_CURVE ( 'NONE', #3275, #2578, #8384, .T. ) ;
#6941 = CYLINDRICAL_SURFACE ( 'NONE', #1250, 0.1000000000000005745 ) ;
#6942 = CARTESIAN_POINT ( 'NONE',  ( -2.387500000000001066, 4.150000000000000355, 2.000000000000000000 ) ) ;
#6943 = CARTESIAN_POINT ( 'NONE',  ( -6.150000000000000355, 12.80000000000000071, 0.000000000000000000 ) ) ;
#6944 = ORIENTED_EDGE ( 'NONE', *, *, #6451, .F. ) ;
#6945 = VERTEX_POINT ( 'NONE', #3231 ) ;
#6946 = CARTESIAN_POINT ( 'NONE',  ( -2.450000000000001066, 4.900000000000006573, 1.199999999999920686 ) ) ;
#6947 = ORIENTED_EDGE ( 'NONE', *, *, #6656, .T. ) ;
#6948 = CARTESIAN_POINT ( 'NONE',  ( -2.150000000000000799, 5.300000000000000711, 1.599999999999925038 ) ) ;
#6949 = FACE_BOUND ( 'NONE', #8451, .T. ) ;
#6950 = VECTOR ( 'NONE', #2988, 39.37007874015748143 ) ;
#6951 = DIRECTION ( 'NONE',  ( -1.000000000000000000, 0.000000000000000000, 0.000000000000000000 ) ) ;
#6952 = CARTESIAN_POINT ( 'NONE',  ( -2.150000000000000799, 6.300000000000016698, 0.3999999999999374056 ) ) ;
#6953 = EDGE_CURVE ( 'NONE', #9025, #6432, #2948, .T. ) ;
#6954 = ORIENTED_EDGE ( 'NONE', *, *, #3058, .F. ) ;
#6955 = DIRECTION ( 'NONE',  ( 1.000000000000000000, 6.070773319253919496E-17, 0.000000000000000000 ) ) ;
#6956 = VERTEX_POINT ( 'NONE', #3991 ) ;
#6957 = CYLINDRICAL_SURFACE ( 'NONE', #9129, 0.1000000000000016709 ) ;
#6958 = EDGE_LOOP ( 'NONE', ( #5317, #3199 ) ) ;
#6959 = CYLINDRICAL_SURFACE ( 'NONE', #9147, 0.06899999999999972822 ) ;
#6960 = DIRECTION ( 'NONE',  ( 0.000000000000000000, 0.000000000000000000, 1.000000000000000000 ) ) ;
#6961 = DIRECTION ( 'NONE',  ( 0.000000000000000000, 1.000000000000000000, 0.000000000000000000 ) ) ;
#6962 = EDGE_CURVE ( 'NONE', #8507, #2141, #1850, .T. ) ;
#6963 = ORIENTED_EDGE ( 'NONE', *, *, #4262, .T. ) ;
#6964 = DIRECTION ( 'NONE',  ( 0.000000000000000000, 1.000000000000000000, 0.000000000000000000 ) ) ;
#6965 = ORIENTED_EDGE ( 'NONE', *, *, #5445, .T. ) ;
#6966 = CARTESIAN_POINT ( 'NONE',  ( -10.59999999999999964, 7.449999999999999289, 0.2999999999999999889 ) ) ;
#6967 = DIRECTION ( 'NONE',  ( 0.000000000000000000, 1.000000000000000000, 0.000000000000000000 ) ) ;
#6968 = CARTESIAN_POINT ( 'NONE',  ( -11.00000000000000178, 4.150000000000000355, 2.000000000000000000 ) ) ;
#6969 = FACE_BOUND ( 'NONE', #8135, .T. ) ;
#6970 = DIRECTION ( 'NONE',  ( 1.000000000000000000, 6.070773319253919496E-17, 0.000000000000000000 ) ) ;
#6971 = ADVANCED_FACE ( 'NONE', ( #1052 ), #9009, .F. ) ;
#6972 = CARTESIAN_POINT ( 'NONE',  ( -11.00000000000000178, 7.849999999999998757, 1.870000000000000107 ) ) ;
#6973 = ORIENTED_EDGE ( 'NONE', *, *, #6409, .T. ) ;
#6974 = CARTESIAN_POINT ( 'NONE',  ( -2.450000000000001510, 12.00000000000000178, 1.599999999999995870 ) ) ;
#6975 = EDGE_CURVE ( 'NONE', #7020, #303, #9094, .T. ) ;
#6976 = DIRECTION ( 'NONE',  ( 0.000000000000000000, 1.000000000000000000, 0.000000000000000000 ) ) ;
#6977 = VERTEX_POINT ( 'NONE', #3946 ) ;
#6978 = CIRCLE ( 'NONE', #1228, 0.5000000000000007772 ) ;
#6979 = ORIENTED_EDGE ( 'NONE', *, *, #3134, .T. ) ;
#6980 = CYLINDRICAL_SURFACE ( 'NONE', #7041, 0.1224999999999995814 ) ;
#6981 = CARTESIAN_POINT ( 'NONE',  ( -9.680768314573425570, 6.364173228346458266, 1.583070866141732536 ) ) ;
#6982 = CARTESIAN_POINT ( 'NONE',  ( -2.450000000000001066, 10.10000000000000853, 1.199999999999974865 ) ) ;
#6983 = CARTESIAN_POINT ( 'NONE',  ( -6.500000000000000888, 7.434999999999998721, 0.4499999999999999556 ) ) ;
#6984 = ORIENTED_EDGE ( 'NONE', *, *, #3035, .F. ) ;
#6985 = EDGE_CURVE ( 'NONE', #8067, #4524, #2189, .T. ) ;
#6986 = EDGE_LOOP ( 'NONE', ( #1983, #8182, #3318, #3712 ) ) ;
#6987 = DIRECTION ( 'NONE',  ( 1.000000000000000000, 6.070773319253919496E-17, 0.000000000000000000 ) ) ;
#6988 = EDGE_LOOP ( 'NONE', ( #9213, #99 ) ) ;
#6989 = DIRECTION ( 'NONE',  ( 0.000000000000000000, 1.000000000000000000, 0.000000000000000000 ) ) ;
#6990 = DIRECTION ( 'NONE',  ( 0.000000000000000000, 0.000000000000000000, 1.000000000000000000 ) ) ;
#6991 = AXIS2_PLACEMENT_3D ( 'NONE', #7087, #3397, #5756 ) ;
#6992 = FACE_BOUND ( 'NONE', #4303, .T. ) ;
#6993 = CARTESIAN_POINT ( 'NONE',  ( -2.450000000000001066, 4.500000000000000888, 1.599999999999916600 ) ) ;
#6994 = AXIS2_PLACEMENT_3D ( 'NONE', #2761, #663, #7729 ) ;
#6995 = ORIENTED_EDGE ( 'NONE', *, *, #870, .F. ) ;
#6996 = CARTESIAN_POINT ( 'NONE',  ( -2.450000000000001066, 10.50000000000000178, 1.599999999999979217 ) ) ;
#6997 = VERTEX_POINT ( 'NONE', #4741 ) ;
#6998 = CYLINDRICAL_SURFACE ( 'NONE', #5647, 0.1000000000000016709 ) ;
#6999 = DIRECTION ( 'NONE',  ( 1.000000000000000000, 6.070773319253920728E-17, -0.000000000000000000 ) ) ;
#7000 = ORIENTED_EDGE ( 'NONE', *, *, #3157, .F. ) ;
#7001 = DIRECTION ( 'NONE',  ( -1.000000000000000000, 2.185478394931410575E-16, -0.000000000000000000 ) ) ;
#7002 = CARTESIAN_POINT ( 'NONE',  ( -2.150000000000001243, 10.00000000000000711, 1.199999999999974865 ) ) ;
#7003 = CIRCLE ( 'NONE', #4884, 0.4133858267716539192 ) ;
#7004 = ADVANCED_FACE ( 'NONE', ( #6206, #3279, #3908 ), #6925, .T. ) ;
#7005 = AXIS2_PLACEMENT_3D ( 'NONE', #2713, #6970, #8478 ) ;
#7006 = DIRECTION ( 'NONE',  ( -0.000000000000000000, 0.000000000000000000, -1.000000000000000000 ) ) ;
#7007 = AXIS2_PLACEMENT_3D ( 'NONE', #9045, #5403, #425 ) ;
#7008 = EDGE_LOOP ( 'NONE', ( #8587, #2859 ) ) ;
#7009 = DIRECTION ( 'NONE',  ( 0.000000000000000000, 1.000000000000000000, 0.000000000000000000 ) ) ;
#7010 = CIRCLE ( 'NONE', #9274, 0.4133858267716539192 ) ;
#7011 = ORIENTED_EDGE ( 'NONE', *, *, #3174, .T. ) ;
#7012 = CARTESIAN_POINT ( 'NONE',  ( -2.150000000000001243, 7.100000000000000533, 1.599999999999945688 ) ) ;
#7013 = FACE_OUTER_BOUND ( 'NONE', #1998, .T. ) ;
#7014 = ORIENTED_EDGE ( 'NONE', *, *, #692, .F. ) ;
#7015 = EDGE_CURVE ( 'NONE', #1810, #5154, #9056, .T. ) ;
#7016 = AXIS2_PLACEMENT_3D ( 'NONE', #7639, #6935, #6976 ) ;
#7017 = CIRCLE ( 'NONE', #6566, 0.1000000000000005745 ) ;
#7018 = FACE_OUTER_BOUND ( 'NONE', #6151, .T. ) ;
#7019 = DIRECTION ( 'NONE',  ( 1.000000000000000000, 0.000000000000000000, -0.000000000000000000 ) ) ;
#7020 = VERTEX_POINT ( 'NONE', #3321 ) ;
#7021 = DIRECTION ( 'NONE',  ( 1.000000000000000000, 6.070773319253920728E-17, -0.000000000000000000 ) ) ;
#7022 = AXIS2_PLACEMENT_3D ( 'NONE', #2390, #2950, #8121 ) ;
#7023 = ORIENTED_EDGE ( 'NONE', *, *, #6919, .T. ) ;
#7024 = CARTESIAN_POINT ( 'NONE',  ( -5.700000000000001066, 10.80000000000000249, 1.594999999999999751 ) ) ;
#7025 = ORIENTED_EDGE ( 'NONE', *, *, #8859, .T. ) ;
#7026 = ORIENTED_EDGE ( 'NONE', *, *, #1554, .F. ) ;
#7027 = DIRECTION ( 'NONE',  ( -0.000000000000000000, -0.000000000000000000, 1.000000000000000000 ) ) ;
#7028 = EDGE_CURVE ( 'NONE', #5641, #7499, #4309, .T. ) ;
#7029 = AXIS2_PLACEMENT_3D ( 'NONE', #6350, #9282, #8523 ) ;
#7030 = CYLINDRICAL_SURFACE ( 'NONE', #1098, 0.1000000000000005745 ) ;
#7031 = DIRECTION ( 'NONE',  ( 1.000000000000000000, 6.070773319253919496E-17, 0.000000000000000000 ) ) ;
#7032 = VERTEX_POINT ( 'NONE', #5493 ) ;
#7033 = EDGE_LOOP ( 'NONE', ( #3855, #9180, #6429, #4475 ) ) ;
#7034 = CARTESIAN_POINT ( 'NONE',  ( -2.450000000000001510, 12.30000000000001670, 0.3999999999999998557 ) ) ;
#7035 = VECTOR ( 'NONE', #9047, 39.37007874015748143 ) ;
#7036 = VERTEX_POINT ( 'NONE', #6071 ) ;
#7037 = DIRECTION ( 'NONE',  ( 1.000000000000000000, 6.070773319253919496E-17, 0.000000000000000000 ) ) ;
#7038 = CARTESIAN_POINT ( 'NONE',  ( -10.84999999999999964, 7.700000000000000178, 2.000000000000000000 ) ) ;
#7039 = AXIS2_PLACEMENT_3D ( 'NONE', #2879, #7995, #7278 ) ;
#7040 = EDGE_CURVE ( 'NONE', #1945, #7768, #8382, .T. ) ;
#7041 = AXIS2_PLACEMENT_3D ( 'NONE', #4238, #7027, #4057 ) ;
#7042 = FACE_BOUND ( 'NONE', #5284, .T. ) ;
#7043 = CARTESIAN_POINT ( 'NONE',  ( -4.710000000000000853, 10.00000000000000000, 0.2999999999999999889 ) ) ;
#7044 = EDGE_CURVE ( 'NONE', #1034, #910, #4795, .T. ) ;
#7045 = VECTOR ( 'NONE', #1967, 39.37007874015748143 ) ;
#7046 = EDGE_LOOP ( 'NONE', ( #9223, #4856, #8245, #6304 ) ) ;
#7048 = AXIS2_PLACEMENT_3D ( 'NONE', #1798, #3347, #9119 ) ;
#7047 = DIRECTION ( 'NONE',  ( 1.000000000000000000, 0.000000000000000000, 0.000000000000000000 ) ) ;
#7049 = EDGE_LOOP ( 'NONE', ( #9212, #4094, #4944, #2120 ) ) ;
#7050 = CARTESIAN_POINT ( 'NONE',  ( -2.925000000000001155, 7.730000000000000426, 0.5000000000000000000 ) ) ;
#7051 = DIRECTION ( 'NONE',  ( 0.000000000000000000, 1.000000000000000000, 0.000000000000000000 ) ) ;
#7052 = ORIENTED_EDGE ( 'NONE', *, *, #4595, .T. ) ;
#7053 = DIRECTION ( 'NONE',  ( -0.000000000000000000, -0.000000000000000000, -1.000000000000000000 ) ) ;
#7054 = DIRECTION ( 'NONE',  ( 0.000000000000000000, 1.000000000000000000, 0.000000000000000000 ) ) ;
#7055 = VECTOR ( 'NONE', #8910, 39.37007874015748143 ) ;
#7056 = VECTOR ( 'NONE', #883, 39.37007874015748143 ) ;
#7057 = EDGE_CURVE ( 'NONE', #6754, #8335, #226, .T. ) ;
#7058 = FACE_OUTER_BOUND ( 'NONE', #3230, .T. ) ;
#7059 = VERTEX_POINT ( 'NONE', #2710 ) ;
#7060 = DIRECTION ( 'NONE',  ( 1.000000000000000000, 6.070773319253920728E-17, -0.000000000000000000 ) ) ;
#7061 = EDGE_LOOP ( 'NONE', ( #7823, #3135 ) ) ;
#7062 = DIRECTION ( 'NONE',  ( 1.000000000000000000, 0.000000000000000000, 0.000000000000000000 ) ) ;
#7063 = DIRECTION ( 'NONE',  ( 0.000000000000000000, 1.000000000000000000, 0.000000000000000000 ) ) ;
#7064 = EDGE_LOOP ( 'NONE', ( #8565, #8618, #5851, #4331 ) ) ;
#7065 = AXIS2_PLACEMENT_3D ( 'NONE', #1971, #4954, #9308 ) ;
#7066 = FACE_OUTER_BOUND ( 'NONE', #871, .T. ) ;
#7067 = CARTESIAN_POINT ( 'NONE',  ( -5.850000000000001421, 10.80000000000000249, 1.400999999999999579 ) ) ;
#7068 = VERTEX_POINT ( 'NONE', #1948 ) ;
#7069 = EDGE_CURVE ( 'NONE', #5129, #3656, #4975, .T. ) ;
#7070 = DIRECTION ( 'NONE',  ( 0.000000000000000000, -0.000000000000000000, -1.000000000000000000 ) ) ;
#7071 = ORIENTED_EDGE ( 'NONE', *, *, #8027, .F. ) ;
#7072 = LINE ( 'NONE', #8535, #4466 ) ;
#7073 = VERTEX_POINT ( 'NONE', #4835 ) ;
#7074 = EDGE_LOOP ( 'NONE', ( #8442, #8132, #915, #982 ) ) ;
#7075 = CARTESIAN_POINT ( 'NONE',  ( -2.450000000000001510, 12.10000000000002096, 0.3999999999999957478 ) ) ;
#7076 = LINE ( 'NONE', #8541, #487 ) ;
#7077 = EDGE_CURVE ( 'NONE', #9024, #1668, #9336, .T. ) ;
#7078 = CARTESIAN_POINT ( 'NONE',  ( -2.450000000000001066, 10.90000000000001279, 0.7999999999999831690 ) ) ;
#7079 = ORIENTED_EDGE ( 'NONE', *, *, #9139, .T. ) ;
#7080 = ORIENTED_EDGE ( 'NONE', *, *, #5035, .F. ) ;
#7081 = DIRECTION ( 'NONE',  ( 0.000000000000000000, 1.000000000000000000, 0.000000000000000000 ) ) ;
#7082 = EDGE_CURVE ( 'NONE', #5225, #6432, #571, .T. ) ;
#7083 = ORIENTED_EDGE ( 'NONE', *, *, #6410, .F. ) ;
#7084 = CYLINDRICAL_SURFACE ( 'NONE', #6898, 0.06900000000000026945 ) ;
#7085 = CARTESIAN_POINT ( 'NONE',  ( -2.150000000000001243, 10.00000000000000000, 0.8999999999999999112 ) ) ;
#7086 = CARTESIAN_POINT ( 'NONE',  ( -2.450000000000001066, 6.100000000000006750, 1.199999999999933120 ) ) ;
#7087 = CARTESIAN_POINT ( 'NONE',  ( -2.450000000000001066, 5.600000000000000533, 1.599999999999929035 ) ) ;
#7089 = VERTEX_POINT ( 'NONE', #2043 ) ;
#7088 = ADVANCED_FACE ( 'NONE', ( #4126 ), #6308, .F. ) ;
#7090 = CYLINDRICAL_SURFACE ( 'NONE', #91, 0.1000000000000005745 ) ;
#7091 = VERTEX_POINT ( 'NONE', #8473 ) ;
#7092 = CARTESIAN_POINT ( 'NONE',  ( -2.869000000000000661, 10.00000000000000000, 0.5000000000000000000 ) ) ;
#7093 = CARTESIAN_POINT ( 'NONE',  ( -2.450000000000001066, 7.500000000000006217, 1.199999999999949774 ) ) ;
#7094 = ADVANCED_FACE ( 'NONE', ( #4930 ), #1374, .F. ) ;
#7095 = VERTEX_POINT ( 'NONE', #7012 ) ;
#7096 = CARTESIAN_POINT ( 'NONE',  ( -2.450000000000001066, 8.100000000000006750, 1.199999999999953992 ) ) ;
#7097 = ADVANCED_FACE ( 'NONE', ( #1992 ), #8434, .F. ) ;
#7098 = DIRECTION ( 'NONE',  ( -1.000000000000000000, 0.000000000000000000, 0.000000000000000000 ) ) ;
#7099 = AXIS2_PLACEMENT_3D ( 'NONE', #3983, #8290, #1805 ) ;
#7100 = DIRECTION ( 'NONE',  ( 1.000000000000000000, 6.070773319253920728E-17, -0.000000000000000000 ) ) ;
#7101 = ORIENTED_EDGE ( 'NONE', *, *, #3934, .F. ) ;
#7102 = CYLINDRICAL_SURFACE ( 'NONE', #951, 0.06900000000000089395 ) ;
#7103 = ORIENTED_EDGE ( 'NONE', *, *, #5090, .T. ) ;
#7104 = DIRECTION ( 'NONE',  ( 0.000000000000000000, 1.000000000000000000, 0.000000000000000000 ) ) ;
#7105 = ADVANCED_FACE ( 'NONE', ( #7864 ), #7148, .F. ) ;
#7106 = CARTESIAN_POINT ( 'NONE',  ( -9.680768314573425570, 6.364173228346458266, 0.7169291338582677309 ) ) ;
#7107 = CARTESIAN_POINT ( 'NONE',  ( -2.450000000000001066, 9.600000000000006750, 1.199999999999970646 ) ) ;
#7108 = ADVANCED_FACE ( 'NONE', ( #7723 ), #6389, .F. ) ;
#7109 = DIRECTION ( 'NONE',  ( 1.000000000000000000, 6.070773319253919496E-17, 0.000000000000000000 ) ) ;
#7110 = DIRECTION ( 'NONE',  ( -1.000000000000000000, -5.463695987328527423E-16, 0.000000000000000000 ) ) ;
#7111 = ORIENTED_EDGE ( 'NONE', *, *, #424, .T. ) ;
#7112 = DIRECTION ( 'NONE',  ( 0.000000000000000000, 1.000000000000000000, 0.000000000000000000 ) ) ;
#7113 = ORIENTED_EDGE ( 'NONE', *, *, #7687, .T. ) ;
#7114 = DIRECTION ( 'NONE',  ( 0.000000000000000000, 0.000000000000000000, 1.000000000000000000 ) ) ;
#7115 = EDGE_CURVE ( 'NONE', #670, #1385, #8851, .T. ) ;
#7116 = VERTEX_POINT ( 'NONE', #5633 ) ;
#7117 = ORIENTED_EDGE ( 'NONE', *, *, #206, .T. ) ;
#7118 = EDGE_LOOP ( 'NONE', ( #1661, #5222, #7918, #9169, #5030 ) ) ;
#7119 = FACE_OUTER_BOUND ( 'NONE', #77, .T. ) ;
#7120 = EDGE_CURVE ( 'NONE', #8078, #4743, #5685, .T. ) ;
#7121 = CARTESIAN_POINT ( 'NONE',  ( -2.450000000000001066, 5.300000000000000711, 1.599999999999925038 ) ) ;
#7122 = CARTESIAN_POINT ( 'NONE',  ( -2.450000000000001066, 4.800000000000006040, 1.199999999999920686 ) ) ;
#7123 = ORIENTED_EDGE ( 'NONE', *, *, #9353, .F. ) ;
#7124 = ORIENTED_EDGE ( 'NONE', *, *, #8674, .T. ) ;
#7125 = DIRECTION ( 'NONE',  ( 0.000000000000000000, 1.000000000000000000, 0.000000000000000000 ) ) ;
#7126 = ORIENTED_EDGE ( 'NONE', *, *, #7477, .T. ) ;
#7127 = CARTESIAN_POINT ( 'NONE',  ( -4.900000000000000355, 7.050000000000001599, 0.2999999999999999889 ) ) ;
#7128 = CARTESIAN_POINT ( 'NONE',  ( -2.869000000000001105, 7.730000000000000426, 0.2999999999999999889 ) ) ;
#7129 = DIRECTION ( 'NONE',  ( 1.000000000000000000, 0.000000000000000000, 0.000000000000000000 ) ) ;
#7130 = EDGE_CURVE ( 'NONE', #3905, #5969, #3104, .T. ) ;
#7131 = CYLINDRICAL_SURFACE ( 'NONE', #1708, 0.1249999999999999029 ) ;
#7132 = VERTEX_POINT ( 'NONE', #521 ) ;
#7133 = CARTESIAN_POINT ( 'NONE',  ( -2.212500000000000799, 4.150000000000000355, 1.870000000000000107 ) ) ;
#7134 = ORIENTED_EDGE ( 'NONE', *, *, #8048, .F. ) ;
#7135 = VECTOR ( 'NONE', #2735, 39.37007874015748143 ) ;
#7136 = FACE_OUTER_BOUND ( 'NONE', #873, .T. ) ;
#7137 = ORIENTED_EDGE ( 'NONE', *, *, #8875, .F. ) ;
#7138 = CARTESIAN_POINT ( 'NONE',  ( -2.800000000000000711, 10.00000000000000000, 0.5000000000000000000 ) ) ;
#7139 = FACE_OUTER_BOUND ( 'NONE', #2776, .T. ) ;
#7140 = FACE_BOUND ( 'NONE', #1446, .T. ) ;
#7141 = ADVANCED_FACE ( 'NONE', ( #653 ), #2751, .F. ) ;
#7142 = AXIS2_PLACEMENT_3D ( 'NONE', #615, #5643, #7112 ) ;
#7143 = VECTOR ( 'NONE', #3064, 39.37007874015748143 ) ;
#7144 = VERTEX_POINT ( 'NONE', #5731 ) ;
#7145 = FACE_OUTER_BOUND ( 'NONE', #1370, .T. ) ;
#7146 = CIRCLE ( 'NONE', #8972, 0.1000000000000005745 ) ;
#7147 = ORIENTED_EDGE ( 'NONE', *, *, #5143, .T. ) ;
#7148 = CYLINDRICAL_SURFACE ( 'NONE', #1431, 0.1000000000000005745 ) ;
#7149 = DIRECTION ( 'NONE',  ( 0.000000000000000000, 1.000000000000000000, 0.000000000000000000 ) ) ;
#7150 = CIRCLE ( 'NONE', #43, 0.1000000000000005745 ) ;
#7151 = DIRECTION ( 'NONE',  ( 1.000000000000000000, 6.070773319253919496E-17, 0.000000000000000000 ) ) ;
#7152 = AXIS2_PLACEMENT_3D ( 'NONE', #801, #5914, #6581 ) ;
#7153 = CARTESIAN_POINT ( 'NONE',  ( -2.450000000000001066, 6.400000000000011902, 0.7999999999999374278 ) ) ;
#7154 = EDGE_CURVE ( 'NONE', #5462, #7445, #8540, .T. ) ;
#7155 = DIRECTION ( 'NONE',  ( -0.000000000000000000, 0.000000000000000000, -1.000000000000000000 ) ) ;
#7156 = ORIENTED_EDGE ( 'NONE', *, *, #7645, .T. ) ;
#7157 = DIRECTION ( 'NONE',  ( 0.000000000000000000, 1.000000000000000000, 0.000000000000000000 ) ) ;
#7158 = EDGE_LOOP ( 'NONE', ( #6104, #8122, #6133, #4806 ) ) ;
#7159 = CARTESIAN_POINT ( 'NONE',  ( -2.450000000000001066, 6.400000000000017231, 0.3999999999999374056 ) ) ;
#7160 = EDGE_LOOP ( 'NONE', ( #1700, #2659, #3642, #3883 ) ) ;
#7161 = ORIENTED_EDGE ( 'NONE', *, *, #7804, .T. ) ;
#7162 = EDGE_LOOP ( 'NONE', ( #2127, #5578, #5164, #9113 ) ) ;
#7163 = CARTESIAN_POINT ( 'NONE',  ( -10.47749999999999915, 4.550000000000000711, 0.000000000000000000 ) ) ;
#7164 = VECTOR ( 'NONE', #2303, 39.37007874015748143 ) ;
#7165 = CARTESIAN_POINT ( 'NONE',  ( -4.800000000000001599, 4.600000000000000533, 0.2999999999999999889 ) ) ;
#7166 = EDGE_CURVE ( 'NONE', #5430, #5462, #7909, .T. ) ;
#7167 = VECTOR ( 'NONE', #6645, 39.37007874015748143 ) ;
#7168 = CARTESIAN_POINT ( 'NONE',  ( -2.450000000000001066, 7.600000000000006750, 1.199999999999949774 ) ) ;
#7169 = VECTOR ( 'NONE', #2446, 39.37007874015748143 ) ;
#7170 = VERTEX_POINT ( 'NONE', #8105 ) ;
#7171 = ORIENTED_EDGE ( 'NONE', *, *, #3741, .T. ) ;
#7172 = CYLINDRICAL_SURFACE ( 'NONE', #6773, 0.1000000000000005745 ) ;
#7173 = ORIENTED_EDGE ( 'NONE', *, *, #5290, .T. ) ;
#7174 = CARTESIAN_POINT ( 'NONE',  ( -2.450000000000001066, 10.40000000000001101, 0.7999999999999790612 ) ) ;
#7175 = DIRECTION ( 'NONE',  ( -1.000000000000000000, -5.463695987328527423E-16, 0.000000000000000000 ) ) ;
#7176 = AXIS2_PLACEMENT_3D ( 'NONE', #388, #1811, #4043 ) ;
#7177 = CARTESIAN_POINT ( 'NONE',  ( -5.850000000000001421, 8.010000000000003340, 1.470000000000001084 ) ) ;
#7178 = CIRCLE ( 'NONE', #669, 0.1000000000000016709 ) ;
#7179 = CARTESIAN_POINT ( 'NONE',  ( -8.550000000000000711, 7.434999999999998721, 0.4499999999999999556 ) ) ;
#7180 = EDGE_LOOP ( 'NONE', ( #5591, #5873 ) ) ;
#7181 = CARTESIAN_POINT ( 'NONE',  ( -2.450000000000001066, 7.600000000000000533, 1.599999999999949907 ) ) ;
#7182 = CIRCLE ( 'NONE', #234, 0.1000000000000016709 ) ;
#7183 = ORIENTED_EDGE ( 'NONE', *, *, #8003, .F. ) ;
#7184 = AXIS2_PLACEMENT_3D ( 'NONE', #8770, #6680, #2281 ) ;
#7185 = ADVANCED_FACE ( 'NONE', ( #3798 ), #2276, .F. ) ;
#7186 = VECTOR ( 'NONE', #4480, 39.37007874015748143 ) ;
#7187 = DIRECTION ( 'NONE',  ( 6.070773319253920728E-17, -1.000000000000000000, 0.000000000000000000 ) ) ;
#7188 = ORIENTED_EDGE ( 'NONE', *, *, #383, .T. ) ;
#7189 = CARTESIAN_POINT ( 'NONE',  ( -2.150000000000001243, 7.200000000000006395, 1.199999999999945777 ) ) ;
#7190 = CARTESIAN_POINT ( 'NONE',  ( -5.700000000000001066, 8.010000000000003340, 0.5300000000000001377 ) ) ;
#7191 = FACE_BOUND ( 'NONE', #6958, .T. ) ;
#7192 = AXIS2_PLACEMENT_3D ( 'NONE', #744, #30, #2928 ) ;
#7193 = CIRCLE ( 'NONE', #1611, 0.1000000000000005745 ) ;
#7194 = AXIS2_PLACEMENT_3D ( 'NONE', #177, #1706, #5962 ) ;
#7195 = EDGE_LOOP ( 'NONE', ( #4027, #4042, #1659, #6376 ) ) ;
#7196 = EDGE_CURVE ( 'NONE', #4479, #1512, #5916, .T. ) ;
#7198 = CARTESIAN_POINT ( 'NONE',  ( -2.450000000000001066, 5.500000000000000000, 1.599999999999929035 ) ) ;
#7197 = AXIS2_PLACEMENT_3D ( 'NONE', #7247, #1284, #9337 ) ;
#7199 = VECTOR ( 'NONE', #2714, 39.37007874015748143 ) ;
#7200 = ORIENTED_EDGE ( 'NONE', *, *, #1943, .T. ) ;
#7201 = DIRECTION ( 'NONE',  ( 1.000000000000000000, 6.070773319253920728E-17, -0.000000000000000000 ) ) ;
#7202 = DIRECTION ( 'NONE',  ( 1.000000000000000000, 6.070773319253920728E-17, -0.000000000000000000 ) ) ;
#7203 = CIRCLE ( 'NONE', #2069, 0.1000000000000016709 ) ;
#7204 = EDGE_CURVE ( 'NONE', #7288, #7433, #72, .T. ) ;
#7205 = CARTESIAN_POINT ( 'NONE',  ( -2.450000000000001066, 10.80000000000001137, 0.7999999999999831690 ) ) ;
#7206 = CIRCLE ( 'NONE', #9166, 0.1000000000000016709 ) ;
#7207 = DIRECTION ( 'NONE',  ( 0.000000000000000000, 1.000000000000000000, 0.000000000000000000 ) ) ;
#7208 = CIRCLE ( 'NONE', #7495, 0.1000000000000016709 ) ;
#7209 = DIRECTION ( 'NONE',  ( 1.000000000000000000, 6.070773319253919496E-17, 0.000000000000000000 ) ) ;
#7210 = ORIENTED_EDGE ( 'NONE', *, *, #4961, .T. ) ;
#7211 = EDGE_CURVE ( 'NONE', #2267, #8371, #3401, .T. ) ;
#7212 = CARTESIAN_POINT ( 'NONE',  ( -3.550000000000001155, 4.600000000000000533, 0.2999999999999999889 ) ) ;
#7213 = EDGE_LOOP ( 'NONE', ( #5882, #7188 ) ) ;
#7214 = DIRECTION ( 'NONE',  ( 1.000000000000000000, 6.070773319253920728E-17, -0.000000000000000000 ) ) ;
#7215 = ORIENTED_EDGE ( 'NONE', *, *, #8212, .T. ) ;
#7216 = ORIENTED_EDGE ( 'NONE', *, *, #9229, .T. ) ;
#7217 = VECTOR ( 'NONE', #5957, 39.37007874015748143 ) ;
#7218 = EDGE_LOOP ( 'NONE', ( #9033, #286, #4514, #718 ) ) ;
#7219 = EDGE_CURVE ( 'NONE', #5364, #6239, #3548, .T. ) ;
#7220 = CARTESIAN_POINT ( 'NONE',  ( -2.450000000000001066, 6.400000000000005684, 1.199999999999937339 ) ) ;
#7221 = CARTESIAN_POINT ( 'NONE',  ( -2.150000000000001243, 6.900000000000017231, 0.3999999999999415135 ) ) ;
#7222 = AXIS2_PLACEMENT_3D ( 'NONE', #1195, #525, #435 ) ;
#7223 = CARTESIAN_POINT ( 'NONE',  ( -2.450000000000001066, 11.20000000000000817, 1.199999999999987299 ) ) ;
#7224 = ORIENTED_EDGE ( 'NONE', *, *, #7660, .F. ) ;
#7225 = ORIENTED_EDGE ( 'NONE', *, *, #845, .T. ) ;
#7226 = DIRECTION ( 'NONE',  ( 0.000000000000000000, 0.000000000000000000, -1.000000000000000000 ) ) ;
#7227 = ADVANCED_FACE ( 'NONE', ( #2993 ), #3038, .F. ) ;
#7228 = ORIENTED_EDGE ( 'NONE', *, *, #8363, .T. ) ;
#7229 = CARTESIAN_POINT ( 'NONE',  ( -2.450000000000001066, 7.600000000000000533, 1.599999999999949907 ) ) ;
#7230 = EDGE_CURVE ( 'NONE', #7669, #7402, #4515, .T. ) ;
#7231 = FACE_OUTER_BOUND ( 'NONE', #7497, .T. ) ;
#7232 = DIRECTION ( 'NONE',  ( 1.000000000000000000, 6.070773319253919496E-17, 0.000000000000000000 ) ) ;
#7233 = DIRECTION ( 'NONE',  ( 1.000000000000000000, 6.070773319253920728E-17, -0.000000000000000000 ) ) ;
#7234 = ORIENTED_EDGE ( 'NONE', *, *, #972, .F. ) ;
#7235 = DIRECTION ( 'NONE',  ( 1.000000000000000000, 6.070773319253920728E-17, -0.000000000000000000 ) ) ;
#7236 = ORIENTED_EDGE ( 'NONE', *, *, #9378, .F. ) ;
#7237 = LINE ( 'NONE', #6769, #9176 ) ;
#7238 = ORIENTED_EDGE ( 'NONE', *, *, #6682, .F. ) ;
#7239 = DIRECTION ( 'NONE',  ( 1.000000000000000000, 6.070773319253919496E-17, 0.000000000000000000 ) ) ;
#7240 = CARTESIAN_POINT ( 'NONE',  ( -11.14999999999999858, 5.498031496062993462, 1.583070866141732536 ) ) ;
#7241 = CARTESIAN_POINT ( 'NONE',  ( -2.450000000000001066, 6.500000000000012434, 0.7999999999999374278 ) ) ;
#7242 = ADVANCED_FACE ( 'NONE', ( #7345 ), #7393, .T. ) ;
#7243 = ORIENTED_EDGE ( 'NONE', *, *, #7417, .T. ) ;
#7244 = DIRECTION ( 'NONE',  ( 1.000000000000000000, 6.070773319253920728E-17, -0.000000000000000000 ) ) ;
#7245 = EDGE_LOOP ( 'NONE', ( #2565, #1383, #912, #2088, #2178, #7870, #5360, #9253, #252, #9297, #6326, #7441, #6944, #8166, #3995, #5841, #2890, #8484, #6770, #8462, #6290, #1647, #9202, #3017, #2696, #3461, #7778, #4832, #637, #2677, #1786, #5336, #3118, #7464, #2391, #1821, #2416, #7986, #6091, #5709, #5255, #7572, #2586, #1450, #3622, #116, #7701, #143, #3616, #8651, #3429, #3350, #4914, #1815, #4598, #7101, #3186, #545, #7456, #4637, #2882, #7574, #1158, #6542, #4687, #5699, #1960 ) ) ;
#7246 = LINE ( 'NONE', #3645, #2505 ) ;
#7247 = CARTESIAN_POINT ( 'NONE',  ( -5.700000000000001066, 10.80000000000000249, 1.469999999999999973 ) ) ;
#7248 = CARTESIAN_POINT ( 'NONE',  ( -2.450000000000001510, 12.00000000000000711, 1.199999999999995737 ) ) ;
#7249 = AXIS2_PLACEMENT_3D ( 'NONE', #140, #6526, #3749 ) ;
#7250 = EDGE_CURVE ( 'NONE', #959, #1841, #7340, .T. ) ;
#7251 = CARTESIAN_POINT ( 'NONE',  ( -6.150000000000000355, 7.999999999999999112, 2.000000000000000000 ) ) ;
#7252 = DIRECTION ( 'NONE',  ( 1.000000000000000000, 6.070773319253919496E-17, 0.000000000000000000 ) ) ;
#7253 = ORIENTED_EDGE ( 'NONE', *, *, #6927, .T. ) ;
#7254 = CARTESIAN_POINT ( 'NONE',  ( -5.150000000000000355, 12.80000000000000071, 1.375000000000000000 ) ) ;
#7255 = VERTEX_POINT ( 'NONE', #858 ) ;
#7256 = CARTESIAN_POINT ( 'NONE',  ( -2.150000000000001243, 8.400000000000005684, 1.199999999999958211 ) ) ;
#7257 = EDGE_LOOP ( 'NONE', ( #868, #8396, #3443, #7542 ) ) ;
#7258 = ORIENTED_EDGE ( 'NONE', *, *, #8457, .F. ) ;
#7259 = EDGE_LOOP ( 'NONE', ( #2982, #1808 ) ) ;
#7260 = CARTESIAN_POINT ( 'NONE',  ( -2.450000000000001066, 10.00000000000000000, 0.8999999999999999112 ) ) ;
#7261 = ADVANCED_FACE ( 'NONE', ( #3756 ), #6635, .T. ) ;
#7262 = FACE_OUTER_BOUND ( 'NONE', #8026, .T. ) ;
#7263 = DIRECTION ( 'NONE',  ( 0.000000000000000000, 1.000000000000000000, 0.000000000000000000 ) ) ;
#7264 = VERTEX_POINT ( 'NONE', #5770 ) ;
#7265 = EDGE_LOOP ( 'NONE', ( #3713, #2265 ) ) ;
#7266 = CARTESIAN_POINT ( 'NONE',  ( -2.450000000000001066, 10.80000000000001847, 0.3999999999999831468 ) ) ;
#7267 = ORIENTED_EDGE ( 'NONE', *, *, #4176, .F. ) ;
#7268 = DIRECTION ( 'NONE',  ( 1.000000000000000000, 6.070773319253919496E-17, 0.000000000000000000 ) ) ;
#7269 = ORIENTED_EDGE ( 'NONE', *, *, #3800, .F. ) ;
#7270 = DIRECTION ( 'NONE',  ( -1.000000000000000000, 0.000000000000000000, 0.000000000000000000 ) ) ;
#7271 = CYLINDRICAL_SURFACE ( 'NONE', #835, 0.1000000000000005745 ) ;
#7272 = DIRECTION ( 'NONE',  ( 1.000000000000000000, 6.070773319253919496E-17, 0.000000000000000000 ) ) ;
#7273 = DIRECTION ( 'NONE',  ( 1.000000000000000000, 6.070773319253919496E-17, 0.000000000000000000 ) ) ;
#7274 = AXIS2_PLACEMENT_3D ( 'NONE', #7107, #7866, #9284 ) ;
#7275 = CARTESIAN_POINT ( 'NONE',  ( -4.585000000000000853, 10.00000000000000000, 0.5000000000000000000 ) ) ;
#7276 = ADVANCED_FACE ( 'NONE', ( #8662 ), #4555, .T. ) ;
#7277 = ORIENTED_EDGE ( 'NONE', *, *, #5546, .T. ) ;
#7278 = DIRECTION ( 'NONE',  ( 1.000000000000000000, 0.000000000000000000, 0.000000000000000000 ) ) ;
#7279 = ORIENTED_EDGE ( 'NONE', *, *, #7548, .T. ) ;
#7280 = DIRECTION ( 'NONE',  ( 0.000000000000000000, 1.000000000000000000, 0.000000000000000000 ) ) ;
#7281 = ORIENTED_EDGE ( 'NONE', *, *, #4558, .F. ) ;
#7282 = DIRECTION ( 'NONE',  ( 1.000000000000000000, 6.070773319253920728E-17, -0.000000000000000000 ) ) ;
#7283 = DIRECTION ( 'NONE',  ( 0.000000000000000000, 1.000000000000000000, 0.000000000000000000 ) ) ;
#7284 = VECTOR ( 'NONE', #3557, 39.37007874015748143 ) ;
#7285 = CARTESIAN_POINT ( 'NONE',  ( -2.450000000000001066, 10.40000000000000036, 1.599999999999979217 ) ) ;
#7286 = DIRECTION ( 'NONE',  ( 1.000000000000000000, 6.070773319253919496E-17, 0.000000000000000000 ) ) ;
#7287 = AXIS2_PLACEMENT_3D ( 'NONE', #4723, #4023, #6775 ) ;
#7288 = VERTEX_POINT ( 'NONE', #2179 ) ;
#7289 = CARTESIAN_POINT ( 'NONE',  ( -5.700000000000001066, 10.80000000000000071, 0.5990000000000009761 ) ) ;
#7290 = VERTEX_POINT ( 'NONE', #5067 ) ;
#7291 = CARTESIAN_POINT ( 'NONE',  ( -11.15000000000000036, 8.000000000000000000, 2.000000000000000000 ) ) ;
#7292 = ADVANCED_FACE ( 'NONE', ( #752 ), #6531, .F. ) ;
#7293 = DIRECTION ( 'NONE',  ( 1.000000000000000000, 0.000000000000000000, 0.000000000000000000 ) ) ;
#7294 = AXIS2_PLACEMENT_3D ( 'NONE', #5877, #8765, #7346 ) ;
#7295 = DIRECTION ( 'NONE',  ( 0.000000000000000000, 0.000000000000000000, 1.000000000000000000 ) ) ;
#7296 = AXIS2_PLACEMENT_3D ( 'NONE', #2772, #9303, #6270 ) ;
#7297 = DIRECTION ( 'NONE',  ( 1.000000000000000000, 6.070773319253919496E-17, 0.000000000000000000 ) ) ;
#7298 = DIRECTION ( 'NONE',  ( 0.000000000000000000, 1.000000000000000000, 0.000000000000000000 ) ) ;
#7299 = EDGE_LOOP ( 'NONE', ( #613, #3945 ) ) ;
#7300 = CARTESIAN_POINT ( 'NONE',  ( -2.450000000000001066, 9.200000000000001066, 1.599999999999966560 ) ) ;
#7301 = AXIS2_PLACEMENT_3D ( 'NONE', #964, #7549, #3914 ) ;
#7302 = VERTEX_POINT ( 'NONE', #41 ) ;
#7303 = CARTESIAN_POINT ( 'NONE',  ( -4.900000000000000355, 4.500000000000000888, 0.4499999999999999556 ) ) ;
#7304 = ORIENTED_EDGE ( 'NONE', *, *, #3499, .T. ) ;
#7305 = EDGE_CURVE ( 'NONE', #8076, #8248, #5823, .T. ) ;
#7306 = EDGE_LOOP ( 'NONE', ( #5798, #8104, #8470, #1394 ) ) ;
#7307 = EDGE_LOOP ( 'NONE', ( #6217, #8193, #7565, #5750 ) ) ;
#7308 = CARTESIAN_POINT ( 'NONE',  ( -2.450000000000001066, 8.699999999999999289, 1.599999999999962341 ) ) ;
#7309 = AXIS2_PLACEMENT_3D ( 'NONE', #2128, #2708, #7862 ) ;
#7310 = DIRECTION ( 'NONE',  ( -1.000000000000000000, 0.000000000000000000, 0.000000000000000000 ) ) ;
#7311 = LINE ( 'NONE', #8170, #4931 ) ;
#7312 = VECTOR ( 'NONE', #1757, 39.37007874015748143 ) ;
#7313 = ORIENTED_EDGE ( 'NONE', *, *, #5409, .F. ) ;
#7314 = ORIENTED_EDGE ( 'NONE', *, *, #5116, .T. ) ;
#7315 = DIRECTION ( 'NONE',  ( 0.000000000000000000, 1.000000000000000000, 0.000000000000000000 ) ) ;
#7316 = EDGE_CURVE ( 'NONE', #4487, #3537, #664, .T. ) ;
#7317 = ORIENTED_EDGE ( 'NONE', *, *, #7077, .T. ) ;
#7318 = CIRCLE ( 'NONE', #5954, 0.1000000000000016709 ) ;
#7319 = LINE ( 'NONE', #830, #6311 ) ;
#7320 = ORIENTED_EDGE ( 'NONE', *, *, #2863, .F. ) ;
#7321 = PLANE ( 'NONE',  #3137 ) ;
#7322 = CYLINDRICAL_SURFACE ( 'NONE', #2954, 0.1000000000000016709 ) ;
#7323 = LINE ( 'NONE', #3675, #8269 ) ;
#7324 = DIRECTION ( 'NONE',  ( 0.000000000000000000, 0.000000000000000000, 1.000000000000000000 ) ) ;
#7325 = CIRCLE ( 'NONE', #2786, 0.1249999999999999029 ) ;
#7326 = DIRECTION ( 'NONE',  ( 0.000000000000000000, 1.000000000000000000, 0.000000000000000000 ) ) ;
#7327 = ORIENTED_EDGE ( 'NONE', *, *, #547, .T. ) ;
#7328 = DIRECTION ( 'NONE',  ( 1.000000000000000000, 0.000000000000000000, 0.000000000000000000 ) ) ;
#7329 = EDGE_LOOP ( 'NONE', ( #3476, #9231 ) ) ;
#7330 = EDGE_CURVE ( 'NONE', #4279, #6977, #7246, .T. ) ;
#7331 = DIRECTION ( 'NONE',  ( 0.000000000000000000, 1.000000000000000000, 0.000000000000000000 ) ) ;
#7332 = VECTOR ( 'NONE', #3146, 39.37007874015748143 ) ;
#7333 = ORIENTED_EDGE ( 'NONE', *, *, #7330, .T. ) ;
#7334 = LINE ( 'NONE', #847, #2514 ) ;
#7335 = CARTESIAN_POINT ( 'NONE',  ( -2.450000000000001066, 10.40000000000001812, 0.3999999999999790945 ) ) ;
#7336 = VECTOR ( 'NONE', #3487, 39.37007874015748143 ) ;
#7337 = CARTESIAN_POINT ( 'NONE',  ( -9.680768314573425570, 6.413385826771655474, 1.150000000000000133 ) ) ;
#7338 = EDGE_CURVE ( 'NONE', #4062, #2348, #3261, .T. ) ;
#7339 = CARTESIAN_POINT ( 'NONE',  ( -2.450000000000001066, 4.400000000000000355, 1.599999999999916600 ) ) ;
#7340 = CIRCLE ( 'NONE', #3253, 0.1000000000000005745 ) ;
#7341 = AXIS2_PLACEMENT_3D ( 'NONE', #6138, #3294, #3919 ) ;
#7342 = ORIENTED_EDGE ( 'NONE', *, *, #7867, .T. ) ;
#7343 = CARTESIAN_POINT ( 'NONE',  ( -2.450000000000001510, 12.40000000000000036, 1.599999999999999867 ) ) ;
#7344 = ORIENTED_EDGE ( 'NONE', *, *, #6112, .F. ) ;
#7345 = FACE_OUTER_BOUND ( 'NONE', #1417, .T. ) ;
#7346 = DIRECTION ( 'NONE',  ( 1.000000000000000000, 0.000000000000000000, 0.000000000000000000 ) ) ;
#7347 = AXIS2_PLACEMENT_3D ( 'NONE', #1842, #289, #1712 ) ;
#7348 = FACE_BOUND ( 'NONE', #5611, .T. ) ;
#7349 = EDGE_CURVE ( 'NONE', #5186, #3519, #8548, .T. ) ;
#7350 = CIRCLE ( 'NONE', #3262, 0.1000000000000005745 ) ;
#7351 = AXIS2_PLACEMENT_3D ( 'NONE', #2820, #9106, #2623 ) ;
#7352 = DIRECTION ( 'NONE',  ( -1.000000000000000000, 0.000000000000000000, 0.000000000000000000 ) ) ;
#7353 = CARTESIAN_POINT ( 'NONE',  ( -10.59999999999999964, 4.550000000000000711, 0.000000000000000000 ) ) ;
#7354 = EDGE_LOOP ( 'NONE', ( #2026, #8205, #8938, #8288 ) ) ;
#7355 = AXIS2_PLACEMENT_3D ( 'NONE', #5848, #7410, #4570 ) ;
#7356 = DIRECTION ( 'NONE',  ( 0.000000000000000000, 1.000000000000000000, 0.000000000000000000 ) ) ;
#7357 = CIRCLE ( 'NONE', #8560, 0.1224999999999995814 ) ;
#7358 = VERTEX_POINT ( 'NONE', #5351 ) ;
#7359 = DIRECTION ( 'NONE',  ( 0.000000000000000000, 0.000000000000000000, 1.000000000000000000 ) ) ;
#7360 = ORIENTED_EDGE ( 'NONE', *, *, #2308, .T. ) ;
#7361 = ORIENTED_EDGE ( 'NONE', *, *, #7447, .F. ) ;
#7362 = DIRECTION ( 'NONE',  ( 0.000000000000000000, 1.000000000000000000, 0.000000000000000000 ) ) ;
#7363 = VECTOR ( 'NONE', #4769, 39.37007874015748143 ) ;
#7364 = AXIS2_PLACEMENT_3D ( 'NONE', #6758, #2403, #7459 ) ;
#7365 = DIRECTION ( 'NONE',  ( 1.000000000000000000, 0.000000000000000000, 0.000000000000000000 ) ) ;
#7366 = EDGE_CURVE ( 'NONE', #496, #1136, #2809, .T. ) ;
#7367 = DIRECTION ( 'NONE',  ( 1.000000000000000000, 0.000000000000000000, -0.000000000000000000 ) ) ;
#7368 = ORIENTED_EDGE ( 'NONE', *, *, #9300, .F. ) ;
#7369 = ORIENTED_EDGE ( 'NONE', *, *, #7570, .T. ) ;
#7370 = DIRECTION ( 'NONE',  ( -0.000000000000000000, -0.000000000000000000, 1.000000000000000000 ) ) ;
#7371 = VERTEX_POINT ( 'NONE', #8194 ) ;
#7372 = ORIENTED_EDGE ( 'NONE', *, *, #2036, .F. ) ;
#7373 = CARTESIAN_POINT ( 'NONE',  ( -2.150000000000001243, 12.50000000000001421, 0.7999999999999998224 ) ) ;
#7374 = DIRECTION ( 'NONE',  ( -0.000000000000000000, 0.000000000000000000, -1.000000000000000000 ) ) ;
#7375 = CIRCLE ( 'NONE', #3289, 0.1000000000000016709 ) ;
#7376 = CARTESIAN_POINT ( 'NONE',  ( -8.650000000000000355, 5.664999999999999147, 0.4499999999999999556 ) ) ;
#7377 = EDGE_CURVE ( 'NONE', #7719, #6922, #2462, .T. ) ;
#7378 = CARTESIAN_POINT ( 'NONE',  ( -4.900000000000000355, 4.500000000000000888, 0.4499999999999999556 ) ) ;
#7379 = VERTEX_POINT ( 'NONE', #6780 ) ;
#7380 = FACE_BOUND ( 'NONE', #6555, .T. ) ;
#7381 = ORIENTED_EDGE ( 'NONE', *, *, #1585, .F. ) ;
#7382 = DIRECTION ( 'NONE',  ( 0.000000000000000000, 1.000000000000000000, 0.000000000000000000 ) ) ;
#7383 = EDGE_LOOP ( 'NONE', ( #1232, #6315, #492, #2190 ) ) ;
#7384 = LINE ( 'NONE', #8853, #4785 ) ;
#7385 = DIRECTION ( 'NONE',  ( 1.000000000000000000, 6.070773319253919496E-17, 0.000000000000000000 ) ) ;
#7386 = DIRECTION ( 'NONE',  ( 1.000000000000000000, 0.000000000000000000, 0.000000000000000000 ) ) ;
#7387 = DIRECTION ( 'NONE',  ( 1.000000000000000000, 6.070773319253920728E-17, -0.000000000000000000 ) ) ;
#7388 = EDGE_CURVE ( 'NONE', #846, #3610, #4775, .T. ) ;
#7389 = VERTEX_POINT ( 'NONE', #1084 ) ;
#7390 = EDGE_CURVE ( 'NONE', #6977, #5416, #1753, .T. ) ;
#7391 = CARTESIAN_POINT ( 'NONE',  ( -2.450000000000001066, 9.900000000000005684, 1.199999999999974865 ) ) ;
#7392 = EDGE_LOOP ( 'NONE', ( #8004, #6267, #5208, #4870 ) ) ;
#7393 = CYLINDRICAL_SURFACE ( 'NONE', #2045, 0.1250000000000004441 ) ;
#7394 = LINE ( 'NONE', #240, #5471 ) ;
#7395 = DIRECTION ( 'NONE',  ( 1.000000000000000000, 6.070773319253920728E-17, -0.000000000000000000 ) ) ;
#7396 = CARTESIAN_POINT ( 'NONE',  ( -5.700000000000001066, 10.80000000000000249, 1.344999999999999973 ) ) ;
#7397 = EDGE_CURVE ( 'NONE', #5252, #819, #1804, .T. ) ;
#7398 = DIRECTION ( 'NONE',  ( 1.000000000000000000, 6.070773319253920728E-17, -0.000000000000000000 ) ) ;
#7399 = ORIENTED_EDGE ( 'NONE', *, *, #8789, .F. ) ;
#7400 = ADVANCED_FACE ( 'NONE', ( #8999 ), #3980, .F. ) ;
#7401 = DIRECTION ( 'NONE',  ( 1.000000000000000000, 6.070773319253919496E-17, 0.000000000000000000 ) ) ;
#7402 = VERTEX_POINT ( 'NONE', #3939 ) ;
#7403 = CARTESIAN_POINT ( 'NONE',  ( -2.450000000000001066, 9.100000000000006750, 1.199999999999966427 ) ) ;
#7404 = ORIENTED_EDGE ( 'NONE', *, *, #8956, .T. ) ;
#7405 = ORIENTED_EDGE ( 'NONE', *, *, #293, .F. ) ;
#7406 = LINE ( 'NONE', #8964, #5524 ) ;
#7407 = EDGE_CURVE ( 'NONE', #7669, #935, #8909, .T. ) ;
#7408 = DIRECTION ( 'NONE',  ( 0.000000000000000000, 1.000000000000000000, 0.000000000000000000 ) ) ;
#7409 = VECTOR ( 'NONE', #7387, 39.37007874015748143 ) ;
#7410 = DIRECTION ( 'NONE',  ( 1.000000000000000000, 6.070773319253919496E-17, 0.000000000000000000 ) ) ;
#7411 = VERTEX_POINT ( 'NONE', #6819 ) ;
#7412 = ORIENTED_EDGE ( 'NONE', *, *, #9331, .F. ) ;
#7413 = CARTESIAN_POINT ( 'NONE',  ( -10.84999999999999787, 5.498031496062992574, 0.7169291338582677309 ) ) ;
#7414 = ORIENTED_EDGE ( 'NONE', *, *, #3185, .F. ) ;
#7415 = ORIENTED_EDGE ( 'NONE', *, *, #7316, .F. ) ;
#7416 = DIRECTION ( 'NONE',  ( 1.000000000000000000, 6.070773319253919496E-17, 0.000000000000000000 ) ) ;
#7417 = EDGE_CURVE ( 'NONE', #8031, #7036, #2556, .T. ) ;
#7418 = CARTESIAN_POINT ( 'NONE',  ( -10.84999999999999964, 6.501968503937009203, 1.583070866141732536 ) ) ;
#7419 = DIRECTION ( 'NONE',  ( -1.000000000000000000, -5.463695987328527423E-16, -0.000000000000000000 ) ) ;
#7420 = CARTESIAN_POINT ( 'NONE',  ( -2.450000000000001066, 4.300000000000000711, 2.000000000000000000 ) ) ;
#7421 = ORIENTED_EDGE ( 'NONE', *, *, #2522, .T. ) ;
#7422 = DIRECTION ( 'NONE',  ( 1.000000000000000000, 6.070773319253920728E-17, -0.000000000000000000 ) ) ;
#7423 = VERTEX_POINT ( 'NONE', #4599 ) ;
#7424 = DIRECTION ( 'NONE',  ( 0.000000000000000000, 1.000000000000000000, 0.000000000000000000 ) ) ;
#7425 = ORIENTED_EDGE ( 'NONE', *, *, #8761, .T. ) ;
#7426 = CARTESIAN_POINT ( 'NONE',  ( -5.850000000000001421, 10.80000000000000249, 1.539000000000000146 ) ) ;
#7427 = DIRECTION ( 'NONE',  ( 0.000000000000000000, 1.000000000000000000, 0.000000000000000000 ) ) ;
#7428 = EDGE_CURVE ( 'NONE', #831, #4996, #7182, .T. ) ;
#7429 = LINE ( 'NONE', #5113, #6747 ) ;
#7430 = CARTESIAN_POINT ( 'NONE',  ( -5.700000000000001066, 8.010000000000003340, 1.595000000000000862 ) ) ;
#7431 = VERTEX_POINT ( 'NONE', #8289 ) ;
#7432 = CARTESIAN_POINT ( 'NONE',  ( -2.577499999999998792, 12.44999999999999929, 0.000000000000000000 ) ) ;
#7433 = VERTEX_POINT ( 'NONE', #1759 ) ;
#7434 = DIRECTION ( 'NONE',  ( -6.070773319253919496E-17, 1.000000000000000000, -0.000000000000000000 ) ) ;
#7435 = DIRECTION ( 'NONE',  ( 1.000000000000000000, 6.070773319253919496E-17, 0.000000000000000000 ) ) ;
#7436 = EDGE_CURVE ( 'NONE', #1709, #5412, #6139, .T. ) ;
#7437 = CYLINDRICAL_SURFACE ( 'NONE', #6523, 0.1249999999999999029 ) ;
#7438 = FACE_OUTER_BOUND ( 'NONE', #8837, .T. ) ;
#7439 = ORIENTED_EDGE ( 'NONE', *, *, #9139, .F. ) ;
#7440 = CARTESIAN_POINT ( 'NONE',  ( -2.731000000000001648, 7.730000000000000426, 0.5000000000000000000 ) ) ;
#7441 = ORIENTED_EDGE ( 'NONE', *, *, #4839, .T. ) ;
#7442 = LINE ( 'NONE', #6736, #6123 ) ;
#7443 = ORIENTED_EDGE ( 'NONE', *, *, #1899, .T. ) ;
#7444 = AXIS2_PLACEMENT_3D ( 'NONE', #9261, #4159, #8555 ) ;
#7445 = VERTEX_POINT ( 'NONE', #7536 ) ;
#7446 = FACE_BOUND ( 'NONE', #3483, .T. ) ;
#7447 = EDGE_CURVE ( 'NONE', #151, #2955, #4481, .T. ) ;
#7448 = VECTOR ( 'NONE', #3565, 39.37007874015748143 ) ;
#7449 = CARTESIAN_POINT ( 'NONE',  ( -2.450000000000001066, 7.200000000000001066, 1.599999999999945688 ) ) ;
#7450 = CIRCLE ( 'NONE', #2610, 0.1000000000000016709 ) ;
#7451 = CARTESIAN_POINT ( 'NONE',  ( -2.450000000000001066, 4.300000000000000711, 0.7999999999999164446 ) ) ;
#7452 = ORIENTED_EDGE ( 'NONE', *, *, #5642, .T. ) ;
#7453 = LINE ( 'NONE', #8885, #2031 ) ;
#7454 = ORIENTED_EDGE ( 'NONE', *, *, #5766, .T. ) ;
#7455 = AXIS2_PLACEMENT_3D ( 'NONE', #8295, #6826, #4738 ) ;
#7456 = ORIENTED_EDGE ( 'NONE', *, *, #1085, .T. ) ;
#7457 = DIRECTION ( 'NONE',  ( 0.000000000000000000, 1.000000000000000000, 0.000000000000000000 ) ) ;
#7458 = AXIS2_PLACEMENT_3D ( 'NONE', #6078, #9020, #2807 ) ;
#7459 = DIRECTION ( 'NONE',  ( 0.000000000000000000, 0.000000000000000000, -1.000000000000000000 ) ) ;
#7460 = EDGE_CURVE ( 'NONE', #5295, #3023, #7492, .T. ) ;
#7461 = CARTESIAN_POINT ( 'NONE',  ( -10.84999999999999964, 6.364173228346457378, 0.7169291338582677309 ) ) ;
#7462 = FACE_OUTER_BOUND ( 'NONE', #5457, .T. ) ;
#7463 = CIRCLE ( 'NONE', #3997, 0.08750000000000063283 ) ;
#7464 = ORIENTED_EDGE ( 'NONE', *, *, #4336, .T. ) ;
#7465 = CARTESIAN_POINT ( 'NONE',  ( -2.450000000000001066, 4.400000000000016342, 0.3999999999999165334 ) ) ;
#7466 = CIRCLE ( 'NONE', #4448, 0.1000000000000005745 ) ;
#7467 = EDGE_CURVE ( 'NONE', #295, #6401, #2360, .T. ) ;
#7468 = ORIENTED_EDGE ( 'NONE', *, *, #992, .F. ) ;
#7469 = ORIENTED_EDGE ( 'NONE', *, *, #5353, .F. ) ;
#7470 = CARTESIAN_POINT ( 'NONE',  ( -2.150000000000001243, 11.30000000000000249, 1.599999999999987210 ) ) ;
#7471 = EDGE_LOOP ( 'NONE', ( #4699, #8306, #2496, #7640 ) ) ;
#7472 = CARTESIAN_POINT ( 'NONE',  ( -2.150000000000000799, 5.700000000000017053, 0.3999999999999290790 ) ) ;
#7473 = FACE_BOUND ( 'NONE', #3956, .T. ) ;
#7474 = AXIS2_PLACEMENT_3D ( 'NONE', #2485, #1061, #5374 ) ;
#7475 = DIRECTION ( 'NONE',  ( 0.000000000000000000, 0.000000000000000000, 1.000000000000000000 ) ) ;
#7476 = CIRCLE ( 'NONE', #7774, 0.1000000000000005745 ) ;
#7477 = EDGE_CURVE ( 'NONE', #4353, #2555, #993, .T. ) ;
#7478 = CIRCLE ( 'NONE', #3542, 0.1000000000000005745 ) ;
#7479 = ORIENTED_EDGE ( 'NONE', *, *, #3357, .T. ) ;
#7480 = CARTESIAN_POINT ( 'NONE',  ( -2.450000000000001510, 11.60000000000000142, 1.599999999999991651 ) ) ;
#7481 = CIRCLE ( 'NONE', #8238, 0.1000000000000005745 ) ;
#7482 = VERTEX_POINT ( 'NONE', #427 ) ;
#7483 = DIRECTION ( 'NONE',  ( 0.000000000000000000, -1.000000000000000000, 0.000000000000000000 ) ) ;
#7484 = CARTESIAN_POINT ( 'NONE',  ( -2.450000000000001066, 10.40000000000001101, 0.7999999999999790612 ) ) ;
#7485 = VECTOR ( 'NONE', #6828, 39.37007874015748143 ) ;
#7486 = VECTOR ( 'NONE', #9313, 39.37007874015748143 ) ;
#7487 = LINE ( 'NONE', #3904, #4143 ) ;
#7488 = ADVANCED_FACE ( 'NONE', ( #2599 ), #6959, .F. ) ;
#7489 = VERTEX_POINT ( 'NONE', #7096 ) ;
#7490 = CYLINDRICAL_SURFACE ( 'NONE', #8818, 0.1000000000000005745 ) ;
#7491 = EDGE_CURVE ( 'NONE', #9347, #4451, #464, .T. ) ;
#7492 = CIRCLE ( 'NONE', #2958, 0.1000000000000005745 ) ;
#7493 = EDGE_LOOP ( 'NONE', ( #6779, #4104, #8426, #7011 ) ) ;
#7494 = CARTESIAN_POINT ( 'NONE',  ( -5.700000000000001066, 10.80000000000000249, 1.469999999999999973 ) ) ;
#7495 = AXIS2_PLACEMENT_3D ( 'NONE', #9125, #6955, #4725 ) ;
#7496 = CARTESIAN_POINT ( 'NONE',  ( -2.450000000000001066, 10.80000000000001137, 0.7999999999999831690 ) ) ;
#7497 = EDGE_LOOP ( 'NONE', ( #4658, #4490, #7585, #4768 ) ) ;
#7498 = AXIS2_PLACEMENT_3D ( 'NONE', #4097, #2723, #1165 ) ;
#7499 = VERTEX_POINT ( 'NONE', #3497 ) ;
#7500 = DIRECTION ( 'NONE',  ( 0.000000000000000000, 1.000000000000000000, 0.000000000000000000 ) ) ;
#7501 = VECTOR ( 'NONE', #320, 39.37007874015748143 ) ;
#7502 = CARTESIAN_POINT ( 'NONE',  ( -2.150000000000001243, 10.90000000000001279, 0.7999999999999831690 ) ) ;
#7503 = AXIS2_PLACEMENT_3D ( 'NONE', #7738, #7600, #6185 ) ;
#7504 = EDGE_CURVE ( 'NONE', #7956, #2794, #5980, .T. ) ;
#7505 = AXIS2_PLACEMENT_3D ( 'NONE', #8856, #5910, #7386 ) ;
#7506 = LINE ( 'NONE', #8341, #6090 ) ;
#7507 = ADVANCED_FACE ( 'NONE', ( #1410 ), #9271, .F. ) ;
#7508 = CARTESIAN_POINT ( 'NONE',  ( -2.450000000000001510, 13.00000000000000000, 0.3000000000000000999 ) ) ;
#7509 = ORIENTED_EDGE ( 'NONE', *, *, #6085, .F. ) ;
#7510 = AXIS2_PLACEMENT_3D ( 'NONE', #4796, #1812, #7682 ) ;
#7511 = VECTOR ( 'NONE', #8550, 39.37007874015748143 ) ;
#7512 = ORIENTED_EDGE ( 'NONE', *, *, #6640, .F. ) ;
#7513 = CARTESIAN_POINT ( 'NONE',  ( -5.150000000000000355, 12.69999999999999929, 1.499999999999999778 ) ) ;
#7514 = VECTOR ( 'NONE', #4530, 39.37007874015748143 ) ;
#7515 = AXIS2_PLACEMENT_3D ( 'NONE', #8747, #1550, #5859 ) ;
#7516 = DIRECTION ( 'NONE',  ( 0.000000000000000000, 0.000000000000000000, 1.000000000000000000 ) ) ;
#7517 = CARTESIAN_POINT ( 'NONE',  ( -2.450000000000001066, 11.20000000000000817, 1.199999999999987299 ) ) ;
#7518 = AXIS2_PLACEMENT_3D ( 'NONE', #2310, #742, #1614 ) ;
#7520 = AXIS2_PLACEMENT_3D ( 'NONE', #5003, #9321, #6428 ) ;
#7519 = FACE_OUTER_BOUND ( 'NONE', #7046, .T. ) ;
#7521 = EDGE_CURVE ( 'NONE', #4864, #2992, #2197, .T. ) ;
#7522 = EDGE_LOOP ( 'NONE', ( #8397, #3543, #2606, #6205 ) ) ;
#7523 = ADVANCED_FACE ( 'NONE', ( #8466 ), #4257, .F. ) ;
#7524 = VERTEX_POINT ( 'NONE', #2795 ) ;
#7525 = LINE ( 'NONE', #6094, #1469 ) ;
#7526 = EDGE_LOOP ( 'NONE', ( #9149, #5469 ) ) ;
#7527 = FACE_OUTER_BOUND ( 'NONE', #8153, .T. ) ;
#7528 = FACE_BOUND ( 'NONE', #443, .T. ) ;
#7529 = AXIS2_PLACEMENT_3D ( 'NONE', #5610, #2829, #7081 ) ;
#7530 = LINE ( 'NONE', #1127, #400 ) ;
#7531 = FACE_OUTER_BOUND ( 'NONE', #2841, .T. ) ;
#7532 = ORIENTED_EDGE ( 'NONE', *, *, #4274, .F. ) ;
#7533 = EDGE_CURVE ( 'NONE', #6008, #8102, #1144, .T. ) ;
#7534 = CYLINDRICAL_SURFACE ( 'NONE', #8364, 0.1000000000000016709 ) ;
#7535 = VERTEX_POINT ( 'NONE', #2703 ) ;
#7536 = CARTESIAN_POINT ( 'NONE',  ( -2.150000000000000799, 5.100000000000016520, 0.3999999999999248601 ) ) ;
#7537 = DIRECTION ( 'NONE',  ( 0.000000000000000000, 1.000000000000000000, 0.000000000000000000 ) ) ;
#7538 = EDGE_CURVE ( 'NONE', #2923, #5913, #4024, .T. ) ;
#7539 = CARTESIAN_POINT ( 'NONE',  ( -2.450000000000001066, 11.20000000000001883, 0.3999999999999874212 ) ) ;
#7540 = VERTEX_POINT ( 'NONE', #7813 ) ;
#7541 = CARTESIAN_POINT ( 'NONE',  ( -10.47749999999999915, 4.550000000000000711, 0.000000000000000000 ) ) ;
#7542 = ORIENTED_EDGE ( 'NONE', *, *, #486, .F. ) ;
#7543 = DIRECTION ( 'NONE',  ( -1.000000000000000000, 0.000000000000000000, 0.000000000000000000 ) ) ;
#7544 = CARTESIAN_POINT ( 'NONE',  ( -2.450000000000001066, 4.799999999999999822, 1.599999999999920597 ) ) ;
#7545 = ORIENTED_EDGE ( 'NONE', *, *, #92, .F. ) ;
#7546 = ORIENTED_EDGE ( 'NONE', *, *, #987, .F. ) ;
#7547 = FACE_OUTER_BOUND ( 'NONE', #4273, .T. ) ;
#7548 = EDGE_CURVE ( 'NONE', #1121, #9036, #4172, .T. ) ;
#7549 = DIRECTION ( 'NONE',  ( 1.000000000000000000, 6.070773319253919496E-17, 0.000000000000000000 ) ) ;
#7550 = CARTESIAN_POINT ( 'NONE',  ( -2.450000000000001066, 4.800000000000006040, 1.199999999999920686 ) ) ;
#7551 = VECTOR ( 'NONE', #370, 39.37007874015748143 ) ;
#7552 = ORIENTED_EDGE ( 'NONE', *, *, #369, .F. ) ;
#7553 = CYLINDRICAL_SURFACE ( 'NONE', #3848, 0.1000000000000005745 ) ;
#7554 = ORIENTED_EDGE ( 'NONE', *, *, #2572, .T. ) ;
#7555 = EDGE_LOOP ( 'NONE', ( #8495, #8368 ) ) ;
#7556 = CYLINDRICAL_SURFACE ( 'NONE', #9145, 0.1000000000000005745 ) ;
#7557 = ADVANCED_FACE ( 'NONE', ( #4304 ), #5675, .F. ) ;
#7558 = CIRCLE ( 'NONE', #7860, 0.1000000000000016709 ) ;
#7559 = PLANE ( 'NONE',  #8657 ) ;
#7560 = DIRECTION ( 'NONE',  ( 1.000000000000000000, 6.070773319253920728E-17, -0.000000000000000000 ) ) ;
#7561 = LINE ( 'NONE', #2628, #3882 ) ;
#7562 = ORIENTED_EDGE ( 'NONE', *, *, #8312, .T. ) ;
#7563 = ORIENTED_EDGE ( 'NONE', *, *, #1186, .F. ) ;
#7564 = CARTESIAN_POINT ( 'NONE',  ( -2.450000000000001510, 12.00000000000000178, 1.599999999999995870 ) ) ;
#7565 = ORIENTED_EDGE ( 'NONE', *, *, #4059, .T. ) ;
#7566 = DIRECTION ( 'NONE',  ( 1.000000000000000000, 6.070773319253919496E-17, 0.000000000000000000 ) ) ;
#7567 = FACE_BOUND ( 'NONE', #3491, .T. ) ;
#7568 = FACE_OUTER_BOUND ( 'NONE', #2013, .T. ) ;
#7569 = CARTESIAN_POINT ( 'NONE',  ( -6.400000000000001243, 5.664999999999999147, 0.4499999999999999556 ) ) ;
#7570 = EDGE_CURVE ( 'NONE', #8982, #7973, #8864, .T. ) ;
#7571 = CARTESIAN_POINT ( 'NONE',  ( -11.14999999999999858, 4.000000000000000888, 2.000000000000000000 ) ) ;
#7572 = ORIENTED_EDGE ( 'NONE', *, *, #4337, .T. ) ;
#7573 = LINE ( 'NONE', #1840, #2169 ) ;
#7574 = ORIENTED_EDGE ( 'NONE', *, *, #8163, .T. ) ;
#7575 = CARTESIAN_POINT ( 'NONE',  ( -2.450000000000001066, 10.80000000000001847, 0.3999999999999831468 ) ) ;
#7576 = LINE ( 'NONE', #1086, #1202 ) ;
#7577 = EDGE_CURVE ( 'NONE', #8787, #1259, #8566, .T. ) ;
#7578 = CARTESIAN_POINT ( 'NONE',  ( -2.800000000000001155, 7.730000000000000426, 0.5000000000000000000 ) ) ;
#7579 = ORIENTED_EDGE ( 'NONE', *, *, #8236, .T. ) ;
#7580 = DIRECTION ( 'NONE',  ( 1.000000000000000000, 6.070773319253919496E-17, 0.000000000000000000 ) ) ;
#7581 = ORIENTED_EDGE ( 'NONE', *, *, #4196, .F. ) ;
#7582 = CARTESIAN_POINT ( 'NONE',  ( -2.450000000000001066, 6.400000000000011902, 0.7999999999999374278 ) ) ;
#7583 = DIRECTION ( 'NONE',  ( -0.000000000000000000, -0.000000000000000000, -1.000000000000000000 ) ) ;
#7584 = VERTEX_POINT ( 'NONE', #2123 ) ;
#7585 = ORIENTED_EDGE ( 'NONE', *, *, #5477, .T. ) ;
#7586 = DIRECTION ( 'NONE',  ( 1.000000000000000000, 0.000000000000000000, 0.000000000000000000 ) ) ;
#7587 = DIRECTION ( 'NONE',  ( 0.000000000000000000, 1.000000000000000000, 0.000000000000000000 ) ) ;
#7588 = ADVANCED_FACE ( 'NONE', ( #5008 ), #2085, .F. ) ;
#7589 = CARTESIAN_POINT ( 'NONE',  ( -2.150000000000000799, 6.500000000000006217, 1.199999999999937339 ) ) ;
#7590 = ORIENTED_EDGE ( 'NONE', *, *, #5514, .F. ) ;
#7591 = DIRECTION ( 'NONE',  ( 0.000000000000000000, 1.000000000000000000, 0.000000000000000000 ) ) ;
#7592 = ORIENTED_EDGE ( 'NONE', *, *, #5168, .T. ) ;
#7593 = ORIENTED_EDGE ( 'NONE', *, *, #6147, .F. ) ;
#7594 = DIRECTION ( 'NONE',  ( 0.000000000000000000, -1.000000000000000000, 0.000000000000000000 ) ) ;
#7595 = AXIS2_PLACEMENT_3D ( 'NONE', #9101, #2617, #8394 ) ;
#7596 = CIRCLE ( 'NONE', #6844, 0.1000000000000016709 ) ;
#7597 = CARTESIAN_POINT ( 'NONE',  ( -2.150000000000001243, 7.900000000000005684, 1.199999999999953992 ) ) ;
#7598 = CYLINDRICAL_SURFACE ( 'NONE', #1579, 0.1000000000000005745 ) ;
#7599 = EDGE_CURVE ( 'NONE', #5094, #8703, #2050, .T. ) ;
#7600 = DIRECTION ( 'NONE',  ( 1.000000000000000000, 6.070773319253919496E-17, 0.000000000000000000 ) ) ;
#7601 = EDGE_CURVE ( 'NONE', #1782, #8324, #674, .T. ) ;
#7602 = VECTOR ( 'NONE', #5359, 39.37007874015748143 ) ;
#7603 = EDGE_LOOP ( 'NONE', ( #8164, #7117, #8017, #4751 ) ) ;
#7604 = VERTEX_POINT ( 'NONE', #9326 ) ;
#7605 = AXIS2_PLACEMENT_3D ( 'NONE', #8780, #2341, #5037 ) ;
#7606 = CARTESIAN_POINT ( 'NONE',  ( -2.450000000000001066, 10.00000000000000000, 1.599999999999974998 ) ) ;
#7607 = ORIENTED_EDGE ( 'NONE', *, *, #180, .T. ) ;
#7608 = DIRECTION ( 'NONE',  ( 0.000000000000000000, 1.000000000000000000, 0.000000000000000000 ) ) ;
#7609 = FACE_BOUND ( 'NONE', #4962, .T. ) ;
#7610 = DIRECTION ( 'NONE',  ( 1.000000000000000000, 6.070773319253919496E-17, 0.000000000000000000 ) ) ;
#7611 = CIRCLE ( 'NONE', #7007, 0.1249999999999999029 ) ;
#7612 = FACE_BOUND ( 'NONE', #3707, .T. ) ;
#7613 = EDGE_CURVE ( 'NONE', #7264, #4487, #8427, .T. ) ;
#7614 = CARTESIAN_POINT ( 'NONE',  ( -2.150000000000000799, 4.900000000000000355, 1.599999999999920597 ) ) ;
#7615 = ORIENTED_EDGE ( 'NONE', *, *, #3618, .T. ) ;
#7616 = DIRECTION ( 'NONE',  ( 1.000000000000000000, 6.070773319253920728E-17, -0.000000000000000000 ) ) ;
#7617 = AXIS2_PLACEMENT_3D ( 'NONE', #8510, #8563, #8423 ) ;
#7618 = EDGE_LOOP ( 'NONE', ( #817, #5294, #5603, #4983, #5423 ) ) ;
#7619 = DIRECTION ( 'NONE',  ( 0.000000000000000000, 1.000000000000000000, 0.000000000000000000 ) ) ;
#7620 = EDGE_CURVE ( 'NONE', #2794, #7956, #9309, .T. ) ;
#7621 = VECTOR ( 'NONE', #5588, 39.37007874015748143 ) ;
#7622 = AXIS2_PLACEMENT_3D ( 'NONE', #6402, #3516, #3568 ) ;
#7623 = CARTESIAN_POINT ( 'NONE',  ( -2.450000000000001066, 10.90000000000000924, 1.199999999999983080 ) ) ;
#7624 = AXIS2_PLACEMENT_3D ( 'NONE', #6370, #6421, #3392 ) ;
#7625 = VERTEX_POINT ( 'NONE', #5813 ) ;
#7626 = CARTESIAN_POINT ( 'NONE',  ( -11.14999999999999858, 5.566929133858267598, 0.7169291338582677309 ) ) ;
#7627 = ORIENTED_EDGE ( 'NONE', *, *, #7388, .F. ) ;
#7628 = CARTESIAN_POINT ( 'NONE',  ( -2.450000000000001066, 4.800000000000016698, 0.3999999999999207523 ) ) ;
#7629 = EDGE_CURVE ( 'NONE', #7739, #326, #4317, .T. ) ;
#7630 = FACE_BOUND ( 'NONE', #6468, .T. ) ;
#7631 = ORIENTED_EDGE ( 'NONE', *, *, #6833, .F. ) ;
#7632 = VECTOR ( 'NONE', #8585, 39.37007874015748143 ) ;
#7633 = EDGE_LOOP ( 'NONE', ( #8973, #7267 ) ) ;
#7634 = FACE_BOUND ( 'NONE', #7633, .T. ) ;
#7635 = CARTESIAN_POINT ( 'NONE',  ( -2.450000000000001066, 10.69999999999999929, 1.599999999999983213 ) ) ;
#7636 = AXIS2_PLACEMENT_3D ( 'NONE', #7628, #1013, #5361 ) ;
#7637 = ORIENTED_EDGE ( 'NONE', *, *, #9107, .T. ) ;
#7638 = CARTESIAN_POINT ( 'NONE',  ( -11.00000000000000178, 4.150000000000000355, 1.870000000000000107 ) ) ;
#7639 = CARTESIAN_POINT ( 'NONE',  ( -2.450000000000001510, 11.60000000000001918, 0.3999999999999914735 ) ) ;
#7640 = ORIENTED_EDGE ( 'NONE', *, *, #2187, .T. ) ;
#7641 = VERTEX_POINT ( 'NONE', #5256 ) ;
#7642 = DIRECTION ( 'NONE',  ( 1.000000000000000000, 0.000000000000000000, 0.000000000000000000 ) ) ;
#7643 = AXIS2_PLACEMENT_3D ( 'NONE', #7138, #7053, #6341 ) ;
#7644 = AXIS2_PLACEMENT_3D ( 'NONE', #5904, #8038, #8143 ) ;
#7645 = EDGE_CURVE ( 'NONE', #5276, #7036, #3870, .T. ) ;
#7646 = CIRCLE ( 'NONE', #7048, 0.1000000000000005745 ) ;
#7647 = DIRECTION ( 'NONE',  ( 1.000000000000000000, 6.070773319253920728E-17, -0.000000000000000000 ) ) ;
#7648 = DIRECTION ( 'NONE',  ( -1.000000000000000000, 0.000000000000000000, 0.000000000000000000 ) ) ;
#7649 = VECTOR ( 'NONE', #2180, 39.37007874015748143 ) ;
#7650 = FACE_OUTER_BOUND ( 'NONE', #439, .T. ) ;
#7651 = AXIS2_PLACEMENT_3D ( 'NONE', #6574, #8704, #2983 ) ;
#7652 = ORIENTED_EDGE ( 'NONE', *, *, #7338, .F. ) ;
#7653 = ORIENTED_EDGE ( 'NONE', *, *, #5356, .T. ) ;
#7654 = AXIS2_PLACEMENT_3D ( 'NONE', #1327, #4219, #2086 ) ;
#7655 = CARTESIAN_POINT ( 'NONE',  ( -2.450000000000001066, 6.299999999999999822, 1.599999999999937250 ) ) ;
#7656 = ORIENTED_EDGE ( 'NONE', *, *, #6005, .T. ) ;
#7657 = CARTESIAN_POINT ( 'NONE',  ( -2.450000000000001066, 4.500000000000016875, 0.3999999999999165334 ) ) ;
#7658 = FACE_BOUND ( 'NONE', #6399, .T. ) ;
#7659 = DIRECTION ( 'NONE',  ( 1.000000000000000000, 6.070773319253920728E-17, -0.000000000000000000 ) ) ;
#7660 = EDGE_CURVE ( 'NONE', #3057, #67, #2167, .T. ) ;
#7661 = CIRCLE ( 'NONE', #6753, 0.1000000000000005745 ) ;
#7662 = PRESENTATION_STYLE_ASSIGNMENT (( #5476 ) ) ;
#7663 = VECTOR ( 'NONE', #4163, 39.37007874015748143 ) ;
#7664 = ORIENTED_EDGE ( 'NONE', *, *, #2483, .F. ) ;
#7665 = CARTESIAN_POINT ( 'NONE',  ( -2.450000000000001066, 10.00000000000000000, 1.599999999999974998 ) ) ;
#7666 = ORIENTED_EDGE ( 'NONE', *, *, #5941, .T. ) ;
#7667 = DIRECTION ( 'NONE',  ( 0.000000000000000000, 1.000000000000000000, 0.000000000000000000 ) ) ;
#7668 = VECTOR ( 'NONE', #2545, 39.37007874015748143 ) ;
#7669 = VERTEX_POINT ( 'NONE', #5959 ) ;
#7670 = DIRECTION ( 'NONE',  ( -1.000000000000000000, -5.463695987328527423E-16, 0.000000000000000000 ) ) ;
#7671 = APPLICATION_PROTOCOL_DEFINITION ( 'draft international standard', 'automotive_design', 1998, #1834 ) ;
#7672 = EDGE_CURVE ( 'NONE', #4864, #2042, #136, .T. ) ;
#7673 = CIRCLE ( 'NONE', #2241, 0.1000000000000016709 ) ;
#7674 = CIRCLE ( 'NONE', #9339, 0.1000000000000005745 ) ;
#7675 = CARTESIAN_POINT ( 'NONE',  ( -2.450000000000001066, 9.600000000000006750, 1.199999999999970646 ) ) ;
#7676 = EDGE_CURVE ( 'NONE', #2476, #3777, #8256, .T. ) ;
#7677 = EDGE_CURVE ( 'NONE', #6095, #3949, #4032, .T. ) ;
#7678 = ORIENTED_EDGE ( 'NONE', *, *, #7390, .T. ) ;
#7679 = CARTESIAN_POINT ( 'NONE',  ( -10.84999999999999964, 6.000000000000000888, 1.150000000000000133 ) ) ;
#7680 = ORIENTED_EDGE ( 'NONE', *, *, #2061, .T. ) ;
#7681 = CARTESIAN_POINT ( 'NONE',  ( -2.577500000000000568, 4.550000000000000711, 0.000000000000000000 ) ) ;
#7682 = DIRECTION ( 'NONE',  ( 0.000000000000000000, 1.000000000000000000, 0.000000000000000000 ) ) ;
#7683 = FACE_OUTER_BOUND ( 'NONE', #255, .T. ) ;
#7684 = FACE_BOUND ( 'NONE', #256, .T. ) ;
#7685 = EDGE_CURVE ( 'NONE', #7489, #1466, #395, .T. ) ;
#7686 = CARTESIAN_POINT ( 'NONE',  ( -2.450000000000001066, 8.299999999999998934, 1.599999999999958344 ) ) ;
#7687 = EDGE_CURVE ( 'NONE', #6, #7170, #5998, .T. ) ;
#7688 = FACE_OUTER_BOUND ( 'NONE', #1939, .T. ) ;
#7689 = ORIENTED_EDGE ( 'NONE', *, *, #6930, .F. ) ;
#7690 = CARTESIAN_POINT ( 'NONE',  ( -2.450000000000001066, 5.200000000000005507, 1.199999999999924905 ) ) ;
#7691 = FACE_OUTER_BOUND ( 'NONE', #1977, .T. ) ;
#7692 = EDGE_LOOP ( 'NONE', ( #5434, #3456, #5219, #1955 ) ) ;
#7693 = EDGE_LOOP ( 'NONE', ( #4064, #3864, #1636, #4343 ) ) ;
#7694 = FACE_OUTER_BOUND ( 'NONE', #2014, .T. ) ;
#7695 = LINE ( 'NONE', #6981, #1559 ) ;
#7696 = EDGE_CURVE ( 'NONE', #3275, #8277, #7334, .T. ) ;
#7697 = DIRECTION ( 'NONE',  ( 0.000000000000000000, 0.000000000000000000, 1.000000000000000000 ) ) ;
#7698 = CARTESIAN_POINT ( 'NONE',  ( -2.450000000000001510, 11.90000000000001101, 0.7999999999999957145 ) ) ;
#7699 = ORIENTED_EDGE ( 'NONE', *, *, #7467, .T. ) ;
#7700 = EDGE_CURVE ( 'NONE', #2937, #1244, #7802, .T. ) ;
#7701 = ORIENTED_EDGE ( 'NONE', *, *, #4705, .T. ) ;
#7702 = DIRECTION ( 'NONE',  ( 1.000000000000000000, 6.070773319253919496E-17, 0.000000000000000000 ) ) ;
#7703 = ORIENTED_EDGE ( 'NONE', *, *, #6931, .T. ) ;
#7704 = CARTESIAN_POINT ( 'NONE',  ( -2.150000000000000799, 6.100000000000017408, 0.3999999999999331868 ) ) ;
#7705 = FACE_OUTER_BOUND ( 'NONE', #2192, .T. ) ;
#7706 = VECTOR ( 'NONE', #5918, 39.37007874015748143 ) ;
#7707 = FACE_OUTER_BOUND ( 'NONE', #4589, .T. ) ;
#7708 = FACE_OUTER_BOUND ( 'NONE', #3072, .T. ) ;
#7709 = EDGE_LOOP ( 'NONE', ( #4224, #899, #2830, #6793 ) ) ;
#7710 = DIRECTION ( 'NONE',  ( 0.000000000000000000, 0.000000000000000000, -1.000000000000000000 ) ) ;
#7711 = EDGE_LOOP ( 'NONE', ( #4081, #2575 ) ) ;
#7712 = ADVANCED_FACE ( 'NONE', ( #5868 ), #1616, .F. ) ;
#7713 = CARTESIAN_POINT ( 'NONE',  ( -2.450000000000001066, 4.500000000000011546, 0.7999999999999164446 ) ) ;
#7714 = PLANE ( 'NONE',  #4350 ) ;
#7715 = ORIENTED_EDGE ( 'NONE', *, *, #9285, .F. ) ;
#7716 = CARTESIAN_POINT ( 'NONE',  ( -11.15000000000000036, 7.700000000000000178, 0.3000000000000000999 ) ) ;
#7717 = DIRECTION ( 'NONE',  ( 0.000000000000000000, 0.000000000000000000, 1.000000000000000000 ) ) ;
#7718 = DIRECTION ( 'NONE',  ( 1.000000000000000000, 6.070773319253919496E-17, 0.000000000000000000 ) ) ;
#7719 = VERTEX_POINT ( 'NONE', #6627 ) ;
#7720 = ADVANCED_FACE ( 'NONE', ( #3030 ), #5762, .F. ) ;
#7721 = DIRECTION ( 'NONE',  ( 1.000000000000000000, 6.070773319253919496E-17, 0.000000000000000000 ) ) ;
#7722 = ORIENTED_EDGE ( 'NONE', *, *, #4585, .T. ) ;
#7723 = FACE_OUTER_BOUND ( 'NONE', #3355, .T. ) ;
#7724 = CYLINDRICAL_SURFACE ( 'NONE', #419, 0.1000000000000005745 ) ;
#7725 = LINE ( 'NONE', #8436, #8291 ) ;
#7726 = DIRECTION ( 'NONE',  ( 1.000000000000000000, 6.070773319253919496E-17, 0.000000000000000000 ) ) ;
#7727 = DIRECTION ( 'NONE',  ( 0.000000000000000000, 1.000000000000000000, 0.000000000000000000 ) ) ;
#7728 = ORIENTED_EDGE ( 'NONE', *, *, #7963, .T. ) ;
#7729 = DIRECTION ( 'NONE',  ( 0.000000000000000000, 1.000000000000000000, 0.000000000000000000 ) ) ;
#7730 = ORIENTED_EDGE ( 'NONE', *, *, #8529, .F. ) ;
#7731 = DIRECTION ( 'NONE',  ( 0.000000000000000000, 1.000000000000000000, 0.000000000000000000 ) ) ;
#7732 = ORIENTED_EDGE ( 'NONE', *, *, #8778, .F. ) ;
#7733 = VECTOR ( 'NONE', #5689, 39.37007874015748143 ) ;
#7734 = ORIENTED_EDGE ( 'NONE', *, *, #6129, .F. ) ;
#7735 = EDGE_CURVE ( 'NONE', #5027, #1460, #6668, .T. ) ;
#7736 = DIRECTION ( 'NONE',  ( 1.000000000000000000, 6.070773319253920728E-17, -0.000000000000000000 ) ) ;
#7737 = DIRECTION ( 'NONE',  ( 1.000000000000000000, 6.070773319253919496E-17, 0.000000000000000000 ) ) ;
#7738 = CARTESIAN_POINT ( 'NONE',  ( -2.150000000000000799, 6.400000000000017231, 0.3999999999999374056 ) ) ;
#7739 = VERTEX_POINT ( 'NONE', #2223 ) ;
#7740 = EDGE_LOOP ( 'NONE', ( #6880, #5326, #3234, #141 ) ) ;
#7741 = CARTESIAN_POINT ( 'NONE',  ( -5.700000000000001066, 10.80000000000000071, 0.5300000000000001377 ) ) ;
#7742 = VERTEX_POINT ( 'NONE', #4505 ) ;
#7743 = CARTESIAN_POINT ( 'NONE',  ( -9.999999999999998224, 4.300000000000000711, 1.499999999999999778 ) ) ;
#7744 = EDGE_CURVE ( 'NONE', #8227, #7302, #7384, .T. ) ;
#7745 = LINE ( 'NONE', #7085, #8997 ) ;
#7746 = AXIS2_PLACEMENT_3D ( 'NONE', #7748, #556, #5000 ) ;
#7747 = LINE ( 'NONE', #4248, #6149 ) ;
#7748 = CARTESIAN_POINT ( 'NONE',  ( -2.450000000000001066, 4.400000000000005684, 1.199999999999916467 ) ) ;
#7749 = ADVANCED_FACE ( 'NONE', ( #8147 ), #1467, .F. ) ;
#7750 = CIRCLE ( 'NONE', #4878, 0.1000000000000016709 ) ;
#7751 = ORIENTED_EDGE ( 'NONE', *, *, #4818, .T. ) ;
#7752 = DIRECTION ( 'NONE',  ( 1.000000000000000000, 6.070773319253920728E-17, -0.000000000000000000 ) ) ;
#7753 = AXIS2_PLACEMENT_3D ( 'NONE', #6004, #7273, #5861 ) ;
#7754 = ORIENTED_EDGE ( 'NONE', *, *, #6103, .T. ) ;
#7755 = CARTESIAN_POINT ( 'NONE',  ( -2.150000000000001243, 10.80000000000000782, 1.199999999999983080 ) ) ;
#7756 = DIRECTION ( 'NONE',  ( 0.000000000000000000, -1.000000000000000000, 0.000000000000000000 ) ) ;
#7757 = ORIENTED_EDGE ( 'NONE', *, *, #7993, .F. ) ;
#7758 = CARTESIAN_POINT ( 'NONE',  ( -5.700000000000001066, 10.80000000000000071, 0.4049999999999996381 ) ) ;
#7759 = CYLINDRICAL_SURFACE ( 'NONE', #1011, 0.1249999999999999029 ) ;
#7760 = AXIS2_PLACEMENT_3D ( 'NONE', #9232, #2749, #6964 ) ;
#7761 = AXIS2_PLACEMENT_3D ( 'NONE', #4132, #1996, #4885 ) ;
#7762 = EDGE_CURVE ( 'NONE', #8703, #5094, #1449, .T. ) ;
#7763 = CARTESIAN_POINT ( 'NONE',  ( -2.450000000000001066, 10.00000000000000711, 1.199999999999974865 ) ) ;
#7764 = CIRCLE ( 'NONE', #3688, 0.06889763779527564858 ) ;
#7765 = EDGE_LOOP ( 'NONE', ( #3201, #1627 ) ) ;
#7766 = CARTESIAN_POINT ( 'NONE',  ( -2.450000000000001066, 8.900000000000000355, 1.599999999999962341 ) ) ;
#7767 = AXIS2_PLACEMENT_3D ( 'NONE', #2997, #105, #3608 ) ;
#7768 = VERTEX_POINT ( 'NONE', #5111 ) ;
#7769 = DIRECTION ( 'NONE',  ( 1.000000000000000000, 6.070773319253920728E-17, -0.000000000000000000 ) ) ;
#7770 = LINE ( 'NONE', #609, #1457 ) ;
#7771 = DIRECTION ( 'NONE',  ( 1.000000000000000000, 6.070773319253919496E-17, 0.000000000000000000 ) ) ;
#7772 = AXIS2_PLACEMENT_3D ( 'NONE', #4667, #3241, #6134 ) ;
#7773 = EDGE_CURVE ( 'NONE', #6225, #3177, #7999, .T. ) ;
#7774 = AXIS2_PLACEMENT_3D ( 'NONE', #7675, #9135, #9090 ) ;
#7775 = DIRECTION ( 'NONE',  ( 1.000000000000000000, 6.070773319253919496E-17, 0.000000000000000000 ) ) ;
#7776 = ADVANCED_FACE ( 'NONE', ( #8318 ), #417, .T. ) ;
#7777 = DIRECTION ( 'NONE',  ( -0.000000000000000000, -1.000000000000000000, -0.000000000000000000 ) ) ;
#7778 = ORIENTED_EDGE ( 'NONE', *, *, #8829, .F. ) ;
#7779 = DIRECTION ( 'NONE',  ( 1.000000000000000000, 6.070773319253919496E-17, 0.000000000000000000 ) ) ;
#7780 = AXIS2_PLACEMENT_3D ( 'NONE', #8775, #5982, #5130 ) ;
#7781 = ORIENTED_EDGE ( 'NONE', *, *, #7902, .F. ) ;
#7782 = DIRECTION ( 'NONE',  ( 1.000000000000000000, 6.070773319253919496E-17, 0.000000000000000000 ) ) ;
#7783 = EDGE_LOOP ( 'NONE', ( #8930, #8712, #9005, #6569 ) ) ;
#7784 = CIRCLE ( 'NONE', #3703, 0.1000000000000005745 ) ;
#7785 = ORIENTED_EDGE ( 'NONE', *, *, #5400, .F. ) ;
#7786 = CARTESIAN_POINT ( 'NONE',  ( -2.300000000000000711, 4.150000000000000355, 1.870000000000000107 ) ) ;
#7787 = EDGE_CURVE ( 'NONE', #1841, #959, #89, .T. ) ;
#7788 = VECTOR ( 'NONE', #709, 39.37007874015748143 ) ;
#7789 = CARTESIAN_POINT ( 'NONE',  ( -2.450000000000001066, 7.100000000000005862, 1.199999999999945777 ) ) ;
#7790 = EDGE_CURVE ( 'NONE', #3066, #4964, #9019, .T. ) ;
#7791 = CARTESIAN_POINT ( 'NONE',  ( -2.450000000000001066, 5.600000000000011191, 0.7999999999999289901 ) ) ;
#7792 = ORIENTED_EDGE ( 'NONE', *, *, #1331, .F. ) ;
#7793 = ORIENTED_EDGE ( 'NONE', *, *, #5870, .T. ) ;
#7794 = CARTESIAN_POINT ( 'NONE',  ( -2.450000000000001066, 6.000000000000016875, 0.3999999999999331868 ) ) ;
#7795 = VECTOR ( 'NONE', #3180, 39.37007874015748143 ) ;
#7796 = ORIENTED_EDGE ( 'NONE', *, *, #1953, .T. ) ;
#7797 = DIRECTION ( 'NONE',  ( -0.000000000000000000, -0.000000000000000000, -1.000000000000000000 ) ) ;
#7798 = CARTESIAN_POINT ( 'NONE',  ( -5.850000000000001421, 10.80000000000000071, 0.5300000000000001377 ) ) ;
#7799 = AXIS2_PLACEMENT_3D ( 'NONE', #6912, #8421, #6335 ) ;
#7800 = VECTOR ( 'NONE', #2338, 39.37007874015748143 ) ;
#7801 = CARTESIAN_POINT ( 'NONE',  ( -2.450000000000001066, 11.10000000000001741, 0.3999999999999874212 ) ) ;
#7802 = CIRCLE ( 'NONE', #7651, 0.1249999999999999029 ) ;
#7803 = EDGE_CURVE ( 'NONE', #2937, #2386, #6096, .T. ) ;
#7804 = EDGE_CURVE ( 'NONE', #826, #3023, #365, .T. ) ;
#7805 = VECTOR ( 'NONE', #9111, 39.37007874015748143 ) ;
#7806 = VERTEX_POINT ( 'NONE', #1124 ) ;
#7808 = VECTOR ( 'NONE', #6670, 39.37007874015748143 ) ;
#7807 = CARTESIAN_POINT ( 'NONE',  ( -5.700000000000001066, 10.80000000000000071, 0.4609999999999991882 ) ) ;
#7809 = EDGE_LOOP ( 'NONE', ( #3192, #4502, #8345, #6655 ) ) ;
#7810 = CARTESIAN_POINT ( 'NONE',  ( -2.450000000000001066, 6.100000000000001421, 1.599999999999933253 ) ) ;
#7811 = DIRECTION ( 'NONE',  ( 0.000000000000000000, 1.000000000000000000, 0.000000000000000000 ) ) ;
#7812 = ORIENTED_EDGE ( 'NONE', *, *, #605, .F. ) ;
#7813 = CARTESIAN_POINT ( 'NONE',  ( -5.700000000000001066, 8.010000000000003340, 0.4610000000000000764 ) ) ;
#7814 = DIRECTION ( 'NONE',  ( 0.000000000000000000, 1.000000000000000000, 0.000000000000000000 ) ) ;
#7815 = AXIS2_PLACEMENT_3D ( 'NONE', #3845, #8719, #4517 ) ;
#7816 = ADVANCED_FACE ( 'NONE', ( #7527 ), #5473, .F. ) ;
#7817 = VECTOR ( 'NONE', #8692, 39.37007874015748143 ) ;
#7818 = DIRECTION ( 'NONE',  ( 1.000000000000000000, 6.070773319253920728E-17, -0.000000000000000000 ) ) ;
#7819 = ADVANCED_FACE ( 'NONE', ( #6190 ), #1075, .F. ) ;
#7820 = CIRCLE ( 'NONE', #5404, 0.1249999999999999029 ) ;
#7821 = ORIENTED_EDGE ( 'NONE', *, *, #2126, .T. ) ;
#7822 = DIRECTION ( 'NONE',  ( -1.000000000000000000, 0.000000000000000000, 0.000000000000000000 ) ) ;
#7823 = ORIENTED_EDGE ( 'NONE', *, *, #8988, .F. ) ;
#7824 = DIRECTION ( 'NONE',  ( 0.000000000000000000, 1.000000000000000000, 0.000000000000000000 ) ) ;
#7825 = ADVANCED_FACE ( 'NONE', ( #5394 ), #8360, .F. ) ;
#7826 = DIRECTION ( 'NONE',  ( 1.000000000000000000, 6.070773319253920728E-17, -0.000000000000000000 ) ) ;
#7827 = DIRECTION ( 'NONE',  ( 0.000000000000000000, 0.000000000000000000, 1.000000000000000000 ) ) ;
#7828 = VECTOR ( 'NONE', #1927, 39.37007874015748143 ) ;
#7829 = DIRECTION ( 'NONE',  ( 0.000000000000000000, 1.000000000000000000, 0.000000000000000000 ) ) ;
#7830 = DIRECTION ( 'NONE',  ( -0.000000000000000000, 0.000000000000000000, -1.000000000000000000 ) ) ;
#7831 = ORIENTED_EDGE ( 'NONE', *, *, #3584, .F. ) ;
#7832 = DIRECTION ( 'NONE',  ( 1.000000000000000000, 6.070773319253920728E-17, -0.000000000000000000 ) ) ;
#7833 = ORIENTED_EDGE ( 'NONE', *, *, #8614, .T. ) ;
#7834 = CARTESIAN_POINT ( 'NONE',  ( -5.700000000000001066, 10.80000000000000249, 1.469999999999999973 ) ) ;
#7835 = ORIENTED_EDGE ( 'NONE', *, *, #7211, .T. ) ;
#7836 = EDGE_CURVE ( 'NONE', #4479, #4866, #8399, .T. ) ;
#7837 = ORIENTED_EDGE ( 'NONE', *, *, #5988, .F. ) ;
#7838 = VERTEX_POINT ( 'NONE', #8942 ) ;
#7839 = DIRECTION ( 'NONE',  ( 1.000000000000000000, 0.000000000000000000, 0.000000000000000000 ) ) ;
#7840 = DIRECTION ( 'NONE',  ( 0.000000000000000000, -1.000000000000000000, 0.000000000000000000 ) ) ;
#7841 = DIRECTION ( 'NONE',  ( 0.000000000000000000, 1.000000000000000000, 0.000000000000000000 ) ) ;
#7842 = ORIENTED_EDGE ( 'NONE', *, *, #8375, .F. ) ;
#7843 = EDGE_CURVE ( 'NONE', #4504, #8248, #5683, .T. ) ;
#7844 = ORIENTED_EDGE ( 'NONE', *, *, #1078, .F. ) ;
#7845 = CARTESIAN_POINT ( 'NONE',  ( -2.450000000000001510, 12.00000000000001243, 0.7999999999999957145 ) ) ;
#7846 = ORIENTED_EDGE ( 'NONE', *, *, #5421, .F. ) ;
#7847 = CARTESIAN_POINT ( 'NONE',  ( -2.450000000000001066, 8.400000000000000355, 1.599999999999958344 ) ) ;
#7848 = DIRECTION ( 'NONE',  ( 0.000000000000000000, 0.000000000000000000, -1.000000000000000000 ) ) ;
#7849 = CARTESIAN_POINT ( 'NONE',  ( -2.450000000000001066, 4.400000000000005684, 1.199999999999916467 ) ) ;
#7850 = DIRECTION ( 'NONE',  ( -0.000000000000000000, 0.000000000000000000, 1.000000000000000000 ) ) ;
#7851 = VERTEX_POINT ( 'NONE', #7472 ) ;
#7852 = DIRECTION ( 'NONE',  ( 0.000000000000000000, 0.000000000000000000, -1.000000000000000000 ) ) ;
#7853 = ORIENTED_EDGE ( 'NONE', *, *, #3010, .F. ) ;
#7854 = CYLINDRICAL_SURFACE ( 'NONE', #6016, 0.4133858267716539192 ) ;
#7855 = ORIENTED_EDGE ( 'NONE', *, *, #232, .F. ) ;
#7856 = DIRECTION ( 'NONE',  ( 1.000000000000000000, 6.070773319253919496E-17, 0.000000000000000000 ) ) ;
#7857 = DIRECTION ( 'NONE',  ( -2.185478394931410575E-16, -1.000000000000000000, 0.000000000000000000 ) ) ;
#7858 = FACE_OUTER_BOUND ( 'NONE', #6554, .T. ) ;
#7859 = EDGE_CURVE ( 'NONE', #4662, #3377, #9080, .T. ) ;
#7860 = AXIS2_PLACEMENT_3D ( 'NONE', #147, #8952, #3140 ) ;
#7861 = ORIENTED_EDGE ( 'NONE', *, *, #7436, .F. ) ;
#7862 = DIRECTION ( 'NONE',  ( 0.000000000000000000, 1.000000000000000000, 0.000000000000000000 ) ) ;
#7863 = ORIENTED_EDGE ( 'NONE', *, *, #2428, .F. ) ;
#7864 = FACE_OUTER_BOUND ( 'NONE', #1572, .T. ) ;
#7865 = DIRECTION ( 'NONE',  ( 1.000000000000000000, 6.070773319253920728E-17, -0.000000000000000000 ) ) ;
#7866 = DIRECTION ( 'NONE',  ( 1.000000000000000000, 6.070773319253919496E-17, 0.000000000000000000 ) ) ;
#7867 = EDGE_CURVE ( 'NONE', #7358, #8207, #4631, .T. ) ;
#7868 = DIRECTION ( 'NONE',  ( 0.000000000000000000, 1.000000000000000000, 0.000000000000000000 ) ) ;
#7869 = CARTESIAN_POINT ( 'NONE',  ( -5.850000000000001421, 13.00000000000000000, 0.3000000000000000999 ) ) ;
#7870 = ORIENTED_EDGE ( 'NONE', *, *, #4404, .T. ) ;
#7871 = CARTESIAN_POINT ( 'NONE',  ( -2.150000000000000799, 5.300000000000017586, 0.3999999999999248601 ) ) ;
#7872 = VERTEX_POINT ( 'NONE', #7426 ) ;
#7873 = DIRECTION ( 'NONE',  ( 0.000000000000000000, 1.000000000000000000, 0.000000000000000000 ) ) ;
#7874 = EDGE_LOOP ( 'NONE', ( #3390, #1463, #2977, #2424 ) ) ;
#7875 = VERTEX_POINT ( 'NONE', #2412 ) ;
#7876 = ORIENTED_EDGE ( 'NONE', *, *, #6210, .T. ) ;
#7877 = DIRECTION ( 'NONE',  ( 1.000000000000000000, 6.070773319253919496E-17, 0.000000000000000000 ) ) ;
#7878 = DIRECTION ( 'NONE',  ( 0.000000000000000000, 1.000000000000000000, 0.000000000000000000 ) ) ;
#7879 = ADVANCED_FACE ( 'NONE', ( #3126 ), #6771, .F. ) ;
#7880 = CARTESIAN_POINT ( 'NONE',  ( -2.150000000000001243, 7.300000000000012257, 0.7999999999999457545 ) ) ;
#7881 = ORIENTED_EDGE ( 'NONE', *, *, #191, .F. ) ;
#7882 = ORIENTED_EDGE ( 'NONE', *, *, #5206, .T. ) ;
#7883 = CARTESIAN_POINT ( 'NONE',  ( -4.585000000000000853, 7.730000000000000426, 0.5000000000000000000 ) ) ;
#7884 = ORIENTED_EDGE ( 'NONE', *, *, #6323, .T. ) ;
#7885 = FACE_OUTER_BOUND ( 'NONE', #4693, .T. ) ;
#7886 = DIRECTION ( 'NONE',  ( 0.000000000000000000, 1.000000000000000000, 0.000000000000000000 ) ) ;
#7887 = PLANE ( 'NONE',  #5688 ) ;
#7888 = CARTESIAN_POINT ( 'NONE',  ( -5.850000000000001421, 12.69999999999999929, 0.2999999999999999889 ) ) ;
#7889 = ADVANCED_FACE ( 'NONE', ( #8230 ), #2547, .F. ) ;
#7890 = EDGE_LOOP ( 'NONE', ( #5141, #3817 ) ) ;
#7891 = FACE_OUTER_BOUND ( 'NONE', #2927, .T. ) ;
#7892 = EDGE_CURVE ( 'NONE', #2555, #4353, #3878, .T. ) ;
#7893 = AXIS2_PLACEMENT_3D ( 'NONE', #290, #6960, #5352 ) ;
#7894 = EDGE_LOOP ( 'NONE', ( #3612, #1434 ) ) ;
#7895 = AXIS2_PLACEMENT_3D ( 'NONE', #4960, #7850, #5715 ) ;
#7896 = FACE_OUTER_BOUND ( 'NONE', #7354, .T. ) ;
#7897 = ORIENTED_EDGE ( 'NONE', *, *, #1685, .T. ) ;
#7898 = DIRECTION ( 'NONE',  ( 1.000000000000000000, 6.070773319253919496E-17, 0.000000000000000000 ) ) ;
#7899 = DIRECTION ( 'NONE',  ( 1.000000000000000000, 6.070773319253919496E-17, 0.000000000000000000 ) ) ;
#7900 = FACE_BOUND ( 'NONE', #6695, .T. ) ;
#7901 = CIRCLE ( 'NONE', #8813, 0.1000000000000005745 ) ;
#7902 = EDGE_CURVE ( 'NONE', #3936, #3715, #4928, .T. ) ;
#7903 = AXIS2_PLACEMENT_3D ( 'NONE', #2444, #4760, #2404 ) ;
#7904 = VERTEX_POINT ( 'NONE', #7743 ) ;
#7905 = ADVANCED_FACE ( 'NONE', ( #2731 ), #9173, .F. ) ;
#7906 = DIRECTION ( 'NONE',  ( 1.000000000000000000, 0.000000000000000000, 0.000000000000000000 ) ) ;
#7907 = AXIS2_PLACEMENT_3D ( 'NONE', #3501, #7060, #569 ) ;
#7908 = ORIENTED_EDGE ( 'NONE', *, *, #4467, .F. ) ;
#7909 = LINE ( 'NONE', #1421, #1747 ) ;
#7910 = FACE_OUTER_BOUND ( 'NONE', #4299, .T. ) ;
#7911 = VECTOR ( 'NONE', #3237, 39.37007874015748143 ) ;
#7912 = CYLINDRICAL_SURFACE ( 'NONE', #8949, 0.1000000000000016709 ) ;
#7913 = CIRCLE ( 'NONE', #4454, 0.1000000000000005745 ) ;
#7914 = DIRECTION ( 'NONE',  ( 0.000000000000000000, 1.000000000000000000, 0.000000000000000000 ) ) ;
#7915 = CIRCLE ( 'NONE', #5197, 0.1249999999999999029 ) ;
#7916 = EDGE_CURVE ( 'NONE', #2386, #8430, #5240, .T. ) ;
#7917 = DIRECTION ( 'NONE',  ( -1.000000000000000000, -5.463695987328527423E-16, -0.000000000000000000 ) ) ;
#7918 = ORIENTED_EDGE ( 'NONE', *, *, #5363, .T. ) ;
#7919 = EDGE_CURVE ( 'NONE', #4987, #8445, #1312, .T. ) ;
#7920 = DIRECTION ( 'NONE',  ( 1.000000000000000000, 6.070773319253919496E-17, 0.000000000000000000 ) ) ;
#7921 = ORIENTED_EDGE ( 'NONE', *, *, #5546, .F. ) ;
#7922 = CYLINDRICAL_SURFACE ( 'NONE', #5811, 0.1000000000000005745 ) ;
#7923 = ORIENTED_EDGE ( 'NONE', *, *, #2522, .F. ) ;
#7924 = ORIENTED_EDGE ( 'NONE', *, *, #7981, .F. ) ;
#7925 = AXIS2_PLACEMENT_3D ( 'NONE', #1108, #1959, #4754 ) ;
#7926 = ORIENTED_EDGE ( 'NONE', *, *, #714, .F. ) ;
#7927 = CARTESIAN_POINT ( 'NONE',  ( -11.00000000000000178, 4.150000000000000355, 1.870000000000000107 ) ) ;
#7928 = AXIS2_PLACEMENT_3D ( 'NONE', #929, #837, #169 ) ;
#7929 = CARTESIAN_POINT ( 'NONE',  ( -2.450000000000001066, 4.400000000000000355, 1.599999999999916600 ) ) ;
#7930 = VECTOR ( 'NONE', #2191, 39.37007874015748143 ) ;
#7931 = FACE_OUTER_BOUND ( 'NONE', #4755, .T. ) ;
#7932 = VECTOR ( 'NONE', #8802, 39.37007874015748143 ) ;
#7933 = EDGE_LOOP ( 'NONE', ( #8799, #1872, #6319, #1822 ) ) ;
#7934 = ORIENTED_EDGE ( 'NONE', *, *, #490, .T. ) ;
#7935 = LINE ( 'NONE', #3623, #9185 ) ;
#7936 = ORIENTED_EDGE ( 'NONE', *, *, #2077, .F. ) ;
#7937 = DIRECTION ( 'NONE',  ( 0.000000000000000000, 1.000000000000000000, 0.000000000000000000 ) ) ;
#7938 = CARTESIAN_POINT ( 'NONE',  ( -2.150000000000000799, 5.700000000000006395, 1.199999999999928901 ) ) ;
#7939 = EDGE_CURVE ( 'NONE', #7875, #3177, #1760, .T. ) ;
#7940 = AXIS2_PLACEMENT_3D ( 'NONE', #9377, #1334, #4314 ) ;
#7941 = DIRECTION ( 'NONE',  ( 1.000000000000000000, 6.070773319253920728E-17, -0.000000000000000000 ) ) ;
#7942 = AXIS2_PLACEMENT_3D ( 'NONE', #8932, #2489, #973 ) ;
#7943 = DIRECTION ( 'NONE',  ( 0.000000000000000000, -1.000000000000000000, 0.000000000000000000 ) ) ;
#7944 = ORIENTED_EDGE ( 'NONE', *, *, #4362, .T. ) ;
#7945 = DIRECTION ( 'NONE',  ( 0.000000000000000000, 1.000000000000000000, 0.000000000000000000 ) ) ;
#7946 = ORIENTED_EDGE ( 'NONE', *, *, #8545, .T. ) ;
#7947 = AXIS2_PLACEMENT_3D ( 'NONE', #4822, #1080, #7710 ) ;
#7948 = CARTESIAN_POINT ( 'NONE',  ( -2.212500000000001243, 12.65000000000000213, 1.870000000000000107 ) ) ;
#7949 = ORIENTED_EDGE ( 'NONE', *, *, #3416, .T. ) ;
#7950 = CARTESIAN_POINT ( 'NONE',  ( -2.450000000000001066, 8.000000000000007105, 1.199999999999953992 ) ) ;
#7951 = DIRECTION ( 'NONE',  ( 0.000000000000000000, 1.000000000000000000, 0.000000000000000000 ) ) ;
#7952 = ADVANCED_FACE ( 'NONE', ( #4068 ), #7084, .F. ) ;
#7953 = FACE_BOUND ( 'NONE', #9348, .T. ) ;
#7954 = VECTOR ( 'NONE', #5201, 39.37007874015748143 ) ;
#7955 = AXIS2_PLACEMENT_3D ( 'NONE', #3215, #1752, #5437 ) ;
#7956 = VERTEX_POINT ( 'NONE', #6948 ) ;
#7957 = FACE_OUTER_BOUND ( 'NONE', #276, .T. ) ;
#7958 = AXIS2_PLACEMENT_3D ( 'NONE', #5045, #1398, #3586 ) ;
#7959 = ORIENTED_EDGE ( 'NONE', *, *, #2874, .T. ) ;
#7960 = DIRECTION ( 'NONE',  ( 1.000000000000000000, 0.000000000000000000, -0.000000000000000000 ) ) ;
#7961 = VECTOR ( 'NONE', #876, 39.37007874015748143 ) ;
#7962 = CARTESIAN_POINT ( 'NONE',  ( -2.150000000000001243, 7.700000000000000178, 0.8999999999999996891 ) ) ;
#7963 = EDGE_CURVE ( 'NONE', #1583, #8486, #2060, .T. ) ;
#7964 = AXIS2_PLACEMENT_3D ( 'NONE', #5148, #6617, #7374 ) ;
#7965 = CARTESIAN_POINT ( 'NONE',  ( -5.700000000000001066, 8.010000000000003340, 0.5300000000000001377 ) ) ;
#7966 = CARTESIAN_POINT ( 'NONE',  ( -2.150000000000001243, 12.00000000000001243, 0.7999999999999957145 ) ) ;
#7967 = VECTOR ( 'NONE', #7398, 39.37007874015748143 ) ;
#7968 = CARTESIAN_POINT ( 'NONE',  ( -2.450000000000001066, 6.900000000000011902, 0.7999999999999414246 ) ) ;
#7969 = ORIENTED_EDGE ( 'NONE', *, *, #7219, .T. ) ;
#7970 = CARTESIAN_POINT ( 'NONE',  ( -2.450000000000001066, 5.500000000000005329, 1.199999999999928901 ) ) ;
#7971 = ORIENTED_EDGE ( 'NONE', *, *, #4096, .T. ) ;
#7972 = DIRECTION ( 'NONE',  ( 0.000000000000000000, 1.000000000000000000, 0.000000000000000000 ) ) ;
#7973 = VERTEX_POINT ( 'NONE', #5521 ) ;
#7974 = EDGE_LOOP ( 'NONE', ( #3744, #618, #3301, #6597 ) ) ;
#7975 = CIRCLE ( 'NONE', #2840, 0.1000000000000005745 ) ;
#7976 = ORIENTED_EDGE ( 'NONE', *, *, #2133, .T. ) ;
#7977 = CYLINDRICAL_SURFACE ( 'NONE', #5985, 0.1000000000000016709 ) ;
#7978 = EDGE_CURVE ( 'NONE', #6613, #6325, #5712, .T. ) ;
#7979 = DIRECTION ( 'NONE',  ( -1.000000000000000000, 0.000000000000000000, 0.000000000000000000 ) ) ;
#7980 = PLANE ( 'NONE',  #9168 ) ;
#7981 = EDGE_CURVE ( 'NONE', #2426, #5504, #701, .T. ) ;
#7982 = VERTEX_POINT ( 'NONE', #454 ) ;
#7983 = CARTESIAN_POINT ( 'NONE',  ( -2.450000000000001066, 8.400000000000000355, 1.599999999999958344 ) ) ;
#7984 = EDGE_LOOP ( 'NONE', ( #4164, #1308 ) ) ;
#7985 = DIRECTION ( 'NONE',  ( 1.000000000000000000, 6.070773319253920728E-17, -0.000000000000000000 ) ) ;
#7986 = ORIENTED_EDGE ( 'NONE', *, *, #106, .T. ) ;
#7987 = DIRECTION ( 'NONE',  ( 0.000000000000000000, 0.000000000000000000, 1.000000000000000000 ) ) ;
#7988 = CARTESIAN_POINT ( 'NONE',  ( -4.800000000000001599, 6.950000000000001954, 0.4499999999999999556 ) ) ;
#7989 = CARTESIAN_POINT ( 'NONE',  ( -2.150000000000000799, 6.100000000000012079, 0.7999999999999330980 ) ) ;
#7990 = EDGE_CURVE ( 'NONE', #7423, #722, #2824, .T. ) ;
#7991 = CARTESIAN_POINT ( 'NONE',  ( -5.850000000000001421, 8.010000000000003340, 1.345000000000001084 ) ) ;
#7992 = DIRECTION ( 'NONE',  ( 1.000000000000000000, 0.000000000000000000, 0.000000000000000000 ) ) ;
#7993 = EDGE_CURVE ( 'NONE', #2141, #264, #1163, .T. ) ;
#7994 = VERTEX_POINT ( 'NONE', #3345 ) ;
#7995 = DIRECTION ( 'NONE',  ( 0.000000000000000000, 0.000000000000000000, 1.000000000000000000 ) ) ;
#7996 = ORIENTED_EDGE ( 'NONE', *, *, #2671, .T. ) ;
#7997 = LINE ( 'NONE', #6666, #8722 ) ;
#7998 = ORIENTED_EDGE ( 'NONE', *, *, #3961, .F. ) ;
#7999 = LINE ( 'NONE', #1515, #6744 ) ;
#8000 = DIRECTION ( 'NONE',  ( 1.000000000000000000, 6.070773319253919496E-17, 0.000000000000000000 ) ) ;
#8001 = FACE_OUTER_BOUND ( 'NONE', #9085, .T. ) ;
#8002 = CYLINDRICAL_SURFACE ( 'NONE', #2718, 0.1000000000000005745 ) ;
#8003 = EDGE_CURVE ( 'NONE', #2578, #7872, #5660, .T. ) ;
#8004 = ORIENTED_EDGE ( 'NONE', *, *, #8292, .F. ) ;
#8005 = DIRECTION ( 'NONE',  ( 0.000000000000000000, 0.000000000000000000, 1.000000000000000000 ) ) ;
#8006 = ORIENTED_EDGE ( 'NONE', *, *, #672, .F. ) ;
#8007 = DIRECTION ( 'NONE',  ( -1.000000000000000000, 0.000000000000000000, 0.000000000000000000 ) ) ;
#8008 = CARTESIAN_POINT ( 'NONE',  ( -2.450000000000001066, 7.500000000000000000, 1.599999999999949907 ) ) ;
#8009 = CARTESIAN_POINT ( 'NONE',  ( -3.550000000000001599, 6.950000000000001066, 0.2999999999999999889 ) ) ;
#8010 = FACE_BOUND ( 'NONE', #877, .T. ) ;
#8011 = EDGE_CURVE ( 'NONE', #4511, #8958, #6007, .T. ) ;
#8012 = CARTESIAN_POINT ( 'NONE',  ( -2.150000000000001243, 11.30000000000001315, 0.7999999999999873879 ) ) ;
#8013 = ORIENTED_EDGE ( 'NONE', *, *, #6859, .T. ) ;
#8014 = CARTESIAN_POINT ( 'NONE',  ( -10.91250000000000142, 7.849999999999998757, 1.870000000000000107 ) ) ;
#8015 = VERTEX_POINT ( 'NONE', #7704 ) ;
#8016 = DIRECTION ( 'NONE',  ( -1.000000000000000000, 8.741913579725647229E-16, -0.000000000000000000 ) ) ;
#8017 = ORIENTED_EDGE ( 'NONE', *, *, #7803, .T. ) ;
#8018 = ORIENTED_EDGE ( 'NONE', *, *, #5237, .T. ) ;
#8019 = ORIENTED_EDGE ( 'NONE', *, *, #7990, .T. ) ;
#8020 = CARTESIAN_POINT ( 'NONE',  ( -2.450000000000001066, 10.40000000000001812, 0.3999999999999790945 ) ) ;
#8021 = DIRECTION ( 'NONE',  ( 0.000000000000000000, 0.000000000000000000, 1.000000000000000000 ) ) ;
#8022 = ADVANCED_FACE ( 'NONE', ( #6369 ), #552, .F. ) ;
#8023 = CARTESIAN_POINT ( 'NONE',  ( -5.600000000000001421, 12.44999999999999929, 0.000000000000000000 ) ) ;
#8024 = ORIENTED_EDGE ( 'NONE', *, *, #9133, .F. ) ;
#8025 = EDGE_CURVE ( 'NONE', #5506, #6504, #9257, .T. ) ;
#8026 = EDGE_LOOP ( 'NONE', ( #5138, #1008, #2002, #8849 ) ) ;
#8027 = EDGE_CURVE ( 'NONE', #9100, #5761, #1876, .T. ) ;
#8028 = LINE ( 'NONE', #3014, #4146 ) ;
#8029 = EDGE_LOOP ( 'NONE', ( #8884, #2263, #3768, #2099 ) ) ;
#8030 = LINE ( 'NONE', #3726, #115 ) ;
#8031 = VERTEX_POINT ( 'NONE', #7657 ) ;
#8032 = DIRECTION ( 'NONE',  ( 0.000000000000000000, 1.000000000000000000, 0.000000000000000000 ) ) ;
#8033 = FACE_OUTER_BOUND ( 'NONE', #2256, .T. ) ;
#8034 = CARTESIAN_POINT ( 'NONE',  ( -2.150000000000001243, 12.40000000000000036, 1.599999999999999867 ) ) ;
#8035 = CARTESIAN_POINT ( 'NONE',  ( -5.850000000000001421, 8.010000000000003340, 0.5300000000000001377 ) ) ;
#8036 = DIRECTION ( 'NONE',  ( 0.000000000000000000, 0.000000000000000000, 1.000000000000000000 ) ) ;
#8037 = EDGE_LOOP ( 'NONE', ( #5832, #2965 ) ) ;
#8038 = DIRECTION ( 'NONE',  ( 1.000000000000000000, 5.463695987328527423E-16, -0.000000000000000000 ) ) ;
#8039 = ORIENTED_EDGE ( 'NONE', *, *, #1219, .F. ) ;
#8040 = EDGE_CURVE ( 'NONE', #2900, #2765, #8125, .T. ) ;
#8041 = DIRECTION ( 'NONE',  ( 1.000000000000000000, 6.070773319253920728E-17, -0.000000000000000000 ) ) ;
#8042 = ORIENTED_EDGE ( 'NONE', *, *, #3281, .T. ) ;
#8043 = DIRECTION ( 'NONE',  ( 0.000000000000000000, 1.000000000000000000, 0.000000000000000000 ) ) ;
#8044 = CARTESIAN_POINT ( 'NONE',  ( -2.450000000000001066, 10.40000000000000746, 1.199999999999979083 ) ) ;
#8045 = CIRCLE ( 'NONE', #2566, 0.1000000000000016709 ) ;
#8046 = DIRECTION ( 'NONE',  ( 0.000000000000000000, 1.000000000000000000, 0.000000000000000000 ) ) ;
#8047 = EDGE_CURVE ( 'NONE', #4554, #1502, #3891, .T. ) ;
#8048 = EDGE_CURVE ( 'NONE', #8371, #2267, #6155, .T. ) ;
#8049 = DIRECTION ( 'NONE',  ( 1.000000000000000000, 0.000000000000000000, 0.000000000000000000 ) ) ;
#8050 = ORIENTED_EDGE ( 'NONE', *, *, #7040, .F. ) ;
#8051 = CARTESIAN_POINT ( 'NONE',  ( -8.299999999999998934, 4.300000000000000711, 0.4999999999999993339 ) ) ;
#8052 = ORIENTED_EDGE ( 'NONE', *, *, #1729, .T. ) ;
#8053 = DIRECTION ( 'NONE',  ( 0.000000000000000000, 1.000000000000000000, 0.000000000000000000 ) ) ;
#8054 = CARTESIAN_POINT ( 'NONE',  ( -2.387500000000001066, 4.150000000000000355, 1.870000000000000107 ) ) ;
#8055 = AXIS2_PLACEMENT_3D ( 'NONE', #6836, #401, #6796 ) ;
#8056 = CARTESIAN_POINT ( 'NONE',  ( -2.450000000000001066, 6.100000000000012079, 0.7999999999999330980 ) ) ;
#8057 = EDGE_CURVE ( 'NONE', #8678, #131, #8879, .T. ) ;
#8058 = AXIS2_PLACEMENT_3D ( 'NONE', #1029, #1067, #8270 ) ;
#8059 = DIRECTION ( 'NONE',  ( -1.000000000000000000, 0.000000000000000000, 0.000000000000000000 ) ) ;
#8061 = CARTESIAN_POINT ( 'NONE',  ( -2.450000000000001510, 13.00000000000000000, 2.000000000000000000 ) ) ;
#8060 = VECTOR ( 'NONE', #4927, 39.37007874015748143 ) ;
#8062 = ORIENTED_EDGE ( 'NONE', *, *, #5847, .F. ) ;
#8063 = DIRECTION ( 'NONE',  ( 5.463695987328527423E-16, -1.000000000000000000, 0.000000000000000000 ) ) ;
#8064 = AXIS2_PLACEMENT_3D ( 'NONE', #5136, #7310, #8021 ) ;
#8065 = EDGE_LOOP ( 'NONE', ( #8531, #8202, #2431, #6538 ) ) ;
#8066 = CYLINDRICAL_SURFACE ( 'NONE', #2037, 0.1250000000000000278 ) ;
#8067 = VERTEX_POINT ( 'NONE', #2915 ) ;
#8068 = ORIENTED_EDGE ( 'NONE', *, *, #514, .T. ) ;
#8069 = DIRECTION ( 'NONE',  ( 1.000000000000000000, 6.070773319253919496E-17, 0.000000000000000000 ) ) ;
#8070 = EDGE_CURVE ( 'NONE', #6474, #9355, #5691, .T. ) ;
#8071 = VECTOR ( 'NONE', #385, 39.37007874015748143 ) ;
#8072 = DIRECTION ( 'NONE',  ( 1.000000000000000000, 6.070773319253920728E-17, -0.000000000000000000 ) ) ;
#8073 = CARTESIAN_POINT ( 'NONE',  ( -5.722500000000001030, 12.44999999999999929, 0.000000000000000000 ) ) ;
#8074 = AXIS2_PLACEMENT_3D ( 'NONE', #1521, #8005, #5967 ) ;
#8075 = EDGE_LOOP ( 'NONE', ( #7468, #6657, #3340, #4689 ) ) ;
#8076 = VERTEX_POINT ( 'NONE', #2872 ) ;
#8077 = CARTESIAN_POINT ( 'NONE',  ( -2.675000000000001599, 7.730000000000000426, 0.2999999999999999889 ) ) ;
#8078 = VERTEX_POINT ( 'NONE', #4347 ) ;
#8079 = AXIS2_PLACEMENT_3D ( 'NONE', #785, #2261, #5150 ) ;
#8080 = EDGE_LOOP ( 'NONE', ( #6809, #8185, #2375, #2112 ) ) ;
#8081 = CYLINDRICAL_SURFACE ( 'NONE', #3714, 0.1250000000000000278 ) ;
#8082 = EDGE_CURVE ( 'NONE', #6401, #295, #7661, .T. ) ;
#8083 = CARTESIAN_POINT ( 'NONE',  ( -4.800000000000001599, 6.950000000000001954, 0.4499999999999999556 ) ) ;
#8084 = CIRCLE ( 'NONE', #2793, 0.06899999999999972822 ) ;
#8085 = DIRECTION ( 'NONE',  ( 1.000000000000000000, 0.000000000000000000, -0.000000000000000000 ) ) ;
#8086 = EDGE_CURVE ( 'NONE', #880, #5759, #8690, .T. ) ;
#8087 = CIRCLE ( 'NONE', #1880, 0.4999999999999996669 ) ;
#8088 = PLANE ( 'NONE',  #2936 ) ;
#8089 = ORIENTED_EDGE ( 'NONE', *, *, #1783, .T. ) ;
#8090 = CARTESIAN_POINT ( 'NONE',  ( -2.450000000000001066, 8.000000000000007105, 1.199999999999953992 ) ) ;
#8091 = VERTEX_POINT ( 'NONE', #3625 ) ;
#8092 = CARTESIAN_POINT ( 'NONE',  ( -2.450000000000001066, 4.300000000000000711, 1.199999999999916467 ) ) ;
#8093 = VECTOR ( 'NONE', #3364, 39.37007874015748143 ) ;
#8094 = ORIENTED_EDGE ( 'NONE', *, *, #6820, .T. ) ;
#8095 = DIRECTION ( 'NONE',  ( 0.000000000000000000, 1.000000000000000000, 0.000000000000000000 ) ) ;
#8096 = DIRECTION ( 'NONE',  ( 1.000000000000000000, 6.070773319253919496E-17, 0.000000000000000000 ) ) ;
#8097 = FACE_BOUND ( 'NONE', #7692, .T. ) ;
#8098 = ADVANCED_FACE ( 'NONE', ( #2207 ), #5897, .T. ) ;
#8099 = DIRECTION ( 'NONE',  ( -1.000000000000000000, -5.463695987328527423E-16, -0.000000000000000000 ) ) ;
#8100 = EDGE_CURVE ( 'NONE', #3155, #7625, #8598, .T. ) ;
#8101 = AXIS2_PLACEMENT_3D ( 'NONE', #5212, #8007, #5970 ) ;
#8102 = VERTEX_POINT ( 'NONE', #5099 ) ;
#8103 = DIRECTION ( 'NONE',  ( 0.000000000000000000, 1.000000000000000000, 0.000000000000000000 ) ) ;
#8104 = ORIENTED_EDGE ( 'NONE', *, *, #2987, .F. ) ;
#8105 = CARTESIAN_POINT ( 'NONE',  ( -2.150000000000001243, 7.300000000000006928, 1.199999999999945777 ) ) ;
#8106 = CARTESIAN_POINT ( 'NONE',  ( -2.150000000000000799, 4.400000000000000355, 1.599999999999916600 ) ) ;
#8107 = AXIS2_PLACEMENT_3D ( 'NONE', #4650, #1185, #999 ) ;
#8108 = CARTESIAN_POINT ( 'NONE',  ( -4.800000000000001599, 6.950000000000001954, 0.4499999999999999556 ) ) ;
#8109 = AXIS2_PLACEMENT_3D ( 'NONE', #449, #2584, #2493 ) ;
#8110 = VECTOR ( 'NONE', #7500, 39.37007874015748143 ) ;
#8111 = CYLINDRICAL_SURFACE ( 'NONE', #2324, 0.1225000000000017603 ) ;
#8112 = VECTOR ( 'NONE', #2044, 39.37007874015748143 ) ;
#8113 = AXIS2_PLACEMENT_3D ( 'NONE', #7950, #9371, #8043 ) ;
#8114 = LINE ( 'NONE', #4520, #7967 ) ;
#8115 = VERTEX_POINT ( 'NONE', #1503 ) ;
#8116 = CIRCLE ( 'NONE', #546, 0.1000000000000016709 ) ;
#8117 = EDGE_CURVE ( 'NONE', #5839, #4477, #2976, .T. ) ;
#8118 = CARTESIAN_POINT ( 'NONE',  ( -11.15000000000000036, 8.000000000000000000, 0.000000000000000000 ) ) ;
#8119 = VECTOR ( 'NONE', #9175, 39.37007874015748143 ) ;
#8120 = ORIENTED_EDGE ( 'NONE', *, *, #8082, .T. ) ;
#8121 = DIRECTION ( 'NONE',  ( 1.000000000000000000, 0.000000000000000000, 0.000000000000000000 ) ) ;
#8122 = ORIENTED_EDGE ( 'NONE', *, *, #6656, .F. ) ;
#8123 = EDGE_LOOP ( 'NONE', ( #5718, #2512, #1225, #6632 ) ) ;
#8124 = CARTESIAN_POINT ( 'NONE',  ( -2.450000000000001066, 6.400000000000011902, 0.7999999999999374278 ) ) ;
#8125 = CIRCLE ( 'NONE', #4038, 0.1000000000000005745 ) ;
#8126 = AXIS2_PLACEMENT_3D ( 'NONE', #3408, #7717, #6342 ) ;
#8127 = DIRECTION ( 'NONE',  ( 1.000000000000000000, 6.070773319253919496E-17, 0.000000000000000000 ) ) ;
#8128 = EDGE_CURVE ( 'NONE', #8430, #2386, #1916, .T. ) ;
#8129 = DIRECTION ( 'NONE',  ( 0.000000000000000000, -0.000000000000000000, -1.000000000000000000 ) ) ;
#8130 = VECTOR ( 'NONE', #2587, 39.37007874015748143 ) ;
#8131 = EDGE_LOOP ( 'NONE', ( #4039, #5410 ) ) ;
#8132 = ORIENTED_EDGE ( 'NONE', *, *, #1953, .F. ) ;
#8133 = LINE ( 'NONE', #163, #5207 ) ;
#8134 = ORIENTED_EDGE ( 'NONE', *, *, #3902, .F. ) ;
#8135 = EDGE_LOOP ( 'NONE', ( #7236, #2528 ) ) ;
#8136 = CARTESIAN_POINT ( 'NONE',  ( -2.450000000000001510, 12.00000000000000178, 1.599999999999995870 ) ) ;
#8137 = DIRECTION ( 'NONE',  ( 0.000000000000000000, 1.000000000000000000, 0.000000000000000000 ) ) ;
#8138 = AXIS2_PLACEMENT_3D ( 'NONE', #2070, #1354, #3191 ) ;
#8139 = CARTESIAN_POINT ( 'NONE',  ( -2.150000000000000799, 6.000000000000016875, 0.3999999999999331868 ) ) ;
#8140 = CARTESIAN_POINT ( 'NONE',  ( -2.450000000000001066, 7.100000000000011191, 0.7999999999999457545 ) ) ;
#8142 = ORIENTED_EDGE ( 'NONE', *, *, #7028, .F. ) ;
#8141 = ADVANCED_FACE ( 'NONE', ( #7885 ), #6561, .F. ) ;
#8143 = DIRECTION ( 'NONE',  ( -5.463695987328527423E-16, 1.000000000000000000, 0.000000000000000000 ) ) ;
#8144 = ORIENTED_EDGE ( 'NONE', *, *, #8040, .T. ) ;
#8145 = DIRECTION ( 'NONE',  ( 1.000000000000000000, 6.070773319253920728E-17, -0.000000000000000000 ) ) ;
#8146 = ORIENTED_EDGE ( 'NONE', *, *, #1743, .F. ) ;
#8147 = FACE_OUTER_BOUND ( 'NONE', #1174, .T. ) ;
#8148 = CARTESIAN_POINT ( 'NONE',  ( -2.450000000000001510, 12.00000000000000178, 1.599999999999995870 ) ) ;
#8149 = DIRECTION ( 'NONE',  ( -0.000000000000000000, -1.000000000000000000, -0.000000000000000000 ) ) ;
#8150 = CARTESIAN_POINT ( 'NONE',  ( -8.650000000000000355, 5.664999999999999147, 0.4499999999999999556 ) ) ;
#8151 = ORIENTED_EDGE ( 'NONE', *, *, #3117, .F. ) ;
#8152 = DIRECTION ( 'NONE',  ( 0.000000000000000000, 1.000000000000000000, 0.000000000000000000 ) ) ;
#8153 = EDGE_LOOP ( 'NONE', ( #1958, #237, #7443, #2104 ) ) ;
#8154 = CARTESIAN_POINT ( 'NONE',  ( -2.450000000000001510, 13.00000000000000000, 0.3000000000000000999 ) ) ;
#8155 = EDGE_CURVE ( 'NONE', #5743, #5027, #7206, .T. ) ;
#8156 = CARTESIAN_POINT ( 'NONE',  ( -2.150000000000001243, 11.60000000000001918, 0.3999999999999914735 ) ) ;
#8157 = DIRECTION ( 'NONE',  ( 1.000000000000000000, 6.070773319253920728E-17, -0.000000000000000000 ) ) ;
#8158 = LINE ( 'NONE', #8293, #1415 ) ;
#8159 = ORIENTED_EDGE ( 'NONE', *, *, #4171, .T. ) ;
#8160 = DIRECTION ( 'NONE',  ( -1.000000000000000000, -6.070773319253920728E-17, 0.000000000000000000 ) ) ;
#8161 = VERTEX_POINT ( 'NONE', #2257 ) ;
#8162 = LINE ( 'NONE', #4375, #657 ) ;
#8163 = EDGE_CURVE ( 'NONE', #8102, #4566, #2668, .T. ) ;
#8164 = ORIENTED_EDGE ( 'NONE', *, *, #2465, .F. ) ;
#8165 = AXIS2_PLACEMENT_3D ( 'NONE', #3131, #5399, #3216 ) ;
#8166 = ORIENTED_EDGE ( 'NONE', *, *, #4130, .T. ) ;
#8167 = LINE ( 'NONE', #1017, #4484 ) ;
#8168 = PRODUCT_DEFINITION ( 'UNKNOWN', '', #3820, #6815 ) ;
#8169 = DIRECTION ( 'NONE',  ( 0.000000000000000000, 1.000000000000000000, 0.000000000000000000 ) ) ;
#8170 = CARTESIAN_POINT ( 'NONE',  ( -3.550000000000001155, 4.600000000000000533, 0.4499999999999999556 ) ) ;
#8171 = ORIENTED_EDGE ( 'NONE', *, *, #896, .F. ) ;
#8172 = CYLINDRICAL_SURFACE ( 'NONE', #1126, 0.1000000000000005745 ) ;
#8173 = ORIENTED_EDGE ( 'NONE', *, *, #2481, .F. ) ;
#8174 = ORIENTED_EDGE ( 'NONE', *, *, #5725, .F. ) ;
#8175 = DIRECTION ( 'NONE',  ( -0.000000000000000000, 1.000000000000000000, -0.000000000000000000 ) ) ;
#8176 = DIRECTION ( 'NONE',  ( 1.000000000000000000, 6.070773319253920728E-17, -0.000000000000000000 ) ) ;
#8177 = ADVANCED_FACE ( 'NONE', ( #1548 ), #7321, .T. ) ;
#8178 = DIRECTION ( 'NONE',  ( 0.000000000000000000, 1.000000000000000000, 0.000000000000000000 ) ) ;
#8179 = CARTESIAN_POINT ( 'NONE',  ( -2.450000000000001066, 4.799999999999999822, 1.599999999999920597 ) ) ;
#8180 = EDGE_LOOP ( 'NONE', ( #8062, #8785, #6818, #4823 ) ) ;
#8181 = CARTESIAN_POINT ( 'NONE',  ( -2.450000000000001066, 6.800000000000000711, 1.599999999999941691 ) ) ;
#8182 = ORIENTED_EDGE ( 'NONE', *, *, #6823, .T. ) ;
#8183 = ORIENTED_EDGE ( 'NONE', *, *, #7305, .T. ) ;
#8184 = DIRECTION ( 'NONE',  ( 1.000000000000000000, 0.000000000000000000, 0.000000000000000000 ) ) ;
#8185 = ORIENTED_EDGE ( 'NONE', *, *, #8590, .T. ) ;
#8186 = DIRECTION ( 'NONE',  ( -1.000000000000000000, 0.000000000000000000, 0.000000000000000000 ) ) ;
#8187 = FACE_BOUND ( 'NONE', #2297, .T. ) ;
#8188 = DIRECTION ( 'NONE',  ( 0.000000000000000000, 1.000000000000000000, 0.000000000000000000 ) ) ;
#8189 = ADVANCED_FACE ( 'NONE', ( #2810 ), #3470, .T. ) ;
#8190 = DIRECTION ( 'NONE',  ( 1.000000000000000000, 6.070773319253920728E-17, -0.000000000000000000 ) ) ;
#8191 = ORIENTED_EDGE ( 'NONE', *, *, #2406, .F. ) ;
#8192 = FACE_OUTER_BOUND ( 'NONE', #4563, .T. ) ;
#8193 = ORIENTED_EDGE ( 'NONE', *, *, #1519, .F. ) ;
#8194 = CARTESIAN_POINT ( 'NONE',  ( -6.087500000000001243, 12.65000000000000213, 2.000000000000000000 ) ) ;
#8195 = CARTESIAN_POINT ( 'NONE',  ( -8.550000000000000711, 7.434999999999998721, 0.2999999999999999889 ) ) ;
#8196 = CARTESIAN_POINT ( 'NONE',  ( -2.150000000000001243, 10.40000000000001101, 0.7999999999999790612 ) ) ;
#8197 = EDGE_CURVE ( 'NONE', #264, #2141, #8568, .T. ) ;
#8198 = DIRECTION ( 'NONE',  ( 0.000000000000000000, 0.000000000000000000, 1.000000000000000000 ) ) ;
#8199 = EDGE_CURVE ( 'NONE', #1502, #4554, #8407, .T. ) ;
#8200 = ORIENTED_EDGE ( 'NONE', *, *, #95, .T. ) ;
#8201 = CARTESIAN_POINT ( 'NONE',  ( -2.450000000000001066, 10.70000000000000995, 0.7999999999999831690 ) ) ;
#8202 = ORIENTED_EDGE ( 'NONE', *, *, #2973, .T. ) ;
#8203 = DIRECTION ( 'NONE',  ( -1.000000000000000000, -5.463695987328527423E-16, 0.000000000000000000 ) ) ;
#8204 = LINE ( 'NONE', #7883, #712 ) ;
#8205 = ORIENTED_EDGE ( 'NONE', *, *, #7204, .F. ) ;
#8206 = CIRCLE ( 'NONE', #7287, 0.1000000000000005745 ) ;
#8207 = VERTEX_POINT ( 'NONE', #5694 ) ;
#8208 = FACE_BOUND ( 'NONE', #1691, .T. ) ;
#8209 = ADVANCED_FACE ( 'NONE', ( #3373 ), #5640, .F. ) ;
#8210 = AXIS2_PLACEMENT_3D ( 'NONE', #1780, #6885, #349 ) ;
#8211 = LINE ( 'NONE', #8303, #7911 ) ;
#8212 = EDGE_CURVE ( 'NONE', #743, #8787, #9201, .T. ) ;
#8213 = CIRCLE ( 'NONE', #189, 0.1000000000000005745 ) ;
#8214 = CARTESIAN_POINT ( 'NONE',  ( -2.450000000000001510, 12.40000000000000746, 1.199999999999999734 ) ) ;
#8215 = CARTESIAN_POINT ( 'NONE',  ( -4.835000000000000853, 7.730000000000000426, 0.5000000000000000000 ) ) ;
#8216 = ORIENTED_EDGE ( 'NONE', *, *, #5847, .T. ) ;
#8217 = AXIS2_PLACEMENT_3D ( 'NONE', #4263, #7822, #6386 ) ;
#8218 = ORIENTED_EDGE ( 'NONE', *, *, #2572, .F. ) ;
#8219 = DIRECTION ( 'NONE',  ( 1.000000000000000000, 6.070773319253920728E-17, -0.000000000000000000 ) ) ;
#8220 = AXIS2_PLACEMENT_3D ( 'NONE', #5089, #3009, #3052 ) ;
#8221 = CARTESIAN_POINT ( 'NONE',  ( -2.150000000000001243, 8.400000000000000355, 1.599999999999958344 ) ) ;
#8222 = DIRECTION ( 'NONE',  ( 0.000000000000000000, 0.000000000000000000, 1.000000000000000000 ) ) ;
#8223 = VECTOR ( 'NONE', #1802, 39.37007874015748143 ) ;
#8224 = DIRECTION ( 'NONE',  ( 0.000000000000000000, 1.000000000000000000, 0.000000000000000000 ) ) ;
#8225 = ORIENTED_EDGE ( 'NONE', *, *, #3657, .F. ) ;
#8226 = EDGE_CURVE ( 'NONE', #4279, #6355, #1626, .T. ) ;
#8227 = VERTEX_POINT ( 'NONE', #9239 ) ;
#8228 = DIRECTION ( 'NONE',  ( 1.000000000000000000, 6.070773319253919496E-17, 0.000000000000000000 ) ) ;
#8229 = ORIENTED_EDGE ( 'NONE', *, *, #9199, .T. ) ;
#8230 = FACE_OUTER_BOUND ( 'NONE', #7709, .T. ) ;
#8231 = FACE_BOUND ( 'NONE', #3278, .T. ) ;
#8232 = CARTESIAN_POINT ( 'NONE',  ( -2.450000000000001066, 9.599999999999999645, 1.599999999999970557 ) ) ;
#8233 = DIRECTION ( 'NONE',  ( 1.000000000000000000, 0.000000000000000000, 0.000000000000000000 ) ) ;
#8234 = CIRCLE ( 'NONE', #3702, 0.1000000000000016709 ) ;
#8235 = ORIENTED_EDGE ( 'NONE', *, *, #3380, .T. ) ;
#8236 = EDGE_CURVE ( 'NONE', #3519, #6239, #476, .T. ) ;
#8237 = DIRECTION ( 'NONE',  ( 1.000000000000000000, 6.070773319253920728E-17, -0.000000000000000000 ) ) ;
#8238 = AXIS2_PLACEMENT_3D ( 'NONE', #5341, #1125, #1797 ) ;
#8239 = ORIENTED_EDGE ( 'NONE', *, *, #504, .T. ) ;
#8240 = DIRECTION ( 'NONE',  ( 5.463695987328527423E-16, -1.000000000000000000, 0.000000000000000000 ) ) ;
#8241 = DIRECTION ( 'NONE',  ( 0.000000000000000000, 1.000000000000000000, 0.000000000000000000 ) ) ;
#8242 = AXIS2_PLACEMENT_3D ( 'NONE', #8619, #2130, #5016 ) ;
#8243 = VECTOR ( 'NONE', #8219, 39.37007874015748143 ) ;
#8244 = DIRECTION ( 'NONE',  ( 0.000000000000000000, 1.000000000000000000, 0.000000000000000000 ) ) ;
#8245 = ORIENTED_EDGE ( 'NONE', *, *, #9331, .T. ) ;
#8246 = ADVANCED_FACE ( 'NONE', ( #3428 ), #8479, .T. ) ;
#8247 = FACE_OUTER_BOUND ( 'NONE', #8080, .T. ) ;
#8248 = VERTEX_POINT ( 'NONE', #5597 ) ;
#8249 = CARTESIAN_POINT ( 'NONE',  ( -2.450000000000001066, 5.900000000000016342, 0.3999999999999331868 ) ) ;
#8250 = VECTOR ( 'NONE', #8647, 39.37007874015748143 ) ;
#8251 = PLANE ( 'NONE',  #2519 ) ;
#8252 = ORIENTED_EDGE ( 'NONE', *, *, #2886, .F. ) ;
#8253 = CIRCLE ( 'NONE', #4771, 0.1000000000000016709 ) ;
#8254 = EDGE_LOOP ( 'NONE', ( #6984, #4192 ) ) ;
#8255 = DIRECTION ( 'NONE',  ( 1.000000000000000000, 6.070773319253920728E-17, -0.000000000000000000 ) ) ;
#8256 = CIRCLE ( 'NONE', #3727, 0.1000000000000005745 ) ;
#8257 = CARTESIAN_POINT ( 'NONE',  ( -2.450000000000001066, 9.500000000000000000, 1.599999999999970557 ) ) ;
#8258 = VECTOR ( 'NONE', #1557, 39.37007874015748143 ) ;
#8259 = VECTOR ( 'NONE', #6017, 39.37007874015748143 ) ;
#8260 = PLANE ( 'NONE',  #8210 ) ;
#8261 = ORIENTED_EDGE ( 'NONE', *, *, #6813, .T. ) ;
#8262 = DIRECTION ( 'NONE',  ( 1.000000000000000000, 6.070773319253919496E-17, 0.000000000000000000 ) ) ;
#8263 = ORIENTED_EDGE ( 'NONE', *, *, #6265, .T. ) ;
#8264 = AXIS2_PLACEMENT_3D ( 'NONE', #1422, #572, #9283 ) ;
#8265 = AXIS2_PLACEMENT_3D ( 'NONE', #6972, #6314, #7019 ) ;
#8266 = ORIENTED_EDGE ( 'NONE', *, *, #1738, .T. ) ;
#8267 = EDGE_CURVE ( 'NONE', #5761, #6082, #4888, .T. ) ;
#8268 = DIRECTION ( 'NONE',  ( 0.000000000000000000, 1.000000000000000000, 0.000000000000000000 ) ) ;
#8269 = VECTOR ( 'NONE', #3821, 39.37007874015748143 ) ;
#8270 = DIRECTION ( 'NONE',  ( 1.000000000000000000, 0.000000000000000000, 0.000000000000000000 ) ) ;
#8271 = LINE ( 'NONE', #3206, #5204 ) ;
#8272 = AXIS2_PLACEMENT_3D ( 'NONE', #1746, #6150, #1874 ) ;
#8273 = LINE ( 'NONE', #9032, #7045 ) ;
#8274 = ORIENTED_EDGE ( 'NONE', *, *, #4316, .F. ) ;
#8275 = EDGE_LOOP ( 'NONE', ( #6273, #4151, #7156, #5895, #3293 ) ) ;
#8276 = CARTESIAN_POINT ( 'NONE',  ( -2.450000000000001510, 12.10000000000000853, 1.199999999999995737 ) ) ;
#8277 = VERTEX_POINT ( 'NONE', #7067 ) ;
#8278 = DIRECTION ( 'NONE',  ( 1.000000000000000000, 6.070773319253919496E-17, 0.000000000000000000 ) ) ;
#8279 = FACE_BOUND ( 'NONE', #4613, .T. ) ;
#8280 = AXIS2_PLACEMENT_3D ( 'NONE', #8336, #1286, #4129 ) ;
#8281 = CIRCLE ( 'NONE', #8428, 0.1000000000000005745 ) ;
#8282 = CARTESIAN_POINT ( 'NONE',  ( -2.450000000000001066, 8.500000000000007105, 1.199999999999958211 ) ) ;
#8283 = DIRECTION ( 'NONE',  ( 0.000000000000000000, -1.000000000000000000, 0.000000000000000000 ) ) ;
#8284 = ADVANCED_FACE ( 'NONE', ( #2136, #612, #2096, #576, #7688 ), #5556, .T. ) ;
#8285 = DIRECTION ( 'NONE',  ( 0.000000000000000000, 1.000000000000000000, 0.000000000000000000 ) ) ;
#8286 = ORIENTED_EDGE ( 'NONE', *, *, #7211, .F. ) ;
#8287 = LINE ( 'NONE', #4688, #45 ) ;
#8288 = ORIENTED_EDGE ( 'NONE', *, *, #1891, .T. ) ;
#8289 = CARTESIAN_POINT ( 'NONE',  ( -8.650000000000000355, 7.534999999999998366, 0.2999999999999999889 ) ) ;
#8290 = DIRECTION ( 'NONE',  ( 0.000000000000000000, 0.000000000000000000, 1.000000000000000000 ) ) ;
#8291 = VECTOR ( 'NONE', #3324, 39.37007874015748143 ) ;
#8292 = EDGE_CURVE ( 'NONE', #9325, #8445, #9342, .T. ) ;
#8293 = CARTESIAN_POINT ( 'NONE',  ( -2.450000000000001510, 13.00000000000000000, 0.3000000000000000999 ) ) ;
#8294 = ORIENTED_EDGE ( 'NONE', *, *, #4973, .F. ) ;
#8295 = CARTESIAN_POINT ( 'NONE',  ( -2.450000000000001510, 12.40000000000000036, 1.599999999999999867 ) ) ;
#8296 = EDGE_LOOP ( 'NONE', ( #8755, #483 ) ) ;
#8297 = CARTESIAN_POINT ( 'NONE',  ( -2.150000000000000799, 4.400000000000011013, 0.7999999999999164446 ) ) ;
#8298 = CARTESIAN_POINT ( 'NONE',  ( -2.150000000000001243, 6.700000000000005507, 1.199999999999941558 ) ) ;
#8299 = ORIENTED_EDGE ( 'NONE', *, *, #8226, .T. ) ;
#8300 = ORIENTED_EDGE ( 'NONE', *, *, #6618, .F. ) ;
#8301 = CARTESIAN_POINT ( 'NONE',  ( -2.150000000000001243, 9.599999999999999645, 1.599999999999970557 ) ) ;
#8302 = EDGE_CURVE ( 'NONE', #3550, #6853, #3737, .T. ) ;
#8303 = CARTESIAN_POINT ( 'NONE',  ( -2.731000000000001204, 10.00000000000000000, 0.5000000000000000000 ) ) ;
#8304 = DIRECTION ( 'NONE',  ( 1.000000000000000000, 6.070773319253919496E-17, 0.000000000000000000 ) ) ;
#8305 = DIRECTION ( 'NONE',  ( 1.000000000000000000, 6.070773319253920728E-17, -0.000000000000000000 ) ) ;
#8306 = ORIENTED_EDGE ( 'NONE', *, *, #3572, .F. ) ;
#8307 = VERTEX_POINT ( 'NONE', #3510 ) ;
#8308 = CARTESIAN_POINT ( 'NONE',  ( -2.450000000000001066, 6.800000000000011369, 0.7999999999999414246 ) ) ;
#8309 = ADVANCED_FACE ( 'NONE', ( #661 ), #5736, .F. ) ;
#8310 = DIRECTION ( 'NONE',  ( -0.000000000000000000, -0.000000000000000000, -1.000000000000000000 ) ) ;
#8311 = DIRECTION ( 'NONE',  ( 1.000000000000000000, 6.070773319253920728E-17, -0.000000000000000000 ) ) ;
#8312 = EDGE_CURVE ( 'NONE', #3500, #5506, #9328, .T. ) ;
#8313 = LINE ( 'NONE', #359, #1002 ) ;
#8314 = EDGE_LOOP ( 'NONE', ( #1333, #1141, #7224, #1282 ) ) ;
#8315 = VERTEX_POINT ( 'NONE', #4090 ) ;
#8316 = DIRECTION ( 'NONE',  ( 0.000000000000000000, 1.000000000000000000, 0.000000000000000000 ) ) ;
#8317 = VERTEX_POINT ( 'NONE', #2673 ) ;
#8318 = FACE_OUTER_BOUND ( 'NONE', #3571, .T. ) ;
#8319 = DIRECTION ( 'NONE',  ( 0.000000000000000000, 0.000000000000000000, -1.000000000000000000 ) ) ;
#8320 = DIRECTION ( 'NONE',  ( 0.000000000000000000, 1.000000000000000000, 0.000000000000000000 ) ) ;
#8321 = DIRECTION ( 'NONE',  ( 0.000000000000000000, 1.000000000000000000, 0.000000000000000000 ) ) ;
#8322 = ADVANCED_FACE ( 'NONE', ( #8438 ), #5582, .F. ) ;
#8323 = DIRECTION ( 'NONE',  ( 0.000000000000000000, 1.000000000000000000, 0.000000000000000000 ) ) ;
#8324 = VERTEX_POINT ( 'NONE', #7093 ) ;
#8325 = CARTESIAN_POINT ( 'NONE',  ( -4.900000000000000355, 4.500000000000000888, 0.2999999999999999889 ) ) ;
#8326 = ORIENTED_EDGE ( 'NONE', *, *, #9089, .F. ) ;
#8327 = CARTESIAN_POINT ( 'NONE',  ( -2.450000000000001066, 10.00000000000000000, 0.5000000000000000000 ) ) ;
#8328 = DIRECTION ( 'NONE',  ( 0.000000000000000000, 1.000000000000000000, 0.000000000000000000 ) ) ;
#8329 = EDGE_LOOP ( 'NONE', ( #3399, #4029, #279, #6189 ) ) ;
#8330 = CARTESIAN_POINT ( 'NONE',  ( -2.450000000000001510, 11.90000000000001101, 0.7999999999999957145 ) ) ;
#8331 = ORIENTED_EDGE ( 'NONE', *, *, #4713, .T. ) ;
#8332 = LINE ( 'NONE', #1772, #8093 ) ;
#8333 = EDGE_CURVE ( 'NONE', #8408, #3377, #1007, .T. ) ;
#8334 = LINE ( 'NONE', #3365, #1781 ) ;
#8335 = VERTEX_POINT ( 'NONE', #9225 ) ;
#8336 = CARTESIAN_POINT ( 'NONE',  ( -2.450000000000001066, 10.80000000000000071, 1.599999999999983213 ) ) ;
#8337 = FACE_BOUND ( 'NONE', #626, .T. ) ;
#8338 = CARTESIAN_POINT ( 'NONE',  ( 0.000000000000000000, 0.000000000000000000, 0.2999999999999999889 ) ) ;
#8339 = CIRCLE ( 'NONE', #7294, 0.06899999999999972822 ) ;
#8340 = ORIENTED_EDGE ( 'NONE', *, *, #972, .T. ) ;
#8341 = CARTESIAN_POINT ( 'NONE',  ( -10.84999999999999964, 8.000000000000000000, 0.3000000000000000999 ) ) ;
#8342 = MECHANICAL_DESIGN_GEOMETRIC_PRESENTATION_REPRESENTATION (  '', ( #1391 ), #4421 ) ;
#8343 = DIRECTION ( 'NONE',  ( 0.000000000000000000, 1.000000000000000000, 0.000000000000000000 ) ) ;
#8344 = EDGE_CURVE ( 'NONE', #4162, #7994, #8425, .T. ) ;
#8345 = ORIENTED_EDGE ( 'NONE', *, *, #8846, .F. ) ;
#8346 = ORIENTED_EDGE ( 'NONE', *, *, #8753, .T. ) ;
#8347 = CARTESIAN_POINT ( 'NONE',  ( -6.400000000000001243, 5.664999999999999147, 0.4499999999999999556 ) ) ;
#8348 = AXIS2_PLACEMENT_3D ( 'NONE', #8481, #6400, #2856 ) ;
#8349 = VECTOR ( 'NONE', #4579, 39.37007874015748143 ) ;
#8350 = DIRECTION ( 'NONE',  ( 1.000000000000000000, 6.070773319253919496E-17, 0.000000000000000000 ) ) ;
#8351 = DIRECTION ( 'NONE',  ( -1.000000000000000000, 0.000000000000000000, 0.000000000000000000 ) ) ;
#8352 = CARTESIAN_POINT ( 'NONE',  ( -10.47749999999999915, 4.550000000000000711, 0.2999999999999999889 ) ) ;
#8353 = AXIS2_PLACEMENT_3D ( 'NONE', #7300, #3852, #7356 ) ;
#8354 = ORIENTED_EDGE ( 'NONE', *, *, #3299, .F. ) ;
#8355 = ADVANCED_FACE ( 'NONE', ( #7136 ), #1982, .F. ) ;
#8356 = ORIENTED_EDGE ( 'NONE', *, *, #1053, .F. ) ;
#8357 = AXIS2_PLACEMENT_3D ( 'NONE', #1909, #3326, #1289 ) ;
#8358 = DIRECTION ( 'NONE',  ( 1.000000000000000000, 6.070773319253920728E-17, -0.000000000000000000 ) ) ;
#8359 = EDGE_LOOP ( 'NONE', ( #7546, #2903 ) ) ;
#8360 = CYLINDRICAL_SURFACE ( 'NONE', #4179, 0.06889763779527564858 ) ;
#8361 = FACE_BOUND ( 'NONE', #3868, .T. ) ;
#8362 = DIRECTION ( 'NONE',  ( 0.000000000000000000, 0.000000000000000000, 1.000000000000000000 ) ) ;
#8363 = EDGE_CURVE ( 'NONE', #8307, #6945, #6915, .T. ) ;
#8364 = AXIS2_PLACEMENT_3D ( 'NONE', #7480, #8237, #1043 ) ;
#8365 = FILL_AREA_STYLE ('',( #2592 ) ) ;
#8366 = EDGE_LOOP ( 'NONE', ( #3179, #4429, #775, #1311, #772 ) ) ;
#8367 = CARTESIAN_POINT ( 'NONE',  ( -2.150000000000000799, 5.200000000000005507, 1.199999999999924905 ) ) ;
#8368 = ORIENTED_EDGE ( 'NONE', *, *, #1031, .F. ) ;
#8369 = DIRECTION ( 'NONE',  ( 1.000000000000000000, 6.070773319253920728E-17, -0.000000000000000000 ) ) ;
#8370 = AXIS2_PLACEMENT_3D ( 'NONE', #6178, #4054, #2576 ) ;
#8371 = VERTEX_POINT ( 'NONE', #5005 ) ;
#8372 = DIRECTION ( 'NONE',  ( 0.000000000000000000, 1.000000000000000000, 0.000000000000000000 ) ) ;
#8373 = AXIS2_PLACEMENT_3D ( 'NONE', #5805, #8695, #7992 ) ;
#8374 = ADVANCED_FACE ( 'NONE', ( #9128 ), #4869, .F. ) ;
#8375 = EDGE_CURVE ( 'NONE', #2220, #6293, #7820, .T. ) ;
#8376 = AXIS2_PLACEMENT_3D ( 'NONE', #8730, #8824, #1532 ) ;
#8377 = DIRECTION ( 'NONE',  ( 0.000000000000000000, 1.000000000000000000, 0.000000000000000000 ) ) ;
#8378 = CIRCLE ( 'NONE', #5059, 0.1000000000000005745 ) ;
#8379 = ORIENTED_EDGE ( 'NONE', *, *, #7836, .T. ) ;
#8380 = DIRECTION ( 'NONE',  ( 0.000000000000000000, 0.000000000000000000, 1.000000000000000000 ) ) ;
#8381 = ORIENTED_EDGE ( 'NONE', *, *, #2671, .F. ) ;
#8382 = LINE ( 'NONE', #2474, #9002 ) ;
#8383 = DIRECTION ( 'NONE',  ( 1.000000000000000000, 0.000000000000000000, -0.000000000000000000 ) ) ;
#8384 = CIRCLE ( 'NONE', #3556, 0.06900000000000026945 ) ;
#8385 = CARTESIAN_POINT ( 'NONE',  ( -5.850000000000001421, 10.80000000000000071, 0.5300000000000001377 ) ) ;
#8386 = FACE_BOUND ( 'NONE', #2836, .T. ) ;
#8387 = ADVANCED_FACE ( 'NONE', ( #7896 ), #7854, .F. ) ;
#8388 = AXIS2_PLACEMENT_3D ( 'NONE', #7988, #4391, #2299 ) ;
#8389 = FACE_OUTER_BOUND ( 'NONE', #2409, .T. ) ;
#8390 = EDGE_CURVE ( 'NONE', #6853, #3550, #2226, .T. ) ;
#8391 = AXIS2_PLACEMENT_3D ( 'NONE', #1226, #3407, #1273 ) ;
#8392 = ORIENTED_EDGE ( 'NONE', *, *, #4839, .F. ) ;
#8393 = VECTOR ( 'NONE', #6641, 39.37007874015748143 ) ;
#8394 = DIRECTION ( 'NONE',  ( 0.000000000000000000, 0.000000000000000000, 1.000000000000000000 ) ) ;
#8395 = FACE_OUTER_BOUND ( 'NONE', #8480, .T. ) ;
#8396 = ORIENTED_EDGE ( 'NONE', *, *, #6253, .T. ) ;
#8397 = ORIENTED_EDGE ( 'NONE', *, *, #1479, .F. ) ;
#8398 = CARTESIAN_POINT ( 'NONE',  ( -9.999999999999998224, 4.300000000000000711, 0.5000000000000003331 ) ) ;
#8399 = CIRCLE ( 'NONE', #4323, 0.1000000000000016709 ) ;
#8400 = CIRCLE ( 'NONE', #7503, 0.1000000000000005745 ) ;
#8401 = CIRCLE ( 'NONE', #4779, 0.1000000000000005745 ) ;
#8402 = DIRECTION ( 'NONE',  ( 0.000000000000000000, -1.000000000000000000, 0.000000000000000000 ) ) ;
#8403 = ADVANCED_FACE ( 'NONE', ( #6431, #1271, #5622 ), #2030, .F. ) ;
#8404 = CARTESIAN_POINT ( 'NONE',  ( -2.300000000000000711, 12.65000000000000213, 1.870000000000000107 ) ) ;
#8405 = AXIS2_PLACEMENT_3D ( 'NONE', #8576, #7865, #7149 ) ;
#8406 = CARTESIAN_POINT ( 'NONE',  ( -2.450000000000001066, 11.20000000000000817, 1.199999999999987299 ) ) ;
#8407 = CIRCLE ( 'NONE', #4643, 0.1000000000000005745 ) ;
#8408 = VERTEX_POINT ( 'NONE', #4216 ) ;
#8409 = AXIS2_PLACEMENT_3D ( 'NONE', #6272, #6324, #6364 ) ;
#8410 = ORIENTED_EDGE ( 'NONE', *, *, #3551, .T. ) ;
#8411 = AXIS2_PLACEMENT_3D ( 'NONE', #4872, #9272, #4118 ) ;
#8412 = DIRECTION ( 'NONE',  ( 1.000000000000000000, 6.070773319253920728E-17, -0.000000000000000000 ) ) ;
#8413 = VERTEX_POINT ( 'NONE', #3495 ) ;
#8414 = CARTESIAN_POINT ( 'NONE',  ( -2.450000000000001066, 5.600000000000011191, 0.7999999999999289901 ) ) ;
#8415 = CARTESIAN_POINT ( 'NONE',  ( -2.450000000000001066, 5.200000000000005507, 1.199999999999924905 ) ) ;
#8416 = CYLINDRICAL_SURFACE ( 'NONE', #6596, 0.1000000000000005745 ) ;
#8417 = AXIS2_PLACEMENT_3D ( 'NONE', #2497, #1035, #4636 ) ;
#8418 = FACE_BOUND ( 'NONE', #1558, .T. ) ;
#8419 = ADVANCED_FACE ( 'NONE', ( #6379 ), #9269, .F. ) ;
#8420 = EDGE_LOOP ( 'NONE', ( #220, #1514, #6226, #5853 ) ) ;
#8421 = DIRECTION ( 'NONE',  ( 1.000000000000000000, 6.070773319253919496E-17, 0.000000000000000000 ) ) ;
#8422 = ORIENTED_EDGE ( 'NONE', *, *, #4352, .F. ) ;
#8423 = DIRECTION ( 'NONE',  ( 0.000000000000000000, 1.000000000000000000, 0.000000000000000000 ) ) ;
#8424 = CARTESIAN_POINT ( 'NONE',  ( -2.450000000000001066, 4.300000000000000711, 0.2999999999999999889 ) ) ;
#8425 = CIRCLE ( 'NONE', #9031, 0.1000000000000016709 ) ;
#8426 = ORIENTED_EDGE ( 'NONE', *, *, #222, .T. ) ;
#8427 = LINE ( 'NONE', #7758, #1892 ) ;
#8428 = AXIS2_PLACEMENT_3D ( 'NONE', #7794, #495, #6367 ) ;
#8429 = CYLINDRICAL_SURFACE ( 'NONE', #8991, 0.1249999999999999029 ) ;
#8430 = VERTEX_POINT ( 'NONE', #4825 ) ;
#8431 = ADVANCED_FACE ( 'NONE', ( #9324 ), #7714, .F. ) ;
#8432 = CARTESIAN_POINT ( 'NONE',  ( -10.84999999999999964, 6.364173228346457378, 1.583070866141732536 ) ) ;
#8433 = ORIENTED_EDGE ( 'NONE', *, *, #1402, .F. ) ;
#8434 = CYLINDRICAL_SURFACE ( 'NONE', #7940, 0.1000000000000005745 ) ;
#8435 = FACE_BOUND ( 'NONE', #1222, .T. ) ;
#8436 = CARTESIAN_POINT ( 'NONE',  ( -8.650000000000000355, 5.664999999999999147, 0.4499999999999999556 ) ) ;
#8437 = LINE ( 'NONE', #1952, #3079 ) ;
#8438 = FACE_OUTER_BOUND ( 'NONE', #1097, .T. ) ;
#8439 = VERTEX_POINT ( 'NONE', #4965 ) ;
#8440 = EDGE_CURVE ( 'NONE', #5580, #7641, #863, .T. ) ;
#8441 = CARTESIAN_POINT ( 'NONE',  ( -2.212500000000000799, 4.150000000000000355, 2.000000000000000000 ) ) ;
#8442 = ORIENTED_EDGE ( 'NONE', *, *, #4921, .F. ) ;
#8443 = DIRECTION ( 'NONE',  ( 1.000000000000000000, 6.070773319253920728E-17, -0.000000000000000000 ) ) ;
#8444 = VERTEX_POINT ( 'NONE', #8424 ) ;
#8445 = VERTEX_POINT ( 'NONE', #1224 ) ;
#8446 = CARTESIAN_POINT ( 'NONE',  ( -5.700000000000001066, 8.010000000000003340, 1.539000000000000368 ) ) ;
#8447 = ADVANCED_FACE ( 'NONE', ( #1938 ), #3595, .F. ) ;
#8448 = FACE_OUTER_BOUND ( 'NONE', #6768, .T. ) ;
#8449 = FACE_OUTER_BOUND ( 'NONE', #7162, .T. ) ;
#8450 = LINE ( 'NONE', #3385, #1453 ) ;
#8451 = EDGE_LOOP ( 'NONE', ( #16, #7884 ) ) ;
#8452 = VERTEX_POINT ( 'NONE', #6572 ) ;
#8453 = CARTESIAN_POINT ( 'NONE',  ( -2.450000000000001510, 11.60000000000001918, 0.3999999999999914735 ) ) ;
#8454 = ORIENTED_EDGE ( 'NONE', *, *, #3450, .F. ) ;
#8455 = CARTESIAN_POINT ( 'NONE',  ( -4.800000000000001599, 4.600000000000000533, 0.4499999999999999556 ) ) ;
#8456 = DIRECTION ( 'NONE',  ( 1.000000000000000000, 0.000000000000000000, -0.000000000000000000 ) ) ;
#8457 = EDGE_CURVE ( 'NONE', #2727, #1945, #5109, .T. ) ;
#8458 = DIRECTION ( 'NONE',  ( -0.000000000000000000, 0.000000000000000000, 1.000000000000000000 ) ) ;
#8459 = DIRECTION ( 'NONE',  ( 1.000000000000000000, 0.000000000000000000, -0.000000000000000000 ) ) ;
#8460 = VERTEX_POINT ( 'NONE', #8092 ) ;
#8461 = CARTESIAN_POINT ( 'NONE',  ( -5.150000000000000355, 12.80000000000000071, 0.3750000000000000555 ) ) ;
#8462 = ORIENTED_EDGE ( 'NONE', *, *, #8645, .T. ) ;
#8463 = DIRECTION ( 'NONE',  ( 0.000000000000000000, 0.000000000000000000, 1.000000000000000000 ) ) ;
#8464 = DIRECTION ( 'NONE',  ( 0.000000000000000000, 0.000000000000000000, 1.000000000000000000 ) ) ;
#8465 = ORIENTED_EDGE ( 'NONE', *, *, #6394, .T. ) ;
#8466 = FACE_OUTER_BOUND ( 'NONE', #5744, .T. ) ;
#8467 = CARTESIAN_POINT ( 'NONE',  ( -2.450000000000001066, 6.800000000000016698, 0.3999999999999415135 ) ) ;
#8468 = ADVANCED_FACE ( 'NONE', ( #2881 ), #3788, .T. ) ;
#8469 = DIRECTION ( 'NONE',  ( 1.000000000000000000, 6.070773319253920728E-17, -0.000000000000000000 ) ) ;
#8470 = ORIENTED_EDGE ( 'NONE', *, *, #7407, .F. ) ;
#8471 = DIRECTION ( 'NONE',  ( 1.000000000000000000, 6.070773319253920728E-17, -0.000000000000000000 ) ) ;
#8472 = ORIENTED_EDGE ( 'NONE', *, *, #7990, .F. ) ;
#8473 = CARTESIAN_POINT ( 'NONE',  ( -5.700000000000001066, 10.80000000000000071, 0.6550000000000004707 ) ) ;
#8474 = CARTESIAN_POINT ( 'NONE',  ( -2.450000000000001510, 12.40000000000000746, 1.199999999999999734 ) ) ;
#8475 = ADVANCED_FACE ( 'NONE', ( #8650 ), #8798, .T. ) ;
#8476 = CARTESIAN_POINT ( 'NONE',  ( -2.450000000000001066, 6.400000000000017231, 0.3999999999999374056 ) ) ;
#8477 = ADVANCED_FACE ( 'NONE', ( #3635 ), #2266, .F. ) ;
#8478 = DIRECTION ( 'NONE',  ( 0.000000000000000000, 1.000000000000000000, 0.000000000000000000 ) ) ;
#8479 = PLANE ( 'NONE',  #4498 ) ;
#8480 = EDGE_LOOP ( 'NONE', ( #3569, #6074, #4858, #7653 ) ) ;
#8481 = CARTESIAN_POINT ( 'NONE',  ( -2.450000000000001066, 11.20000000000000107, 1.599999999999987210 ) ) ;
#8482 = VERTEX_POINT ( 'NONE', #5906 ) ;
#8483 = CARTESIAN_POINT ( 'NONE',  ( -10.47749999999999915, 7.449999999999999289, 0.2999999999999999889 ) ) ;
#8484 = ORIENTED_EDGE ( 'NONE', *, *, #6099, .T. ) ;
#8485 = CIRCLE ( 'NONE', #2445, 0.08749999999999955036 ) ;
#8486 = VERTEX_POINT ( 'NONE', #28 ) ;
#8487 = CARTESIAN_POINT ( 'NONE',  ( -2.450000000000001066, 10.70000000000000995, 0.7999999999999831690 ) ) ;
#8488 = ADVANCED_FACE ( 'NONE', ( #4503 ), #2926, .F. ) ;
#8489 = EDGE_CURVE ( 'NONE', #3948, #7170, #1660, .T. ) ;
#8490 = CARTESIAN_POINT ( 'NONE',  ( -2.450000000000001066, 10.80000000000001137, 0.7999999999999831690 ) ) ;
#8491 = AXIS2_PLACEMENT_3D ( 'NONE', #8139, #1552, #8694 ) ;
#8492 = EDGE_CURVE ( 'NONE', #693, #9140, #2678, .T. ) ;
#8493 = CARTESIAN_POINT ( 'NONE',  ( -2.450000000000001510, 11.89999999999999858, 1.599999999999995870 ) ) ;
#8494 = ADVANCED_FACE ( 'NONE', ( #4450 ), #8850, .F. ) ;
#8495 = ORIENTED_EDGE ( 'NONE', *, *, #1738, .F. ) ;
#8496 = VERTEX_POINT ( 'NONE', #2221 ) ;
#8497 = LINE ( 'NONE', #6418, #4357 ) ;
#8498 = AXIS2_PLACEMENT_3D ( 'NONE', #186, #3757, #3039 ) ;
#8499 = VERTEX_POINT ( 'NONE', #891 ) ;
#8500 = DIRECTION ( 'NONE',  ( 1.000000000000000000, 6.070773319253920728E-17, -0.000000000000000000 ) ) ;
#8501 = LINE ( 'NONE', #6330, #2491 ) ;
#8502 = CIRCLE ( 'NONE', #8058, 0.08749999999999955036 ) ;
#8503 = DIRECTION ( 'NONE',  ( 0.000000000000000000, 1.000000000000000000, 0.000000000000000000 ) ) ;
#8504 = DIRECTION ( 'NONE',  ( 1.000000000000000000, 0.000000000000000000, 0.000000000000000000 ) ) ;
#8505 = CIRCLE ( 'NONE', #5631, 0.1000000000000005745 ) ;
#8506 = EDGE_CURVE ( 'NONE', #3066, #577, #7997, .T. ) ;
#8507 = VERTEX_POINT ( 'NONE', #3028 ) ;
#8508 = CARTESIAN_POINT ( 'NONE',  ( -3.450000000000001066, 7.050000000000001599, 0.4499999999999999556 ) ) ;
#8509 = ORIENTED_EDGE ( 'NONE', *, *, #768, .F. ) ;
#8510 = CARTESIAN_POINT ( 'NONE',  ( -2.450000000000001066, 4.800000000000006040, 1.199999999999920686 ) ) ;
#8511 = DIRECTION ( 'NONE',  ( 1.000000000000000000, 6.070773319253920728E-17, -0.000000000000000000 ) ) ;
#8512 = VERTEX_POINT ( 'NONE', #697 ) ;
#8513 = CARTESIAN_POINT ( 'NONE',  ( -2.450000000000001066, 6.800000000000016698, 0.3999999999999415135 ) ) ;
#8514 = FACE_OUTER_BOUND ( 'NONE', #7158, .T. ) ;
#8515 = VECTOR ( 'NONE', #756, 39.37007874015748143 ) ;
#8516 = DIRECTION ( 'NONE',  ( 0.000000000000000000, 1.000000000000000000, 0.000000000000000000 ) ) ;
#8517 = ADVANCED_FACE ( 'NONE', ( #9369 ), #1513, .F. ) ;
#8518 = VECTOR ( 'NONE', #6724, 39.37007874015748143 ) ;
#8519 = VERTEX_POINT ( 'NONE', #2165 ) ;
#8520 = CARTESIAN_POINT ( 'NONE',  ( -2.450000000000001066, 10.50000000000001954, 0.3999999999999790945 ) ) ;
#8521 = AXIS2_PLACEMENT_3D ( 'NONE', #8914, #2329, #8244 ) ;
#8522 = VERTEX_POINT ( 'NONE', #5054 ) ;
#8523 = DIRECTION ( 'NONE',  ( 0.000000000000000000, 1.000000000000000000, 0.000000000000000000 ) ) ;
#8524 = DIRECTION ( 'NONE',  ( 1.000000000000000000, 6.070773319253919496E-17, 0.000000000000000000 ) ) ;
#8525 = DIRECTION ( 'NONE',  ( 1.000000000000000000, -2.185478394931410575E-16, 0.000000000000000000 ) ) ;
#8526 = CIRCLE ( 'NONE', #2328, 0.1000000000000005745 ) ;
#8527 = AXIS2_PLACEMENT_3D ( 'NONE', #4036, #6567, #3825 ) ;
#8528 = DIRECTION ( 'NONE',  ( 0.000000000000000000, -1.000000000000000000, 0.000000000000000000 ) ) ;
#8529 = EDGE_CURVE ( 'NONE', #5623, #6416, #2075, .T. ) ;
#8530 = DIRECTION ( 'NONE',  ( 1.000000000000000000, 6.070773319253920728E-17, -0.000000000000000000 ) ) ;
#8531 = ORIENTED_EDGE ( 'NONE', *, *, #92, .T. ) ;
#8532 = DIRECTION ( 'NONE',  ( 0.000000000000000000, 0.000000000000000000, -1.000000000000000000 ) ) ;
#8533 = CIRCLE ( 'NONE', #5965, 0.1000000000000005745 ) ;
#8534 = ORIENTED_EDGE ( 'NONE', *, *, #8333, .F. ) ;
#8535 = CARTESIAN_POINT ( 'NONE',  ( -2.450000000000001066, 4.900000000000000355, 1.599999999999920597 ) ) ;
#8536 = EDGE_LOOP ( 'NONE', ( #2389, #7228 ) ) ;
#8537 = AXIS2_PLACEMENT_3D ( 'NONE', #937, #6716, #3638 ) ;
#8538 = ORIENTED_EDGE ( 'NONE', *, *, #3509, .T. ) ;
#8539 = FACE_OUTER_BOUND ( 'NONE', #842, .T. ) ;
#8540 = CIRCLE ( 'NONE', #8242, 0.1000000000000005745 ) ;
#8541 = CARTESIAN_POINT ( 'NONE',  ( -2.450000000000001066, 5.100000000000010303, 0.7999999999999247713 ) ) ;
#8542 = VECTOR ( 'NONE', #4199, 39.37007874015748143 ) ;
#8543 = DIRECTION ( 'NONE',  ( 0.000000000000000000, 1.000000000000000000, 0.000000000000000000 ) ) ;
#8544 = EDGE_LOOP ( 'NONE', ( #108, #6518, #8331, #9156 ) ) ;
#8545 = EDGE_CURVE ( 'NONE', #510, #3610, #6625, .T. ) ;
#8546 = EDGE_LOOP ( 'NONE', ( #6146, #7404 ) ) ;
#8547 = CARTESIAN_POINT ( 'NONE',  ( -2.450000000000001066, 6.700000000000016165, 0.3999999999999415135 ) ) ;
#8548 = CIRCLE ( 'NONE', #6892, 0.1000000000000005745 ) ;
#8549 = ORIENTED_EDGE ( 'NONE', *, *, #3396, .T. ) ;
#8550 = DIRECTION ( 'NONE',  ( 1.000000000000000000, 6.070773319253920728E-17, -0.000000000000000000 ) ) ;
#8551 = LINE ( 'NONE', #2732, #3546 ) ;
#8552 = AXIS2_PLACEMENT_3D ( 'NONE', #2305, #6052, #6623 ) ;
#8553 = AXIS2_PLACEMENT_3D ( 'NONE', #2432, #3152, #4567 ) ;
#8554 = FACE_OUTER_BOUND ( 'NONE', #2437, .T. ) ;
#8555 = DIRECTION ( 'NONE',  ( 1.000000000000000000, 0.000000000000000000, 0.000000000000000000 ) ) ;
#8556 = AXIS2_PLACEMENT_3D ( 'NONE', #5908, #6521, #8800 ) ;
#8557 = AXIS2_PLACEMENT_3D ( 'NONE', #3524, #6413, #9305 ) ;
#8558 = VERTEX_POINT ( 'NONE', #4356 ) ;
#8560 = AXIS2_PLACEMENT_3D ( 'NONE', #3448, #9260, #7129 ) ;
#8559 = DIRECTION ( 'NONE',  ( 1.000000000000000000, 6.070773319253919496E-17, 0.000000000000000000 ) ) ;
#8561 = EDGE_LOOP ( 'NONE', ( #4203, #1220, #6800, #4205 ) ) ;
#8562 = EDGE_CURVE ( 'NONE', #4987, #8452, #7237, .T. ) ;
#8563 = DIRECTION ( 'NONE',  ( 1.000000000000000000, 6.070773319253919496E-17, 0.000000000000000000 ) ) ;
#8564 = DIRECTION ( 'NONE',  ( 0.000000000000000000, 0.000000000000000000, 1.000000000000000000 ) ) ;
#8565 = ORIENTED_EDGE ( 'NONE', *, *, #6931, .F. ) ;
#8566 = LINE ( 'NONE', #7716, #841 ) ;
#8567 = CARTESIAN_POINT ( 'NONE',  ( -11.15000000000000036, 7.700000000000000178, 2.000000000000000000 ) ) ;
#8568 = CIRCLE ( 'NONE', #4188, 0.1000000000000005745 ) ;
#8569 = FACE_BOUND ( 'NONE', #1596, .T. ) ;
#8570 = AXIS2_PLACEMENT_3D ( 'NONE', #4968, #5625, #7814 ) ;
#8571 = CIRCLE ( 'NONE', #705, 0.1249999999999999029 ) ;
#8572 = ORIENTED_EDGE ( 'NONE', *, *, #5766, .F. ) ;
#8573 = PLANE ( 'NONE',  #8217 ) ;
#8574 = ORIENTED_EDGE ( 'NONE', *, *, #6673, .T. ) ;
#8575 = CARTESIAN_POINT ( 'NONE',  ( -2.450000000000001066, 6.800000000000006040, 1.199999999999941558 ) ) ;
#8576 = CARTESIAN_POINT ( 'NONE',  ( -2.450000000000001066, 5.600000000000000533, 1.599999999999929035 ) ) ;
#8577 = CARTESIAN_POINT ( 'NONE',  ( -2.450000000000001066, 6.000000000000016875, 0.3000000000000000999 ) ) ;
#8578 = EDGE_CURVE ( 'NONE', #2, #3926, #7525, .T. ) ;
#8579 = VECTOR ( 'NONE', #2689, 39.37007874015748143 ) ;
#8580 = CYLINDRICAL_SURFACE ( 'NONE', #8668, 0.08749999999999955036 ) ;
#8581 = DIRECTION ( 'NONE',  ( 1.000000000000000000, 6.070773319253919496E-17, 0.000000000000000000 ) ) ;
#8582 = ORIENTED_EDGE ( 'NONE', *, *, #4183, .F. ) ;
#8583 = CARTESIAN_POINT ( 'NONE',  ( -4.900000000000000355, 7.050000000000001599, 0.4499999999999999556 ) ) ;
#8584 = ORIENTED_EDGE ( 'NONE', *, *, #345, .F. ) ;
#8585 = DIRECTION ( 'NONE',  ( 1.000000000000000000, 6.070773319253920728E-17, -0.000000000000000000 ) ) ;
#8586 = ORIENTED_EDGE ( 'NONE', *, *, #7166, .T. ) ;
#8587 = ORIENTED_EDGE ( 'NONE', *, *, #5304, .T. ) ;
#8588 = ORIENTED_EDGE ( 'NONE', *, *, #3269, .F. ) ;
#8589 = CARTESIAN_POINT ( 'NONE',  ( -2.150000000000000799, 6.400000000000017231, 0.3999999999999374056 ) ) ;
#8590 = EDGE_CURVE ( 'NONE', #319, #2441, #3965, .T. ) ;
#8591 = EDGE_CURVE ( 'NONE', #4004, #3614, #318, .T. ) ;
#8592 = DIRECTION ( 'NONE',  ( 1.000000000000000000, 6.070773319253920728E-17, -0.000000000000000000 ) ) ;
#8593 = CYLINDRICAL_SURFACE ( 'NONE', #5845, 0.1000000000000005745 ) ;
#8594 = ORIENTED_EDGE ( 'NONE', *, *, #7388, .T. ) ;
#8595 = ORIENTED_EDGE ( 'NONE', *, *, #7130, .T. ) ;
#8596 = DIRECTION ( 'NONE',  ( -1.000000000000000000, 0.000000000000000000, 0.000000000000000000 ) ) ;
#8597 = ORIENTED_EDGE ( 'NONE', *, *, #8666, .F. ) ;
#8598 = LINE ( 'NONE', #125, #2066 ) ;
#8599 = DIRECTION ( 'NONE',  ( 1.000000000000000000, 6.070773319253919496E-17, 0.000000000000000000 ) ) ;
#8600 = EDGE_CURVE ( 'NONE', #6336, #5225, #8883, .T. ) ;
#8601 = DIRECTION ( 'NONE',  ( 0.000000000000000000, 0.000000000000000000, 1.000000000000000000 ) ) ;
#8602 = CARTESIAN_POINT ( 'NONE',  ( -2.450000000000001066, 6.500000000000000888, 1.599999999999937250 ) ) ;
#8603 = EDGE_CURVE ( 'NONE', #7584, #1936, #8571, .T. ) ;
#8604 = VERTEX_POINT ( 'NONE', #8276 ) ;
#8605 = CARTESIAN_POINT ( 'NONE',  ( -2.450000000000001066, 5.700000000000006395, 1.199999999999928901 ) ) ;
#8606 = ORIENTED_EDGE ( 'NONE', *, *, #6763, .F. ) ;
#8607 = AXIS2_PLACEMENT_3D ( 'NONE', #3692, #851, #6578 ) ;
#8608 = DIRECTION ( 'NONE',  ( 0.000000000000000000, 1.000000000000000000, 0.000000000000000000 ) ) ;
#8609 = ORIENTED_EDGE ( 'NONE', *, *, #3540, .F. ) ;
#8610 = DIRECTION ( 'NONE',  ( 0.000000000000000000, 1.000000000000000000, 0.000000000000000000 ) ) ;
#8611 = CARTESIAN_POINT ( 'NONE',  ( -2.150000000000001243, 9.100000000000006750, 1.199999999999966427 ) ) ;
#8612 = FACE_BOUND ( 'NONE', #3145, .T. ) ;
#8613 = EDGE_CURVE ( 'NONE', #14, #5031, #1632, .T. ) ;
#8614 = EDGE_CURVE ( 'NONE', #6336, #9025, #3169, .T. ) ;
#8615 = CIRCLE ( 'NONE', #8607, 0.1000000000000016709 ) ;
#8616 = EDGE_LOOP ( 'NONE', ( #2307, #4015, #4500, #6179 ) ) ;
#8617 = CARTESIAN_POINT ( 'NONE',  ( -2.450000000000001510, 12.50000000000000355, 1.599999999999999867 ) ) ;
#8618 = ORIENTED_EDGE ( 'NONE', *, *, #5116, .F. ) ;
#8619 = CARTESIAN_POINT ( 'NONE',  ( -2.150000000000000799, 5.200000000000017053, 0.3999999999999248601 ) ) ;
#8620 = CARTESIAN_POINT ( 'NONE',  ( -2.450000000000001510, 12.69999999999999929, 2.000000000000000000 ) ) ;
#8621 = CIRCLE ( 'NONE', #6047, 0.1000000000000016709 ) ;
#8622 = DIRECTION ( 'NONE',  ( -1.000000000000000000, 0.000000000000000000, 0.000000000000000000 ) ) ;
#8623 = DIRECTION ( 'NONE',  ( 0.000000000000000000, 1.000000000000000000, 0.000000000000000000 ) ) ;
#8624 = DIRECTION ( 'NONE',  ( 1.000000000000000000, 6.070773319253919496E-17, 0.000000000000000000 ) ) ;
#8625 = ORIENTED_EDGE ( 'NONE', *, *, #9065, .T. ) ;
#8626 = EDGE_CURVE ( 'NONE', #8482, #6374, #8984, .T. ) ;
#8627 = DIRECTION ( 'NONE',  ( 0.000000000000000000, 0.000000000000000000, -1.000000000000000000 ) ) ;
#8628 = ORIENTED_EDGE ( 'NONE', *, *, #75, .T. ) ;
#8629 = FACE_OUTER_BOUND ( 'NONE', #6698, .T. ) ;
#8630 = ORIENTED_EDGE ( 'NONE', *, *, #4902, .T. ) ;
#8631 = VERTEX_POINT ( 'NONE', #363 ) ;
#8632 = ORIENTED_EDGE ( 'NONE', *, *, #2455, .T. ) ;
#8633 = CYLINDRICAL_SURFACE ( 'NONE', #4627, 0.1000000000000005745 ) ;
#8634 = CARTESIAN_POINT ( 'NONE',  ( -2.450000000000001066, 4.400000000000016342, 0.3000000000000000999 ) ) ;
#8635 = EDGE_CURVE ( 'NONE', #7838, #8777, #5258, .T. ) ;
#8636 = CARTESIAN_POINT ( 'NONE',  ( -6.150000000000000355, 12.80000000000000071, 2.000000000000000000 ) ) ;
#8637 = ORIENTED_EDGE ( 'NONE', *, *, #8753, .F. ) ;
#8638 = EDGE_LOOP ( 'NONE', ( #5227, #198 ) ) ;
#8639 = CARTESIAN_POINT ( 'NONE',  ( -11.00000000000000178, 4.150000000000000355, 1.870000000000000107 ) ) ;
#8640 = ORIENTED_EDGE ( 'NONE', *, *, #1492, .F. ) ;
#8641 = DIRECTION ( 'NONE',  ( 0.000000000000000000, 1.000000000000000000, 0.000000000000000000 ) ) ;
#8642 = CARTESIAN_POINT ( 'NONE',  ( -5.150000000000000355, 12.20000000000000284, 0.5000000000000000000 ) ) ;
#8643 = DIRECTION ( 'NONE',  ( 0.000000000000000000, 1.000000000000000000, 0.000000000000000000 ) ) ;
#8644 = CYLINDRICAL_SURFACE ( 'NONE', #782, 0.1000000000000016709 ) ;
#8646 = EDGE_LOOP ( 'NONE', ( #8731, #8729 ) ) ;
#8645 = EDGE_CURVE ( 'NONE', #6444, #8076, #2384, .T. ) ;
#8647 = DIRECTION ( 'NONE',  ( -6.070773319253919496E-17, 1.000000000000000000, -0.000000000000000000 ) ) ;
#8648 = ORIENTED_EDGE ( 'NONE', *, *, #6127, .T. ) ;
#8649 = CIRCLE ( 'NONE', #3823, 0.1000000000000005745 ) ;
#8650 = FACE_OUTER_BOUND ( 'NONE', #3344, .T. ) ;
#8651 = ORIENTED_EDGE ( 'NONE', *, *, #2483, .T. ) ;
#8652 = DIRECTION ( 'NONE',  ( -0.000000000000000000, -0.000000000000000000, 1.000000000000000000 ) ) ;
#8653 = EDGE_CURVE ( 'NONE', #5607, #2090, #6055, .T. ) ;
#8654 = FACE_OUTER_BOUND ( 'NONE', #7307, .T. ) ;
#8655 = FACE_BOUND ( 'NONE', #402, .T. ) ;
#8656 = CIRCLE ( 'NONE', #8348, 0.1000000000000016709 ) ;
#8657 = AXIS2_PLACEMENT_3D ( 'NONE', #3958, #6845, #2106 ) ;
#8658 = EDGE_LOOP ( 'NONE', ( #4458, #7083 ) ) ;
#8659 = FACE_OUTER_BOUND ( 'NONE', #7383, .T. ) ;
#8660 = CIRCLE ( 'NONE', #9112, 0.1000000000000005745 ) ;
#8661 = EDGE_LOOP ( 'NONE', ( #6476, #8229, #164, #6031 ) ) ;
#8662 = FACE_OUTER_BOUND ( 'NONE', #1189, .T. ) ;
#8663 = EDGE_CURVE ( 'NONE', #4737, #6890, #555, .T. ) ;
#8664 = CARTESIAN_POINT ( 'NONE',  ( -2.450000000000001066, 4.300000000000000711, 2.000000000000000000 ) ) ;
#8665 = CARTESIAN_POINT ( 'NONE',  ( -8.299999999999998934, 4.300000000000000711, 0.4999999999999993339 ) ) ;
#8666 = EDGE_CURVE ( 'NONE', #248, #8558, #1777, .T. ) ;
#8667 = CARTESIAN_POINT ( 'NONE',  ( -2.700000000000000622, 12.44999999999999929, 0.2999999999999999889 ) ) ;
#8668 = AXIS2_PLACEMENT_3D ( 'NONE', #527, #6312, #6932 ) ;
#8669 = DIRECTION ( 'NONE',  ( 1.000000000000000000, 6.070773319253919496E-17, 0.000000000000000000 ) ) ;
#8670 = ORIENTED_EDGE ( 'NONE', *, *, #3181, .T. ) ;
#8671 = DIRECTION ( 'NONE',  ( 0.000000000000000000, 1.000000000000000000, 0.000000000000000000 ) ) ;
#8672 = ORIENTED_EDGE ( 'NONE', *, *, #3564, .T. ) ;
#8673 = CARTESIAN_POINT ( 'NONE',  ( -2.450000000000001066, 7.300000000000012257, 0.7999999999999457545 ) ) ;
#8674 = EDGE_CURVE ( 'NONE', #7641, #7371, #9035, .T. ) ;
#8675 = ORIENTED_EDGE ( 'NONE', *, *, #1276, .F. ) ;
#8676 = ORIENTED_EDGE ( 'NONE', *, *, #2580, .T. ) ;
#8677 = AXIS2_PLACEMENT_3D ( 'NONE', #8741, #4431, #7315 ) ;
#8678 = VERTEX_POINT ( 'NONE', #5433 ) ;
#8679 = DIRECTION ( 'NONE',  ( 0.000000000000000000, 1.000000000000000000, 0.000000000000000000 ) ) ;
#8680 = CIRCLE ( 'NONE', #360, 0.1000000000000016709 ) ;
#8681 = EDGE_CURVE ( 'NONE', #6053, #2459, #3590, .T. ) ;
#8682 = DIRECTION ( 'NONE',  ( -0.000000000000000000, -1.000000000000000000, -0.000000000000000000 ) ) ;
#8683 = VECTOR ( 'NONE', #9205, 39.37007874015748143 ) ;
#8684 = LINE ( 'NONE', #4202, #4033 ) ;
#8685 = AXIS2_PLACEMENT_3D ( 'NONE', #2224, #8000, #5202 ) ;
#8686 = EDGE_LOOP ( 'NONE', ( #453, #2439 ) ) ;
#8687 = ORIENTED_EDGE ( 'NONE', *, *, #5716, .F. ) ;
#8688 = CARTESIAN_POINT ( 'NONE',  ( -2.150000000000001243, 10.50000000000001243, 0.7999999999999790612 ) ) ;
#8689 = ORIENTED_EDGE ( 'NONE', *, *, #3792, .T. ) ;
#8690 = LINE ( 'NONE', #70, #1306 ) ;
#8691 = DIRECTION ( 'NONE',  ( -0.000000000000000000, 1.000000000000000000, -0.000000000000000000 ) ) ;
#8692 = DIRECTION ( 'NONE',  ( 1.000000000000000000, 6.070773319253920728E-17, -0.000000000000000000 ) ) ;
#8693 = ADVANCED_FACE ( 'NONE', ( #6903 ), #1122, .F. ) ;
#8694 = DIRECTION ( 'NONE',  ( 0.000000000000000000, 1.000000000000000000, 0.000000000000000000 ) ) ;
#8695 = DIRECTION ( 'NONE',  ( 0.000000000000000000, 0.000000000000000000, 1.000000000000000000 ) ) ;
#8696 = VERTEX_POINT ( 'NONE', #4588 ) ;
#8697 = DIRECTION ( 'NONE',  ( 1.000000000000000000, 6.070773319253920728E-17, -0.000000000000000000 ) ) ;
#8698 = AXIS2_PLACEMENT_3D ( 'NONE', #8717, #5444, #8372 ) ;
#8699 = ORIENTED_EDGE ( 'NONE', *, *, #4022, .F. ) ;
#8700 = AXIS2_PLACEMENT_3D ( 'NONE', #3651, #8669, #3042 ) ;
#8701 = CIRCLE ( 'NONE', #1294, 0.1000000000000016709 ) ;
#8702 = DIRECTION ( 'NONE',  ( 1.000000000000000000, 0.000000000000000000, 0.000000000000000000 ) ) ;
#8703 = VERTEX_POINT ( 'NONE', #7470 ) ;
#8704 = DIRECTION ( 'NONE',  ( -1.000000000000000000, 0.000000000000000000, 0.000000000000000000 ) ) ;
#8705 = DIRECTION ( 'NONE',  ( 1.000000000000000000, 0.000000000000000000, 0.000000000000000000 ) ) ;
#8706 = DIRECTION ( 'NONE',  ( 1.000000000000000000, 6.070773319253919496E-17, 0.000000000000000000 ) ) ;
#8707 = EDGE_CURVE ( 'NONE', #2055, #8941, #7375, .T. ) ;
#8708 = AXIS2_PLACEMENT_3D ( 'NONE', #1037, #7566, #1796 ) ;
#8709 = DIRECTION ( 'NONE',  ( -1.000000000000000000, 0.000000000000000000, 0.000000000000000000 ) ) ;
#8710 = AXIS2_PLACEMENT_3D ( 'NONE', #1118, #4013, #3298 ) ;
#8711 = VECTOR ( 'NONE', #8149, 39.37007874015748143 ) ;
#8712 = ORIENTED_EDGE ( 'NONE', *, *, #2957, .T. ) ;
#8714 = DIRECTION ( 'NONE',  ( 0.000000000000000000, 1.000000000000000000, 0.000000000000000000 ) ) ;
#8713 = VECTOR ( 'NONE', #3504, 39.37007874015748143 ) ;
#8715 = AXIS2_PLACEMENT_3D ( 'NONE', #2051, #4979, #4271 ) ;
#8716 = ORIENTED_EDGE ( 'NONE', *, *, #1479, .T. ) ;
#8717 = CARTESIAN_POINT ( 'NONE',  ( -2.150000000000000799, 6.000000000000011546, 0.7999999999999330980 ) ) ;
#8718 = AXIS2_PLACEMENT_3D ( 'NONE', #6503, #1392, #9251 ) ;
#8719 = DIRECTION ( 'NONE',  ( 1.000000000000000000, 6.070773319253919496E-17, 0.000000000000000000 ) ) ;
#8720 = CYLINDRICAL_SURFACE ( 'NONE', #4862, 0.1000000000000005745 ) ;
#8721 = EDGE_CURVE ( 'NONE', #2430, #7132, #934, .T. ) ;
#8722 = VECTOR ( 'NONE', #8145, 39.37007874015748143 ) ;
#8723 = DIRECTION ( 'NONE',  ( 0.000000000000000000, 1.000000000000000000, 0.000000000000000000 ) ) ;
#8724 = ADVANCED_FACE ( 'NONE', ( #3885 ), #628, .F. ) ;
#8725 = CIRCLE ( 'NONE', #7184, 0.1000000000000016709 ) ;
#8726 = CARTESIAN_POINT ( 'NONE',  ( -2.150000000000001243, 10.30000000000001670, 0.3999999999999790945 ) ) ;
#8727 = ORIENTED_EDGE ( 'NONE', *, *, #3410, .F. ) ;
#8728 = LINE ( 'NONE', #911, #3370 ) ;
#8729 = ORIENTED_EDGE ( 'NONE', *, *, #4595, .F. ) ;
#8730 = CARTESIAN_POINT ( 'NONE',  ( -2.450000000000001510, 12.40000000000001812, 0.3999999999999998557 ) ) ;
#8731 = ORIENTED_EDGE ( 'NONE', *, *, #1891, .F. ) ;
#8732 = EDGE_LOOP ( 'NONE', ( #4488, #2925 ) ) ;
#8733 = AXIS2_PLACEMENT_3D ( 'NONE', #8639, #254, #6559 ) ;
#8734 = ORIENTED_EDGE ( 'NONE', *, *, #5716, .T. ) ;
#8735 = CARTESIAN_POINT ( 'NONE',  ( -5.700000000000001066, 10.80000000000000249, 1.400999999999999579 ) ) ;
#8736 = FACE_BOUND ( 'NONE', #7259, .T. ) ;
#8737 = EDGE_CURVE ( 'NONE', #7431, #8895, #5518, .T. ) ;
#8738 = CARTESIAN_POINT ( 'NONE',  ( -2.450000000000001066, 6.500000000000006217, 1.199999999999937339 ) ) ;
#8739 = ORIENTED_EDGE ( 'NONE', *, *, #9267, .F. ) ;
#8740 = ORIENTED_EDGE ( 'NONE', *, *, #8626, .T. ) ;
#8741 = CARTESIAN_POINT ( 'NONE',  ( -2.150000000000000799, 6.400000000000000355, 1.599999999999937250 ) ) ;
#8742 = ORIENTED_EDGE ( 'NONE', *, *, #4516, .F. ) ;
#8743 = LINE ( 'NONE', #3909, #1472 ) ;
#8744 = ORIENTED_EDGE ( 'NONE', *, *, #2434, .F. ) ;
#8745 = DIRECTION ( 'NONE',  ( 0.000000000000000000, 1.000000000000000000, 0.000000000000000000 ) ) ;
#8746 = DIRECTION ( 'NONE',  ( 0.000000000000000000, 1.000000000000000000, 0.000000000000000000 ) ) ;
#8747 = CARTESIAN_POINT ( 'NONE',  ( -2.450000000000001510, 12.40000000000000746, 1.199999999999999734 ) ) ;
#8748 = CARTESIAN_POINT ( 'NONE',  ( -2.450000000000001066, 5.200000000000017053, 0.3999999999999248601 ) ) ;
#8749 = DIRECTION ( 'NONE',  ( -0.000000000000000000, -1.000000000000000000, -0.000000000000000000 ) ) ;
#8750 = VERTEX_POINT ( 'NONE', #4103 ) ;
#8751 = CARTESIAN_POINT ( 'NONE',  ( -2.150000000000001243, 7.200000000000011724, 0.7999999999999457545 ) ) ;
#8752 = ORIENTED_EDGE ( 'NONE', *, *, #4048, .T. ) ;
#8753 = EDGE_CURVE ( 'NONE', #7264, #7091, #2229, .T. ) ;
#8754 = CARTESIAN_POINT ( 'NONE',  ( -2.300000000000000711, 12.65000000000000213, 1.870000000000000107 ) ) ;
#8755 = ORIENTED_EDGE ( 'NONE', *, *, #4424, .F. ) ;
#8756 = CARTESIAN_POINT ( 'NONE',  ( -6.400000000000001243, 5.664999999999999147, 0.4499999999999999556 ) ) ;
#8757 = DIRECTION ( 'NONE',  ( 0.000000000000000000, 1.000000000000000000, 0.000000000000000000 ) ) ;
#8758 = LINE ( 'NONE', #794, #7808 ) ;
#8759 = DIRECTION ( 'NONE',  ( -0.000000000000000000, -0.000000000000000000, -1.000000000000000000 ) ) ;
#8760 = ORIENTED_EDGE ( 'NONE', *, *, #6846, .T. ) ;
#8761 = EDGE_CURVE ( 'NONE', #722, #4346, #1258, .T. ) ;
#8762 = DIRECTION ( 'NONE',  ( 1.000000000000000000, 6.070773319253920728E-17, -0.000000000000000000 ) ) ;
#8763 = ORIENTED_EDGE ( 'NONE', *, *, #4316, .T. ) ;
#8764 = CARTESIAN_POINT ( 'NONE',  ( -10.84999999999999964, 6.000000000000000888, 1.150000000000000133 ) ) ;
#8765 = DIRECTION ( 'NONE',  ( 0.000000000000000000, -0.000000000000000000, -1.000000000000000000 ) ) ;
#8766 = EDGE_CURVE ( 'NONE', #384, #4252, #8497, .T. ) ;
#8767 = CYLINDRICAL_SURFACE ( 'NONE', #3959, 0.06900000000000026945 ) ;
#8768 = VECTOR ( 'NONE', #3758, 39.37007874015748143 ) ;
#8769 = DIRECTION ( 'NONE',  ( 0.000000000000000000, 0.000000000000000000, 1.000000000000000000 ) ) ;
#8770 = CARTESIAN_POINT ( 'NONE',  ( -2.150000000000001243, 12.40000000000001812, 0.3999999999999998557 ) ) ;
#8771 = ORIENTED_EDGE ( 'NONE', *, *, #8086, .F. ) ;
#8772 = ADVANCED_FACE ( 'NONE', ( #4814 ), #4152, .F. ) ;
#8773 = DIRECTION ( 'NONE',  ( 1.000000000000000000, 6.070773319253920728E-17, -0.000000000000000000 ) ) ;
#8774 = VERTEX_POINT ( 'NONE', #7655 ) ;
#8775 = CARTESIAN_POINT ( 'NONE',  ( -2.450000000000001510, 12.00000000000000711, 1.199999999999995737 ) ) ;
#8776 = ORIENTED_EDGE ( 'NONE', *, *, #3881, .T. ) ;
#8777 = VERTEX_POINT ( 'NONE', #9115 ) ;
#8778 = EDGE_CURVE ( 'NONE', #4289, #151, #550, .T. ) ;
#8779 = LINE ( 'NONE', #5177, #7186 ) ;
#8780 = CARTESIAN_POINT ( 'NONE',  ( -9.680768314573425570, 6.433070866141734179, 0.7169291338582677309 ) ) ;
#8781 = LINE ( 'NONE', #3813, #9319 ) ;
#8782 = EDGE_LOOP ( 'NONE', ( #727, #8928 ) ) ;
#8783 = ORIENTED_EDGE ( 'NONE', *, *, #15, .T. ) ;
#8784 = DIRECTION ( 'NONE',  ( 0.000000000000000000, 1.000000000000000000, 0.000000000000000000 ) ) ;
#8785 = ORIENTED_EDGE ( 'NONE', *, *, #1230, .T. ) ;
#8786 = EDGE_CURVE ( 'NONE', #3876, #3580, #3150, .T. ) ;
#8787 = VERTEX_POINT ( 'NONE', #6227 ) ;
#8788 = DIRECTION ( 'NONE',  ( 0.000000000000000000, 1.000000000000000000, 0.000000000000000000 ) ) ;
#8789 = EDGE_CURVE ( 'NONE', #8227, #2897, #2989, .T. ) ;
#8790 = PLANE ( 'NONE',  #8388 ) ;
#8791 = CYLINDRICAL_SURFACE ( 'NONE', #5540, 0.08750000000000063283 ) ;
#8792 = ADVANCED_FACE ( 'NONE', ( #5710 ), #5658, .F. ) ;
#8793 = DIRECTION ( 'NONE',  ( 0.000000000000000000, 0.000000000000000000, 1.000000000000000000 ) ) ;
#8794 = CYLINDRICAL_SURFACE ( 'NONE', #4748, 0.1000000000000005745 ) ;
#8795 = ORIENTED_EDGE ( 'NONE', *, *, #1115, .F. ) ;
#8796 = DIRECTION ( 'NONE',  ( 1.000000000000000000, 6.070773319253919496E-17, 0.000000000000000000 ) ) ;
#8797 = ORIENTED_EDGE ( 'NONE', *, *, #61, .F. ) ;
#8798 = PLANE ( 'NONE',  #259 ) ;
#8799 = ORIENTED_EDGE ( 'NONE', *, *, #7, .T. ) ;
#8800 = DIRECTION ( 'NONE',  ( 1.000000000000000000, 0.000000000000000000, 0.000000000000000000 ) ) ;
#8801 = EDGE_CURVE ( 'NONE', #3418, #450, #7975, .T. ) ;
#8802 = DIRECTION ( 'NONE',  ( 1.000000000000000000, 0.000000000000000000, 0.000000000000000000 ) ) ;
#8803 = CARTESIAN_POINT ( 'NONE',  ( -2.450000000000001066, 6.300000000000005151, 1.199999999999937339 ) ) ;
#8804 = CARTESIAN_POINT ( 'NONE',  ( -5.700000000000001066, 8.010000000000003340, 1.401000000000001577 ) ) ;
#8805 = EDGE_CURVE ( 'NONE', #4812, #6933, #8281, .T. ) ;
#8806 = UNCERTAINTY_MEASURE_WITH_UNIT (LENGTH_MEASURE( 1.000000000000000082E-05 ), #5345, 'distance_accuracy_value', 'NONE');
#8807 = AXIS2_PLACEMENT_3D ( 'NONE', #991, #8283, #2551 ) ;
#8808 = ORIENTED_EDGE ( 'NONE', *, *, #5006, .F. ) ;
#8809 = CARTESIAN_POINT ( 'NONE',  ( -2.450000000000001066, 4.800000000000011369, 0.7999999999999206635 ) ) ;
#8810 = EDGE_LOOP ( 'NONE', ( #1699, #1256 ) ) ;
#8811 = DIRECTION ( 'NONE',  ( 1.000000000000000000, 6.070773319253919496E-17, 0.000000000000000000 ) ) ;
#8812 = CARTESIAN_POINT ( 'NONE',  ( -2.450000000000001066, 11.20000000000001172, 0.7999999999999873879 ) ) ;
#8813 = AXIS2_PLACEMENT_3D ( 'NONE', #3288, #8304, #1106 ) ;
#8814 = CARTESIAN_POINT ( 'NONE',  ( -2.150000000000001243, 7.200000000000001066, 1.599999999999945688 ) ) ;
#8815 = CIRCLE ( 'NONE', #633, 0.1000000000000005745 ) ;
#8816 = EDGE_CURVE ( 'NONE', #4964, #3066, #9039, .T. ) ;
#8817 = CYLINDRICAL_SURFACE ( 'NONE', #810, 0.06899999999999972822 ) ;
#8819 = LINE ( 'NONE', #6492, #4793 ) ;
#8818 = AXIS2_PLACEMENT_3D ( 'NONE', #8917, #1809, #6734 ) ;
#8820 = ORIENTED_EDGE ( 'NONE', *, *, #5134, .T. ) ;
#8821 = PLANE ( 'NONE',  #1718 ) ;
#8822 = CIRCLE ( 'NONE', #6392, 0.1249999999999999029 ) ;
#8823 = EDGE_LOOP ( 'NONE', ( #7234, #5978 ) ) ;
#8824 = DIRECTION ( 'NONE',  ( 1.000000000000000000, 6.070773319253919496E-17, 0.000000000000000000 ) ) ;
#8825 = ORIENTED_EDGE ( 'NONE', *, *, #6283, .T. ) ;
#8826 = ORIENTED_EDGE ( 'NONE', *, *, #4516, .T. ) ;
#8827 = DIRECTION ( 'NONE',  ( 0.000000000000000000, 1.000000000000000000, 0.000000000000000000 ) ) ;
#8828 = AXIS2_PLACEMENT_3D ( 'NONE', #8948, #3937, #6817 ) ;
#8829 = EDGE_CURVE ( 'NONE', #8460, #5225, #3444, .T. ) ;
#8830 = CIRCLE ( 'NONE', #4290, 0.1000000000000005745 ) ;
#8831 = CYLINDRICAL_SURFACE ( 'NONE', #4887, 0.4999999999999996669 ) ;
#8832 = DIRECTION ( 'NONE',  ( -0.000000000000000000, -0.000000000000000000, -1.000000000000000000 ) ) ;
#8833 = CIRCLE ( 'NONE', #6405, 0.1000000000000005745 ) ;
#8834 = ORIENTED_EDGE ( 'NONE', *, *, #5363, .F. ) ;
#8835 = ORIENTED_EDGE ( 'NONE', *, *, #2651, .T. ) ;
#8836 = CARTESIAN_POINT ( 'NONE',  ( -2.800000000000001155, 7.730000000000000426, 0.2999999999999999889 ) ) ;
#8837 = EDGE_LOOP ( 'NONE', ( #2728, #7998, #5875, #9307 ) ) ;
#8838 = VECTOR ( 'NONE', #6961, 39.37007874015748143 ) ;
#8839 = VERTEX_POINT ( 'NONE', #6327 ) ;
#8840 = CYLINDRICAL_SURFACE ( 'NONE', #8855, 0.1000000000000016709 ) ;
#8841 = CARTESIAN_POINT ( 'NONE',  ( -2.700000000000000622, 12.44999999999999929, 0.000000000000000000 ) ) ;
#8842 = CIRCLE ( 'NONE', #216, 0.1225000000000001227 ) ;
#8843 = LINE ( 'NONE', #4393, #5781 ) ;
#8844 = CIRCLE ( 'NONE', #5368, 0.06899999999999993638 ) ;
#8845 = CARTESIAN_POINT ( 'NONE',  ( -2.450000000000001066, 10.30000000000000959, 0.7999999999999790612 ) ) ;
#8846 = EDGE_CURVE ( 'NONE', #67, #9240, #2729, .T. ) ;
#8847 = ORIENTED_EDGE ( 'NONE', *, *, #2510, .T. ) ;
#8848 = CARTESIAN_POINT ( 'NONE',  ( -2.300000000000000711, 4.150000000000000355, 1.870000000000000107 ) ) ;
#8849 = ORIENTED_EDGE ( 'NONE', *, *, #1509, .T. ) ;
#8850 = CYLINDRICAL_SURFACE ( 'NONE', #5542, 0.1000000000000005745 ) ;
#8851 = CIRCLE ( 'NONE', #7029, 0.1000000000000005745 ) ;
#8852 = ORIENTED_EDGE ( 'NONE', *, *, #79, .T. ) ;
#8853 = CARTESIAN_POINT ( 'NONE',  ( -2.450000000000001510, 13.00000000000000000, 0.3000000000000000999 ) ) ;
#8854 = DIRECTION ( 'NONE',  ( 1.000000000000000000, 6.070773319253920728E-17, -0.000000000000000000 ) ) ;
#8855 = AXIS2_PLACEMENT_3D ( 'NONE', #2350, #6509, #8746 ) ;
#8856 = CARTESIAN_POINT ( 'NONE',  ( -5.600000000000001421, 12.44999999999999929, 0.2999999999999999889 ) ) ;
#8857 = LINE ( 'NONE', #5160, #7409 ) ;
#8858 = VECTOR ( 'NONE', #3503, 39.37007874015748143 ) ;
#8859 = EDGE_CURVE ( 'NONE', #6723, #4477, #6276, .T. ) ;
#8860 = ORIENTED_EDGE ( 'NONE', *, *, #7843, .F. ) ;
#8861 = DIRECTION ( 'NONE',  ( 1.000000000000000000, 6.070773319253920728E-17, -0.000000000000000000 ) ) ;
#8862 = ORIENTED_EDGE ( 'NONE', *, *, #9049, .T. ) ;
#8863 = CARTESIAN_POINT ( 'NONE',  ( -2.700000000000000622, 4.550000000000000711, 0.000000000000000000 ) ) ;
#8864 = CIRCLE ( 'NONE', #4625, 0.1224999999999995814 ) ;
#8865 = CYLINDRICAL_SURFACE ( 'NONE', #8922, 0.1000000000000016709 ) ;
#8866 = AXIS2_PLACEMENT_3D ( 'NONE', #3207, #2541, #4763 ) ;
#8867 = DIRECTION ( 'NONE',  ( 1.000000000000000000, 6.070773319253920728E-17, -0.000000000000000000 ) ) ;
#8868 = CIRCLE ( 'NONE', #8264, 0.1000000000000016709 ) ;
#8869 = ORIENTED_EDGE ( 'NONE', *, *, #6782, .T. ) ;
#8870 = AXIS2_PLACEMENT_3D ( 'NONE', #7223, #6464, #3620 ) ;
#8871 = DIRECTION ( 'NONE',  ( 1.000000000000000000, 6.070773319253919496E-17, 0.000000000000000000 ) ) ;
#8872 = CIRCLE ( 'NONE', #4787, 0.1000000000000016709 ) ;
#8873 = ORIENTED_EDGE ( 'NONE', *, *, #9196, .T. ) ;
#8874 = CARTESIAN_POINT ( 'NONE',  ( -5.150000000000000355, 12.20000000000000284, 0.5000000000000000000 ) ) ;
#8875 = EDGE_CURVE ( 'NONE', #5737, #6328, #5559, .T. ) ;
#8876 = ORIENTED_EDGE ( 'NONE', *, *, #4705, .F. ) ;
#8877 = VERTEX_POINT ( 'NONE', #8547 ) ;
#8878 = DIRECTION ( 'NONE',  ( 1.000000000000000000, 6.070773319253920728E-17, -0.000000000000000000 ) ) ;
#8879 = CIRCLE ( 'NONE', #7958, 0.1000000000000016709 ) ;
#8880 = AXIS2_PLACEMENT_3D ( 'NONE', #757, #2945, #5218 ) ;
#8881 = CARTESIAN_POINT ( 'NONE',  ( -2.450000000000001510, 13.00000000000000000, 0.3000000000000000999 ) ) ;
#8882 = DIRECTION ( 'NONE',  ( 1.000000000000000000, 0.000000000000000000, 0.000000000000000000 ) ) ;
#8883 = CIRCLE ( 'NONE', #8417, 0.1000000000000005745 ) ;
#8884 = ORIENTED_EDGE ( 'NONE', *, *, #3430, .F. ) ;
#8885 = CARTESIAN_POINT ( 'NONE',  ( -2.450000000000001066, 6.700000000000010836, 0.7999999999999414246 ) ) ;
#8886 = EDGE_CURVE ( 'NONE', #1074, #6997, #263, .T. ) ;
#8887 = ORIENTED_EDGE ( 'NONE', *, *, #8344, .F. ) ;
#8888 = VERTEX_POINT ( 'NONE', #1546 ) ;
#8889 = DIRECTION ( 'NONE',  ( 1.000000000000000000, 6.070773319253920728E-17, -0.000000000000000000 ) ) ;
#8890 = EDGE_CURVE ( 'NONE', #7073, #2430, #8743, .T. ) ;
#8891 = CARTESIAN_POINT ( 'NONE',  ( -2.150000000000001243, 12.50000000000000355, 1.599999999999999867 ) ) ;
#8892 = AXIS2_PLACEMENT_3D ( 'NONE', #300, #17, #730 ) ;
#8893 = CARTESIAN_POINT ( 'NONE',  ( -2.577500000000000568, 4.550000000000000711, 0.000000000000000000 ) ) ;
#8894 = DIRECTION ( 'NONE',  ( 0.000000000000000000, 1.000000000000000000, 0.000000000000000000 ) ) ;
#8895 = VERTEX_POINT ( 'NONE', #4345 ) ;
#8896 = CARTESIAN_POINT ( 'NONE',  ( -2.150000000000000799, 5.300000000000011369, 0.7999999999999247713 ) ) ;
#8897 = ORIENTED_EDGE ( 'NONE', *, *, #1276, .T. ) ;
#8898 = ADVANCED_FACE ( 'NONE', ( #9357 ), #6791, .T. ) ;
#8899 = CARTESIAN_POINT ( 'NONE',  ( -2.450000000000001066, 10.00000000000000711, 1.199999999999974865 ) ) ;
#8900 = EDGE_LOOP ( 'NONE', ( #2904, #3168, #7071, #6135 ) ) ;
#8901 = DIRECTION ( 'NONE',  ( 0.000000000000000000, 1.000000000000000000, 0.000000000000000000 ) ) ;
#8902 = FACE_BOUND ( 'NONE', #6236, .T. ) ;
#8903 = DIRECTION ( 'NONE',  ( 0.000000000000000000, 0.000000000000000000, -1.000000000000000000 ) ) ;
#8904 = EDGE_CURVE ( 'NONE', #1435, #1012, #4654, .T. ) ;
#8905 = DIRECTION ( 'NONE',  ( 0.000000000000000000, -1.000000000000000000, 0.000000000000000000 ) ) ;
#8906 = ORIENTED_EDGE ( 'NONE', *, *, #8333, .T. ) ;
#8907 = LINE ( 'NONE', #2417, #646 ) ;
#8908 = ORIENTED_EDGE ( 'NONE', *, *, #7762, .F. ) ;
#8909 = LINE ( 'NONE', #6064, #9007 ) ;
#8910 = DIRECTION ( 'NONE',  ( -1.000000000000000000, -0.000000000000000000, -0.000000000000000000 ) ) ;
#8911 = EDGE_CURVE ( 'NONE', #6945, #670, #6073, .T. ) ;
#8912 = DIRECTION ( 'NONE',  ( 1.000000000000000000, 6.070773319253920728E-17, -0.000000000000000000 ) ) ;
#8913 = ADVANCED_FACE ( 'NONE', ( #3669 ), #4433, .F. ) ;
#8914 = CARTESIAN_POINT ( 'NONE',  ( -2.150000000000001243, 9.600000000000006750, 1.199999999999970646 ) ) ;
#8915 = EDGE_CURVE ( 'NONE', #7482, #3990, #5553, .T. ) ;
#8916 = ORIENTED_EDGE ( 'NONE', *, *, #109, .F. ) ;
#8917 = CARTESIAN_POINT ( 'NONE',  ( -2.450000000000001066, 7.200000000000011724, 0.7999999999999457545 ) ) ;
#8918 = ORIENTED_EDGE ( 'NONE', *, *, #4438, .F. ) ;
#8919 = LINE ( 'NONE', #816, #7332 ) ;
#8920 = FACE_OUTER_BOUND ( 'NONE', #4095, .T. ) ;
#8921 = ORIENTED_EDGE ( 'NONE', *, *, #1066, .T. ) ;
#8922 = AXIS2_PLACEMENT_3D ( 'NONE', #292, #8157, #8241 ) ;
#8923 = VERTEX_POINT ( 'NONE', #4995 ) ;
#8924 = DIRECTION ( 'NONE',  ( -0.000000000000000000, -0.000000000000000000, -1.000000000000000000 ) ) ;
#8925 = DIRECTION ( 'NONE',  ( -0.000000000000000000, 0.000000000000000000, 1.000000000000000000 ) ) ;
#8926 = EDGE_CURVE ( 'NONE', #2174, #5432, #8204, .T. ) ;
#8927 = CARTESIAN_POINT ( 'NONE',  ( -2.800000000000000711, 10.00000000000000000, 0.5000000000000000000 ) ) ;
#8928 = ORIENTED_EDGE ( 'NONE', *, *, #5014, .F. ) ;
#8929 = CARTESIAN_POINT ( 'NONE',  ( -2.450000000000001510, 12.69999999999999929, 0.2999999999999999889 ) ) ;
#8930 = ORIENTED_EDGE ( 'NONE', *, *, #6323, .F. ) ;
#8931 = ORIENTED_EDGE ( 'NONE', *, *, #5328, .F. ) ;
#8932 = CARTESIAN_POINT ( 'NONE',  ( -2.450000000000001066, 10.40000000000000746, 1.199999999999979083 ) ) ;
#8933 = CARTESIAN_POINT ( 'NONE',  ( -5.700000000000001066, 10.80000000000000071, 0.5300000000000001377 ) ) ;
#8934 = EDGE_CURVE ( 'NONE', #4680, #5761, #7319, .T. ) ;
#8935 = DIRECTION ( 'NONE',  ( 0.000000000000000000, 1.000000000000000000, 0.000000000000000000 ) ) ;
#8936 = ORIENTED_EDGE ( 'NONE', *, *, #5537, .T. ) ;
#8937 = DIRECTION ( 'NONE',  ( 1.000000000000000000, -0.000000000000000000, 0.000000000000000000 ) ) ;
#8938 = ORIENTED_EDGE ( 'NONE', *, *, #1004, .T. ) ;
#8939 = ORIENTED_EDGE ( 'NONE', *, *, #4774, .F. ) ;
#8940 = DIRECTION ( 'NONE',  ( 1.000000000000000000, 6.070773319253920728E-17, -0.000000000000000000 ) ) ;
#8941 = VERTEX_POINT ( 'NONE', #8688 ) ;
#8942 = CARTESIAN_POINT ( 'NONE',  ( -2.450000000000001066, 11.30000000000000249, 1.599999999999987210 ) ) ;
#8943 = PLANE ( 'NONE',  #218 ) ;
#8944 = DIRECTION ( 'NONE',  ( -0.000000000000000000, -0.000000000000000000, -1.000000000000000000 ) ) ;
#8945 = CARTESIAN_POINT ( 'NONE',  ( -10.84999999999999787, 5.498031496062993462, 1.583070866141732536 ) ) ;
#8946 = EDGE_CURVE ( 'NONE', #5646, #3550, #7935, .T. ) ;
#8947 = ORIENTED_EDGE ( 'NONE', *, *, #2133, .F. ) ;
#8948 = CARTESIAN_POINT ( 'NONE',  ( -2.450000000000001510, 11.60000000000001208, 0.7999999999999914957 ) ) ;
#8949 = AXIS2_PLACEMENT_3D ( 'NONE', #7205, #6533, #44 ) ;
#8950 = VERTEX_POINT ( 'NONE', #4388 ) ;
#8951 = DIRECTION ( 'NONE',  ( 1.000000000000000000, 0.000000000000000000, 0.000000000000000000 ) ) ;
#8952 = DIRECTION ( 'NONE',  ( 1.000000000000000000, 6.070773319253919496E-17, 0.000000000000000000 ) ) ;
#8953 = AXIS2_PLACEMENT_3D ( 'NONE', #3892, #9083, #8233 ) ;
#8954 = CARTESIAN_POINT ( 'NONE',  ( -4.710000000000000853, 7.730000000000000426, 0.5000000000000000000 ) ) ;
#8955 = ORIENTED_EDGE ( 'NONE', *, *, #2699, .F. ) ;
#8956 = EDGE_CURVE ( 'NONE', #4280, #6225, #7674, .T. ) ;
#8957 = DIRECTION ( 'NONE',  ( 0.000000000000000000, 1.000000000000000000, 0.000000000000000000 ) ) ;
#8958 = VERTEX_POINT ( 'NONE', #2870 ) ;
#8959 = CARTESIAN_POINT ( 'NONE',  ( -2.577499999999998792, 12.44999999999999929, 0.2999999999999999889 ) ) ;
#8960 = CARTESIAN_POINT ( 'NONE',  ( -2.450000000000001510, 12.00000000000001243, 0.7999999999999957145 ) ) ;
#8961 = VERTEX_POINT ( 'NONE', #5797 ) ;
#8962 = AXIS2_PLACEMENT_3D ( 'NONE', #8035, #8085, #4496 ) ;
#8963 = ORIENTED_EDGE ( 'NONE', *, *, #8070, .T. ) ;
#8964 = CARTESIAN_POINT ( 'NONE',  ( -2.450000000000001066, 5.899999999999999467, 1.599999999999933253 ) ) ;
#8965 = AXIS2_PLACEMENT_3D ( 'NONE', #3239, #1860, #9063 ) ;
#8966 = FACE_OUTER_BOUND ( 'NONE', #1352, .T. ) ;
#8967 = CIRCLE ( 'NONE', #3070, 0.1000000000000005745 ) ;
#8968 = EDGE_CURVE ( 'NONE', #8923, #6613, #2392, .T. ) ;
#8969 = DIRECTION ( 'NONE',  ( 1.000000000000000000, 6.070773319253919496E-17, 0.000000000000000000 ) ) ;
#8970 = CARTESIAN_POINT ( 'NONE',  ( -2.450000000000001066, 7.200000000000001066, 1.599999999999945688 ) ) ;
#8971 = ORIENTED_EDGE ( 'NONE', *, *, #224, .T. ) ;
#8972 = AXIS2_PLACEMENT_3D ( 'NONE', #3187, #7580, #4223 ) ;
#8973 = ORIENTED_EDGE ( 'NONE', *, *, #5384, .F. ) ;
#8974 = CARTESIAN_POINT ( 'NONE',  ( -2.150000000000001243, 10.70000000000000995, 0.7999999999999831690 ) ) ;
#8975 = EDGE_CURVE ( 'NONE', #3990, #3697, #68, .T. ) ;
#8976 = CIRCLE ( 'NONE', #196, 0.1000000000000016709 ) ;
#8977 = CARTESIAN_POINT ( 'NONE',  ( -2.450000000000001066, 8.500000000000000000, 1.599999999999958344 ) ) ;
#8978 = DIRECTION ( 'NONE',  ( 1.000000000000000000, 0.000000000000000000, 0.000000000000000000 ) ) ;
#8979 = VECTOR ( 'NONE', #4459, 39.37007874015748143 ) ;
#8980 = CYLINDRICAL_SURFACE ( 'NONE', #8109, 0.06889763779527564858 ) ;
#8981 = AXIS2_PLACEMENT_3D ( 'NONE', #382, #950, #6114 ) ;
#8982 = VERTEX_POINT ( 'NONE', #1724 ) ;
#8983 = EDGE_LOOP ( 'NONE', ( #3170, #944, #2760, #4006 ) ) ;
#8984 = LINE ( 'NONE', #5338, #9332 ) ;
#8985 = ORIENTED_EDGE ( 'NONE', *, *, #5939, .T. ) ;
#8986 = CARTESIAN_POINT ( 'NONE',  ( -2.450000000000001066, 5.200000000000017053, 0.3999999999999248601 ) ) ;
#8987 = FACE_BOUND ( 'NONE', #8810, .T. ) ;
#8988 = EDGE_CURVE ( 'NONE', #7255, #7604, #1178, .T. ) ;
#8989 = CIRCLE ( 'NONE', #4898, 0.1000000000000005745 ) ;
#8990 = DIRECTION ( 'NONE',  ( 0.000000000000000000, 0.000000000000000000, 1.000000000000000000 ) ) ;
#8991 = AXIS2_PLACEMENT_3D ( 'NONE', #1944, #6345, #3413 ) ;
#8992 = FACE_BOUND ( 'NONE', #37, .T. ) ;
#8993 = FACE_OUTER_BOUND ( 'NONE', #8131, .T. ) ;
#8994 = AXIS2_PLACEMENT_3D ( 'NONE', #4329, #4984, #1384 ) ;
#8995 = ORIENTED_EDGE ( 'NONE', *, *, #2383, .T. ) ;
#8996 = LINE ( 'NONE', #2554, #2022 ) ;
#8997 = VECTOR ( 'NONE', #9258, 39.37007874015748143 ) ;
#8998 = EDGE_LOOP ( 'NONE', ( #3755, #8670, #5144, #4707 ) ) ;
#8999 = FACE_OUTER_BOUND ( 'NONE', #7493, .T. ) ;
#9000 = EDGE_CURVE ( 'NONE', #9240, #7431, #8030, .T. ) ;
#9001 = CARTESIAN_POINT ( 'NONE',  ( -2.150000000000001243, 12.40000000000001279, 0.7999999999999998224 ) ) ;
#9002 = VECTOR ( 'NONE', #1901, 39.37007874015748143 ) ;
#9003 = AXIS2_PLACEMENT_3D ( 'NONE', #9070, #8175, #926 ) ;
#9004 = DIRECTION ( 'NONE',  ( -1.000000000000000000, 0.000000000000000000, 0.000000000000000000 ) ) ;
#9005 = ORIENTED_EDGE ( 'NONE', *, *, #8117, .T. ) ;
#9006 = FACE_OUTER_BOUND ( 'NONE', #4842, .T. ) ;
#9007 = VECTOR ( 'NONE', #8240, 39.37007874015748143 ) ;
#9008 = VERTEX_POINT ( 'NONE', #4291 ) ;
#9009 = CYLINDRICAL_SURFACE ( 'NONE', #7636, 0.1000000000000005745 ) ;
#9010 = CIRCLE ( 'NONE', #6437, 0.08750000000000009159 ) ;
#9011 = LINE ( 'NONE', #1193, #1006 ) ;
#9013 = ORIENTED_EDGE ( 'NONE', *, *, #7660, .T. ) ;
#9012 = ADVANCED_FACE ( 'NONE', ( #8920 ), #7172, .F. ) ;
#9014 = AXIS2_PLACEMENT_3D ( 'NONE', #6648, #6603, #874 ) ;
#9015 = ORIENTED_EDGE ( 'NONE', *, *, #3646, .F. ) ;
#9016 = FACE_BOUND ( 'NONE', #1803, .T. ) ;
#9017 = EDGE_CURVE ( 'NONE', #1353, #8076, #681, .T. ) ;
#9018 = ADVANCED_FACE ( 'NONE', ( #2527 ), #7724, .F. ) ;
#9019 = CIRCLE ( 'NONE', #2205, 0.1000000000000016709 ) ;
#9020 = DIRECTION ( 'NONE',  ( 1.000000000000000000, 6.070773319253920728E-17, -0.000000000000000000 ) ) ;
#9021 = AXIS2_PLACEMENT_3D ( 'NONE', #9040, #6059, #990 ) ;
#9022 = DIRECTION ( 'NONE',  ( 1.000000000000000000, 6.070773319253919496E-17, 0.000000000000000000 ) ) ;
#9023 = DIRECTION ( 'NONE',  ( 1.000000000000000000, 6.070773319253919496E-17, 0.000000000000000000 ) ) ;
#9024 = VERTEX_POINT ( 'NONE', #523 ) ;
#9025 = VERTEX_POINT ( 'NONE', #1904 ) ;
#9026 = DIRECTION ( 'NONE',  ( 0.000000000000000000, 1.000000000000000000, 0.000000000000000000 ) ) ;
#9027 = VECTOR ( 'NONE', #6045, 39.37007874015748143 ) ;
#9028 = EDGE_CURVE ( 'NONE', #8961, #1668, #5860, .T. ) ;
#9029 = LINE ( 'NONE', #4709, #3218 ) ;
#9030 = CARTESIAN_POINT ( 'NONE',  ( -5.850000000000001421, 8.010000000000003340, 0.6550000000000000266 ) ) ;
#9031 = AXIS2_PLACEMENT_3D ( 'NONE', #3354, #3405, #599 ) ;
#9032 = CARTESIAN_POINT ( 'NONE',  ( -2.450000000000001510, 11.70000000000001350, 0.7999999999999914957 ) ) ;
#9033 = ORIENTED_EDGE ( 'NONE', *, *, #3341, .F. ) ;
#9034 = EDGE_LOOP ( 'NONE', ( #7026, #3208, #5648, #6023 ) ) ;
#9035 = LINE ( 'NONE', #983, #7668 ) ;
#9036 = VERTEX_POINT ( 'NONE', #8298 ) ;
#9037 = CARTESIAN_POINT ( 'NONE',  ( -2.675000000000000711, 10.00000000000000000, 0.5000000000000000000 ) ) ;
#9038 = FACE_BOUND ( 'NONE', #667, .T. ) ;
#9039 = CIRCLE ( 'NONE', #562, 0.1000000000000016709 ) ;
#9040 = CARTESIAN_POINT ( 'NONE',  ( -2.150000000000000799, 6.000000000000011546, 0.7999999999999330980 ) ) ;
#9041 = CARTESIAN_POINT ( 'NONE',  ( 0.000000000000000000, 0.000000000000000000, 0.000000000000000000 ) ) ;
#9042 = EDGE_CURVE ( 'NONE', #5969, #1121, #471, .T. ) ;
#9043 = CARTESIAN_POINT ( 'NONE',  ( -4.710000000000000853, 7.730000000000000426, 0.2999999999999999889 ) ) ;
#9044 = ORIENTED_EDGE ( 'NONE', *, *, #8011, .T. ) ;
#9045 = CARTESIAN_POINT ( 'NONE',  ( -5.150000000000000355, 12.80000000000000071, 1.000000000000000000 ) ) ;
#9046 = ORIENTED_EDGE ( 'NONE', *, *, #1666, .F. ) ;
#9047 = DIRECTION ( 'NONE',  ( 1.000000000000000000, 6.070773319253920728E-17, -0.000000000000000000 ) ) ;
#9048 = LINE ( 'NONE', #7430, #6046 ) ;
#9049 = EDGE_CURVE ( 'NONE', #3851, #2348, #8334, .T. ) ;
#9050 = LINE ( 'NONE', #2746, #7621 ) ;
#9051 = ADVANCED_FACE ( 'NONE', ( #7013 ), #4127, .F. ) ;
#9052 = ORIENTED_EDGE ( 'NONE', *, *, #7599, .F. ) ;
#9053 = LINE ( 'NONE', #2561, #7602 ) ;
#9054 = AXIS2_PLACEMENT_3D ( 'NONE', #393, #7827, #3367 ) ;
#9055 = ORIENTED_EDGE ( 'NONE', *, *, #1645, .T. ) ;
#9056 = LINE ( 'NONE', #5413, #7485 ) ;
#9057 = CYLINDRICAL_SURFACE ( 'NONE', #6441, 0.1249999999999999029 ) ;
#9058 = EDGE_LOOP ( 'NONE', ( #2616, #8346, #2346, #620 ) ) ;
#9059 = CARTESIAN_POINT ( 'NONE',  ( -2.150000000000001243, 12.30000000000001670, 0.3999999999999998557 ) ) ;
#9060 = FACE_BOUND ( 'NONE', #5263, .T. ) ;
#9061 = DIRECTION ( 'NONE',  ( 0.000000000000000000, -1.000000000000000000, 0.000000000000000000 ) ) ;
#9062 = ADVANCED_FACE ( 'NONE', ( #339, #6254, #7630, #4836, #1096, #4660, #1148, #8435, #3232, #6207, #9142, #5362 ), #4044, .T. ) ;
#9063 = DIRECTION ( 'NONE',  ( 0.000000000000000000, 1.000000000000000000, 0.000000000000000000 ) ) ;
#9064 = ORIENTED_EDGE ( 'NONE', *, *, #3753, .F. ) ;
#9065 = EDGE_CURVE ( 'NONE', #8413, #5646, #5086, .T. ) ;
#9066 = ADVANCED_FACE ( 'NONE', ( #1949 ), #9057, .T. ) ;
#9067 = CARTESIAN_POINT ( 'NONE',  ( -2.450000000000001066, 8.000000000000007105, 1.199999999999953992 ) ) ;
#9068 = EDGE_LOOP ( 'NONE', ( #274, #751 ) ) ;
#9069 = EDGE_LOOP ( 'NONE', ( #5366, #1534, #4535, #2819 ) ) ;
#9070 = CARTESIAN_POINT ( 'NONE',  ( -5.150000000000000355, 12.20000000000000284, 1.000000000000000000 ) ) ;
#9071 = CARTESIAN_POINT ( 'NONE',  ( -2.150000000000001243, 13.00000000000000000, 0.000000000000000000 ) ) ;
#9072 = FACE_OUTER_BOUND ( 'NONE', #5306, .T. ) ;
#9073 = DIRECTION ( 'NONE',  ( 0.000000000000000000, 1.000000000000000000, 0.000000000000000000 ) ) ;
#9074 = ADVANCED_FACE ( 'NONE', ( #6829 ), #8251, .T. ) ;
#9075 = ORIENTED_EDGE ( 'NONE', *, *, #1028, .T. ) ;
#9076 = EDGE_CURVE ( 'NONE', #6406, #568, #4031, .T. ) ;
#9077 = ORIENTED_EDGE ( 'NONE', *, *, #3217, .T. ) ;
#9078 = DIRECTION ( 'NONE',  ( 1.000000000000000000, 6.070773319253920728E-17, -0.000000000000000000 ) ) ;
#9079 = ORIENTED_EDGE ( 'NONE', *, *, #8886, .F. ) ;
#9080 = LINE ( 'NONE', #9037, #3417 ) ;
#9081 = FACE_BOUND ( 'NONE', #4136, .T. ) ;
#9082 = CARTESIAN_POINT ( 'NONE',  ( -2.150000000000000799, 5.100000000000004974, 1.199999999999924905 ) ) ;
#9083 = DIRECTION ( 'NONE',  ( 0.000000000000000000, 0.000000000000000000, 1.000000000000000000 ) ) ;
#9084 = DIRECTION ( 'NONE',  ( 0.000000000000000000, 0.000000000000000000, -1.000000000000000000 ) ) ;
#9085 = EDGE_LOOP ( 'NONE', ( #2748, #956, #5004, #3774 ) ) ;
#9086 = CARTESIAN_POINT ( 'NONE',  ( -2.450000000000001066, 11.20000000000001883, 0.3999999999999874212 ) ) ;
#9087 = ORIENTED_EDGE ( 'NONE', *, *, #8663, .F. ) ;
#9088 = CARTESIAN_POINT ( 'NONE',  ( -11.14999999999999858, 5.566929133858267598, 0.7169291338582677309 ) ) ;
#9089 = EDGE_CURVE ( 'NONE', #819, #7073, #9011, .T. ) ;
#9090 = DIRECTION ( 'NONE',  ( 0.000000000000000000, 1.000000000000000000, 0.000000000000000000 ) ) ;
#9091 = ORIENTED_EDGE ( 'NONE', *, *, #3861, .T. ) ;
#9092 = DIRECTION ( 'NONE',  ( 0.000000000000000000, 1.000000000000000000, 1.484699996556664793E-16 ) ) ;
#9093 = ORIENTED_EDGE ( 'NONE', *, *, #7978, .F. ) ;
#9094 = LINE ( 'NONE', #6252, #1602 ) ;
#9095 = CARTESIAN_POINT ( 'NONE',  ( -6.000000000000001776, 12.65000000000000213, 1.870000000000000107 ) ) ;
#9096 = DIRECTION ( 'NONE',  ( -1.000000000000000000, 2.185478394931410575E-16, -0.000000000000000000 ) ) ;
#9097 = FACE_BOUND ( 'NONE', #4534, .T. ) ;
#9098 = ADVANCED_FACE ( 'NONE', ( #1773 ), #1054, .F. ) ;
#9099 = CYLINDRICAL_SURFACE ( 'NONE', #3086, 0.1224999999999995814 ) ;
#9100 = VERTEX_POINT ( 'NONE', #4086 ) ;
#9101 = CARTESIAN_POINT ( 'NONE',  ( -5.700000000000001066, 8.010000000000003340, 1.470000000000001084 ) ) ;
#9102 = CIRCLE ( 'NONE', #6534, 0.06889763779527564858 ) ;
#9103 = DIRECTION ( 'NONE',  ( 1.000000000000000000, 6.070773319253919496E-17, 0.000000000000000000 ) ) ;
#9104 = ORIENTED_EDGE ( 'NONE', *, *, #8312, .F. ) ;
#9105 = ORIENTED_EDGE ( 'NONE', *, *, #7804, .F. ) ;
#9106 = DIRECTION ( 'NONE',  ( 0.000000000000000000, 0.000000000000000000, 1.000000000000000000 ) ) ;
#9107 = EDGE_CURVE ( 'NONE', #1081, #6095, #3280, .T. ) ;
#9108 = VECTOR ( 'NONE', #7647, 39.37007874015748143 ) ;
#9109 = DIRECTION ( 'NONE',  ( -1.000000000000000000, -5.463695987328527423E-16, 0.000000000000000000 ) ) ;
#9110 = CARTESIAN_POINT ( 'NONE',  ( -5.600000000000001421, 12.44999999999999929, 0.000000000000000000 ) ) ;
#9111 = DIRECTION ( 'NONE',  ( -0.000000000000000000, -0.000000000000000000, -1.000000000000000000 ) ) ;
#9112 = AXIS2_PLACEMENT_3D ( 'NONE', #6030, #1050, #8957 ) ;
#9113 = ORIENTED_EDGE ( 'NONE', *, *, #7115, .T. ) ;
#9114 = ORIENTED_EDGE ( 'NONE', *, *, #5400, .T. ) ;
#9115 = CARTESIAN_POINT ( 'NONE',  ( -2.450000000000001066, 11.09999999999999964, 1.599999999999987210 ) ) ;
#9116 = VERTEX_POINT ( 'NONE', #7962 ) ;
#9117 = CARTESIAN_POINT ( 'NONE',  ( -2.150000000000000799, 5.600000000000005862, 1.199999999999928901 ) ) ;
#9118 = DIRECTION ( 'NONE',  ( 0.000000000000000000, 1.000000000000000000, 0.000000000000000000 ) ) ;
#9119 = DIRECTION ( 'NONE',  ( 0.000000000000000000, 1.000000000000000000, 0.000000000000000000 ) ) ;
#9120 = AXIS2_PLACEMENT_3D ( 'NONE', #7343, #3643, #9375 ) ;
#9121 = DIRECTION ( 'NONE',  ( -1.000000000000000000, -5.463695987328527423E-16, 0.000000000000000000 ) ) ;
#9122 = ADVANCED_FACE ( 'NONE', ( #4367 ), #1478, .F. ) ;
#9123 = AXIS2_PLACEMENT_3D ( 'NONE', #4788, #4874, #7006 ) ;
#9124 = ORIENTED_EDGE ( 'NONE', *, *, #222, .F. ) ;
#9125 = CARTESIAN_POINT ( 'NONE',  ( -2.150000000000001243, 11.20000000000000817, 1.199999999999987299 ) ) ;
#9126 = ORIENTED_EDGE ( 'NONE', *, *, #766, .F. ) ;
#9127 = DIRECTION ( 'NONE',  ( 1.000000000000000000, 6.070773319253920728E-17, -0.000000000000000000 ) ) ;
#9128 = FACE_OUTER_BOUND ( 'NONE', #1600, .T. ) ;
#9129 = AXIS2_PLACEMENT_3D ( 'NONE', #3353, #9127, #9183 ) ;
#9130 = ORIENTED_EDGE ( 'NONE', *, *, #7521, .F. ) ;
#9131 = DIRECTION ( 'NONE',  ( 1.000000000000000000, 6.070773319253920728E-17, -0.000000000000000000 ) ) ;
#9132 = AXIS2_PLACEMENT_3D ( 'NONE', #4221, #7718, #8328 ) ;
#9133 = EDGE_CURVE ( 'NONE', #7302, #3155, #8868, .T. ) ;
#9134 = VECTOR ( 'NONE', #7214, 39.37007874015748143 ) ;
#9135 = DIRECTION ( 'NONE',  ( 1.000000000000000000, 6.070773319253919496E-17, 0.000000000000000000 ) ) ;
#9136 = AXIS2_PLACEMENT_3D ( 'NONE', #7335, #5058, #7951 ) ;
#9137 = EDGE_LOOP ( 'NONE', ( #4051, #6495 ) ) ;
#9138 = DIRECTION ( 'NONE',  ( 0.000000000000000000, -0.000000000000000000, -1.000000000000000000 ) ) ;
#9139 = EDGE_CURVE ( 'NONE', #8512, #342, #3605, .T. ) ;
#9140 = VERTEX_POINT ( 'NONE', #4932 ) ;
#9141 = CARTESIAN_POINT ( 'NONE',  ( -2.800000000000001155, 7.730000000000000426, 0.5000000000000000000 ) ) ;
#9142 = FACE_OUTER_BOUND ( 'NONE', #5779, .T. ) ;
#9143 = CARTESIAN_POINT ( 'NONE',  ( -2.450000000000001510, 12.10000000000000320, 1.599999999999995870 ) ) ;
#9144 = FACE_BOUND ( 'NONE', #6228, .T. ) ;
#9145 = AXIS2_PLACEMENT_3D ( 'NONE', #1112, #8889, #1065 ) ;
#9146 = CYLINDRICAL_SURFACE ( 'NONE', #955, 0.06889763779527564858 ) ;
#9147 = AXIS2_PLACEMENT_3D ( 'NONE', #5484, #2419, #2033 ) ;
#9148 = DIRECTION ( 'NONE',  ( 1.000000000000000000, 0.000000000000000000, 0.000000000000000000 ) ) ;
#9149 = ORIENTED_EDGE ( 'NONE', *, *, #953, .F. ) ;
#9150 = AXIS2_PLACEMENT_3D ( 'NONE', #371, #5530, #8285 ) ;
#9151 = EDGE_CURVE ( 'NONE', #7994, #4162, #3129, .T. ) ;
#9152 = CARTESIAN_POINT ( 'NONE',  ( -6.400000000000001243, 5.664999999999999147, 0.2999999999999999889 ) ) ;
#9153 = VECTOR ( 'NONE', #9157, 39.37007874015748143 ) ;
#9154 = CARTESIAN_POINT ( 'NONE',  ( -2.450000000000001066, 5.600000000000005862, 1.199999999999928901 ) ) ;
#9155 = ORIENTED_EDGE ( 'NONE', *, *, #2957, .F. ) ;
#9156 = ORIENTED_EDGE ( 'NONE', *, *, #8390, .T. ) ;
#9157 = DIRECTION ( 'NONE',  ( 1.000000000000000000, 6.070773319253920728E-17, -0.000000000000000000 ) ) ;
#9158 = AXIS2_PLACEMENT_3D ( 'NONE', #1749, #4718, #4638 ) ;
#9159 = AXIS2_PLACEMENT_3D ( 'NONE', #5668, #3633, #7852 ) ;
#9160 = AXIS2_PLACEMENT_3D ( 'NONE', #2454, #2637, #4819 ) ;
#9161 = DIRECTION ( 'NONE',  ( 0.000000000000000000, 1.000000000000000000, 0.000000000000000000 ) ) ;
#9162 = DIRECTION ( 'NONE',  ( 0.000000000000000000, 1.000000000000000000, 0.000000000000000000 ) ) ;
#9163 = EDGE_CURVE ( 'NONE', #5589, #6374, #6447, .T. ) ;
#9164 = AXIS2_PLACEMENT_3D ( 'NONE', #8156, #7435, #101 ) ;
#9165 = DIRECTION ( 'NONE',  ( 0.000000000000000000, 1.000000000000000000, 0.000000000000000000 ) ) ;
#9166 = AXIS2_PLACEMENT_3D ( 'NONE', #732, #5753, #8641 ) ;
#9167 = VERTEX_POINT ( 'NONE', #654 ) ;
#9168 = AXIS2_PLACEMENT_3D ( 'NONE', #1495, #4428, #8129 ) ;
#9169 = ORIENTED_EDGE ( 'NONE', *, *, #4204, .F. ) ;
#9170 = DIRECTION ( 'NONE',  ( 1.000000000000000000, 6.070773319253920728E-17, -0.000000000000000000 ) ) ;
#9171 = ADVANCED_FACE ( 'NONE', ( #4315 ), #1376, .F. ) ;
#9172 = EDGE_LOOP ( 'NONE', ( #5795, #6454 ) ) ;
#9173 = PLANE ( 'NONE',  #2967 ) ;
#9174 = CARTESIAN_POINT ( 'NONE',  ( -8.299999999999998934, 4.000000000000000888, 1.500000000000000888 ) ) ;
#9175 = DIRECTION ( 'NONE',  ( 1.000000000000000000, 6.070773319253920728E-17, -0.000000000000000000 ) ) ;
#9176 = VECTOR ( 'NONE', #3210, 39.37007874015748143 ) ;
#9177 = DIRECTION ( 'NONE',  ( 1.000000000000000000, 6.070773319253920728E-17, -0.000000000000000000 ) ) ;
#9178 = CIRCLE ( 'NONE', #703, 0.06900000000000026945 ) ;
#9180 = ORIENTED_EDGE ( 'NONE', *, *, #7685, .F. ) ;
#9179 = EDGE_CURVE ( 'NONE', #7036, #5276, #5997, .T. ) ;
#9181 = CARTESIAN_POINT ( 'NONE',  ( -4.900000000000000355, 4.500000000000000888, 0.2999999999999999889 ) ) ;
#9182 = VERTEX_POINT ( 'NONE', #2849 ) ;
#9183 = DIRECTION ( 'NONE',  ( 0.000000000000000000, 1.000000000000000000, 0.000000000000000000 ) ) ;
#9184 = CARTESIAN_POINT ( 'NONE',  ( -2.450000000000001066, 5.200000000000000178, 1.599999999999925038 ) ) ;
#9185 = VECTOR ( 'NONE', #6506, 39.37007874015748143 ) ;
#9186 = EDGE_LOOP ( 'NONE', ( #2633, #8 ) ) ;
#9187 = CARTESIAN_POINT ( 'NONE',  ( -2.150000000000000799, 5.200000000000000178, 1.599999999999925038 ) ) ;
#9188 = EDGE_CURVE ( 'NONE', #5969, #3905, #2213, .T. ) ;
#9189 = PLANE ( 'NONE',  #1166 ) ;
#9190 = DIRECTION ( 'NONE',  ( 0.000000000000000000, 1.000000000000000000, 0.000000000000000000 ) ) ;
#9191 = ORIENTED_EDGE ( 'NONE', *, *, #7, .F. ) ;
#9192 = DIRECTION ( 'NONE',  ( 0.000000000000000000, 1.000000000000000000, 0.000000000000000000 ) ) ;
#9193 = EDGE_CURVE ( 'NONE', #8102, #2923, #7770, .T. ) ;
#9194 = ORIENTED_EDGE ( 'NONE', *, *, #8390, .F. ) ;
#9195 = CARTESIAN_POINT ( 'NONE',  ( -2.450000000000001066, 4.400000000000005684, 1.199999999999916467 ) ) ;
#9196 = EDGE_CURVE ( 'NONE', #4566, #5913, #2804, .T. ) ;
#9197 = CARTESIAN_POINT ( 'NONE',  ( -2.300000000000000711, 12.65000000000000213, 1.870000000000000107 ) ) ;
#9198 = LINE ( 'NONE', #1377, #7733 ) ;
#9199 = EDGE_CURVE ( 'NONE', #5641, #6544, #5687, .T. ) ;
#9200 = CARTESIAN_POINT ( 'NONE',  ( -2.150000000000000799, 6.400000000000011902, 0.7999999999999374278 ) ) ;
#9201 = LINE ( 'NONE', #7869, #7199 ) ;
#9202 = ORIENTED_EDGE ( 'NONE', *, *, #1492, .T. ) ;
#9203 = LINE ( 'NONE', #3653, #6536 ) ;
#9204 = EDGE_LOOP ( 'NONE', ( #2750, #5325 ) ) ;
#9205 = DIRECTION ( 'NONE',  ( 0.000000000000000000, 0.000000000000000000, -1.000000000000000000 ) ) ;
#9206 = VERTEX_POINT ( 'NONE', #3555 ) ;
#9207 = ORIENTED_EDGE ( 'NONE', *, *, #4037, .F. ) ;
#9208 = DIRECTION ( 'NONE',  ( -6.070773319253919496E-17, 1.000000000000000000, -0.000000000000000000 ) ) ;
#9209 = ADVANCED_FACE ( 'NONE', ( #5634 ), #4184, .F. ) ;
#9210 = DIRECTION ( 'NONE',  ( 1.000000000000000000, 6.070773319253920728E-17, -0.000000000000000000 ) ) ;
#9211 = FACE_OUTER_BOUND ( 'NONE', #4242, .T. ) ;
#9212 = ORIENTED_EDGE ( 'NONE', *, *, #4639, .F. ) ;
#9213 = ORIENTED_EDGE ( 'NONE', *, *, #4818, .F. ) ;
#9214 = CARTESIAN_POINT ( 'NONE',  ( -2.150000000000001243, 6.800000000000011369, 0.7999999999999414246 ) ) ;
#9215 = ORIENTED_EDGE ( 'NONE', *, *, #5501, .F. ) ;
#9216 = DIRECTION ( 'NONE',  ( -0.000000000000000000, -0.000000000000000000, -1.000000000000000000 ) ) ;
#9217 = CARTESIAN_POINT ( 'NONE',  ( -6.150000000000000355, 12.69999999999999929, 0.3000000000000000999 ) ) ;
#9218 = DIRECTION ( 'NONE',  ( 0.000000000000000000, 0.000000000000000000, 1.000000000000000000 ) ) ;
#9219 = ADVANCED_FACE ( 'NONE', ( #7910 ), #710, .F. ) ;
#9220 = CARTESIAN_POINT ( 'NONE',  ( -2.450000000000001066, 7.100000000000000533, 1.599999999999945688 ) ) ;
#9221 = VERTEX_POINT ( 'NONE', #9379 ) ;
#9222 = CARTESIAN_POINT ( 'NONE',  ( -2.450000000000001066, 7.100000000000016520, 0.3999999999999457323 ) ) ;
#9223 = ORIENTED_EDGE ( 'NONE', *, *, #4048, .F. ) ;
#9224 = CARTESIAN_POINT ( 'NONE',  ( -5.700000000000001066, 8.010000000000003340, 1.345000000000001084 ) ) ;
#9225 = CARTESIAN_POINT ( 'NONE',  ( -10.72249999999999837, 7.449999999999999289, 0.2999999999999999889 ) ) ;
#9226 = ORIENTED_EDGE ( 'NONE', *, *, #2455, .F. ) ;
#9227 = DIRECTION ( 'NONE',  ( 0.000000000000000000, 1.000000000000000000, 0.000000000000000000 ) ) ;
#9228 = DIRECTION ( 'NONE',  ( 0.000000000000000000, 1.000000000000000000, 0.000000000000000000 ) ) ;
#9229 = EDGE_CURVE ( 'NONE', #5225, #5782, #2892, .T. ) ;
#9230 = DIRECTION ( 'NONE',  ( 1.000000000000000000, 6.070773319253919496E-17, 0.000000000000000000 ) ) ;
#9231 = ORIENTED_EDGE ( 'NONE', *, *, #655, .F. ) ;
#9232 = CARTESIAN_POINT ( 'NONE',  ( -2.150000000000001243, 6.800000000000006040, 1.199999999999941558 ) ) ;
#9233 = ORIENTED_EDGE ( 'NONE', *, *, #6822, .T. ) ;
#9234 = DIRECTION ( 'NONE',  ( 1.000000000000000000, 6.070773319253919496E-17, 0.000000000000000000 ) ) ;
#9235 = CARTESIAN_POINT ( 'NONE',  ( -8.650000000000000355, 7.534999999999998366, 0.4499999999999999556 ) ) ;
#9236 = ORIENTED_EDGE ( 'NONE', *, *, #6630, .F. ) ;
#9237 = DIRECTION ( 'NONE',  ( 1.000000000000000000, 6.070773319253920728E-17, -0.000000000000000000 ) ) ;
#9238 = EDGE_CURVE ( 'NONE', #9024, #2688, #4334, .T. ) ;
#9239 = CARTESIAN_POINT ( 'NONE',  ( -2.450000000000001510, 11.60000000000001918, 0.3000000000000000999 ) ) ;
#9240 = VERTEX_POINT ( 'NONE', #9235 ) ;
#9241 = CARTESIAN_POINT ( 'NONE',  ( -2.450000000000001066, 7.700000000000000178, 0.4999999999999996669 ) ) ;
#9242 = EDGE_LOOP ( 'NONE', ( #8744, #7469, #9349, #7592 ) ) ;
#9243 = CARTESIAN_POINT ( 'NONE',  ( -2.450000000000001066, 9.700000000000001066, 1.599999999999970557 ) ) ;
#9244 = ORIENTED_EDGE ( 'NONE', *, *, #7330, .F. ) ;
#9245 = VECTOR ( 'NONE', #3505, 39.37007874015748143 ) ;
#9246 = ORIENTED_EDGE ( 'NONE', *, *, #4240, .T. ) ;
#9247 = CARTESIAN_POINT ( 'NONE',  ( -9.680768314573425570, 6.501968503937010091, 1.583070866141732536 ) ) ;
#9248 = CARTESIAN_POINT ( 'NONE',  ( -2.450000000000001510, 12.00000000000001776, 0.3999999999999957478 ) ) ;
#9249 = EDGE_CURVE ( 'NONE', #6334, #7625, #4784, .T. ) ;
#9250 = AXIS2_PLACEMENT_3D ( 'NONE', #1654, #7324, #6512 ) ;
#9251 = DIRECTION ( 'NONE',  ( 0.000000000000000000, 1.000000000000000000, 0.000000000000000000 ) ) ;
#9252 = ORIENTED_EDGE ( 'NONE', *, *, #4306, .T. ) ;
#9253 = ORIENTED_EDGE ( 'NONE', *, *, #6763, .T. ) ;
#9254 = DIRECTION ( 'NONE',  ( 0.000000000000000000, 0.000000000000000000, 1.000000000000000000 ) ) ;
#9255 = AXIS2_PLACEMENT_3D ( 'NONE', #2574, #8969, #2484 ) ;
#9256 = ORIENTED_EDGE ( 'NONE', *, *, #6630, .T. ) ;
#9257 = LINE ( 'NONE', #2018, #7511 ) ;
#9258 = DIRECTION ( 'NONE',  ( 0.000000000000000000, -1.000000000000000000, -1.187759997245331834E-16 ) ) ;
#9259 = AXIS2_PLACEMENT_3D ( 'NONE', #8490, #3772, #5746 ) ;
#9260 = DIRECTION ( 'NONE',  ( 0.000000000000000000, 0.000000000000000000, 1.000000000000000000 ) ) ;
#9261 = CARTESIAN_POINT ( 'NONE',  ( -4.710000000000000853, 7.730000000000000426, 0.5000000000000000000 ) ) ;
#9262 = VECTOR ( 'NONE', #8471, 39.37007874015748143 ) ;
#9263 = EDGE_LOOP ( 'NONE', ( #3977, #3621, #2730, #7279 ) ) ;
#9264 = DIRECTION ( 'NONE',  ( 1.000000000000000000, 6.070773319253919496E-17, 0.000000000000000000 ) ) ;
#9265 = AXIS2_PLACEMENT_3D ( 'NONE', #5370, #3153, #6795 ) ;
#9266 = EDGE_LOOP ( 'NONE', ( #4091, #7134, #6667, #7111 ) ) ;
#9267 = EDGE_CURVE ( 'NONE', #5938, #9008, #1153, .T. ) ;
#9268 = CARTESIAN_POINT ( 'NONE',  ( -2.450000000000001066, 7.900000000000005684, 1.199999999999953992 ) ) ;
#9269 = PLANE ( 'NONE',  #1169 ) ;
#9270 = ORIENTED_EDGE ( 'NONE', *, *, #3881, .F. ) ;
#9271 = CYLINDRICAL_SURFACE ( 'NONE', #3717, 0.1000000000000005745 ) ;
#9272 = DIRECTION ( 'NONE',  ( 0.000000000000000000, -1.000000000000000000, 0.000000000000000000 ) ) ;
#9273 = CIRCLE ( 'NONE', #1863, 0.1000000000000005745 ) ;
#9274 = AXIS2_PLACEMENT_3D ( 'NONE', #4603, #3225, #4559 ) ;
#9275 = AXIS2_PLACEMENT_3D ( 'NONE', #9086, #2597, #8152 ) ;
#9276 = VERTEX_POINT ( 'NONE', #6728 ) ;
#9277 = EDGE_CURVE ( 'NONE', #1650, #2585, #4642, .T. ) ;
#9278 = CARTESIAN_POINT ( 'NONE',  ( -2.800000000000001155, 7.730000000000000426, 0.2999999999999999889 ) ) ;
#9279 = AXIS2_PLACEMENT_3D ( 'NONE', #8404, #1922, #1868 ) ;
#9280 = EDGE_CURVE ( 'NONE', #9, #2426, #805, .T. ) ;
#9281 = ORIENTED_EDGE ( 'NONE', *, *, #8562, .T. ) ;
#9282 = DIRECTION ( 'NONE',  ( 1.000000000000000000, 6.070773319253919496E-17, 0.000000000000000000 ) ) ;
#9283 = DIRECTION ( 'NONE',  ( 0.000000000000000000, 1.000000000000000000, 0.000000000000000000 ) ) ;
#9284 = DIRECTION ( 'NONE',  ( 0.000000000000000000, 1.000000000000000000, 0.000000000000000000 ) ) ;
#9285 = EDGE_CURVE ( 'NONE', #2596, #7073, #1673, .T. ) ;
#9286 = CIRCLE ( 'NONE', #4001, 0.1249999999999999029 ) ;
#9287 = AXIS2_PLACEMENT_3D ( 'NONE', #8148, #2929, #7283 ) ;
#9288 = CARTESIAN_POINT ( 'NONE',  ( -6.150000000000000355, 13.00000000000000000, 2.000000000000000000 ) ) ;
#9289 = DIRECTION ( 'NONE',  ( 0.000000000000000000, 0.000000000000000000, -1.000000000000000000 ) ) ;
#9290 = EDGE_LOOP ( 'NONE', ( #2790, #5837 ) ) ;
#9291 = ADVANCED_FACE ( 'NONE', ( #6585 ), #2421, .F. ) ;
#9292 = DIRECTION ( 'NONE',  ( 1.000000000000000000, 6.070773319253919496E-17, 0.000000000000000000 ) ) ;
#9293 = VECTOR ( 'NONE', #3767, 39.37007874015748143 ) ;
#9294 = ORIENTED_EDGE ( 'NONE', *, *, #6985, .F. ) ;
#9295 = LINE ( 'NONE', #5740, #5055 ) ;
#9296 = ORIENTED_EDGE ( 'NONE', *, *, #6702, .F. ) ;
#9297 = ORIENTED_EDGE ( 'NONE', *, *, #9300, .T. ) ;
#9298 = CIRCLE ( 'NONE', #230, 0.1000000000000005745 ) ;
#9299 = ORIENTED_EDGE ( 'NONE', *, *, #4746, .T. ) ;
#9300 = EDGE_CURVE ( 'NONE', #5532, #3925, #6776, .T. ) ;
#9301 = CARTESIAN_POINT ( 'NONE',  ( -2.150000000000001243, 13.00000000000000000, 2.000000000000000000 ) ) ;
#9302 = AXIS2_PLACEMENT_3D ( 'NONE', #8863, #2379, #5266 ) ;
#9303 = DIRECTION ( 'NONE',  ( 1.000000000000000000, 6.070773319253919496E-17, 0.000000000000000000 ) ) ;
#9304 = AXIS2_PLACEMENT_3D ( 'NONE', #2170, #4259, #6175 ) ;
#9305 = DIRECTION ( 'NONE',  ( 0.000000000000000000, -1.000000000000000000, 0.000000000000000000 ) ) ;
#9306 = ORIENTED_EDGE ( 'NONE', *, *, #905, .F. ) ;
#9307 = ORIENTED_EDGE ( 'NONE', *, *, #3398, .T. ) ;
#9308 = DIRECTION ( 'NONE',  ( 0.000000000000000000, 1.000000000000000000, 0.000000000000000000 ) ) ;
#9309 = CIRCLE ( 'NONE', #8391, 0.1000000000000005745 ) ;
#9310 = ORIENTED_EDGE ( 'NONE', *, *, #1932, .T. ) ;
#9311 = DIRECTION ( 'NONE',  ( 0.000000000000000000, 1.000000000000000000, 0.000000000000000000 ) ) ;
#9312 = ADVANCED_FACE ( 'NONE', ( #42 ), #5308, .F. ) ;
#9313 = DIRECTION ( 'NONE',  ( 0.000000000000000000, -1.000000000000000000, 0.000000000000000000 ) ) ;
#9314 = CIRCLE ( 'NONE', #8866, 0.1000000000000005745 ) ;
#9315 = CIRCLE ( 'NONE', #1905, 0.1000000000000016709 ) ;
#9316 = CARTESIAN_POINT ( 'NONE',  ( -2.450000000000001066, 10.30000000000001670, 0.3999999999999790945 ) ) ;
#9317 = DIRECTION ( 'NONE',  ( 0.000000000000000000, 0.000000000000000000, 1.000000000000000000 ) ) ;
#9318 = AXIS2_PLACEMENT_3D ( 'NONE', #1703, #2589, #8901 ) ;
#9319 = VECTOR ( 'NONE', #6694, 39.37007874015748143 ) ;
#9320 = EDGE_LOOP ( 'NONE', ( #5674, #7881, #8971, #739 ) ) ;
#9322 = CIRCLE ( 'NONE', #1302, 0.1224999999999995814 ) ;
#9321 = DIRECTION ( 'NONE',  ( 0.000000000000000000, 0.000000000000000000, 1.000000000000000000 ) ) ;
#9323 = VERTEX_POINT ( 'NONE', #2323 ) ;
#9324 = FACE_OUTER_BOUND ( 'NONE', #8314, .T. ) ;
#9325 = VERTEX_POINT ( 'NONE', #6636 ) ;
#9326 = CARTESIAN_POINT ( 'NONE',  ( -5.700000000000001066, 8.010000000000003340, 1.345000000000001084 ) ) ;
#9327 = CARTESIAN_POINT ( 'NONE',  ( -10.84999999999999964, 6.433070866141733291, 1.583070866141732536 ) ) ;
#9328 = CIRCLE ( 'NONE', #5248, 0.1000000000000005745 ) ;
#9329 = FACE_BOUND ( 'NONE', #7180, .T. ) ;
#9330 = CIRCLE ( 'NONE', #4041, 0.1000000000000016709 ) ;
#9331 = EDGE_CURVE ( 'NONE', #3910, #3843, #7394, .T. ) ;
#9332 = VECTOR ( 'NONE', #1073, 39.37007874015748143 ) ;
#9333 = ORIENTED_EDGE ( 'NONE', *, *, #1187, .F. ) ;
#9334 = LINE ( 'NONE', #8617, #9262 ) ;
#9335 = EDGE_LOOP ( 'NONE', ( #7732, #1268, #5681, #8763 ) ) ;
#9336 = LINE ( 'NONE', #1235, #7788 ) ;
#9337 = DIRECTION ( 'NONE',  ( 0.000000000000000000, 0.000000000000000000, 1.000000000000000000 ) ) ;
#9338 = LINE ( 'NONE', #2181, #1987 ) ;
#9339 = AXIS2_PLACEMENT_3D ( 'NONE', #5097, #7268, #1395 ) ;
#9340 = EDGE_CURVE ( 'NONE', #8750, #6107, #5926, .T. ) ;
#9341 = PLANE ( 'NONE',  #3989 ) ;
#9342 = LINE ( 'NONE', #2758, #1766 ) ;
#9343 = VERTEX_POINT ( 'NONE', #1713 ) ;
#9344 = CARTESIAN_POINT ( 'NONE',  ( -2.450000000000001066, 8.000000000000007105, 1.199999999999953992 ) ) ;
#9345 = EDGE_LOOP ( 'NONE', ( #5107, #8191 ) ) ;
#9346 = CARTESIAN_POINT ( 'NONE',  ( -2.450000000000001066, 7.700000000000007283, 1.199999999999949774 ) ) ;
#9347 = VERTEX_POINT ( 'NONE', #3799 ) ;
#9348 = EDGE_LOOP ( 'NONE', ( #4168, #7563 ) ) ;
#9349 = ORIENTED_EDGE ( 'NONE', *, *, #6274, .T. ) ;
#9350 = FACE_OUTER_BOUND ( 'NONE', #7471, .T. ) ;
#9351 = ADVANCED_FACE ( 'NONE', ( #3139 ), #145, .F. ) ;
#9352 = DIRECTION ( 'NONE',  ( -1.000000000000000000, 0.000000000000000000, 0.000000000000000000 ) ) ;
#9353 = EDGE_CURVE ( 'NONE', #6401, #3876, #3647, .T. ) ;
#9354 = CYLINDRICAL_SURFACE ( 'NONE', #2373, 0.1000000000000005745 ) ;
#9355 = VERTEX_POINT ( 'NONE', #2994 ) ;
#9356 = ORIENTED_EDGE ( 'NONE', *, *, #4674, .T. ) ;
#9357 = FACE_OUTER_BOUND ( 'NONE', #7603, .T. ) ;
#9358 = ORIENTED_EDGE ( 'NONE', *, *, #780, .T. ) ;
#9359 = DIRECTION ( 'NONE',  ( -1.000000000000000000, 0.000000000000000000, 0.000000000000000000 ) ) ;
#9360 = FACE_OUTER_BOUND ( 'NONE', #111, .T. ) ;
#9361 = LINE ( 'NONE', #7801, #8119 ) ;
#9362 = DIRECTION ( 'NONE',  ( 0.000000000000000000, 1.000000000000000000, 0.000000000000000000 ) ) ;
#9363 = EDGE_CURVE ( 'NONE', #326, #7739, #8339, .T. ) ;
#9364 = ADVANCED_FACE ( 'NONE', ( #860 ), #4600, .F. ) ;
#9365 = ORIENTED_EDGE ( 'NONE', *, *, #2733, .T. ) ;
#9366 = CARTESIAN_POINT ( 'NONE',  ( -11.15000000000000036, 6.000000000000000888, 1.150000000000000133 ) ) ;
#9367 = EDGE_LOOP ( 'NONE', ( #170, #1343 ) ) ;
#9368 = VECTOR ( 'NONE', #8912, 39.37007874015748143 ) ;
#9369 = FACE_OUTER_BOUND ( 'NONE', #5459, .T. ) ;
#9370 = EDGE_LOOP ( 'NONE', ( #3592, #4621, #4422, #1345 ) ) ;
#9371 = DIRECTION ( 'NONE',  ( 1.000000000000000000, 6.070773319253919496E-17, 0.000000000000000000 ) ) ;
#9372 = FACE_OUTER_BOUND ( 'NONE', #57, .T. ) ;
#9373 = FACE_BOUND ( 'NONE', #3303, .T. ) ;
#9374 = ORIENTED_EDGE ( 'NONE', *, *, #5464, .T. ) ;
#9375 = DIRECTION ( 'NONE',  ( 0.000000000000000000, 1.000000000000000000, 0.000000000000000000 ) ) ;
#9376 = ORIENTED_EDGE ( 'NONE', *, *, #5973, .F. ) ;
#9377 = CARTESIAN_POINT ( 'NONE',  ( -2.450000000000001066, 6.000000000000000888, 1.599999999999933253 ) ) ;
#9378 = EDGE_CURVE ( 'NONE', #3023, #5295, #5019, .T. ) ;
#9379 = CARTESIAN_POINT ( 'NONE',  ( -5.150000000000000355, 12.80000000000000071, 0.8750000000000001110 ) ) ;
#9380 = CARTESIAN_POINT ( 'NONE',  ( -5.150000000000000355, 12.69999999999999929, 0.6250000000000000000 ) ) ;
#9381 = FACE_BOUND ( 'NONE', #9068, .T. ) ;
ENDSEC;
END-ISO-10303-21;
