ISO-10303-21;
HEADER;
FILE_DESCRIPTION(('FreeCAD Model'),'2;1');
FILE_NAME('Open CASCADE Shape Model','2026-06-20T04:52:12',('FreeCAD'),(
    'FreeCAD'),'Open CASCADE STEP processor 7.8','FreeCAD','Unknown');
FILE_SCHEMA(('AUTOMOTIVE_DESIGN { 1 0 10303 214 1 1 1 1 }'));
ENDSEC;
DATA;
#1 = APPLICATION_PROTOCOL_DEFINITION('international standard',
  'automotive_design',2000,#2);
#2 = APPLICATION_CONTEXT(
  'core data for automotive mechanical design processes');
#3 = SHAPE_DEFINITION_REPRESENTATION(#4,#10);
#4 = PRODUCT_DEFINITION_SHAPE('','',#5);
#5 = PRODUCT_DEFINITION('design','',#6,#9);
#6 = PRODUCT_DEFINITION_FORMATION('','',#7);
#7 = PRODUCT('Open CASCADE STEP translator 7.8 1',
  'Open CASCADE STEP translator 7.8 1','',(#8));
#8 = PRODUCT_CONTEXT('',#2,'mechanical');
#9 = PRODUCT_DEFINITION_CONTEXT('part definition',#2,'design');
#10 = ADVANCED_BREP_SHAPE_REPRESENTATION('',(#11,#15),#7149);
#11 = AXIS2_PLACEMENT_3D('',#12,#13,#14);
#12 = CARTESIAN_POINT('',(0.,0.,0.));
#13 = DIRECTION('',(0.,0.,1.));
#14 = DIRECTION('',(1.,0.,-0.));
#15 = MANIFOLD_SOLID_BREP('',#16);
#16 = CLOSED_SHELL('',(#17,#43,#77,#103,#137,#163,#197,#223,#257,#283,
    #317,#457,#528,#638,#769,#793,#1200,#1217,#1306,#1330,#1414,#2865,
    #4413,#4510,#4582,#4599,#4630,#4654,#4678,#4695,#4726,#4750,#4774,
    #4791,#4813,#4830,#4847,#4859,#4871,#4883,#4997,#5015,#5033,#5051,
    #5069,#5087,#5105,#5123,#5141,#5159,#5177,#5195,#5213,#5247,#5257,
    #5291,#5301,#5335,#5345,#5379,#5389,#5407,#5425,#5443,#5461,#5479,
    #5497,#5515,#5533,#5552,#5570,#5588,#5607,#5625,#5644,#5662,#5680,
    #5698,#5717,#5735,#5753,#5771,#5789,#5807,#5825,#5844,#5862,#5881,
    #5899,#5918,#5936,#5955,#5974,#5992,#6010,#6028,#6046,#6064,#6083,
    #6101,#6119,#6137,#6155,#6173,#6191,#6209,#6227,#6245,#6263,#6281,
    #6299,#6317,#6335,#6354,#6372,#6390,#6409,#6427,#6445,#6464,#6482,
    #6500,#6518,#6536,#6554,#6572,#6590,#6608,#6626,#6644,#6662,#6680,
    #6698,#6717,#6751,#6781,#6815,#6845,#6879,#6909,#6943,#6973,#7007,
    #7017,#7051,#7061,#7095,#7105,#7139));
#17 = ADVANCED_FACE('',(#18),#38,.T.);
#18 = FACE_BOUND('',#19,.T.);
#19 = EDGE_LOOP('',(#20,#31));
#20 = ORIENTED_EDGE('',*,*,#21,.T.);
#21 = EDGE_CURVE('',#22,#24,#26,.T.);
#22 = VERTEX_POINT('',#23);
#23 = CARTESIAN_POINT('',(227.0125,3.81,47.498));
#24 = VERTEX_POINT('',#25);
#25 = CARTESIAN_POINT('',(222.5675,3.81,47.498));
#26 = CIRCLE('',#27,2.2225);
#27 = AXIS2_PLACEMENT_3D('',#28,#29,#30);
#28 = CARTESIAN_POINT('',(224.79,3.81,47.498));
#29 = DIRECTION('',(0.,0.,1.));
#30 = DIRECTION('',(1.,0.,-0.));
#31 = ORIENTED_EDGE('',*,*,#32,.T.);
#32 = EDGE_CURVE('',#24,#22,#33,.T.);
#33 = CIRCLE('',#34,2.2225);
#34 = AXIS2_PLACEMENT_3D('',#35,#36,#37);
#35 = CARTESIAN_POINT('',(224.79,3.81,47.498));
#36 = DIRECTION('',(0.,0.,1.));
#37 = DIRECTION('',(1.,0.,-0.));
#38 = PLANE('',#39);
#39 = AXIS2_PLACEMENT_3D('',#40,#41,#42);
#40 = CARTESIAN_POINT('',(224.79,3.81,47.498));
#41 = DIRECTION('',(0.,0.,1.));
#42 = DIRECTION('',(1.,0.,-0.));
#43 = ADVANCED_FACE('',(#44),#72,.F.);
#44 = FACE_BOUND('',#45,.F.);
#45 = EDGE_LOOP('',(#46,#47,#48,#55,#64,#71));
#46 = ORIENTED_EDGE('',*,*,#21,.T.);
#47 = ORIENTED_EDGE('',*,*,#32,.T.);
#48 = ORIENTED_EDGE('',*,*,#49,.T.);
#49 = EDGE_CURVE('',#22,#50,#52,.T.);
#50 = VERTEX_POINT('',#51);
#51 = CARTESIAN_POINT('',(227.0125,3.81,50.8));
#52 = B_SPLINE_CURVE_WITH_KNOTS('',1,(#53,#54),.UNSPECIFIED.,.F.,.F.,(2,
    2),(0.,3.302),.PIECEWISE_BEZIER_KNOTS.);
#53 = CARTESIAN_POINT('',(227.0125,3.81,47.498));
#54 = CARTESIAN_POINT('',(227.0125,3.81,50.8));
#55 = ORIENTED_EDGE('',*,*,#56,.F.);
#56 = EDGE_CURVE('',#57,#50,#59,.T.);
#57 = VERTEX_POINT('',#58);
#58 = CARTESIAN_POINT('',(222.5675,3.81,50.8));
#59 = CIRCLE('',#60,2.2225);
#60 = AXIS2_PLACEMENT_3D('',#61,#62,#63);
#61 = CARTESIAN_POINT('',(224.79,3.81,50.8));
#62 = DIRECTION('',(0.,0.,1.));
#63 = DIRECTION('',(1.,0.,-0.));
#64 = ORIENTED_EDGE('',*,*,#65,.F.);
#65 = EDGE_CURVE('',#50,#57,#66,.T.);
#66 = CIRCLE('',#67,2.2225);
#67 = AXIS2_PLACEMENT_3D('',#68,#69,#70);
#68 = CARTESIAN_POINT('',(224.79,3.81,50.8));
#69 = DIRECTION('',(0.,0.,1.));
#70 = DIRECTION('',(1.,0.,-0.));
#71 = ORIENTED_EDGE('',*,*,#49,.F.);
#72 = CYLINDRICAL_SURFACE('',#73,2.2225);
#73 = AXIS2_PLACEMENT_3D('',#74,#75,#76);
#74 = CARTESIAN_POINT('',(224.79,3.81,47.498));
#75 = DIRECTION('',(-0.,-0.,1.));
#76 = DIRECTION('',(1.,0.,0.));
#77 = ADVANCED_FACE('',(#78),#98,.T.);
#78 = FACE_BOUND('',#79,.T.);
#79 = EDGE_LOOP('',(#80,#91));
#80 = ORIENTED_EDGE('',*,*,#81,.T.);
#81 = EDGE_CURVE('',#82,#84,#86,.T.);
#82 = VERTEX_POINT('',#83);
#83 = CARTESIAN_POINT('',(227.0125,219.71,47.498));
#84 = VERTEX_POINT('',#85);
#85 = CARTESIAN_POINT('',(222.5675,219.71,47.498));
#86 = CIRCLE('',#87,2.2225);
#87 = AXIS2_PLACEMENT_3D('',#88,#89,#90);
#88 = CARTESIAN_POINT('',(224.79,219.71,47.498));
#89 = DIRECTION('',(0.,0.,1.));
#90 = DIRECTION('',(1.,0.,-0.));
#91 = ORIENTED_EDGE('',*,*,#92,.T.);
#92 = EDGE_CURVE('',#84,#82,#93,.T.);
#93 = CIRCLE('',#94,2.2225);
#94 = AXIS2_PLACEMENT_3D('',#95,#96,#97);
#95 = CARTESIAN_POINT('',(224.79,219.71,47.498));
#96 = DIRECTION('',(0.,0.,1.));
#97 = DIRECTION('',(1.,0.,-0.));
#98 = PLANE('',#99);
#99 = AXIS2_PLACEMENT_3D('',#100,#101,#102);
#100 = CARTESIAN_POINT('',(224.79,219.71,47.498));
#101 = DIRECTION('',(0.,0.,1.));
#102 = DIRECTION('',(1.,0.,-0.));
#103 = ADVANCED_FACE('',(#104),#132,.F.);
#104 = FACE_BOUND('',#105,.F.);
#105 = EDGE_LOOP('',(#106,#107,#108,#115,#124,#131));
#106 = ORIENTED_EDGE('',*,*,#81,.T.);
#107 = ORIENTED_EDGE('',*,*,#92,.T.);
#108 = ORIENTED_EDGE('',*,*,#109,.T.);
#109 = EDGE_CURVE('',#82,#110,#112,.T.);
#110 = VERTEX_POINT('',#111);
#111 = CARTESIAN_POINT('',(227.0125,219.71,50.8));
#112 = B_SPLINE_CURVE_WITH_KNOTS('',1,(#113,#114),.UNSPECIFIED.,.F.,.F.,
  (2,2),(0.,3.302),.PIECEWISE_BEZIER_KNOTS.);
#113 = CARTESIAN_POINT('',(227.0125,219.71,47.498));
#114 = CARTESIAN_POINT('',(227.0125,219.71,50.8));
#115 = ORIENTED_EDGE('',*,*,#116,.F.);
#116 = EDGE_CURVE('',#117,#110,#119,.T.);
#117 = VERTEX_POINT('',#118);
#118 = CARTESIAN_POINT('',(222.5675,219.71,50.8));
#119 = CIRCLE('',#120,2.2225);
#120 = AXIS2_PLACEMENT_3D('',#121,#122,#123);
#121 = CARTESIAN_POINT('',(224.79,219.71,50.8));
#122 = DIRECTION('',(0.,0.,1.));
#123 = DIRECTION('',(1.,0.,-0.));
#124 = ORIENTED_EDGE('',*,*,#125,.F.);
#125 = EDGE_CURVE('',#110,#117,#126,.T.);
#126 = CIRCLE('',#127,2.2225);
#127 = AXIS2_PLACEMENT_3D('',#128,#129,#130);
#128 = CARTESIAN_POINT('',(224.79,219.71,50.8));
#129 = DIRECTION('',(0.,0.,1.));
#130 = DIRECTION('',(1.,0.,-0.));
#131 = ORIENTED_EDGE('',*,*,#109,.F.);
#132 = CYLINDRICAL_SURFACE('',#133,2.2225);
#133 = AXIS2_PLACEMENT_3D('',#134,#135,#136);
#134 = CARTESIAN_POINT('',(224.79,219.71,47.498));
#135 = DIRECTION('',(-0.,-0.,1.));
#136 = DIRECTION('',(1.,0.,0.));
#137 = ADVANCED_FACE('',(#138),#158,.T.);
#138 = FACE_BOUND('',#139,.T.);
#139 = EDGE_LOOP('',(#140,#151));
#140 = ORIENTED_EDGE('',*,*,#141,.T.);
#141 = EDGE_CURVE('',#142,#144,#146,.T.);
#142 = VERTEX_POINT('',#143);
#143 = CARTESIAN_POINT('',(133.0325,219.71,47.498));
#144 = VERTEX_POINT('',#145);
#145 = CARTESIAN_POINT('',(128.5875,219.71,47.498));
#146 = CIRCLE('',#147,2.2225);
#147 = AXIS2_PLACEMENT_3D('',#148,#149,#150);
#148 = CARTESIAN_POINT('',(130.81,219.71,47.498));
#149 = DIRECTION('',(0.,0.,1.));
#150 = DIRECTION('',(1.,0.,-0.));
#151 = ORIENTED_EDGE('',*,*,#152,.T.);
#152 = EDGE_CURVE('',#144,#142,#153,.T.);
#153 = CIRCLE('',#154,2.2225);
#154 = AXIS2_PLACEMENT_3D('',#155,#156,#157);
#155 = CARTESIAN_POINT('',(130.81,219.71,47.498));
#156 = DIRECTION('',(0.,0.,1.));
#157 = DIRECTION('',(1.,0.,-0.));
#158 = PLANE('',#159);
#159 = AXIS2_PLACEMENT_3D('',#160,#161,#162);
#160 = CARTESIAN_POINT('',(130.81,219.71,47.498));
#161 = DIRECTION('',(0.,0.,1.));
#162 = DIRECTION('',(1.,0.,-0.));
#163 = ADVANCED_FACE('',(#164),#192,.F.);
#164 = FACE_BOUND('',#165,.F.);
#165 = EDGE_LOOP('',(#166,#167,#168,#175,#184,#191));
#166 = ORIENTED_EDGE('',*,*,#141,.T.);
#167 = ORIENTED_EDGE('',*,*,#152,.T.);
#168 = ORIENTED_EDGE('',*,*,#169,.T.);
#169 = EDGE_CURVE('',#142,#170,#172,.T.);
#170 = VERTEX_POINT('',#171);
#171 = CARTESIAN_POINT('',(133.0325,219.71,50.8));
#172 = B_SPLINE_CURVE_WITH_KNOTS('',1,(#173,#174),.UNSPECIFIED.,.F.,.F.,
  (2,2),(0.,3.302),.PIECEWISE_BEZIER_KNOTS.);
#173 = CARTESIAN_POINT('',(133.0325,219.71,47.498));
#174 = CARTESIAN_POINT('',(133.0325,219.71,50.8));
#175 = ORIENTED_EDGE('',*,*,#176,.F.);
#176 = EDGE_CURVE('',#177,#170,#179,.T.);
#177 = VERTEX_POINT('',#178);
#178 = CARTESIAN_POINT('',(128.5875,219.71,50.8));
#179 = CIRCLE('',#180,2.2225);
#180 = AXIS2_PLACEMENT_3D('',#181,#182,#183);
#181 = CARTESIAN_POINT('',(130.81,219.71,50.8));
#182 = DIRECTION('',(0.,0.,1.));
#183 = DIRECTION('',(1.,0.,-0.));
#184 = ORIENTED_EDGE('',*,*,#185,.F.);
#185 = EDGE_CURVE('',#170,#177,#186,.T.);
#186 = CIRCLE('',#187,2.2225);
#187 = AXIS2_PLACEMENT_3D('',#188,#189,#190);
#188 = CARTESIAN_POINT('',(130.81,219.71,50.8));
#189 = DIRECTION('',(0.,0.,1.));
#190 = DIRECTION('',(1.,0.,-0.));
#191 = ORIENTED_EDGE('',*,*,#169,.F.);
#192 = CYLINDRICAL_SURFACE('',#193,2.2225);
#193 = AXIS2_PLACEMENT_3D('',#194,#195,#196);
#194 = CARTESIAN_POINT('',(130.81,219.71,47.498));
#195 = DIRECTION('',(-0.,-0.,1.));
#196 = DIRECTION('',(1.,0.,0.));
#197 = ADVANCED_FACE('',(#198),#218,.T.);
#198 = FACE_BOUND('',#199,.T.);
#199 = EDGE_LOOP('',(#200,#211));
#200 = ORIENTED_EDGE('',*,*,#201,.T.);
#201 = EDGE_CURVE('',#202,#204,#206,.T.);
#202 = VERTEX_POINT('',#203);
#203 = CARTESIAN_POINT('',(6.0325,97.79,47.498));
#204 = VERTEX_POINT('',#205);
#205 = CARTESIAN_POINT('',(1.5875,97.79,47.498));
#206 = CIRCLE('',#207,2.2225);
#207 = AXIS2_PLACEMENT_3D('',#208,#209,#210);
#208 = CARTESIAN_POINT('',(3.81,97.79,47.498));
#209 = DIRECTION('',(0.,0.,1.));
#210 = DIRECTION('',(1.,0.,-0.));
#211 = ORIENTED_EDGE('',*,*,#212,.T.);
#212 = EDGE_CURVE('',#204,#202,#213,.T.);
#213 = CIRCLE('',#214,2.2225);
#214 = AXIS2_PLACEMENT_3D('',#215,#216,#217);
#215 = CARTESIAN_POINT('',(3.81,97.79,47.498));
#216 = DIRECTION('',(0.,0.,1.));
#217 = DIRECTION('',(1.,0.,-0.));
#218 = PLANE('',#219);
#219 = AXIS2_PLACEMENT_3D('',#220,#221,#222);
#220 = CARTESIAN_POINT('',(3.81,97.79,47.498));
#221 = DIRECTION('',(0.,0.,1.));
#222 = DIRECTION('',(1.,0.,-0.));
#223 = ADVANCED_FACE('',(#224),#252,.F.);
#224 = FACE_BOUND('',#225,.F.);
#225 = EDGE_LOOP('',(#226,#227,#228,#235,#244,#251));
#226 = ORIENTED_EDGE('',*,*,#201,.T.);
#227 = ORIENTED_EDGE('',*,*,#212,.T.);
#228 = ORIENTED_EDGE('',*,*,#229,.T.);
#229 = EDGE_CURVE('',#202,#230,#232,.T.);
#230 = VERTEX_POINT('',#231);
#231 = CARTESIAN_POINT('',(6.0325,97.79,50.8));
#232 = B_SPLINE_CURVE_WITH_KNOTS('',1,(#233,#234),.UNSPECIFIED.,.F.,.F.,
  (2,2),(0.,3.302),.PIECEWISE_BEZIER_KNOTS.);
#233 = CARTESIAN_POINT('',(6.0325,97.79,47.498));
#234 = CARTESIAN_POINT('',(6.0325,97.79,50.8));
#235 = ORIENTED_EDGE('',*,*,#236,.F.);
#236 = EDGE_CURVE('',#237,#230,#239,.T.);
#237 = VERTEX_POINT('',#238);
#238 = CARTESIAN_POINT('',(1.5875,97.79,50.8));
#239 = CIRCLE('',#240,2.2225);
#240 = AXIS2_PLACEMENT_3D('',#241,#242,#243);
#241 = CARTESIAN_POINT('',(3.81,97.79,50.8));
#242 = DIRECTION('',(0.,0.,1.));
#243 = DIRECTION('',(1.,0.,-0.));
#244 = ORIENTED_EDGE('',*,*,#245,.F.);
#245 = EDGE_CURVE('',#230,#237,#246,.T.);
#246 = CIRCLE('',#247,2.2225);
#247 = AXIS2_PLACEMENT_3D('',#248,#249,#250);
#248 = CARTESIAN_POINT('',(3.81,97.79,50.8));
#249 = DIRECTION('',(0.,0.,1.));
#250 = DIRECTION('',(1.,0.,-0.));
#251 = ORIENTED_EDGE('',*,*,#229,.F.);
#252 = CYLINDRICAL_SURFACE('',#253,2.2225);
#253 = AXIS2_PLACEMENT_3D('',#254,#255,#256);
#254 = CARTESIAN_POINT('',(3.81,97.79,47.498));
#255 = DIRECTION('',(-0.,-0.,1.));
#256 = DIRECTION('',(1.,0.,0.));
#257 = ADVANCED_FACE('',(#258),#278,.T.);
#258 = FACE_BOUND('',#259,.T.);
#259 = EDGE_LOOP('',(#260,#271));
#260 = ORIENTED_EDGE('',*,*,#261,.T.);
#261 = EDGE_CURVE('',#262,#264,#266,.T.);
#262 = VERTEX_POINT('',#263);
#263 = CARTESIAN_POINT('',(6.0325,3.81,47.498));
#264 = VERTEX_POINT('',#265);
#265 = CARTESIAN_POINT('',(1.5875,3.81,47.498));
#266 = CIRCLE('',#267,2.2225);
#267 = AXIS2_PLACEMENT_3D('',#268,#269,#270);
#268 = CARTESIAN_POINT('',(3.81,3.81,47.498));
#269 = DIRECTION('',(0.,0.,1.));
#270 = DIRECTION('',(1.,0.,-0.));
#271 = ORIENTED_EDGE('',*,*,#272,.T.);
#272 = EDGE_CURVE('',#264,#262,#273,.T.);
#273 = CIRCLE('',#274,2.2225);
#274 = AXIS2_PLACEMENT_3D('',#275,#276,#277);
#275 = CARTESIAN_POINT('',(3.81,3.81,47.498));
#276 = DIRECTION('',(0.,0.,1.));
#277 = DIRECTION('',(1.,0.,-0.));
#278 = PLANE('',#279);
#279 = AXIS2_PLACEMENT_3D('',#280,#281,#282);
#280 = CARTESIAN_POINT('',(3.81,3.81,47.498));
#281 = DIRECTION('',(0.,0.,1.));
#282 = DIRECTION('',(1.,0.,-0.));
#283 = ADVANCED_FACE('',(#284),#312,.F.);
#284 = FACE_BOUND('',#285,.F.);
#285 = EDGE_LOOP('',(#286,#287,#288,#295,#304,#311));
#286 = ORIENTED_EDGE('',*,*,#261,.T.);
#287 = ORIENTED_EDGE('',*,*,#272,.T.);
#288 = ORIENTED_EDGE('',*,*,#289,.T.);
#289 = EDGE_CURVE('',#262,#290,#292,.T.);
#290 = VERTEX_POINT('',#291);
#291 = CARTESIAN_POINT('',(6.0325,3.81,50.8));
#292 = B_SPLINE_CURVE_WITH_KNOTS('',1,(#293,#294),.UNSPECIFIED.,.F.,.F.,
  (2,2),(0.,3.302),.PIECEWISE_BEZIER_KNOTS.);
#293 = CARTESIAN_POINT('',(6.0325,3.81,47.498));
#294 = CARTESIAN_POINT('',(6.0325,3.81,50.8));
#295 = ORIENTED_EDGE('',*,*,#296,.F.);
#296 = EDGE_CURVE('',#297,#290,#299,.T.);
#297 = VERTEX_POINT('',#298);
#298 = CARTESIAN_POINT('',(1.5875,3.81,50.8));
#299 = CIRCLE('',#300,2.2225);
#300 = AXIS2_PLACEMENT_3D('',#301,#302,#303);
#301 = CARTESIAN_POINT('',(3.81,3.81,50.8));
#302 = DIRECTION('',(0.,0.,1.));
#303 = DIRECTION('',(1.,0.,-0.));
#304 = ORIENTED_EDGE('',*,*,#305,.F.);
#305 = EDGE_CURVE('',#290,#297,#306,.T.);
#306 = CIRCLE('',#307,2.2225);
#307 = AXIS2_PLACEMENT_3D('',#308,#309,#310);
#308 = CARTESIAN_POINT('',(3.81,3.81,50.8));
#309 = DIRECTION('',(0.,0.,1.));
#310 = DIRECTION('',(1.,0.,-0.));
#311 = ORIENTED_EDGE('',*,*,#289,.F.);
#312 = CYLINDRICAL_SURFACE('',#313,2.2225);
#313 = AXIS2_PLACEMENT_3D('',#314,#315,#316);
#314 = CARTESIAN_POINT('',(3.81,3.81,47.498));
#315 = DIRECTION('',(-0.,-0.,1.));
#316 = DIRECTION('',(1.,0.,0.));
#317 = ADVANCED_FACE('',(#318,#338,#358,#378,#398,#418),#452,.F.);
#318 = FACE_BOUND('',#319,.T.);
#319 = EDGE_LOOP('',(#320,#331));
#320 = ORIENTED_EDGE('',*,*,#321,.F.);
#321 = EDGE_CURVE('',#322,#324,#326,.T.);
#322 = VERTEX_POINT('',#323);
#323 = CARTESIAN_POINT('',(0.,60.05,40.21));
#324 = VERTEX_POINT('',#325);
#325 = CARTESIAN_POINT('',(0.,63.55,40.21));
#326 = CIRCLE('',#327,1.75);
#327 = AXIS2_PLACEMENT_3D('',#328,#329,#330);
#328 = CARTESIAN_POINT('',(0.,61.8,40.21));
#329 = DIRECTION('',(-1.,-5.463695987329E-16,0.));
#330 = DIRECTION('',(5.463695987329E-16,-1.,0.));
#331 = ORIENTED_EDGE('',*,*,#332,.F.);
#332 = EDGE_CURVE('',#324,#322,#333,.T.);
#333 = CIRCLE('',#334,1.75);
#334 = AXIS2_PLACEMENT_3D('',#335,#336,#337);
#335 = CARTESIAN_POINT('',(0.,61.8,40.21));
#336 = DIRECTION('',(-1.,-5.463695987329E-16,0.));
#337 = DIRECTION('',(5.463695987329E-16,-1.,0.));
#338 = FACE_BOUND('',#339,.T.);
#339 = EDGE_LOOP('',(#340,#351));
#340 = ORIENTED_EDGE('',*,*,#341,.F.);
#341 = EDGE_CURVE('',#342,#344,#346,.T.);
#342 = VERTEX_POINT('',#343);
#343 = CARTESIAN_POINT('',(5.684341886081E-14,38.05,18.21));
#344 = VERTEX_POINT('',#345);
#345 = CARTESIAN_POINT('',(5.684341886081E-14,41.55,18.21));
#346 = CIRCLE('',#347,1.75);
#347 = AXIS2_PLACEMENT_3D('',#348,#349,#350);
#348 = CARTESIAN_POINT('',(5.684341886081E-14,39.8,18.21));
#349 = DIRECTION('',(-1.,-5.463695987329E-16,0.));
#350 = DIRECTION('',(5.463695987329E-16,-1.,0.));
#351 = ORIENTED_EDGE('',*,*,#352,.F.);
#352 = EDGE_CURVE('',#344,#342,#353,.T.);
#353 = CIRCLE('',#354,1.75);
#354 = AXIS2_PLACEMENT_3D('',#355,#356,#357);
#355 = CARTESIAN_POINT('',(5.684341886081E-14,39.8,18.21));
#356 = DIRECTION('',(-1.,-5.463695987329E-16,0.));
#357 = DIRECTION('',(5.463695987329E-16,-1.,0.));
#358 = FACE_BOUND('',#359,.T.);
#359 = EDGE_LOOP('',(#360,#371));
#360 = ORIENTED_EDGE('',*,*,#361,.F.);
#361 = EDGE_CURVE('',#362,#364,#366,.T.);
#362 = VERTEX_POINT('',#363);
#363 = CARTESIAN_POINT('',(0.,40.3,29.21));
#364 = VERTEX_POINT('',#365);
#365 = CARTESIAN_POINT('',(0.,61.3,29.21));
#366 = CIRCLE('',#367,10.5);
#367 = AXIS2_PLACEMENT_3D('',#368,#369,#370);
#368 = CARTESIAN_POINT('',(0.,50.8,29.21));
#369 = DIRECTION('',(-1.,-5.463695987329E-16,0.));
#370 = DIRECTION('',(5.463695987329E-16,-1.,0.));
#371 = ORIENTED_EDGE('',*,*,#372,.F.);
#372 = EDGE_CURVE('',#364,#362,#373,.T.);
#373 = CIRCLE('',#374,10.5);
#374 = AXIS2_PLACEMENT_3D('',#375,#376,#377);
#375 = CARTESIAN_POINT('',(0.,50.8,29.21));
#376 = DIRECTION('',(-1.,-5.463695987329E-16,0.));
#377 = DIRECTION('',(5.463695987329E-16,-1.,0.));
#378 = FACE_BOUND('',#379,.T.);
#379 = EDGE_LOOP('',(#380,#391));
#380 = ORIENTED_EDGE('',*,*,#381,.F.);
#381 = EDGE_CURVE('',#382,#384,#386,.T.);
#382 = VERTEX_POINT('',#383);
#383 = CARTESIAN_POINT('',(5.684341886081E-14,38.05,40.21));
#384 = VERTEX_POINT('',#385);
#385 = CARTESIAN_POINT('',(5.684341886081E-14,41.55,40.21));
#386 = CIRCLE('',#387,1.75);
#387 = AXIS2_PLACEMENT_3D('',#388,#389,#390);
#388 = CARTESIAN_POINT('',(5.684341886081E-14,39.8,40.21));
#389 = DIRECTION('',(-1.,-5.463695987329E-16,0.));
#390 = DIRECTION('',(5.463695987329E-16,-1.,0.));
#391 = ORIENTED_EDGE('',*,*,#392,.F.);
#392 = EDGE_CURVE('',#384,#382,#393,.T.);
#393 = CIRCLE('',#394,1.75);
#394 = AXIS2_PLACEMENT_3D('',#395,#396,#397);
#395 = CARTESIAN_POINT('',(5.684341886081E-14,39.8,40.21));
#396 = DIRECTION('',(-1.,-5.463695987329E-16,0.));
#397 = DIRECTION('',(5.463695987329E-16,-1.,0.));
#398 = FACE_BOUND('',#399,.T.);
#399 = EDGE_LOOP('',(#400,#411));
#400 = ORIENTED_EDGE('',*,*,#401,.F.);
#401 = EDGE_CURVE('',#402,#404,#406,.T.);
#402 = VERTEX_POINT('',#403);
#403 = CARTESIAN_POINT('',(0.,60.05,18.21));
#404 = VERTEX_POINT('',#405);
#405 = CARTESIAN_POINT('',(0.,63.55,18.21));
#406 = CIRCLE('',#407,1.75);
#407 = AXIS2_PLACEMENT_3D('',#408,#409,#410);
#408 = CARTESIAN_POINT('',(0.,61.8,18.21));
#409 = DIRECTION('',(-1.,-5.463695987329E-16,0.));
#410 = DIRECTION('',(5.463695987329E-16,-1.,0.));
#411 = ORIENTED_EDGE('',*,*,#412,.F.);
#412 = EDGE_CURVE('',#404,#402,#413,.T.);
#413 = CIRCLE('',#414,1.75);
#414 = AXIS2_PLACEMENT_3D('',#415,#416,#417);
#415 = CARTESIAN_POINT('',(0.,61.8,18.21));
#416 = DIRECTION('',(-1.,-5.463695987329E-16,0.));
#417 = DIRECTION('',(5.463695987329E-16,-1.,0.));
#418 = FACE_BOUND('',#419,.T.);
#419 = EDGE_LOOP('',(#420,#430,#438,#446));
#420 = ORIENTED_EDGE('',*,*,#421,.T.);
#421 = EDGE_CURVE('',#422,#424,#426,.T.);
#422 = VERTEX_POINT('',#423);
#423 = CARTESIAN_POINT('',(0.,101.6,0.));
#424 = VERTEX_POINT('',#425);
#425 = CARTESIAN_POINT('',(5.684341886081E-14,0.,0.));
#426 = LINE('',#427,#428);
#427 = CARTESIAN_POINT('',(0.,101.6,0.));
#428 = VECTOR('',#429,1.);
#429 = DIRECTION('',(5.463695987329E-16,-1.,0.));
#430 = ORIENTED_EDGE('',*,*,#431,.F.);
#431 = EDGE_CURVE('',#432,#424,#434,.T.);
#432 = VERTEX_POINT('',#433);
#433 = CARTESIAN_POINT('',(5.684341886081E-14,0.,50.8));
#434 = LINE('',#435,#436);
#435 = CARTESIAN_POINT('',(5.684341886081E-14,0.,50.8));
#436 = VECTOR('',#437,1.);
#437 = DIRECTION('',(-0.,-0.,-1.));
#438 = ORIENTED_EDGE('',*,*,#439,.F.);
#439 = EDGE_CURVE('',#440,#432,#442,.T.);
#440 = VERTEX_POINT('',#441);
#441 = CARTESIAN_POINT('',(0.,101.6,50.8));
#442 = LINE('',#443,#444);
#443 = CARTESIAN_POINT('',(0.,101.6,50.8));
#444 = VECTOR('',#445,1.);
#445 = DIRECTION('',(5.463695987329E-16,-1.,0.));
#446 = ORIENTED_EDGE('',*,*,#447,.T.);
#447 = EDGE_CURVE('',#440,#422,#448,.T.);
#448 = LINE('',#449,#450);
#449 = CARTESIAN_POINT('',(0.,101.6,50.8));
#450 = VECTOR('',#451,1.);
#451 = DIRECTION('',(-0.,-0.,-1.));
#452 = PLANE('',#453);
#453 = AXIS2_PLACEMENT_3D('',#454,#455,#456);
#454 = CARTESIAN_POINT('',(0.,101.6,50.8));
#455 = DIRECTION('',(1.,5.463695987329E-16,-0.));
#456 = DIRECTION('',(-5.463695987329E-16,1.,0.));
#457 = ADVANCED_FACE('',(#458,#478,#498),#523,.F.);
#458 = FACE_BOUND('',#459,.T.);
#459 = EDGE_LOOP('',(#460,#471));
#460 = ORIENTED_EDGE('',*,*,#461,.F.);
#461 = EDGE_CURVE('',#462,#464,#466,.T.);
#462 = VERTEX_POINT('',#463);
#463 = CARTESIAN_POINT('',(29.21,0.,12.7));
#464 = VERTEX_POINT('',#465);
#465 = CARTESIAN_POINT('',(29.21,0.,38.1));
#466 = CIRCLE('',#467,12.7);
#467 = AXIS2_PLACEMENT_3D('',#468,#469,#470);
#468 = CARTESIAN_POINT('',(29.21,0.,25.4));
#469 = DIRECTION('',(0.,-1.,0.));
#470 = DIRECTION('',(0.,0.,-1.));
#471 = ORIENTED_EDGE('',*,*,#472,.F.);
#472 = EDGE_CURVE('',#464,#462,#473,.T.);
#473 = CIRCLE('',#474,12.7);
#474 = AXIS2_PLACEMENT_3D('',#475,#476,#477);
#475 = CARTESIAN_POINT('',(29.21,0.,25.4));
#476 = DIRECTION('',(0.,-1.,0.));
#477 = DIRECTION('',(0.,0.,-1.));
#478 = FACE_BOUND('',#479,.T.);
#479 = EDGE_LOOP('',(#480,#491));
#480 = ORIENTED_EDGE('',*,*,#481,.F.);
#481 = EDGE_CURVE('',#482,#484,#486,.T.);
#482 = VERTEX_POINT('',#483);
#483 = CARTESIAN_POINT('',(72.39,0.,12.7));
#484 = VERTEX_POINT('',#485);
#485 = CARTESIAN_POINT('',(72.39,0.,38.1));
#486 = CIRCLE('',#487,12.7);
#487 = AXIS2_PLACEMENT_3D('',#488,#489,#490);
#488 = CARTESIAN_POINT('',(72.39,0.,25.4));
#489 = DIRECTION('',(0.,-1.,0.));
#490 = DIRECTION('',(0.,0.,-1.));
#491 = ORIENTED_EDGE('',*,*,#492,.F.);
#492 = EDGE_CURVE('',#484,#482,#493,.T.);
#493 = CIRCLE('',#494,12.7);
#494 = AXIS2_PLACEMENT_3D('',#495,#496,#497);
#495 = CARTESIAN_POINT('',(72.39,0.,25.4));
#496 = DIRECTION('',(0.,-1.,0.));
#497 = DIRECTION('',(0.,0.,-1.));
#498 = FACE_BOUND('',#499,.T.);
#499 = EDGE_LOOP('',(#500,#508,#516,#522));
#500 = ORIENTED_EDGE('',*,*,#501,.T.);
#501 = EDGE_CURVE('',#424,#502,#504,.T.);
#502 = VERTEX_POINT('',#503);
#503 = CARTESIAN_POINT('',(228.6,0.,0.));
#504 = LINE('',#505,#506);
#505 = CARTESIAN_POINT('',(5.684341886081E-14,0.,0.));
#506 = VECTOR('',#507,1.);
#507 = DIRECTION('',(1.,0.,0.));
#508 = ORIENTED_EDGE('',*,*,#509,.F.);
#509 = EDGE_CURVE('',#510,#502,#512,.T.);
#510 = VERTEX_POINT('',#511);
#511 = CARTESIAN_POINT('',(228.6,0.,50.8));
#512 = LINE('',#513,#514);
#513 = CARTESIAN_POINT('',(228.6,0.,50.8));
#514 = VECTOR('',#515,1.);
#515 = DIRECTION('',(-0.,-0.,-1.));
#516 = ORIENTED_EDGE('',*,*,#517,.F.);
#517 = EDGE_CURVE('',#432,#510,#518,.T.);
#518 = LINE('',#519,#520);
#519 = CARTESIAN_POINT('',(5.684341886081E-14,0.,50.8));
#520 = VECTOR('',#521,1.);
#521 = DIRECTION('',(1.,0.,0.));
#522 = ORIENTED_EDGE('',*,*,#431,.T.);
#523 = PLANE('',#524);
#524 = AXIS2_PLACEMENT_3D('',#525,#526,#527);
#525 = CARTESIAN_POINT('',(5.684341886081E-14,0.,50.8));
#526 = DIRECTION('',(0.,1.,0.));
#527 = DIRECTION('',(0.,-0.,1.));
#528 = ADVANCED_FACE('',(#529,#533,#537,#541,#545,#549,#583),#633,.T.);
#529 = FACE_BOUND('',#530,.T.);
#530 = EDGE_LOOP('',(#531,#532));
#531 = ORIENTED_EDGE('',*,*,#305,.F.);
#532 = ORIENTED_EDGE('',*,*,#296,.F.);
#533 = FACE_BOUND('',#534,.T.);
#534 = EDGE_LOOP('',(#535,#536));
#535 = ORIENTED_EDGE('',*,*,#245,.F.);
#536 = ORIENTED_EDGE('',*,*,#236,.F.);
#537 = FACE_BOUND('',#538,.T.);
#538 = EDGE_LOOP('',(#539,#540));
#539 = ORIENTED_EDGE('',*,*,#185,.F.);
#540 = ORIENTED_EDGE('',*,*,#176,.F.);
#541 = FACE_BOUND('',#542,.T.);
#542 = EDGE_LOOP('',(#543,#544));
#543 = ORIENTED_EDGE('',*,*,#125,.F.);
#544 = ORIENTED_EDGE('',*,*,#116,.F.);
#545 = FACE_BOUND('',#546,.T.);
#546 = EDGE_LOOP('',(#547,#548));
#547 = ORIENTED_EDGE('',*,*,#65,.F.);
#548 = ORIENTED_EDGE('',*,*,#56,.F.);
#549 = FACE_BOUND('',#550,.T.);
#550 = EDGE_LOOP('',(#551,#561,#569,#575,#576,#577));
#551 = ORIENTED_EDGE('',*,*,#552,.F.);
#552 = EDGE_CURVE('',#553,#555,#557,.T.);
#553 = VERTEX_POINT('',#554);
#554 = CARTESIAN_POINT('',(127.,223.52,50.8));
#555 = VERTEX_POINT('',#556);
#556 = CARTESIAN_POINT('',(228.6,223.52,50.8));
#557 = LINE('',#558,#559);
#558 = CARTESIAN_POINT('',(127.,223.52,50.8));
#559 = VECTOR('',#560,1.);
#560 = DIRECTION('',(1.,0.,0.));
#561 = ORIENTED_EDGE('',*,*,#562,.T.);
#562 = EDGE_CURVE('',#553,#563,#565,.T.);
#563 = VERTEX_POINT('',#564);
#564 = CARTESIAN_POINT('',(127.,101.6,50.8));
#565 = LINE('',#566,#567);
#566 = CARTESIAN_POINT('',(127.,228.6,50.8));
#567 = VECTOR('',#568,1.);
#568 = DIRECTION('',(0.,-1.,0.));
#569 = ORIENTED_EDGE('',*,*,#570,.T.);
#570 = EDGE_CURVE('',#563,#440,#571,.T.);
#571 = LINE('',#572,#573);
#572 = CARTESIAN_POINT('',(0.,101.6,50.8));
#573 = VECTOR('',#574,1.);
#574 = DIRECTION('',(-1.,2.185478394931E-16,-0.));
#575 = ORIENTED_EDGE('',*,*,#439,.T.);
#576 = ORIENTED_EDGE('',*,*,#517,.T.);
#577 = ORIENTED_EDGE('',*,*,#578,.T.);
#578 = EDGE_CURVE('',#510,#555,#579,.T.);
#579 = LINE('',#580,#581);
#580 = CARTESIAN_POINT('',(228.6,228.6,50.8));
#581 = VECTOR('',#582,1.);
#582 = DIRECTION('',(-6.070773319254E-17,1.,-0.));
#583 = FACE_BOUND('',#584,.T.);
#584 = EDGE_LOOP('',(#585,#595,#603,#611,#619,#627));
#585 = ORIENTED_EDGE('',*,*,#586,.F.);
#586 = EDGE_CURVE('',#587,#589,#591,.T.);
#587 = VERTEX_POINT('',#588);
#588 = CARTESIAN_POINT('',(220.98,7.62,50.8));
#589 = VERTEX_POINT('',#590);
#590 = CARTESIAN_POINT('',(220.98,220.98,50.8));
#591 = LINE('',#592,#593);
#592 = CARTESIAN_POINT('',(220.98,228.6,50.8));
#593 = VECTOR('',#594,1.);
#594 = DIRECTION('',(-6.070773319254E-17,1.,-0.));
#595 = ORIENTED_EDGE('',*,*,#596,.F.);
#596 = EDGE_CURVE('',#597,#587,#599,.T.);
#597 = VERTEX_POINT('',#598);
#598 = CARTESIAN_POINT('',(7.62,7.62,50.8));
#599 = LINE('',#600,#601);
#600 = CARTESIAN_POINT('',(5.684341886081E-14,7.62,50.8));
#601 = VECTOR('',#602,1.);
#602 = DIRECTION('',(1.,-0.,0.));
#603 = ORIENTED_EDGE('',*,*,#604,.F.);
#604 = EDGE_CURVE('',#605,#597,#607,.T.);
#605 = VERTEX_POINT('',#606);
#606 = CARTESIAN_POINT('',(7.62,93.98,50.8));
#607 = LINE('',#608,#609);
#608 = CARTESIAN_POINT('',(7.62,101.6,50.8));
#609 = VECTOR('',#610,1.);
#610 = DIRECTION('',(5.463695987329E-16,-1.,0.));
#611 = ORIENTED_EDGE('',*,*,#612,.F.);
#612 = EDGE_CURVE('',#613,#605,#615,.T.);
#613 = VERTEX_POINT('',#614);
#614 = CARTESIAN_POINT('',(134.62,93.98,50.8));
#615 = LINE('',#616,#617);
#616 = CARTESIAN_POINT('',(0.,93.98,50.8));
#617 = VECTOR('',#618,1.);
#618 = DIRECTION('',(-1.,2.185478394931E-16,-0.));
#619 = ORIENTED_EDGE('',*,*,#620,.F.);
#620 = EDGE_CURVE('',#621,#613,#623,.T.);
#621 = VERTEX_POINT('',#622);
#622 = CARTESIAN_POINT('',(134.62,220.98,50.8));
#623 = LINE('',#624,#625);
#624 = CARTESIAN_POINT('',(134.62,228.6,50.8));
#625 = VECTOR('',#626,1.);
#626 = DIRECTION('',(0.,-1.,0.));
#627 = ORIENTED_EDGE('',*,*,#628,.F.);
#628 = EDGE_CURVE('',#589,#621,#629,.T.);
#629 = LINE('',#630,#631);
#630 = CARTESIAN_POINT('',(127.,220.98,50.8));
#631 = VECTOR('',#632,1.);
#632 = DIRECTION('',(-1.,0.,0.));
#633 = PLANE('',#634);
#634 = AXIS2_PLACEMENT_3D('',#635,#636,#637);
#635 = CARTESIAN_POINT('',(283.21,-101.6,50.8));
#636 = DIRECTION('',(-0.,0.,1.));
#637 = DIRECTION('',(1.,0.,0.));
#638 = ADVANCED_FACE('',(#639,#659,#679,#699,#719,#739),#764,.T.);
#639 = FACE_BOUND('',#640,.T.);
#640 = EDGE_LOOP('',(#641,#652));
#641 = ORIENTED_EDGE('',*,*,#642,.T.);
#642 = EDGE_CURVE('',#643,#645,#647,.T.);
#643 = VERTEX_POINT('',#644);
#644 = CARTESIAN_POINT('',(7.62,60.05,40.21));
#645 = VERTEX_POINT('',#646);
#646 = CARTESIAN_POINT('',(7.62,63.55,40.21));
#647 = CIRCLE('',#648,1.75);
#648 = AXIS2_PLACEMENT_3D('',#649,#650,#651);
#649 = CARTESIAN_POINT('',(7.62,61.8,40.21));
#650 = DIRECTION('',(-1.,-5.463695987329E-16,0.));
#651 = DIRECTION('',(-5.463695987329E-16,1.,0.));
#652 = ORIENTED_EDGE('',*,*,#653,.T.);
#653 = EDGE_CURVE('',#645,#643,#654,.T.);
#654 = CIRCLE('',#655,1.75);
#655 = AXIS2_PLACEMENT_3D('',#656,#657,#658);
#656 = CARTESIAN_POINT('',(7.62,61.8,40.21));
#657 = DIRECTION('',(-1.,-5.463695987329E-16,0.));
#658 = DIRECTION('',(-5.463695987329E-16,1.,0.));
#659 = FACE_BOUND('',#660,.T.);
#660 = EDGE_LOOP('',(#661,#672));
#661 = ORIENTED_EDGE('',*,*,#662,.T.);
#662 = EDGE_CURVE('',#663,#665,#667,.T.);
#663 = VERTEX_POINT('',#664);
#664 = CARTESIAN_POINT('',(7.62,38.05,18.21));
#665 = VERTEX_POINT('',#666);
#666 = CARTESIAN_POINT('',(7.62,41.55,18.21));
#667 = CIRCLE('',#668,1.75);
#668 = AXIS2_PLACEMENT_3D('',#669,#670,#671);
#669 = CARTESIAN_POINT('',(7.62,39.8,18.21));
#670 = DIRECTION('',(-1.,-5.463695987329E-16,0.));
#671 = DIRECTION('',(-5.463695987329E-16,1.,0.));
#672 = ORIENTED_EDGE('',*,*,#673,.T.);
#673 = EDGE_CURVE('',#665,#663,#674,.T.);
#674 = CIRCLE('',#675,1.75);
#675 = AXIS2_PLACEMENT_3D('',#676,#677,#678);
#676 = CARTESIAN_POINT('',(7.62,39.8,18.21));
#677 = DIRECTION('',(-1.,-5.463695987329E-16,0.));
#678 = DIRECTION('',(-5.463695987329E-16,1.,0.));
#679 = FACE_BOUND('',#680,.T.);
#680 = EDGE_LOOP('',(#681,#692));
#681 = ORIENTED_EDGE('',*,*,#682,.T.);
#682 = EDGE_CURVE('',#683,#685,#687,.T.);
#683 = VERTEX_POINT('',#684);
#684 = CARTESIAN_POINT('',(7.62,40.3,29.21));
#685 = VERTEX_POINT('',#686);
#686 = CARTESIAN_POINT('',(7.62,61.3,29.21));
#687 = CIRCLE('',#688,10.5);
#688 = AXIS2_PLACEMENT_3D('',#689,#690,#691);
#689 = CARTESIAN_POINT('',(7.62,50.8,29.21));
#690 = DIRECTION('',(-1.,-5.463695987329E-16,0.));
#691 = DIRECTION('',(-5.463695987329E-16,1.,0.));
#692 = ORIENTED_EDGE('',*,*,#693,.T.);
#693 = EDGE_CURVE('',#685,#683,#694,.T.);
#694 = CIRCLE('',#695,10.5);
#695 = AXIS2_PLACEMENT_3D('',#696,#697,#698);
#696 = CARTESIAN_POINT('',(7.62,50.8,29.21));
#697 = DIRECTION('',(-1.,-5.463695987329E-16,0.));
#698 = DIRECTION('',(-5.463695987329E-16,1.,0.));
#699 = FACE_BOUND('',#700,.T.);
#700 = EDGE_LOOP('',(#701,#712));
#701 = ORIENTED_EDGE('',*,*,#702,.T.);
#702 = EDGE_CURVE('',#703,#705,#707,.T.);
#703 = VERTEX_POINT('',#704);
#704 = CARTESIAN_POINT('',(7.62,38.05,40.21));
#705 = VERTEX_POINT('',#706);
#706 = CARTESIAN_POINT('',(7.62,41.55,40.21));
#707 = CIRCLE('',#708,1.75);
#708 = AXIS2_PLACEMENT_3D('',#709,#710,#711);
#709 = CARTESIAN_POINT('',(7.62,39.8,40.21));
#710 = DIRECTION('',(-1.,-5.463695987329E-16,0.));
#711 = DIRECTION('',(-5.463695987329E-16,1.,0.));
#712 = ORIENTED_EDGE('',*,*,#713,.T.);
#713 = EDGE_CURVE('',#705,#703,#714,.T.);
#714 = CIRCLE('',#715,1.75);
#715 = AXIS2_PLACEMENT_3D('',#716,#717,#718);
#716 = CARTESIAN_POINT('',(7.62,39.8,40.21));
#717 = DIRECTION('',(-1.,-5.463695987329E-16,0.));
#718 = DIRECTION('',(-5.463695987329E-16,1.,0.));
#719 = FACE_BOUND('',#720,.T.);
#720 = EDGE_LOOP('',(#721,#732));
#721 = ORIENTED_EDGE('',*,*,#722,.T.);
#722 = EDGE_CURVE('',#723,#725,#727,.T.);
#723 = VERTEX_POINT('',#724);
#724 = CARTESIAN_POINT('',(7.62,60.05,18.21));
#725 = VERTEX_POINT('',#726);
#726 = CARTESIAN_POINT('',(7.62,63.55,18.21));
#727 = CIRCLE('',#728,1.75);
#728 = AXIS2_PLACEMENT_3D('',#729,#730,#731);
#729 = CARTESIAN_POINT('',(7.62,61.8,18.21));
#730 = DIRECTION('',(-1.,-5.463695987329E-16,0.));
#731 = DIRECTION('',(-5.463695987329E-16,1.,0.));
#732 = ORIENTED_EDGE('',*,*,#733,.T.);
#733 = EDGE_CURVE('',#725,#723,#734,.T.);
#734 = CIRCLE('',#735,1.75);
#735 = AXIS2_PLACEMENT_3D('',#736,#737,#738);
#736 = CARTESIAN_POINT('',(7.62,61.8,18.21));
#737 = DIRECTION('',(-1.,-5.463695987329E-16,0.));
#738 = DIRECTION('',(-5.463695987329E-16,1.,0.));
#739 = FACE_BOUND('',#740,.T.);
#740 = EDGE_LOOP('',(#741,#751,#757,#758));
#741 = ORIENTED_EDGE('',*,*,#742,.F.);
#742 = EDGE_CURVE('',#743,#745,#747,.T.);
#743 = VERTEX_POINT('',#744);
#744 = CARTESIAN_POINT('',(7.62,93.98,7.62));
#745 = VERTEX_POINT('',#746);
#746 = CARTESIAN_POINT('',(7.62,7.62,7.62));
#747 = LINE('',#748,#749);
#748 = CARTESIAN_POINT('',(7.62,101.6,7.62));
#749 = VECTOR('',#750,1.);
#750 = DIRECTION('',(5.463695987329E-16,-1.,0.));
#751 = ORIENTED_EDGE('',*,*,#752,.F.);
#752 = EDGE_CURVE('',#605,#743,#753,.T.);
#753 = LINE('',#754,#755);
#754 = CARTESIAN_POINT('',(7.62,93.98,50.8));
#755 = VECTOR('',#756,1.);
#756 = DIRECTION('',(0.,0.,-1.));
#757 = ORIENTED_EDGE('',*,*,#604,.T.);
#758 = ORIENTED_EDGE('',*,*,#759,.T.);
#759 = EDGE_CURVE('',#597,#745,#760,.T.);
#760 = LINE('',#761,#762);
#761 = CARTESIAN_POINT('',(7.62,7.62,50.8));
#762 = VECTOR('',#763,1.);
#763 = DIRECTION('',(-0.,0.,-1.));
#764 = PLANE('',#765);
#765 = AXIS2_PLACEMENT_3D('',#766,#767,#768);
#766 = CARTESIAN_POINT('',(7.62,101.6,50.8));
#767 = DIRECTION('',(1.,5.463695987329E-16,-0.));
#768 = DIRECTION('',(-5.463695987329E-16,1.,0.));
#769 = ADVANCED_FACE('',(#770),#788,.F.);
#770 = FACE_BOUND('',#771,.T.);
#771 = EDGE_LOOP('',(#772,#780,#781,#782));
#772 = ORIENTED_EDGE('',*,*,#773,.T.);
#773 = EDGE_CURVE('',#774,#422,#776,.T.);
#774 = VERTEX_POINT('',#775);
#775 = CARTESIAN_POINT('',(127.,101.6,0.));
#776 = LINE('',#777,#778);
#777 = CARTESIAN_POINT('',(0.,101.6,0.));
#778 = VECTOR('',#779,1.);
#779 = DIRECTION('',(-1.,2.185478394931E-16,-0.));
#780 = ORIENTED_EDGE('',*,*,#447,.F.);
#781 = ORIENTED_EDGE('',*,*,#570,.F.);
#782 = ORIENTED_EDGE('',*,*,#783,.T.);
#783 = EDGE_CURVE('',#563,#774,#784,.T.);
#784 = LINE('',#785,#786);
#785 = CARTESIAN_POINT('',(127.,101.6,50.8));
#786 = VECTOR('',#787,1.);
#787 = DIRECTION('',(-0.,-0.,-1.));
#788 = PLANE('',#789);
#789 = AXIS2_PLACEMENT_3D('',#790,#791,#792);
#790 = CARTESIAN_POINT('',(0.,101.6,50.8));
#791 = DIRECTION('',(-2.185478394931E-16,-1.,0.));
#792 = DIRECTION('',(1.,-2.185478394931E-16,0.));
#793 = ADVANCED_FACE('',(#794,#947,#967,#987,#1021,#1041,#1075,#1095,
    #1115,#1135,#1155,#1175),#1195,.T.);
#794 = FACE_BOUND('',#795,.T.);
#795 = EDGE_LOOP('',(#796,#806,#814,#822,#830,#838,#846,#854,#862,#870,
    #878,#886,#894,#902,#910,#918,#926,#934,#940,#941));
#796 = ORIENTED_EDGE('',*,*,#797,.T.);
#797 = EDGE_CURVE('',#798,#800,#802,.T.);
#798 = VERTEX_POINT('',#799);
#799 = CARTESIAN_POINT('',(220.98,7.62,7.62));
#800 = VERTEX_POINT('',#801);
#801 = CARTESIAN_POINT('',(220.98,10.16,7.62));
#802 = LINE('',#803,#804);
#803 = CARTESIAN_POINT('',(220.98,228.6,7.62));
#804 = VECTOR('',#805,1.);
#805 = DIRECTION('',(-6.070773319254E-17,1.,-0.));
#806 = ORIENTED_EDGE('',*,*,#807,.T.);
#807 = EDGE_CURVE('',#800,#808,#810,.T.);
#808 = VERTEX_POINT('',#809);
#809 = CARTESIAN_POINT('',(220.98,20.32,7.62));
#810 = LINE('',#811,#812);
#811 = CARTESIAN_POINT('',(220.98,228.6,7.62));
#812 = VECTOR('',#813,1.);
#813 = DIRECTION('',(-6.070773319254E-17,1.,-0.));
#814 = ORIENTED_EDGE('',*,*,#815,.T.);
#815 = EDGE_CURVE('',#808,#816,#818,.T.);
#816 = VERTEX_POINT('',#817);
#817 = CARTESIAN_POINT('',(220.98,30.48,7.62));
#818 = LINE('',#819,#820);
#819 = CARTESIAN_POINT('',(220.98,228.6,7.62));
#820 = VECTOR('',#821,1.);
#821 = DIRECTION('',(-6.070773319254E-17,1.,-0.));
#822 = ORIENTED_EDGE('',*,*,#823,.T.);
#823 = EDGE_CURVE('',#816,#824,#826,.T.);
#824 = VERTEX_POINT('',#825);
#825 = CARTESIAN_POINT('',(220.98,40.64,7.62));
#826 = LINE('',#827,#828);
#827 = CARTESIAN_POINT('',(220.98,228.6,7.62));
#828 = VECTOR('',#829,1.);
#829 = DIRECTION('',(-6.070773319254E-17,1.,-0.));
#830 = ORIENTED_EDGE('',*,*,#831,.T.);
#831 = EDGE_CURVE('',#824,#832,#834,.T.);
#832 = VERTEX_POINT('',#833);
#833 = CARTESIAN_POINT('',(220.98,50.8,7.62));
#834 = LINE('',#835,#836);
#835 = CARTESIAN_POINT('',(220.98,228.6,7.62));
#836 = VECTOR('',#837,1.);
#837 = DIRECTION('',(-6.070773319254E-17,1.,-0.));
#838 = ORIENTED_EDGE('',*,*,#839,.T.);
#839 = EDGE_CURVE('',#832,#840,#842,.T.);
#840 = VERTEX_POINT('',#841);
#841 = CARTESIAN_POINT('',(220.98,60.96,7.62));
#842 = LINE('',#843,#844);
#843 = CARTESIAN_POINT('',(220.98,228.6,7.62));
#844 = VECTOR('',#845,1.);
#845 = DIRECTION('',(-6.070773319254E-17,1.,-0.));
#846 = ORIENTED_EDGE('',*,*,#847,.T.);
#847 = EDGE_CURVE('',#840,#848,#850,.T.);
#848 = VERTEX_POINT('',#849);
#849 = CARTESIAN_POINT('',(220.98,71.12,7.62));
#850 = LINE('',#851,#852);
#851 = CARTESIAN_POINT('',(220.98,228.6,7.62));
#852 = VECTOR('',#853,1.);
#853 = DIRECTION('',(-6.070773319254E-17,1.,-0.));
#854 = ORIENTED_EDGE('',*,*,#855,.T.);
#855 = EDGE_CURVE('',#848,#856,#858,.T.);
#856 = VERTEX_POINT('',#857);
#857 = CARTESIAN_POINT('',(220.98,81.28,7.62));
#858 = LINE('',#859,#860);
#859 = CARTESIAN_POINT('',(220.98,228.6,7.62));
#860 = VECTOR('',#861,1.);
#861 = DIRECTION('',(-6.070773319254E-17,1.,-0.));
#862 = ORIENTED_EDGE('',*,*,#863,.T.);
#863 = EDGE_CURVE('',#856,#864,#866,.T.);
#864 = VERTEX_POINT('',#865);
#865 = CARTESIAN_POINT('',(220.98,162.56,7.62));
#866 = LINE('',#867,#868);
#867 = CARTESIAN_POINT('',(220.98,228.6,7.62));
#868 = VECTOR('',#869,1.);
#869 = DIRECTION('',(-6.070773319254E-17,1.,-0.));
#870 = ORIENTED_EDGE('',*,*,#871,.T.);
#871 = EDGE_CURVE('',#864,#872,#874,.T.);
#872 = VERTEX_POINT('',#873);
#873 = CARTESIAN_POINT('',(220.98,172.72,7.62));
#874 = LINE('',#875,#876);
#875 = CARTESIAN_POINT('',(220.98,228.6,7.62));
#876 = VECTOR('',#877,1.);
#877 = DIRECTION('',(-6.070773319254E-17,1.,-0.));
#878 = ORIENTED_EDGE('',*,*,#879,.T.);
#879 = EDGE_CURVE('',#872,#880,#882,.T.);
#880 = VERTEX_POINT('',#881);
#881 = CARTESIAN_POINT('',(220.98,182.88,7.62));
#882 = LINE('',#883,#884);
#883 = CARTESIAN_POINT('',(220.98,228.6,7.62));
#884 = VECTOR('',#885,1.);
#885 = DIRECTION('',(-6.070773319254E-17,1.,-0.));
#886 = ORIENTED_EDGE('',*,*,#887,.T.);
#887 = EDGE_CURVE('',#880,#888,#890,.T.);
#888 = VERTEX_POINT('',#889);
#889 = CARTESIAN_POINT('',(220.98,193.04,7.62));
#890 = LINE('',#891,#892);
#891 = CARTESIAN_POINT('',(220.98,228.6,7.62));
#892 = VECTOR('',#893,1.);
#893 = DIRECTION('',(-6.070773319254E-17,1.,-0.));
#894 = ORIENTED_EDGE('',*,*,#895,.T.);
#895 = EDGE_CURVE('',#888,#896,#898,.T.);
#896 = VERTEX_POINT('',#897);
#897 = CARTESIAN_POINT('',(220.98,203.2,7.62));
#898 = LINE('',#899,#900);
#899 = CARTESIAN_POINT('',(220.98,228.6,7.62));
#900 = VECTOR('',#901,1.);
#901 = DIRECTION('',(-6.070773319254E-17,1.,-0.));
#902 = ORIENTED_EDGE('',*,*,#903,.T.);
#903 = EDGE_CURVE('',#896,#904,#906,.T.);
#904 = VERTEX_POINT('',#905);
#905 = CARTESIAN_POINT('',(220.98,213.36,7.62));
#906 = LINE('',#907,#908);
#907 = CARTESIAN_POINT('',(220.98,228.6,7.62));
#908 = VECTOR('',#909,1.);
#909 = DIRECTION('',(-6.070773319254E-17,1.,-0.));
#910 = ORIENTED_EDGE('',*,*,#911,.T.);
#911 = EDGE_CURVE('',#904,#912,#914,.T.);
#912 = VERTEX_POINT('',#913);
#913 = CARTESIAN_POINT('',(220.98,220.98,7.62));
#914 = LINE('',#915,#916);
#915 = CARTESIAN_POINT('',(220.98,228.6,7.62));
#916 = VECTOR('',#917,1.);
#917 = DIRECTION('',(-6.070773319254E-17,1.,-0.));
#918 = ORIENTED_EDGE('',*,*,#919,.T.);
#919 = EDGE_CURVE('',#912,#920,#922,.T.);
#920 = VERTEX_POINT('',#921);
#921 = CARTESIAN_POINT('',(134.62,220.98,7.62));
#922 = LINE('',#923,#924);
#923 = CARTESIAN_POINT('',(127.,220.98,7.62));
#924 = VECTOR('',#925,1.);
#925 = DIRECTION('',(-1.,0.,0.));
#926 = ORIENTED_EDGE('',*,*,#927,.T.);
#927 = EDGE_CURVE('',#920,#928,#930,.T.);
#928 = VERTEX_POINT('',#929);
#929 = CARTESIAN_POINT('',(134.62,93.98,7.62));
#930 = LINE('',#931,#932);
#931 = CARTESIAN_POINT('',(134.62,228.6,7.62));
#932 = VECTOR('',#933,1.);
#933 = DIRECTION('',(0.,-1.,0.));
#934 = ORIENTED_EDGE('',*,*,#935,.T.);
#935 = EDGE_CURVE('',#928,#743,#936,.T.);
#936 = LINE('',#937,#938);
#937 = CARTESIAN_POINT('',(0.,93.98,7.62));
#938 = VECTOR('',#939,1.);
#939 = DIRECTION('',(-1.,2.185478394931E-16,-0.));
#940 = ORIENTED_EDGE('',*,*,#742,.T.);
#941 = ORIENTED_EDGE('',*,*,#942,.T.);
#942 = EDGE_CURVE('',#745,#798,#943,.T.);
#943 = LINE('',#944,#945);
#944 = CARTESIAN_POINT('',(5.684341886081E-14,7.62,7.62));
#945 = VECTOR('',#946,1.);
#946 = DIRECTION('',(1.,-0.,0.));
#947 = FACE_BOUND('',#948,.T.);
#948 = EDGE_LOOP('',(#949,#960));
#949 = ORIENTED_EDGE('',*,*,#950,.F.);
#950 = EDGE_CURVE('',#951,#953,#955,.T.);
#951 = VERTEX_POINT('',#952);
#952 = CARTESIAN_POINT('',(17.0815,13.97,7.62));
#953 = VERTEX_POINT('',#954);
#954 = CARTESIAN_POINT('',(10.8585,13.97,7.62));
#955 = CIRCLE('',#956,3.1115);
#956 = AXIS2_PLACEMENT_3D('',#957,#958,#959);
#957 = CARTESIAN_POINT('',(13.97,13.97,7.62));
#958 = DIRECTION('',(0.,0.,1.));
#959 = DIRECTION('',(1.,0.,-0.));
#960 = ORIENTED_EDGE('',*,*,#961,.F.);
#961 = EDGE_CURVE('',#953,#951,#962,.T.);
#962 = CIRCLE('',#963,3.1115);
#963 = AXIS2_PLACEMENT_3D('',#964,#965,#966);
#964 = CARTESIAN_POINT('',(13.97,13.97,7.62));
#965 = DIRECTION('',(0.,0.,1.));
#966 = DIRECTION('',(1.,0.,-0.));
#967 = FACE_BOUND('',#968,.T.);
#968 = EDGE_LOOP('',(#969,#980));
#969 = ORIENTED_EDGE('',*,*,#970,.F.);
#970 = EDGE_CURVE('',#971,#973,#975,.T.);
#971 = VERTEX_POINT('',#972);
#972 = CARTESIAN_POINT('',(17.0815,87.63,7.62));
#973 = VERTEX_POINT('',#974);
#974 = CARTESIAN_POINT('',(10.8585,87.63,7.62));
#975 = CIRCLE('',#976,3.1115);
#976 = AXIS2_PLACEMENT_3D('',#977,#978,#979);
#977 = CARTESIAN_POINT('',(13.97,87.63,7.62));
#978 = DIRECTION('',(0.,0.,1.));
#979 = DIRECTION('',(1.,0.,-0.));
#980 = ORIENTED_EDGE('',*,*,#981,.F.);
#981 = EDGE_CURVE('',#973,#971,#982,.T.);
#982 = CIRCLE('',#983,3.1115);
#983 = AXIS2_PLACEMENT_3D('',#984,#985,#986);
#984 = CARTESIAN_POINT('',(13.97,87.63,7.62));
#985 = DIRECTION('',(0.,0.,1.));
#986 = DIRECTION('',(1.,0.,-0.));
#987 = FACE_BOUND('',#988,.T.);
#988 = EDGE_LOOP('',(#989,#999,#1007,#1015));
#989 = ORIENTED_EDGE('',*,*,#990,.T.);
#990 = EDGE_CURVE('',#991,#993,#995,.T.);
#991 = VERTEX_POINT('',#992);
#992 = CARTESIAN_POINT('',(122.,41.,7.62));
#993 = VERTEX_POINT('',#994);
#994 = CARTESIAN_POINT('',(62.,41.,7.62));
#995 = LINE('',#996,#997);
#996 = CARTESIAN_POINT('',(172.605,41.,7.62));
#997 = VECTOR('',#998,1.);
#998 = DIRECTION('',(-1.,0.,0.));
#999 = ORIENTED_EDGE('',*,*,#1000,.T.);
#1000 = EDGE_CURVE('',#993,#1001,#1003,.T.);
#1001 = VERTEX_POINT('',#1002);
#1002 = CARTESIAN_POINT('',(62.,91.,7.62));
#1003 = LINE('',#1004,#1005);
#1004 = CARTESIAN_POINT('',(62.,-30.3,7.62));
#1005 = VECTOR('',#1006,1.);
#1006 = DIRECTION('',(-0.,1.,-0.));
#1007 = ORIENTED_EDGE('',*,*,#1008,.F.);
#1008 = EDGE_CURVE('',#1009,#1001,#1011,.T.);
#1009 = VERTEX_POINT('',#1010);
#1010 = CARTESIAN_POINT('',(122.,91.,7.62));
#1011 = LINE('',#1012,#1013);
#1012 = CARTESIAN_POINT('',(172.605,91.,7.62));
#1013 = VECTOR('',#1014,1.);
#1014 = DIRECTION('',(-1.,0.,0.));
#1015 = ORIENTED_EDGE('',*,*,#1016,.F.);
#1016 = EDGE_CURVE('',#991,#1009,#1017,.T.);
#1017 = LINE('',#1018,#1019);
#1018 = CARTESIAN_POINT('',(122.,-30.3,7.62));
#1019 = VECTOR('',#1020,1.);
#1020 = DIRECTION('',(-0.,1.,-0.));
#1021 = FACE_BOUND('',#1022,.T.);
#1022 = EDGE_LOOP('',(#1023,#1034));
#1023 = ORIENTED_EDGE('',*,*,#1024,.F.);
#1024 = EDGE_CURVE('',#1025,#1027,#1029,.T.);
#1025 = VERTEX_POINT('',#1026);
#1026 = CARTESIAN_POINT('',(217.7415,13.97,7.62));
#1027 = VERTEX_POINT('',#1028);
#1028 = CARTESIAN_POINT('',(211.5185,13.97,7.62));
#1029 = CIRCLE('',#1030,3.1115);
#1030 = AXIS2_PLACEMENT_3D('',#1031,#1032,#1033);
#1031 = CARTESIAN_POINT('',(214.63,13.97,7.62));
#1032 = DIRECTION('',(0.,0.,1.));
#1033 = DIRECTION('',(1.,0.,-0.));
#1034 = ORIENTED_EDGE('',*,*,#1035,.F.);
#1035 = EDGE_CURVE('',#1027,#1025,#1036,.T.);
#1036 = CIRCLE('',#1037,3.1115);
#1037 = AXIS2_PLACEMENT_3D('',#1038,#1039,#1040);
#1038 = CARTESIAN_POINT('',(214.63,13.97,7.62));
#1039 = DIRECTION('',(0.,0.,1.));
#1040 = DIRECTION('',(1.,0.,-0.));
#1041 = FACE_BOUND('',#1042,.T.);
#1042 = EDGE_LOOP('',(#1043,#1053,#1061,#1069));
#1043 = ORIENTED_EDGE('',*,*,#1044,.T.);
#1044 = EDGE_CURVE('',#1045,#1047,#1049,.T.);
#1045 = VERTEX_POINT('',#1046);
#1046 = CARTESIAN_POINT('',(197.,11.,7.62));
#1047 = VERTEX_POINT('',#1048);
#1048 = CARTESIAN_POINT('',(157.,11.,7.62));
#1049 = LINE('',#1050,#1051);
#1050 = CARTESIAN_POINT('',(220.105,11.,7.62));
#1051 = VECTOR('',#1052,1.);
#1052 = DIRECTION('',(-1.,0.,0.));
#1053 = ORIENTED_EDGE('',*,*,#1054,.T.);
#1054 = EDGE_CURVE('',#1047,#1055,#1057,.T.);
#1055 = VERTEX_POINT('',#1056);
#1056 = CARTESIAN_POINT('',(157.,79.,7.62));
#1057 = LINE('',#1058,#1059);
#1058 = CARTESIAN_POINT('',(157.,-45.3,7.62));
#1059 = VECTOR('',#1060,1.);
#1060 = DIRECTION('',(-0.,1.,-0.));
#1061 = ORIENTED_EDGE('',*,*,#1062,.F.);
#1062 = EDGE_CURVE('',#1063,#1055,#1065,.T.);
#1063 = VERTEX_POINT('',#1064);
#1064 = CARTESIAN_POINT('',(197.,79.,7.62));
#1065 = LINE('',#1066,#1067);
#1066 = CARTESIAN_POINT('',(220.105,79.,7.62));
#1067 = VECTOR('',#1068,1.);
#1068 = DIRECTION('',(-1.,0.,0.));
#1069 = ORIENTED_EDGE('',*,*,#1070,.F.);
#1070 = EDGE_CURVE('',#1045,#1063,#1071,.T.);
#1071 = LINE('',#1072,#1073);
#1072 = CARTESIAN_POINT('',(197.,-45.3,7.62));
#1073 = VECTOR('',#1074,1.);
#1074 = DIRECTION('',(-0.,1.,-0.));
#1075 = FACE_BOUND('',#1076,.T.);
#1076 = EDGE_LOOP('',(#1077,#1088));
#1077 = ORIENTED_EDGE('',*,*,#1078,.F.);
#1078 = EDGE_CURVE('',#1079,#1081,#1083,.T.);
#1079 = VERTEX_POINT('',#1080);
#1080 = CARTESIAN_POINT('',(160.401,94.742,7.62));
#1081 = VERTEX_POINT('',#1082);
#1082 = CARTESIAN_POINT('',(166.751,94.742,7.62));
#1083 = CIRCLE('',#1084,3.175);
#1084 = AXIS2_PLACEMENT_3D('',#1085,#1086,#1087);
#1085 = CARTESIAN_POINT('',(163.576,94.742,7.62));
#1086 = DIRECTION('',(0.,0.,1.));
#1087 = DIRECTION('',(1.,0.,-0.));
#1088 = ORIENTED_EDGE('',*,*,#1089,.F.);
#1089 = EDGE_CURVE('',#1081,#1079,#1090,.T.);
#1090 = CIRCLE('',#1091,3.175);
#1091 = AXIS2_PLACEMENT_3D('',#1092,#1093,#1094);
#1092 = CARTESIAN_POINT('',(163.576,94.742,7.62));
#1093 = DIRECTION('',(0.,0.,1.));
#1094 = DIRECTION('',(1.,0.,-0.));
#1095 = FACE_BOUND('',#1096,.T.);
#1096 = EDGE_LOOP('',(#1097,#1108));
#1097 = ORIENTED_EDGE('',*,*,#1098,.F.);
#1098 = EDGE_CURVE('',#1099,#1101,#1103,.T.);
#1099 = VERTEX_POINT('',#1100);
#1100 = CARTESIAN_POINT('',(208.915,94.742,7.62));
#1101 = VERTEX_POINT('',#1102);
#1102 = CARTESIAN_POINT('',(215.265,94.742,7.62));
#1103 = CIRCLE('',#1104,3.175);
#1104 = AXIS2_PLACEMENT_3D('',#1105,#1106,#1107);
#1105 = CARTESIAN_POINT('',(212.09,94.742,7.62));
#1106 = DIRECTION('',(0.,0.,1.));
#1107 = DIRECTION('',(1.,0.,-0.));
#1108 = ORIENTED_EDGE('',*,*,#1109,.F.);
#1109 = EDGE_CURVE('',#1101,#1099,#1110,.T.);
#1110 = CIRCLE('',#1111,3.175);
#1111 = AXIS2_PLACEMENT_3D('',#1112,#1113,#1114);
#1112 = CARTESIAN_POINT('',(212.09,94.742,7.62));
#1113 = DIRECTION('',(0.,0.,1.));
#1114 = DIRECTION('',(1.,0.,-0.));
#1115 = FACE_BOUND('',#1116,.T.);
#1116 = EDGE_LOOP('',(#1117,#1128));
#1117 = ORIENTED_EDGE('',*,*,#1118,.F.);
#1118 = EDGE_CURVE('',#1119,#1121,#1123,.T.);
#1119 = VERTEX_POINT('',#1120);
#1120 = CARTESIAN_POINT('',(160.401,152.4,7.62));
#1121 = VERTEX_POINT('',#1122);
#1122 = CARTESIAN_POINT('',(166.751,152.4,7.62));
#1123 = CIRCLE('',#1124,3.175);
#1124 = AXIS2_PLACEMENT_3D('',#1125,#1126,#1127);
#1125 = CARTESIAN_POINT('',(163.576,152.4,7.62));
#1126 = DIRECTION('',(0.,0.,1.));
#1127 = DIRECTION('',(1.,0.,-0.));
#1128 = ORIENTED_EDGE('',*,*,#1129,.F.);
#1129 = EDGE_CURVE('',#1121,#1119,#1130,.T.);
#1130 = CIRCLE('',#1131,3.175);
#1131 = AXIS2_PLACEMENT_3D('',#1132,#1133,#1134);
#1132 = CARTESIAN_POINT('',(163.576,152.4,7.62));
#1133 = DIRECTION('',(0.,0.,1.));
#1134 = DIRECTION('',(1.,0.,-0.));
#1135 = FACE_BOUND('',#1136,.T.);
#1136 = EDGE_LOOP('',(#1137,#1148));
#1137 = ORIENTED_EDGE('',*,*,#1138,.F.);
#1138 = EDGE_CURVE('',#1139,#1141,#1143,.T.);
#1139 = VERTEX_POINT('',#1140);
#1140 = CARTESIAN_POINT('',(208.915,152.4,7.62));
#1141 = VERTEX_POINT('',#1142);
#1142 = CARTESIAN_POINT('',(215.265,152.4,7.62));
#1143 = CIRCLE('',#1144,3.175);
#1144 = AXIS2_PLACEMENT_3D('',#1145,#1146,#1147);
#1145 = CARTESIAN_POINT('',(212.09,152.4,7.62));
#1146 = DIRECTION('',(0.,0.,1.));
#1147 = DIRECTION('',(1.,0.,-0.));
#1148 = ORIENTED_EDGE('',*,*,#1149,.F.);
#1149 = EDGE_CURVE('',#1141,#1139,#1150,.T.);
#1150 = CIRCLE('',#1151,3.175);
#1151 = AXIS2_PLACEMENT_3D('',#1152,#1153,#1154);
#1152 = CARTESIAN_POINT('',(212.09,152.4,7.62));
#1153 = DIRECTION('',(0.,0.,1.));
#1154 = DIRECTION('',(1.,0.,-0.));
#1155 = FACE_BOUND('',#1156,.T.);
#1156 = EDGE_LOOP('',(#1157,#1168));
#1157 = ORIENTED_EDGE('',*,*,#1158,.F.);
#1158 = EDGE_CURVE('',#1159,#1161,#1163,.T.);
#1159 = VERTEX_POINT('',#1160);
#1160 = CARTESIAN_POINT('',(144.0815,214.63,7.62));
#1161 = VERTEX_POINT('',#1162);
#1162 = CARTESIAN_POINT('',(137.8585,214.63,7.62));
#1163 = CIRCLE('',#1164,3.1115);
#1164 = AXIS2_PLACEMENT_3D('',#1165,#1166,#1167);
#1165 = CARTESIAN_POINT('',(140.97,214.63,7.62));
#1166 = DIRECTION('',(0.,0.,1.));
#1167 = DIRECTION('',(1.,0.,-0.));
#1168 = ORIENTED_EDGE('',*,*,#1169,.F.);
#1169 = EDGE_CURVE('',#1161,#1159,#1170,.T.);
#1170 = CIRCLE('',#1171,3.1115);
#1171 = AXIS2_PLACEMENT_3D('',#1172,#1173,#1174);
#1172 = CARTESIAN_POINT('',(140.97,214.63,7.62));
#1173 = DIRECTION('',(0.,0.,1.));
#1174 = DIRECTION('',(1.,0.,-0.));
#1175 = FACE_BOUND('',#1176,.T.);
#1176 = EDGE_LOOP('',(#1177,#1188));
#1177 = ORIENTED_EDGE('',*,*,#1178,.F.);
#1178 = EDGE_CURVE('',#1179,#1181,#1183,.T.);
#1179 = VERTEX_POINT('',#1180);
#1180 = CARTESIAN_POINT('',(217.7415,214.63,7.62));
#1181 = VERTEX_POINT('',#1182);
#1182 = CARTESIAN_POINT('',(211.5185,214.63,7.62));
#1183 = CIRCLE('',#1184,3.1115);
#1184 = AXIS2_PLACEMENT_3D('',#1185,#1186,#1187);
#1185 = CARTESIAN_POINT('',(214.63,214.63,7.62));
#1186 = DIRECTION('',(0.,0.,1.));
#1187 = DIRECTION('',(1.,0.,-0.));
#1188 = ORIENTED_EDGE('',*,*,#1189,.F.);
#1189 = EDGE_CURVE('',#1181,#1179,#1190,.T.);
#1190 = CIRCLE('',#1191,3.1115);
#1191 = AXIS2_PLACEMENT_3D('',#1192,#1193,#1194);
#1192 = CARTESIAN_POINT('',(214.63,214.63,7.62));
#1193 = DIRECTION('',(0.,0.,1.));
#1194 = DIRECTION('',(1.,0.,-0.));
#1195 = PLANE('',#1196);
#1196 = AXIS2_PLACEMENT_3D('',#1197,#1198,#1199);
#1197 = CARTESIAN_POINT('',(283.21,-101.6,7.62));
#1198 = DIRECTION('',(-0.,0.,1.));
#1199 = DIRECTION('',(1.,0.,0.));
#1200 = ADVANCED_FACE('',(#1201),#1212,.T.);
#1201 = FACE_BOUND('',#1202,.T.);
#1202 = EDGE_LOOP('',(#1203,#1204,#1210,#1211));
#1203 = ORIENTED_EDGE('',*,*,#935,.F.);
#1204 = ORIENTED_EDGE('',*,*,#1205,.F.);
#1205 = EDGE_CURVE('',#613,#928,#1206,.T.);
#1206 = LINE('',#1207,#1208);
#1207 = CARTESIAN_POINT('',(134.62,93.98,50.8));
#1208 = VECTOR('',#1209,1.);
#1209 = DIRECTION('',(0.,0.,-1.));
#1210 = ORIENTED_EDGE('',*,*,#612,.T.);
#1211 = ORIENTED_EDGE('',*,*,#752,.T.);
#1212 = PLANE('',#1213);
#1213 = AXIS2_PLACEMENT_3D('',#1214,#1215,#1216);
#1214 = CARTESIAN_POINT('',(0.,93.98,50.8));
#1215 = DIRECTION('',(-2.185478394931E-16,-1.,0.));
#1216 = DIRECTION('',(1.,-2.185478394931E-16,0.));
#1217 = ADVANCED_FACE('',(#1218,#1238,#1258),#1301,.T.);
#1218 = FACE_BOUND('',#1219,.T.);
#1219 = EDGE_LOOP('',(#1220,#1231));
#1220 = ORIENTED_EDGE('',*,*,#1221,.T.);
#1221 = EDGE_CURVE('',#1222,#1224,#1226,.T.);
#1222 = VERTEX_POINT('',#1223);
#1223 = CARTESIAN_POINT('',(29.21,7.62,12.7));
#1224 = VERTEX_POINT('',#1225);
#1225 = CARTESIAN_POINT('',(29.21,7.62,38.1));
#1226 = CIRCLE('',#1227,12.7);
#1227 = AXIS2_PLACEMENT_3D('',#1228,#1229,#1230);
#1228 = CARTESIAN_POINT('',(29.21,7.62,25.4));
#1229 = DIRECTION('',(0.,-1.,0.));
#1230 = DIRECTION('',(0.,0.,-1.));
#1231 = ORIENTED_EDGE('',*,*,#1232,.T.);
#1232 = EDGE_CURVE('',#1224,#1222,#1233,.T.);
#1233 = CIRCLE('',#1234,12.7);
#1234 = AXIS2_PLACEMENT_3D('',#1235,#1236,#1237);
#1235 = CARTESIAN_POINT('',(29.21,7.62,25.4));
#1236 = DIRECTION('',(0.,-1.,0.));
#1237 = DIRECTION('',(0.,0.,-1.));
#1238 = FACE_BOUND('',#1239,.T.);
#1239 = EDGE_LOOP('',(#1240,#1251));
#1240 = ORIENTED_EDGE('',*,*,#1241,.T.);
#1241 = EDGE_CURVE('',#1242,#1244,#1246,.T.);
#1242 = VERTEX_POINT('',#1243);
#1243 = CARTESIAN_POINT('',(72.39,7.62,12.7));
#1244 = VERTEX_POINT('',#1245);
#1245 = CARTESIAN_POINT('',(72.39,7.62,38.1));
#1246 = CIRCLE('',#1247,12.7);
#1247 = AXIS2_PLACEMENT_3D('',#1248,#1249,#1250);
#1248 = CARTESIAN_POINT('',(72.39,7.62,25.4));
#1249 = DIRECTION('',(0.,-1.,0.));
#1250 = DIRECTION('',(0.,0.,-1.));
#1251 = ORIENTED_EDGE('',*,*,#1252,.T.);
#1252 = EDGE_CURVE('',#1244,#1242,#1253,.T.);
#1253 = CIRCLE('',#1254,12.7);
#1254 = AXIS2_PLACEMENT_3D('',#1255,#1256,#1257);
#1255 = CARTESIAN_POINT('',(72.39,7.62,25.4));
#1256 = DIRECTION('',(0.,-1.,0.));
#1257 = DIRECTION('',(0.,0.,-1.));
#1258 = FACE_BOUND('',#1259,.T.);
#1259 = EDGE_LOOP('',(#1260,#1261,#1262,#1263,#1271,#1279,#1287,#1295));
#1260 = ORIENTED_EDGE('',*,*,#942,.F.);
#1261 = ORIENTED_EDGE('',*,*,#759,.F.);
#1262 = ORIENTED_EDGE('',*,*,#596,.T.);
#1263 = ORIENTED_EDGE('',*,*,#1264,.T.);
#1264 = EDGE_CURVE('',#587,#1265,#1267,.T.);
#1265 = VERTEX_POINT('',#1266);
#1266 = CARTESIAN_POINT('',(220.98,7.62,40.639999999998));
#1267 = LINE('',#1268,#1269);
#1268 = CARTESIAN_POINT('',(220.98,7.62,50.8));
#1269 = VECTOR('',#1270,1.);
#1270 = DIRECTION('',(0.,0.,-1.));
#1271 = ORIENTED_EDGE('',*,*,#1272,.T.);
#1272 = EDGE_CURVE('',#1265,#1273,#1275,.T.);
#1273 = VERTEX_POINT('',#1274);
#1274 = CARTESIAN_POINT('',(220.98,7.62,30.479999999998));
#1275 = LINE('',#1276,#1277);
#1276 = CARTESIAN_POINT('',(220.98,7.62,50.8));
#1277 = VECTOR('',#1278,1.);
#1278 = DIRECTION('',(0.,0.,-1.));
#1279 = ORIENTED_EDGE('',*,*,#1280,.T.);
#1280 = EDGE_CURVE('',#1273,#1281,#1283,.T.);
#1281 = VERTEX_POINT('',#1282);
#1282 = CARTESIAN_POINT('',(220.98,7.62,20.319999999998));
#1283 = LINE('',#1284,#1285);
#1284 = CARTESIAN_POINT('',(220.98,7.62,50.8));
#1285 = VECTOR('',#1286,1.);
#1286 = DIRECTION('',(0.,0.,-1.));
#1287 = ORIENTED_EDGE('',*,*,#1288,.T.);
#1288 = EDGE_CURVE('',#1281,#1289,#1291,.T.);
#1289 = VERTEX_POINT('',#1290);
#1290 = CARTESIAN_POINT('',(220.98,7.62,10.159999999998));
#1291 = LINE('',#1292,#1293);
#1292 = CARTESIAN_POINT('',(220.98,7.62,50.8));
#1293 = VECTOR('',#1294,1.);
#1294 = DIRECTION('',(0.,0.,-1.));
#1295 = ORIENTED_EDGE('',*,*,#1296,.T.);
#1296 = EDGE_CURVE('',#1289,#798,#1297,.T.);
#1297 = LINE('',#1298,#1299);
#1298 = CARTESIAN_POINT('',(220.98,7.62,50.8));
#1299 = VECTOR('',#1300,1.);
#1300 = DIRECTION('',(0.,0.,-1.));
#1301 = PLANE('',#1302);
#1302 = AXIS2_PLACEMENT_3D('',#1303,#1304,#1305);
#1303 = CARTESIAN_POINT('',(5.684341886081E-14,7.62,50.8));
#1304 = DIRECTION('',(0.,1.,0.));
#1305 = DIRECTION('',(0.,-0.,1.));
#1306 = ADVANCED_FACE('',(#1307),#1325,.F.);
#1307 = FACE_BOUND('',#1308,.T.);
#1308 = EDGE_LOOP('',(#1309,#1310,#1318,#1324));
#1309 = ORIENTED_EDGE('',*,*,#562,.F.);
#1310 = ORIENTED_EDGE('',*,*,#1311,.F.);
#1311 = EDGE_CURVE('',#1312,#553,#1314,.T.);
#1312 = VERTEX_POINT('',#1313);
#1313 = CARTESIAN_POINT('',(127.,223.52,0.));
#1314 = LINE('',#1315,#1316);
#1315 = CARTESIAN_POINT('',(127.,223.52,0.));
#1316 = VECTOR('',#1317,1.);
#1317 = DIRECTION('',(-0.,-0.,1.));
#1318 = ORIENTED_EDGE('',*,*,#1319,.T.);
#1319 = EDGE_CURVE('',#1312,#774,#1320,.T.);
#1320 = LINE('',#1321,#1322);
#1321 = CARTESIAN_POINT('',(127.,228.6,0.));
#1322 = VECTOR('',#1323,1.);
#1323 = DIRECTION('',(0.,-1.,0.));
#1324 = ORIENTED_EDGE('',*,*,#783,.F.);
#1325 = PLANE('',#1326);
#1326 = AXIS2_PLACEMENT_3D('',#1327,#1328,#1329);
#1327 = CARTESIAN_POINT('',(127.,228.6,50.8));
#1328 = DIRECTION('',(1.,0.,-0.));
#1329 = DIRECTION('',(-0.,0.,-1.));
#1330 = ADVANCED_FACE('',(#1331,#1351,#1371,#1391),#1409,.F.);
#1331 = FACE_BOUND('',#1332,.T.);
#1332 = EDGE_LOOP('',(#1333,#1344));
#1333 = ORIENTED_EDGE('',*,*,#1334,.F.);
#1334 = EDGE_CURVE('',#1335,#1337,#1339,.T.);
#1335 = VERTEX_POINT('',#1336);
#1336 = CARTESIAN_POINT('',(152.4,223.52,41.275));
#1337 = VERTEX_POINT('',#1338);
#1338 = CARTESIAN_POINT('',(152.4,223.52,34.925));
#1339 = CIRCLE('',#1340,3.175);
#1340 = AXIS2_PLACEMENT_3D('',#1341,#1342,#1343);
#1341 = CARTESIAN_POINT('',(152.4,223.52,38.1));
#1342 = DIRECTION('',(0.,1.,0.));
#1343 = DIRECTION('',(0.,-0.,1.));
#1344 = ORIENTED_EDGE('',*,*,#1345,.F.);
#1345 = EDGE_CURVE('',#1337,#1335,#1346,.T.);
#1346 = CIRCLE('',#1347,3.175);
#1347 = AXIS2_PLACEMENT_3D('',#1348,#1349,#1350);
#1348 = CARTESIAN_POINT('',(152.4,223.52,38.1));
#1349 = DIRECTION('',(0.,1.,0.));
#1350 = DIRECTION('',(0.,-0.,1.));
#1351 = FACE_BOUND('',#1352,.T.);
#1352 = EDGE_LOOP('',(#1353,#1364));
#1353 = ORIENTED_EDGE('',*,*,#1354,.F.);
#1354 = EDGE_CURVE('',#1355,#1357,#1359,.T.);
#1355 = VERTEX_POINT('',#1356);
#1356 = CARTESIAN_POINT('',(152.4,223.52,15.875));
#1357 = VERTEX_POINT('',#1358);
#1358 = CARTESIAN_POINT('',(152.4,223.52,9.525));
#1359 = CIRCLE('',#1360,3.175);
#1360 = AXIS2_PLACEMENT_3D('',#1361,#1362,#1363);
#1361 = CARTESIAN_POINT('',(152.4,223.52,12.7));
#1362 = DIRECTION('',(0.,1.,0.));
#1363 = DIRECTION('',(0.,-0.,1.));
#1364 = ORIENTED_EDGE('',*,*,#1365,.F.);
#1365 = EDGE_CURVE('',#1357,#1355,#1366,.T.);
#1366 = CIRCLE('',#1367,3.175);
#1367 = AXIS2_PLACEMENT_3D('',#1368,#1369,#1370);
#1368 = CARTESIAN_POINT('',(152.4,223.52,12.7));
#1369 = DIRECTION('',(0.,1.,0.));
#1370 = DIRECTION('',(0.,-0.,1.));
#1371 = FACE_BOUND('',#1372,.T.);
#1372 = EDGE_LOOP('',(#1373,#1384));
#1373 = ORIENTED_EDGE('',*,*,#1374,.F.);
#1374 = EDGE_CURVE('',#1375,#1377,#1379,.T.);
#1375 = VERTEX_POINT('',#1376);
#1376 = CARTESIAN_POINT('',(152.4,223.52,28.575));
#1377 = VERTEX_POINT('',#1378);
#1378 = CARTESIAN_POINT('',(152.4,223.52,22.225));
#1379 = CIRCLE('',#1380,3.175);
#1380 = AXIS2_PLACEMENT_3D('',#1381,#1382,#1383);
#1381 = CARTESIAN_POINT('',(152.4,223.52,25.4));
#1382 = DIRECTION('',(0.,1.,0.));
#1383 = DIRECTION('',(0.,-0.,1.));
#1384 = ORIENTED_EDGE('',*,*,#1385,.F.);
#1385 = EDGE_CURVE('',#1377,#1375,#1386,.T.);
#1386 = CIRCLE('',#1387,3.175);
#1387 = AXIS2_PLACEMENT_3D('',#1388,#1389,#1390);
#1388 = CARTESIAN_POINT('',(152.4,223.52,25.4));
#1389 = DIRECTION('',(0.,1.,0.));
#1390 = DIRECTION('',(0.,-0.,1.));
#1391 = FACE_BOUND('',#1392,.T.);
#1392 = EDGE_LOOP('',(#1393,#1394,#1402,#1408));
#1393 = ORIENTED_EDGE('',*,*,#552,.T.);
#1394 = ORIENTED_EDGE('',*,*,#1395,.F.);
#1395 = EDGE_CURVE('',#1396,#555,#1398,.T.);
#1396 = VERTEX_POINT('',#1397);
#1397 = CARTESIAN_POINT('',(228.6,223.52,0.));
#1398 = LINE('',#1399,#1400);
#1399 = CARTESIAN_POINT('',(228.6,223.52,0.));
#1400 = VECTOR('',#1401,1.);
#1401 = DIRECTION('',(-0.,-0.,1.));
#1402 = ORIENTED_EDGE('',*,*,#1403,.F.);
#1403 = EDGE_CURVE('',#1312,#1396,#1404,.T.);
#1404 = LINE('',#1405,#1406);
#1405 = CARTESIAN_POINT('',(127.,223.52,0.));
#1406 = VECTOR('',#1407,1.);
#1407 = DIRECTION('',(1.,0.,0.));
#1408 = ORIENTED_EDGE('',*,*,#1311,.T.);
#1409 = PLANE('',#1410);
#1410 = AXIS2_PLACEMENT_3D('',#1411,#1412,#1413);
#1411 = CARTESIAN_POINT('',(127.,223.52,0.));
#1412 = DIRECTION('',(0.,-1.,0.));
#1413 = DIRECTION('',(0.,-0.,-1.));
#1414 = ADVANCED_FACE('',(#1415,#1435,#1455,#1475,#1495,#1515,#1535,
    #1555,#1575,#1595,#1615,#1635,#1655,#1675,#1695,#1715,#1735,#1755,
    #1775,#1795,#1815,#1835,#1855,#1875,#1895,#1915,#1935,#1955,#1975,
    #1995,#2015,#2035,#2055,#2075,#2095,#2115,#2135,#2155,#2175,#2195,
    #2215,#2235,#2255,#2275,#2295,#2315,#2335,#2355,#2375,#2395,#2415,
    #2435,#2455,#2475,#2495,#2515,#2535,#2555,#2575,#2595,#2615,#2635,
    #2655,#2675,#2695,#2715,#2735,#2755,#2775,#2795,#2815,#2849),#2860,
  .F.);
#1415 = FACE_BOUND('',#1416,.T.);
#1416 = EDGE_LOOP('',(#1417,#1428));
#1417 = ORIENTED_EDGE('',*,*,#1418,.F.);
#1418 = EDGE_CURVE('',#1419,#1421,#1423,.T.);
#1419 = VERTEX_POINT('',#1420);
#1420 = CARTESIAN_POINT('',(228.6,43.18,20.319999999998));
#1421 = VERTEX_POINT('',#1422);
#1422 = CARTESIAN_POINT('',(228.6,38.1,20.319999999998));
#1423 = CIRCLE('',#1424,2.54);
#1424 = AXIS2_PLACEMENT_3D('',#1425,#1426,#1427);
#1425 = CARTESIAN_POINT('',(228.6,40.64,20.319999999998));
#1426 = DIRECTION('',(1.,6.070773319254E-17,0.));
#1427 = DIRECTION('',(-6.070773319254E-17,1.,0.));
#1428 = ORIENTED_EDGE('',*,*,#1429,.F.);
#1429 = EDGE_CURVE('',#1421,#1419,#1430,.T.);
#1430 = CIRCLE('',#1431,2.54);
#1431 = AXIS2_PLACEMENT_3D('',#1432,#1433,#1434);
#1432 = CARTESIAN_POINT('',(228.6,40.64,20.319999999998));
#1433 = DIRECTION('',(1.,6.070773319254E-17,0.));
#1434 = DIRECTION('',(-6.070773319254E-17,1.,0.));
#1435 = FACE_BOUND('',#1436,.T.);
#1436 = EDGE_LOOP('',(#1437,#1448));
#1437 = ORIENTED_EDGE('',*,*,#1438,.F.);
#1438 = EDGE_CURVE('',#1439,#1441,#1443,.T.);
#1439 = VERTEX_POINT('',#1440);
#1440 = CARTESIAN_POINT('',(228.6,43.18,30.479999999998));
#1441 = VERTEX_POINT('',#1442);
#1442 = CARTESIAN_POINT('',(228.6,38.1,30.479999999998));
#1443 = CIRCLE('',#1444,2.54);
#1444 = AXIS2_PLACEMENT_3D('',#1445,#1446,#1447);
#1445 = CARTESIAN_POINT('',(228.6,40.64,30.479999999998));
#1446 = DIRECTION('',(1.,6.070773319254E-17,0.));
#1447 = DIRECTION('',(-6.070773319254E-17,1.,0.));
#1448 = ORIENTED_EDGE('',*,*,#1449,.F.);
#1449 = EDGE_CURVE('',#1441,#1439,#1450,.T.);
#1450 = CIRCLE('',#1451,2.54);
#1451 = AXIS2_PLACEMENT_3D('',#1452,#1453,#1454);
#1452 = CARTESIAN_POINT('',(228.6,40.64,30.479999999998));
#1453 = DIRECTION('',(1.,6.070773319254E-17,0.));
#1454 = DIRECTION('',(-6.070773319254E-17,1.,0.));
#1455 = FACE_BOUND('',#1456,.T.);
#1456 = EDGE_LOOP('',(#1457,#1468));
#1457 = ORIENTED_EDGE('',*,*,#1458,.F.);
#1458 = EDGE_CURVE('',#1459,#1461,#1463,.T.);
#1459 = VERTEX_POINT('',#1460);
#1460 = CARTESIAN_POINT('',(228.6,63.5,20.319999999998));
#1461 = VERTEX_POINT('',#1462);
#1462 = CARTESIAN_POINT('',(228.6,58.42,20.319999999998));
#1463 = CIRCLE('',#1464,2.54);
#1464 = AXIS2_PLACEMENT_3D('',#1465,#1466,#1467);
#1465 = CARTESIAN_POINT('',(228.6,60.96,20.319999999998));
#1466 = DIRECTION('',(1.,6.070773319254E-17,0.));
#1467 = DIRECTION('',(-6.070773319254E-17,1.,0.));
#1468 = ORIENTED_EDGE('',*,*,#1469,.F.);
#1469 = EDGE_CURVE('',#1461,#1459,#1470,.T.);
#1470 = CIRCLE('',#1471,2.54);
#1471 = AXIS2_PLACEMENT_3D('',#1472,#1473,#1474);
#1472 = CARTESIAN_POINT('',(228.6,60.96,20.319999999998));
#1473 = DIRECTION('',(1.,6.070773319254E-17,0.));
#1474 = DIRECTION('',(-6.070773319254E-17,1.,0.));
#1475 = FACE_BOUND('',#1476,.T.);
#1476 = EDGE_LOOP('',(#1477,#1488));
#1477 = ORIENTED_EDGE('',*,*,#1478,.F.);
#1478 = EDGE_CURVE('',#1479,#1481,#1483,.T.);
#1479 = VERTEX_POINT('',#1480);
#1480 = CARTESIAN_POINT('',(228.6,63.5,30.479999999998));
#1481 = VERTEX_POINT('',#1482);
#1482 = CARTESIAN_POINT('',(228.6,58.42,30.479999999998));
#1483 = CIRCLE('',#1484,2.54);
#1484 = AXIS2_PLACEMENT_3D('',#1485,#1486,#1487);
#1485 = CARTESIAN_POINT('',(228.6,60.96,30.479999999998));
#1486 = DIRECTION('',(1.,6.070773319254E-17,0.));
#1487 = DIRECTION('',(-6.070773319254E-17,1.,0.));
#1488 = ORIENTED_EDGE('',*,*,#1489,.F.);
#1489 = EDGE_CURVE('',#1481,#1479,#1490,.T.);
#1490 = CIRCLE('',#1491,2.54);
#1491 = AXIS2_PLACEMENT_3D('',#1492,#1493,#1494);
#1492 = CARTESIAN_POINT('',(228.6,60.96,30.479999999998));
#1493 = DIRECTION('',(1.,6.070773319254E-17,0.));
#1494 = DIRECTION('',(-6.070773319254E-17,1.,0.));
#1495 = FACE_BOUND('',#1496,.T.);
#1496 = EDGE_LOOP('',(#1497,#1508));
#1497 = ORIENTED_EDGE('',*,*,#1498,.F.);
#1498 = EDGE_CURVE('',#1499,#1501,#1503,.T.);
#1499 = VERTEX_POINT('',#1500);
#1500 = CARTESIAN_POINT('',(228.6,53.34,30.479999999998));
#1501 = VERTEX_POINT('',#1502);
#1502 = CARTESIAN_POINT('',(228.6,48.26,30.479999999998));
#1503 = CIRCLE('',#1504,2.54);
#1504 = AXIS2_PLACEMENT_3D('',#1505,#1506,#1507);
#1505 = CARTESIAN_POINT('',(228.6,50.8,30.479999999998));
#1506 = DIRECTION('',(1.,6.070773319254E-17,0.));
#1507 = DIRECTION('',(-6.070773319254E-17,1.,0.));
#1508 = ORIENTED_EDGE('',*,*,#1509,.F.);
#1509 = EDGE_CURVE('',#1501,#1499,#1510,.T.);
#1510 = CIRCLE('',#1511,2.54);
#1511 = AXIS2_PLACEMENT_3D('',#1512,#1513,#1514);
#1512 = CARTESIAN_POINT('',(228.6,50.8,30.479999999998));
#1513 = DIRECTION('',(1.,6.070773319254E-17,0.));
#1514 = DIRECTION('',(-6.070773319254E-17,1.,0.));
#1515 = FACE_BOUND('',#1516,.T.);
#1516 = EDGE_LOOP('',(#1517,#1528));
#1517 = ORIENTED_EDGE('',*,*,#1518,.F.);
#1518 = EDGE_CURVE('',#1519,#1521,#1523,.T.);
#1519 = VERTEX_POINT('',#1520);
#1520 = CARTESIAN_POINT('',(228.6,63.5,10.159999999998));
#1521 = VERTEX_POINT('',#1522);
#1522 = CARTESIAN_POINT('',(228.6,58.42,10.159999999998));
#1523 = CIRCLE('',#1524,2.54);
#1524 = AXIS2_PLACEMENT_3D('',#1525,#1526,#1527);
#1525 = CARTESIAN_POINT('',(228.6,60.96,10.159999999998));
#1526 = DIRECTION('',(1.,6.070773319254E-17,0.));
#1527 = DIRECTION('',(-6.070773319254E-17,1.,0.));
#1528 = ORIENTED_EDGE('',*,*,#1529,.F.);
#1529 = EDGE_CURVE('',#1521,#1519,#1530,.T.);
#1530 = CIRCLE('',#1531,2.54);
#1531 = AXIS2_PLACEMENT_3D('',#1532,#1533,#1534);
#1532 = CARTESIAN_POINT('',(228.6,60.96,10.159999999998));
#1533 = DIRECTION('',(1.,6.070773319254E-17,0.));
#1534 = DIRECTION('',(-6.070773319254E-17,1.,0.));
#1535 = FACE_BOUND('',#1536,.T.);
#1536 = EDGE_LOOP('',(#1537,#1548));
#1537 = ORIENTED_EDGE('',*,*,#1538,.F.);
#1538 = EDGE_CURVE('',#1539,#1541,#1543,.T.);
#1539 = VERTEX_POINT('',#1540);
#1540 = CARTESIAN_POINT('',(228.6,22.86,20.319999999998));
#1541 = VERTEX_POINT('',#1542);
#1542 = CARTESIAN_POINT('',(228.6,17.78,20.319999999998));
#1543 = CIRCLE('',#1544,2.54);
#1544 = AXIS2_PLACEMENT_3D('',#1545,#1546,#1547);
#1545 = CARTESIAN_POINT('',(228.6,20.32,20.319999999998));
#1546 = DIRECTION('',(1.,6.070773319254E-17,0.));
#1547 = DIRECTION('',(-6.070773319254E-17,1.,0.));
#1548 = ORIENTED_EDGE('',*,*,#1549,.F.);
#1549 = EDGE_CURVE('',#1541,#1539,#1550,.T.);
#1550 = CIRCLE('',#1551,2.54);
#1551 = AXIS2_PLACEMENT_3D('',#1552,#1553,#1554);
#1552 = CARTESIAN_POINT('',(228.6,20.32,20.319999999998));
#1553 = DIRECTION('',(1.,6.070773319254E-17,0.));
#1554 = DIRECTION('',(-6.070773319254E-17,1.,0.));
#1555 = FACE_BOUND('',#1556,.T.);
#1556 = EDGE_LOOP('',(#1557,#1568));
#1557 = ORIENTED_EDGE('',*,*,#1558,.F.);
#1558 = EDGE_CURVE('',#1559,#1561,#1563,.T.);
#1559 = VERTEX_POINT('',#1560);
#1560 = CARTESIAN_POINT('',(228.6,22.86,30.479999999998));
#1561 = VERTEX_POINT('',#1562);
#1562 = CARTESIAN_POINT('',(228.6,17.78,30.479999999998));
#1563 = CIRCLE('',#1564,2.54);
#1564 = AXIS2_PLACEMENT_3D('',#1565,#1566,#1567);
#1565 = CARTESIAN_POINT('',(228.6,20.32,30.479999999998));
#1566 = DIRECTION('',(1.,6.070773319254E-17,0.));
#1567 = DIRECTION('',(-6.070773319254E-17,1.,0.));
#1568 = ORIENTED_EDGE('',*,*,#1569,.F.);
#1569 = EDGE_CURVE('',#1561,#1559,#1570,.T.);
#1570 = CIRCLE('',#1571,2.54);
#1571 = AXIS2_PLACEMENT_3D('',#1572,#1573,#1574);
#1572 = CARTESIAN_POINT('',(228.6,20.32,30.479999999998));
#1573 = DIRECTION('',(1.,6.070773319254E-17,0.));
#1574 = DIRECTION('',(-6.070773319254E-17,1.,0.));
#1575 = FACE_BOUND('',#1576,.T.);
#1576 = EDGE_LOOP('',(#1577,#1588));
#1577 = ORIENTED_EDGE('',*,*,#1578,.F.);
#1578 = EDGE_CURVE('',#1579,#1581,#1583,.T.);
#1579 = VERTEX_POINT('',#1580);
#1580 = CARTESIAN_POINT('',(228.6,175.26,10.16));
#1581 = VERTEX_POINT('',#1582);
#1582 = CARTESIAN_POINT('',(228.6,170.18,10.16));
#1583 = CIRCLE('',#1584,2.54);
#1584 = AXIS2_PLACEMENT_3D('',#1585,#1586,#1587);
#1585 = CARTESIAN_POINT('',(228.6,172.72,10.16));
#1586 = DIRECTION('',(1.,6.070773319254E-17,0.));
#1587 = DIRECTION('',(-6.070773319254E-17,1.,0.));
#1588 = ORIENTED_EDGE('',*,*,#1589,.F.);
#1589 = EDGE_CURVE('',#1581,#1579,#1590,.T.);
#1590 = CIRCLE('',#1591,2.54);
#1591 = AXIS2_PLACEMENT_3D('',#1592,#1593,#1594);
#1592 = CARTESIAN_POINT('',(228.6,172.72,10.16));
#1593 = DIRECTION('',(1.,6.070773319254E-17,0.));
#1594 = DIRECTION('',(-6.070773319254E-17,1.,0.));
#1595 = FACE_BOUND('',#1596,.T.);
#1596 = EDGE_LOOP('',(#1597,#1608));
#1597 = ORIENTED_EDGE('',*,*,#1598,.F.);
#1598 = EDGE_CURVE('',#1599,#1601,#1603,.T.);
#1599 = VERTEX_POINT('',#1600);
#1600 = CARTESIAN_POINT('',(228.6,175.26,20.32));
#1601 = VERTEX_POINT('',#1602);
#1602 = CARTESIAN_POINT('',(228.6,170.18,20.32));
#1603 = CIRCLE('',#1604,2.54);
#1604 = AXIS2_PLACEMENT_3D('',#1605,#1606,#1607);
#1605 = CARTESIAN_POINT('',(228.6,172.72,20.32));
#1606 = DIRECTION('',(1.,6.070773319254E-17,0.));
#1607 = DIRECTION('',(-6.070773319254E-17,1.,0.));
#1608 = ORIENTED_EDGE('',*,*,#1609,.F.);
#1609 = EDGE_CURVE('',#1601,#1599,#1610,.T.);
#1610 = CIRCLE('',#1611,2.54);
#1611 = AXIS2_PLACEMENT_3D('',#1612,#1613,#1614);
#1612 = CARTESIAN_POINT('',(228.6,172.72,20.32));
#1613 = DIRECTION('',(1.,6.070773319254E-17,0.));
#1614 = DIRECTION('',(-6.070773319254E-17,1.,0.));
#1615 = FACE_BOUND('',#1616,.T.);
#1616 = EDGE_LOOP('',(#1617,#1628));
#1617 = ORIENTED_EDGE('',*,*,#1618,.F.);
#1618 = EDGE_CURVE('',#1619,#1621,#1623,.T.);
#1619 = VERTEX_POINT('',#1620);
#1620 = CARTESIAN_POINT('',(228.6,195.58,10.16));
#1621 = VERTEX_POINT('',#1622);
#1622 = CARTESIAN_POINT('',(228.6,190.5,10.16));
#1623 = CIRCLE('',#1624,2.54);
#1624 = AXIS2_PLACEMENT_3D('',#1625,#1626,#1627);
#1625 = CARTESIAN_POINT('',(228.6,193.04,10.16));
#1626 = DIRECTION('',(1.,6.070773319254E-17,0.));
#1627 = DIRECTION('',(-6.070773319254E-17,1.,0.));
#1628 = ORIENTED_EDGE('',*,*,#1629,.F.);
#1629 = EDGE_CURVE('',#1621,#1619,#1630,.T.);
#1630 = CIRCLE('',#1631,2.54);
#1631 = AXIS2_PLACEMENT_3D('',#1632,#1633,#1634);
#1632 = CARTESIAN_POINT('',(228.6,193.04,10.16));
#1633 = DIRECTION('',(1.,6.070773319254E-17,0.));
#1634 = DIRECTION('',(-6.070773319254E-17,1.,0.));
#1635 = FACE_BOUND('',#1636,.T.);
#1636 = EDGE_LOOP('',(#1637,#1648));
#1637 = ORIENTED_EDGE('',*,*,#1638,.F.);
#1638 = EDGE_CURVE('',#1639,#1641,#1643,.T.);
#1639 = VERTEX_POINT('',#1640);
#1640 = CARTESIAN_POINT('',(228.6,195.58,20.32));
#1641 = VERTEX_POINT('',#1642);
#1642 = CARTESIAN_POINT('',(228.6,190.5,20.32));
#1643 = CIRCLE('',#1644,2.54);
#1644 = AXIS2_PLACEMENT_3D('',#1645,#1646,#1647);
#1645 = CARTESIAN_POINT('',(228.6,193.04,20.32));
#1646 = DIRECTION('',(1.,6.070773319254E-17,0.));
#1647 = DIRECTION('',(-6.070773319254E-17,1.,0.));
#1648 = ORIENTED_EDGE('',*,*,#1649,.F.);
#1649 = EDGE_CURVE('',#1641,#1639,#1650,.T.);
#1650 = CIRCLE('',#1651,2.54);
#1651 = AXIS2_PLACEMENT_3D('',#1652,#1653,#1654);
#1652 = CARTESIAN_POINT('',(228.6,193.04,20.32));
#1653 = DIRECTION('',(1.,6.070773319254E-17,0.));
#1654 = DIRECTION('',(-6.070773319254E-17,1.,0.));
#1655 = FACE_BOUND('',#1656,.T.);
#1656 = EDGE_LOOP('',(#1657,#1668));
#1657 = ORIENTED_EDGE('',*,*,#1658,.F.);
#1658 = EDGE_CURVE('',#1659,#1661,#1663,.T.);
#1659 = VERTEX_POINT('',#1660);
#1660 = CARTESIAN_POINT('',(228.6,185.42,20.32));
#1661 = VERTEX_POINT('',#1662);
#1662 = CARTESIAN_POINT('',(228.6,180.34,20.32));
#1663 = CIRCLE('',#1664,2.54);
#1664 = AXIS2_PLACEMENT_3D('',#1665,#1666,#1667);
#1665 = CARTESIAN_POINT('',(228.6,182.88,20.32));
#1666 = DIRECTION('',(1.,6.070773319254E-17,0.));
#1667 = DIRECTION('',(-6.070773319254E-17,1.,0.));
#1668 = ORIENTED_EDGE('',*,*,#1669,.F.);
#1669 = EDGE_CURVE('',#1661,#1659,#1670,.T.);
#1670 = CIRCLE('',#1671,2.54);
#1671 = AXIS2_PLACEMENT_3D('',#1672,#1673,#1674);
#1672 = CARTESIAN_POINT('',(228.6,182.88,20.32));
#1673 = DIRECTION('',(1.,6.070773319254E-17,0.));
#1674 = DIRECTION('',(-6.070773319254E-17,1.,0.));
#1675 = FACE_BOUND('',#1676,.T.);
#1676 = EDGE_LOOP('',(#1677,#1688));
#1677 = ORIENTED_EDGE('',*,*,#1678,.F.);
#1678 = EDGE_CURVE('',#1679,#1681,#1683,.T.);
#1679 = VERTEX_POINT('',#1680);
#1680 = CARTESIAN_POINT('',(228.6,185.42,30.48));
#1681 = VERTEX_POINT('',#1682);
#1682 = CARTESIAN_POINT('',(228.6,180.34,30.48));
#1683 = CIRCLE('',#1684,2.54);
#1684 = AXIS2_PLACEMENT_3D('',#1685,#1686,#1687);
#1685 = CARTESIAN_POINT('',(228.6,182.88,30.48));
#1686 = DIRECTION('',(1.,6.070773319254E-17,0.));
#1687 = DIRECTION('',(-6.070773319254E-17,1.,0.));
#1688 = ORIENTED_EDGE('',*,*,#1689,.F.);
#1689 = EDGE_CURVE('',#1681,#1679,#1690,.T.);
#1690 = CIRCLE('',#1691,2.54);
#1691 = AXIS2_PLACEMENT_3D('',#1692,#1693,#1694);
#1692 = CARTESIAN_POINT('',(228.6,182.88,30.48));
#1693 = DIRECTION('',(1.,6.070773319254E-17,0.));
#1694 = DIRECTION('',(-6.070773319254E-17,1.,0.));
#1695 = FACE_BOUND('',#1696,.T.);
#1696 = EDGE_LOOP('',(#1697,#1708));
#1697 = ORIENTED_EDGE('',*,*,#1698,.F.);
#1698 = EDGE_CURVE('',#1699,#1701,#1703,.T.);
#1699 = VERTEX_POINT('',#1700);
#1700 = CARTESIAN_POINT('',(228.6,53.34,10.159999999998));
#1701 = VERTEX_POINT('',#1702);
#1702 = CARTESIAN_POINT('',(228.6,48.26,10.159999999998));
#1703 = CIRCLE('',#1704,2.54);
#1704 = AXIS2_PLACEMENT_3D('',#1705,#1706,#1707);
#1705 = CARTESIAN_POINT('',(228.6,50.8,10.159999999998));
#1706 = DIRECTION('',(1.,6.070773319254E-17,0.));
#1707 = DIRECTION('',(-6.070773319254E-17,1.,0.));
#1708 = ORIENTED_EDGE('',*,*,#1709,.F.);
#1709 = EDGE_CURVE('',#1701,#1699,#1710,.T.);
#1710 = CIRCLE('',#1711,2.54);
#1711 = AXIS2_PLACEMENT_3D('',#1712,#1713,#1714);
#1712 = CARTESIAN_POINT('',(228.6,50.8,10.159999999998));
#1713 = DIRECTION('',(1.,6.070773319254E-17,0.));
#1714 = DIRECTION('',(-6.070773319254E-17,1.,0.));
#1715 = FACE_BOUND('',#1716,.T.);
#1716 = EDGE_LOOP('',(#1717,#1728));
#1717 = ORIENTED_EDGE('',*,*,#1718,.F.);
#1718 = EDGE_CURVE('',#1719,#1721,#1723,.T.);
#1719 = VERTEX_POINT('',#1720);
#1720 = CARTESIAN_POINT('',(228.6,53.34,20.319999999998));
#1721 = VERTEX_POINT('',#1722);
#1722 = CARTESIAN_POINT('',(228.6,48.26,20.319999999998));
#1723 = CIRCLE('',#1724,2.54);
#1724 = AXIS2_PLACEMENT_3D('',#1725,#1726,#1727);
#1725 = CARTESIAN_POINT('',(228.6,50.8,20.319999999998));
#1726 = DIRECTION('',(1.,6.070773319254E-17,0.));
#1727 = DIRECTION('',(-6.070773319254E-17,1.,0.));
#1728 = ORIENTED_EDGE('',*,*,#1729,.F.);
#1729 = EDGE_CURVE('',#1721,#1719,#1730,.T.);
#1730 = CIRCLE('',#1731,2.54);
#1731 = AXIS2_PLACEMENT_3D('',#1732,#1733,#1734);
#1732 = CARTESIAN_POINT('',(228.6,50.8,20.319999999998));
#1733 = DIRECTION('',(1.,6.070773319254E-17,0.));
#1734 = DIRECTION('',(-6.070773319254E-17,1.,0.));
#1735 = FACE_BOUND('',#1736,.T.);
#1736 = EDGE_LOOP('',(#1737,#1748));
#1737 = ORIENTED_EDGE('',*,*,#1738,.F.);
#1738 = EDGE_CURVE('',#1739,#1741,#1743,.T.);
#1739 = VERTEX_POINT('',#1740);
#1740 = CARTESIAN_POINT('',(228.6,114.3,30.479999999999));
#1741 = VERTEX_POINT('',#1742);
#1742 = CARTESIAN_POINT('',(228.6,109.22,30.479999999999));
#1743 = CIRCLE('',#1744,2.54);
#1744 = AXIS2_PLACEMENT_3D('',#1745,#1746,#1747);
#1745 = CARTESIAN_POINT('',(228.6,111.76,30.479999999999));
#1746 = DIRECTION('',(1.,6.070773319254E-17,0.));
#1747 = DIRECTION('',(-6.070773319254E-17,1.,0.));
#1748 = ORIENTED_EDGE('',*,*,#1749,.F.);
#1749 = EDGE_CURVE('',#1741,#1739,#1750,.T.);
#1750 = CIRCLE('',#1751,2.54);
#1751 = AXIS2_PLACEMENT_3D('',#1752,#1753,#1754);
#1752 = CARTESIAN_POINT('',(228.6,111.76,30.479999999999));
#1753 = DIRECTION('',(1.,6.070773319254E-17,0.));
#1754 = DIRECTION('',(-6.070773319254E-17,1.,0.));
#1755 = FACE_BOUND('',#1756,.T.);
#1756 = EDGE_LOOP('',(#1757,#1768));
#1757 = ORIENTED_EDGE('',*,*,#1758,.F.);
#1758 = EDGE_CURVE('',#1759,#1761,#1763,.T.);
#1759 = VERTEX_POINT('',#1760);
#1760 = CARTESIAN_POINT('',(228.6,124.46,30.479999999999));
#1761 = VERTEX_POINT('',#1762);
#1762 = CARTESIAN_POINT('',(228.6,119.38,30.479999999999));
#1763 = CIRCLE('',#1764,2.54);
#1764 = AXIS2_PLACEMENT_3D('',#1765,#1766,#1767);
#1765 = CARTESIAN_POINT('',(228.6,121.92,30.479999999999));
#1766 = DIRECTION('',(1.,6.070773319254E-17,0.));
#1767 = DIRECTION('',(-6.070773319254E-17,1.,0.));
#1768 = ORIENTED_EDGE('',*,*,#1769,.F.);
#1769 = EDGE_CURVE('',#1761,#1759,#1770,.T.);
#1770 = CIRCLE('',#1771,2.54);
#1771 = AXIS2_PLACEMENT_3D('',#1772,#1773,#1774);
#1772 = CARTESIAN_POINT('',(228.6,121.92,30.479999999999));
#1773 = DIRECTION('',(1.,6.070773319254E-17,0.));
#1774 = DIRECTION('',(-6.070773319254E-17,1.,0.));
#1775 = FACE_BOUND('',#1776,.T.);
#1776 = EDGE_LOOP('',(#1777,#1788));
#1777 = ORIENTED_EDGE('',*,*,#1778,.F.);
#1778 = EDGE_CURVE('',#1779,#1781,#1783,.T.);
#1779 = VERTEX_POINT('',#1780);
#1780 = CARTESIAN_POINT('',(228.6,165.1,20.319999999999));
#1781 = VERTEX_POINT('',#1782);
#1782 = CARTESIAN_POINT('',(228.6,160.02,20.319999999999));
#1783 = CIRCLE('',#1784,2.54);
#1784 = AXIS2_PLACEMENT_3D('',#1785,#1786,#1787);
#1785 = CARTESIAN_POINT('',(228.6,162.56,20.319999999999));
#1786 = DIRECTION('',(1.,6.070773319254E-17,0.));
#1787 = DIRECTION('',(-6.070773319254E-17,1.,0.));
#1788 = ORIENTED_EDGE('',*,*,#1789,.F.);
#1789 = EDGE_CURVE('',#1781,#1779,#1790,.T.);
#1790 = CIRCLE('',#1791,2.54);
#1791 = AXIS2_PLACEMENT_3D('',#1792,#1793,#1794);
#1792 = CARTESIAN_POINT('',(228.6,162.56,20.319999999999));
#1793 = DIRECTION('',(1.,6.070773319254E-17,0.));
#1794 = DIRECTION('',(-6.070773319254E-17,1.,0.));
#1795 = FACE_BOUND('',#1796,.T.);
#1796 = EDGE_LOOP('',(#1797,#1808));
#1797 = ORIENTED_EDGE('',*,*,#1798,.F.);
#1798 = EDGE_CURVE('',#1799,#1801,#1803,.T.);
#1799 = VERTEX_POINT('',#1800);
#1800 = CARTESIAN_POINT('',(228.6,165.1,30.479999999999));
#1801 = VERTEX_POINT('',#1802);
#1802 = CARTESIAN_POINT('',(228.6,160.02,30.479999999999));
#1803 = CIRCLE('',#1804,2.54);
#1804 = AXIS2_PLACEMENT_3D('',#1805,#1806,#1807);
#1805 = CARTESIAN_POINT('',(228.6,162.56,30.479999999999));
#1806 = DIRECTION('',(1.,6.070773319254E-17,0.));
#1807 = DIRECTION('',(-6.070773319254E-17,1.,0.));
#1808 = ORIENTED_EDGE('',*,*,#1809,.F.);
#1809 = EDGE_CURVE('',#1801,#1799,#1810,.T.);
#1810 = CIRCLE('',#1811,2.54);
#1811 = AXIS2_PLACEMENT_3D('',#1812,#1813,#1814);
#1812 = CARTESIAN_POINT('',(228.6,162.56,30.479999999999));
#1813 = DIRECTION('',(1.,6.070773319254E-17,0.));
#1814 = DIRECTION('',(-6.070773319254E-17,1.,0.));
#1815 = FACE_BOUND('',#1816,.T.);
#1816 = EDGE_LOOP('',(#1817,#1828));
#1817 = ORIENTED_EDGE('',*,*,#1818,.F.);
#1818 = EDGE_CURVE('',#1819,#1821,#1823,.T.);
#1819 = VERTEX_POINT('',#1820);
#1820 = CARTESIAN_POINT('',(228.6,154.94,30.479999999999));
#1821 = VERTEX_POINT('',#1822);
#1822 = CARTESIAN_POINT('',(228.6,149.86,30.479999999999));
#1823 = CIRCLE('',#1824,2.54);
#1824 = AXIS2_PLACEMENT_3D('',#1825,#1826,#1827);
#1825 = CARTESIAN_POINT('',(228.6,152.4,30.479999999999));
#1826 = DIRECTION('',(1.,6.070773319254E-17,0.));
#1827 = DIRECTION('',(-6.070773319254E-17,1.,0.));
#1828 = ORIENTED_EDGE('',*,*,#1829,.F.);
#1829 = EDGE_CURVE('',#1821,#1819,#1830,.T.);
#1830 = CIRCLE('',#1831,2.54);
#1831 = AXIS2_PLACEMENT_3D('',#1832,#1833,#1834);
#1832 = CARTESIAN_POINT('',(228.6,152.4,30.479999999999));
#1833 = DIRECTION('',(1.,6.070773319254E-17,0.));
#1834 = DIRECTION('',(-6.070773319254E-17,1.,0.));
#1835 = FACE_BOUND('',#1836,.T.);
#1836 = EDGE_LOOP('',(#1837,#1848));
#1837 = ORIENTED_EDGE('',*,*,#1838,.F.);
#1838 = EDGE_CURVE('',#1839,#1841,#1843,.T.);
#1839 = VERTEX_POINT('',#1840);
#1840 = CARTESIAN_POINT('',(228.6,165.1,10.159999999999));
#1841 = VERTEX_POINT('',#1842);
#1842 = CARTESIAN_POINT('',(228.6,160.02,10.159999999999));
#1843 = CIRCLE('',#1844,2.54);
#1844 = AXIS2_PLACEMENT_3D('',#1845,#1846,#1847);
#1845 = CARTESIAN_POINT('',(228.6,162.56,10.159999999999));
#1846 = DIRECTION('',(1.,6.070773319254E-17,0.));
#1847 = DIRECTION('',(-6.070773319254E-17,1.,0.));
#1848 = ORIENTED_EDGE('',*,*,#1849,.F.);
#1849 = EDGE_CURVE('',#1841,#1839,#1850,.T.);
#1850 = CIRCLE('',#1851,2.54);
#1851 = AXIS2_PLACEMENT_3D('',#1852,#1853,#1854);
#1852 = CARTESIAN_POINT('',(228.6,162.56,10.159999999999));
#1853 = DIRECTION('',(1.,6.070773319254E-17,0.));
#1854 = DIRECTION('',(-6.070773319254E-17,1.,0.));
#1855 = FACE_BOUND('',#1856,.T.);
#1856 = EDGE_LOOP('',(#1857,#1868));
#1857 = ORIENTED_EDGE('',*,*,#1858,.F.);
#1858 = EDGE_CURVE('',#1859,#1861,#1863,.T.);
#1859 = VERTEX_POINT('',#1860);
#1860 = CARTESIAN_POINT('',(228.6,73.66,30.479999999999));
#1861 = VERTEX_POINT('',#1862);
#1862 = CARTESIAN_POINT('',(228.6,68.58,30.479999999999));
#1863 = CIRCLE('',#1864,2.54);
#1864 = AXIS2_PLACEMENT_3D('',#1865,#1866,#1867);
#1865 = CARTESIAN_POINT('',(228.6,71.12,30.479999999999));
#1866 = DIRECTION('',(1.,6.070773319254E-17,0.));
#1867 = DIRECTION('',(-6.070773319254E-17,1.,0.));
#1868 = ORIENTED_EDGE('',*,*,#1869,.F.);
#1869 = EDGE_CURVE('',#1861,#1859,#1870,.T.);
#1870 = CIRCLE('',#1871,2.54);
#1871 = AXIS2_PLACEMENT_3D('',#1872,#1873,#1874);
#1872 = CARTESIAN_POINT('',(228.6,71.12,30.479999999999));
#1873 = DIRECTION('',(1.,6.070773319254E-17,0.));
#1874 = DIRECTION('',(-6.070773319254E-17,1.,0.));
#1875 = FACE_BOUND('',#1876,.T.);
#1876 = EDGE_LOOP('',(#1877,#1888));
#1877 = ORIENTED_EDGE('',*,*,#1878,.F.);
#1878 = EDGE_CURVE('',#1879,#1881,#1883,.T.);
#1879 = VERTEX_POINT('',#1880);
#1880 = CARTESIAN_POINT('',(228.6,83.82,10.159999999999));
#1881 = VERTEX_POINT('',#1882);
#1882 = CARTESIAN_POINT('',(228.6,78.74,10.159999999999));
#1883 = CIRCLE('',#1884,2.54);
#1884 = AXIS2_PLACEMENT_3D('',#1885,#1886,#1887);
#1885 = CARTESIAN_POINT('',(228.6,81.28,10.159999999999));
#1886 = DIRECTION('',(1.,6.070773319254E-17,0.));
#1887 = DIRECTION('',(-6.070773319254E-17,1.,0.));
#1888 = ORIENTED_EDGE('',*,*,#1889,.F.);
#1889 = EDGE_CURVE('',#1881,#1879,#1890,.T.);
#1890 = CIRCLE('',#1891,2.54);
#1891 = AXIS2_PLACEMENT_3D('',#1892,#1893,#1894);
#1892 = CARTESIAN_POINT('',(228.6,81.28,10.159999999999));
#1893 = DIRECTION('',(1.,6.070773319254E-17,0.));
#1894 = DIRECTION('',(-6.070773319254E-17,1.,0.));
#1895 = FACE_BOUND('',#1896,.T.);
#1896 = EDGE_LOOP('',(#1897,#1908));
#1897 = ORIENTED_EDGE('',*,*,#1898,.F.);
#1898 = EDGE_CURVE('',#1899,#1901,#1903,.T.);
#1899 = VERTEX_POINT('',#1900);
#1900 = CARTESIAN_POINT('',(228.6,12.7,30.479999999998));
#1901 = VERTEX_POINT('',#1902);
#1902 = CARTESIAN_POINT('',(228.6,7.62,30.479999999998));
#1903 = CIRCLE('',#1904,2.54);
#1904 = AXIS2_PLACEMENT_3D('',#1905,#1906,#1907);
#1905 = CARTESIAN_POINT('',(228.6,10.16,30.479999999998));
#1906 = DIRECTION('',(1.,6.070773319254E-17,0.));
#1907 = DIRECTION('',(-6.070773319254E-17,1.,0.));
#1908 = ORIENTED_EDGE('',*,*,#1909,.F.);
#1909 = EDGE_CURVE('',#1901,#1899,#1910,.T.);
#1910 = CIRCLE('',#1911,2.54);
#1911 = AXIS2_PLACEMENT_3D('',#1912,#1913,#1914);
#1912 = CARTESIAN_POINT('',(228.6,10.16,30.479999999998));
#1913 = DIRECTION('',(1.,6.070773319254E-17,0.));
#1914 = DIRECTION('',(-6.070773319254E-17,1.,0.));
#1915 = FACE_BOUND('',#1916,.T.);
#1916 = EDGE_LOOP('',(#1917,#1928));
#1917 = ORIENTED_EDGE('',*,*,#1918,.F.);
#1918 = EDGE_CURVE('',#1919,#1921,#1923,.T.);
#1919 = VERTEX_POINT('',#1920);
#1920 = CARTESIAN_POINT('',(228.6,22.86,10.159999999998));
#1921 = VERTEX_POINT('',#1922);
#1922 = CARTESIAN_POINT('',(228.6,17.78,10.159999999998));
#1923 = CIRCLE('',#1924,2.54);
#1924 = AXIS2_PLACEMENT_3D('',#1925,#1926,#1927);
#1925 = CARTESIAN_POINT('',(228.6,20.32,10.159999999998));
#1926 = DIRECTION('',(1.,6.070773319254E-17,0.));
#1927 = DIRECTION('',(-6.070773319254E-17,1.,0.));
#1928 = ORIENTED_EDGE('',*,*,#1929,.F.);
#1929 = EDGE_CURVE('',#1921,#1919,#1930,.T.);
#1930 = CIRCLE('',#1931,2.54);
#1931 = AXIS2_PLACEMENT_3D('',#1932,#1933,#1934);
#1932 = CARTESIAN_POINT('',(228.6,20.32,10.159999999998));
#1933 = DIRECTION('',(1.,6.070773319254E-17,0.));
#1934 = DIRECTION('',(-6.070773319254E-17,1.,0.));
#1935 = FACE_BOUND('',#1936,.T.);
#1936 = EDGE_LOOP('',(#1937,#1948));
#1937 = ORIENTED_EDGE('',*,*,#1938,.F.);
#1938 = EDGE_CURVE('',#1939,#1941,#1943,.T.);
#1939 = VERTEX_POINT('',#1940);
#1940 = CARTESIAN_POINT('',(228.6,33.02,30.479999999998));
#1941 = VERTEX_POINT('',#1942);
#1942 = CARTESIAN_POINT('',(228.6,27.94,30.479999999998));
#1943 = CIRCLE('',#1944,2.54);
#1944 = AXIS2_PLACEMENT_3D('',#1945,#1946,#1947);
#1945 = CARTESIAN_POINT('',(228.6,30.48,30.479999999998));
#1946 = DIRECTION('',(1.,6.070773319254E-17,0.));
#1947 = DIRECTION('',(-6.070773319254E-17,1.,0.));
#1948 = ORIENTED_EDGE('',*,*,#1949,.F.);
#1949 = EDGE_CURVE('',#1941,#1939,#1950,.T.);
#1950 = CIRCLE('',#1951,2.54);
#1951 = AXIS2_PLACEMENT_3D('',#1952,#1953,#1954);
#1952 = CARTESIAN_POINT('',(228.6,30.48,30.479999999998));
#1953 = DIRECTION('',(1.,6.070773319254E-17,0.));
#1954 = DIRECTION('',(-6.070773319254E-17,1.,0.));
#1955 = FACE_BOUND('',#1956,.T.);
#1956 = EDGE_LOOP('',(#1957,#1968));
#1957 = ORIENTED_EDGE('',*,*,#1958,.F.);
#1958 = EDGE_CURVE('',#1959,#1961,#1963,.T.);
#1959 = VERTEX_POINT('',#1960);
#1960 = CARTESIAN_POINT('',(228.6,43.18,10.159999999998));
#1961 = VERTEX_POINT('',#1962);
#1962 = CARTESIAN_POINT('',(228.6,38.1,10.159999999998));
#1963 = CIRCLE('',#1964,2.54);
#1964 = AXIS2_PLACEMENT_3D('',#1965,#1966,#1967);
#1965 = CARTESIAN_POINT('',(228.6,40.64,10.159999999998));
#1966 = DIRECTION('',(1.,6.070773319254E-17,0.));
#1967 = DIRECTION('',(-6.070773319254E-17,1.,0.));
#1968 = ORIENTED_EDGE('',*,*,#1969,.F.);
#1969 = EDGE_CURVE('',#1961,#1959,#1970,.T.);
#1970 = CIRCLE('',#1971,2.54);
#1971 = AXIS2_PLACEMENT_3D('',#1972,#1973,#1974);
#1972 = CARTESIAN_POINT('',(228.6,40.64,10.159999999998));
#1973 = DIRECTION('',(1.,6.070773319254E-17,0.));
#1974 = DIRECTION('',(-6.070773319254E-17,1.,0.));
#1975 = FACE_BOUND('',#1976,.T.);
#1976 = EDGE_LOOP('',(#1977,#1988));
#1977 = ORIENTED_EDGE('',*,*,#1978,.F.);
#1978 = EDGE_CURVE('',#1979,#1981,#1983,.T.);
#1979 = VERTEX_POINT('',#1980);
#1980 = CARTESIAN_POINT('',(228.6,33.02,10.159999999998));
#1981 = VERTEX_POINT('',#1982);
#1982 = CARTESIAN_POINT('',(228.6,27.94,10.159999999998));
#1983 = CIRCLE('',#1984,2.54);
#1984 = AXIS2_PLACEMENT_3D('',#1985,#1986,#1987);
#1985 = CARTESIAN_POINT('',(228.6,30.48,10.159999999998));
#1986 = DIRECTION('',(1.,6.070773319254E-17,0.));
#1987 = DIRECTION('',(-6.070773319254E-17,1.,0.));
#1988 = ORIENTED_EDGE('',*,*,#1989,.F.);
#1989 = EDGE_CURVE('',#1981,#1979,#1990,.T.);
#1990 = CIRCLE('',#1991,2.54);
#1991 = AXIS2_PLACEMENT_3D('',#1992,#1993,#1994);
#1992 = CARTESIAN_POINT('',(228.6,30.48,10.159999999998));
#1993 = DIRECTION('',(1.,6.070773319254E-17,0.));
#1994 = DIRECTION('',(-6.070773319254E-17,1.,0.));
#1995 = FACE_BOUND('',#1996,.T.);
#1996 = EDGE_LOOP('',(#1997,#2008));
#1997 = ORIENTED_EDGE('',*,*,#1998,.F.);
#1998 = EDGE_CURVE('',#1999,#2001,#2003,.T.);
#1999 = VERTEX_POINT('',#2000);
#2000 = CARTESIAN_POINT('',(228.6,33.02,20.319999999998));
#2001 = VERTEX_POINT('',#2002);
#2002 = CARTESIAN_POINT('',(228.6,27.94,20.319999999998));
#2003 = CIRCLE('',#2004,2.54);
#2004 = AXIS2_PLACEMENT_3D('',#2005,#2006,#2007);
#2005 = CARTESIAN_POINT('',(228.6,30.48,20.319999999998));
#2006 = DIRECTION('',(1.,6.070773319254E-17,0.));
#2007 = DIRECTION('',(-6.070773319254E-17,1.,0.));
#2008 = ORIENTED_EDGE('',*,*,#2009,.F.);
#2009 = EDGE_CURVE('',#2001,#1999,#2010,.T.);
#2010 = CIRCLE('',#2011,2.54);
#2011 = AXIS2_PLACEMENT_3D('',#2012,#2013,#2014);
#2012 = CARTESIAN_POINT('',(228.6,30.48,20.319999999998));
#2013 = DIRECTION('',(1.,6.070773319254E-17,0.));
#2014 = DIRECTION('',(-6.070773319254E-17,1.,0.));
#2015 = FACE_BOUND('',#2016,.T.);
#2016 = EDGE_LOOP('',(#2017,#2028));
#2017 = ORIENTED_EDGE('',*,*,#2018,.F.);
#2018 = EDGE_CURVE('',#2019,#2021,#2023,.T.);
#2019 = VERTEX_POINT('',#2020);
#2020 = CARTESIAN_POINT('',(228.6,134.62,30.479999999999));
#2021 = VERTEX_POINT('',#2022);
#2022 = CARTESIAN_POINT('',(228.6,129.54,30.479999999999));
#2023 = CIRCLE('',#2024,2.54);
#2024 = AXIS2_PLACEMENT_3D('',#2025,#2026,#2027);
#2025 = CARTESIAN_POINT('',(228.6,132.08,30.479999999999));
#2026 = DIRECTION('',(1.,6.070773319254E-17,0.));
#2027 = DIRECTION('',(-6.070773319254E-17,1.,0.));
#2028 = ORIENTED_EDGE('',*,*,#2029,.F.);
#2029 = EDGE_CURVE('',#2021,#2019,#2030,.T.);
#2030 = CIRCLE('',#2031,2.54);
#2031 = AXIS2_PLACEMENT_3D('',#2032,#2033,#2034);
#2032 = CARTESIAN_POINT('',(228.6,132.08,30.479999999999));
#2033 = DIRECTION('',(1.,6.070773319254E-17,0.));
#2034 = DIRECTION('',(-6.070773319254E-17,1.,0.));
#2035 = FACE_BOUND('',#2036,.T.);
#2036 = EDGE_LOOP('',(#2037,#2048));
#2037 = ORIENTED_EDGE('',*,*,#2038,.F.);
#2038 = EDGE_CURVE('',#2039,#2041,#2043,.T.);
#2039 = VERTEX_POINT('',#2040);
#2040 = CARTESIAN_POINT('',(228.6,144.78,30.479999999999));
#2041 = VERTEX_POINT('',#2042);
#2042 = CARTESIAN_POINT('',(228.6,139.7,30.479999999999));
#2043 = CIRCLE('',#2044,2.54);
#2044 = AXIS2_PLACEMENT_3D('',#2045,#2046,#2047);
#2045 = CARTESIAN_POINT('',(228.6,142.24,30.479999999999));
#2046 = DIRECTION('',(1.,6.070773319254E-17,0.));
#2047 = DIRECTION('',(-6.070773319254E-17,1.,0.));
#2048 = ORIENTED_EDGE('',*,*,#2049,.F.);
#2049 = EDGE_CURVE('',#2041,#2039,#2050,.T.);
#2050 = CIRCLE('',#2051,2.54);
#2051 = AXIS2_PLACEMENT_3D('',#2052,#2053,#2054);
#2052 = CARTESIAN_POINT('',(228.6,142.24,30.479999999999));
#2053 = DIRECTION('',(1.,6.070773319254E-17,0.));
#2054 = DIRECTION('',(-6.070773319254E-17,1.,0.));
#2055 = FACE_BOUND('',#2056,.T.);
#2056 = EDGE_LOOP('',(#2057,#2068));
#2057 = ORIENTED_EDGE('',*,*,#2058,.F.);
#2058 = EDGE_CURVE('',#2059,#2061,#2063,.T.);
#2059 = VERTEX_POINT('',#2060);
#2060 = CARTESIAN_POINT('',(228.6,154.94,40.639999999999));
#2061 = VERTEX_POINT('',#2062);
#2062 = CARTESIAN_POINT('',(228.6,149.86,40.639999999999));
#2063 = CIRCLE('',#2064,2.54);
#2064 = AXIS2_PLACEMENT_3D('',#2065,#2066,#2067);
#2065 = CARTESIAN_POINT('',(228.6,152.4,40.639999999999));
#2066 = DIRECTION('',(1.,6.070773319254E-17,0.));
#2067 = DIRECTION('',(-6.070773319254E-17,1.,0.));
#2068 = ORIENTED_EDGE('',*,*,#2069,.F.);
#2069 = EDGE_CURVE('',#2061,#2059,#2070,.T.);
#2070 = CIRCLE('',#2071,2.54);
#2071 = AXIS2_PLACEMENT_3D('',#2072,#2073,#2074);
#2072 = CARTESIAN_POINT('',(228.6,152.4,40.639999999999));
#2073 = DIRECTION('',(1.,6.070773319254E-17,0.));
#2074 = DIRECTION('',(-6.070773319254E-17,1.,0.));
#2075 = FACE_BOUND('',#2076,.T.);
#2076 = EDGE_LOOP('',(#2077,#2088));
#2077 = ORIENTED_EDGE('',*,*,#2078,.F.);
#2078 = EDGE_CURVE('',#2079,#2081,#2083,.T.);
#2079 = VERTEX_POINT('',#2080);
#2080 = CARTESIAN_POINT('',(228.6,165.1,40.639999999999));
#2081 = VERTEX_POINT('',#2082);
#2082 = CARTESIAN_POINT('',(228.6,160.02,40.639999999999));
#2083 = CIRCLE('',#2084,2.54);
#2084 = AXIS2_PLACEMENT_3D('',#2085,#2086,#2087);
#2085 = CARTESIAN_POINT('',(228.6,162.56,40.639999999999));
#2086 = DIRECTION('',(1.,6.070773319254E-17,0.));
#2087 = DIRECTION('',(-6.070773319254E-17,1.,0.));
#2088 = ORIENTED_EDGE('',*,*,#2089,.F.);
#2089 = EDGE_CURVE('',#2081,#2079,#2090,.T.);
#2090 = CIRCLE('',#2091,2.54);
#2091 = AXIS2_PLACEMENT_3D('',#2092,#2093,#2094);
#2092 = CARTESIAN_POINT('',(228.6,162.56,40.639999999999));
#2093 = DIRECTION('',(1.,6.070773319254E-17,0.));
#2094 = DIRECTION('',(-6.070773319254E-17,1.,0.));
#2095 = FACE_BOUND('',#2096,.T.);
#2096 = EDGE_LOOP('',(#2097,#2108));
#2097 = ORIENTED_EDGE('',*,*,#2098,.F.);
#2098 = EDGE_CURVE('',#2099,#2101,#2103,.T.);
#2099 = VERTEX_POINT('',#2100);
#2100 = CARTESIAN_POINT('',(228.6,12.7,10.159999999998));
#2101 = VERTEX_POINT('',#2102);
#2102 = CARTESIAN_POINT('',(228.6,7.62,10.159999999998));
#2103 = CIRCLE('',#2104,2.54);
#2104 = AXIS2_PLACEMENT_3D('',#2105,#2106,#2107);
#2105 = CARTESIAN_POINT('',(228.6,10.16,10.159999999998));
#2106 = DIRECTION('',(1.,6.070773319254E-17,0.));
#2107 = DIRECTION('',(-6.070773319254E-17,1.,0.));
#2108 = ORIENTED_EDGE('',*,*,#2109,.F.);
#2109 = EDGE_CURVE('',#2101,#2099,#2110,.T.);
#2110 = CIRCLE('',#2111,2.54);
#2111 = AXIS2_PLACEMENT_3D('',#2112,#2113,#2114);
#2112 = CARTESIAN_POINT('',(228.6,10.16,10.159999999998));
#2113 = DIRECTION('',(1.,6.070773319254E-17,0.));
#2114 = DIRECTION('',(-6.070773319254E-17,1.,0.));
#2115 = FACE_BOUND('',#2116,.T.);
#2116 = EDGE_LOOP('',(#2117,#2128));
#2117 = ORIENTED_EDGE('',*,*,#2118,.F.);
#2118 = EDGE_CURVE('',#2119,#2121,#2123,.T.);
#2119 = VERTEX_POINT('',#2120);
#2120 = CARTESIAN_POINT('',(228.6,12.7,20.319999999998));
#2121 = VERTEX_POINT('',#2122);
#2122 = CARTESIAN_POINT('',(228.6,7.62,20.319999999998));
#2123 = CIRCLE('',#2124,2.54);
#2124 = AXIS2_PLACEMENT_3D('',#2125,#2126,#2127);
#2125 = CARTESIAN_POINT('',(228.6,10.16,20.319999999998));
#2126 = DIRECTION('',(1.,6.070773319254E-17,0.));
#2127 = DIRECTION('',(-6.070773319254E-17,1.,0.));
#2128 = ORIENTED_EDGE('',*,*,#2129,.F.);
#2129 = EDGE_CURVE('',#2121,#2119,#2130,.T.);
#2130 = CIRCLE('',#2131,2.54);
#2131 = AXIS2_PLACEMENT_3D('',#2132,#2133,#2134);
#2132 = CARTESIAN_POINT('',(228.6,10.16,20.319999999998));
#2133 = DIRECTION('',(1.,6.070773319254E-17,0.));
#2134 = DIRECTION('',(-6.070773319254E-17,1.,0.));
#2135 = FACE_BOUND('',#2136,.T.);
#2136 = EDGE_LOOP('',(#2137,#2148));
#2137 = ORIENTED_EDGE('',*,*,#2138,.F.);
#2138 = EDGE_CURVE('',#2139,#2141,#2143,.T.);
#2139 = VERTEX_POINT('',#2140);
#2140 = CARTESIAN_POINT('',(228.6,195.58,40.64));
#2141 = VERTEX_POINT('',#2142);
#2142 = CARTESIAN_POINT('',(228.6,190.5,40.64));
#2143 = CIRCLE('',#2144,2.54);
#2144 = AXIS2_PLACEMENT_3D('',#2145,#2146,#2147);
#2145 = CARTESIAN_POINT('',(228.6,193.04,40.64));
#2146 = DIRECTION('',(1.,6.070773319254E-17,0.));
#2147 = DIRECTION('',(-6.070773319254E-17,1.,0.));
#2148 = ORIENTED_EDGE('',*,*,#2149,.F.);
#2149 = EDGE_CURVE('',#2141,#2139,#2150,.T.);
#2150 = CIRCLE('',#2151,2.54);
#2151 = AXIS2_PLACEMENT_3D('',#2152,#2153,#2154);
#2152 = CARTESIAN_POINT('',(228.6,193.04,40.64));
#2153 = DIRECTION('',(1.,6.070773319254E-17,0.));
#2154 = DIRECTION('',(-6.070773319254E-17,1.,0.));
#2155 = FACE_BOUND('',#2156,.T.);
#2156 = EDGE_LOOP('',(#2157,#2168));
#2157 = ORIENTED_EDGE('',*,*,#2158,.F.);
#2158 = EDGE_CURVE('',#2159,#2161,#2163,.T.);
#2159 = VERTEX_POINT('',#2160);
#2160 = CARTESIAN_POINT('',(228.6,205.74,40.64));
#2161 = VERTEX_POINT('',#2162);
#2162 = CARTESIAN_POINT('',(228.6,200.66,40.64));
#2163 = CIRCLE('',#2164,2.54);
#2164 = AXIS2_PLACEMENT_3D('',#2165,#2166,#2167);
#2165 = CARTESIAN_POINT('',(228.6,203.2,40.64));
#2166 = DIRECTION('',(1.,6.070773319254E-17,0.));
#2167 = DIRECTION('',(-6.070773319254E-17,1.,0.));
#2168 = ORIENTED_EDGE('',*,*,#2169,.F.);
#2169 = EDGE_CURVE('',#2161,#2159,#2170,.T.);
#2170 = CIRCLE('',#2171,2.54);
#2171 = AXIS2_PLACEMENT_3D('',#2172,#2173,#2174);
#2172 = CARTESIAN_POINT('',(228.6,203.2,40.64));
#2173 = DIRECTION('',(1.,6.070773319254E-17,0.));
#2174 = DIRECTION('',(-6.070773319254E-17,1.,0.));
#2175 = FACE_BOUND('',#2176,.T.);
#2176 = EDGE_LOOP('',(#2177,#2188));
#2177 = ORIENTED_EDGE('',*,*,#2178,.F.);
#2178 = EDGE_CURVE('',#2179,#2181,#2183,.T.);
#2179 = VERTEX_POINT('',#2180);
#2180 = CARTESIAN_POINT('',(228.6,93.98,40.639999999999));
#2181 = VERTEX_POINT('',#2182);
#2182 = CARTESIAN_POINT('',(228.6,88.9,40.639999999999));
#2183 = CIRCLE('',#2184,2.54);
#2184 = AXIS2_PLACEMENT_3D('',#2185,#2186,#2187);
#2185 = CARTESIAN_POINT('',(228.6,91.44,40.639999999999));
#2186 = DIRECTION('',(1.,6.070773319254E-17,0.));
#2187 = DIRECTION('',(-6.070773319254E-17,1.,0.));
#2188 = ORIENTED_EDGE('',*,*,#2189,.F.);
#2189 = EDGE_CURVE('',#2181,#2179,#2190,.T.);
#2190 = CIRCLE('',#2191,2.54);
#2191 = AXIS2_PLACEMENT_3D('',#2192,#2193,#2194);
#2192 = CARTESIAN_POINT('',(228.6,91.44,40.639999999999));
#2193 = DIRECTION('',(1.,6.070773319254E-17,0.));
#2194 = DIRECTION('',(-6.070773319254E-17,1.,0.));
#2195 = FACE_BOUND('',#2196,.T.);
#2196 = EDGE_LOOP('',(#2197,#2208));
#2197 = ORIENTED_EDGE('',*,*,#2198,.F.);
#2198 = EDGE_CURVE('',#2199,#2201,#2203,.T.);
#2199 = VERTEX_POINT('',#2200);
#2200 = CARTESIAN_POINT('',(228.6,104.14,40.639999999999));
#2201 = VERTEX_POINT('',#2202);
#2202 = CARTESIAN_POINT('',(228.6,99.06,40.639999999999));
#2203 = CIRCLE('',#2204,2.54);
#2204 = AXIS2_PLACEMENT_3D('',#2205,#2206,#2207);
#2205 = CARTESIAN_POINT('',(228.6,101.6,40.639999999999));
#2206 = DIRECTION('',(1.,6.070773319254E-17,0.));
#2207 = DIRECTION('',(-6.070773319254E-17,1.,0.));
#2208 = ORIENTED_EDGE('',*,*,#2209,.F.);
#2209 = EDGE_CURVE('',#2201,#2199,#2210,.T.);
#2210 = CIRCLE('',#2211,2.54);
#2211 = AXIS2_PLACEMENT_3D('',#2212,#2213,#2214);
#2212 = CARTESIAN_POINT('',(228.6,101.6,40.639999999999));
#2213 = DIRECTION('',(1.,6.070773319254E-17,0.));
#2214 = DIRECTION('',(-6.070773319254E-17,1.,0.));
#2215 = FACE_BOUND('',#2216,.T.);
#2216 = EDGE_LOOP('',(#2217,#2228));
#2217 = ORIENTED_EDGE('',*,*,#2218,.F.);
#2218 = EDGE_CURVE('',#2219,#2221,#2223,.T.);
#2219 = VERTEX_POINT('',#2220);
#2220 = CARTESIAN_POINT('',(228.6,12.7,40.639999999998));
#2221 = VERTEX_POINT('',#2222);
#2222 = CARTESIAN_POINT('',(228.6,7.62,40.639999999998));
#2223 = CIRCLE('',#2224,2.54);
#2224 = AXIS2_PLACEMENT_3D('',#2225,#2226,#2227);
#2225 = CARTESIAN_POINT('',(228.6,10.16,40.639999999998));
#2226 = DIRECTION('',(1.,6.070773319254E-17,0.));
#2227 = DIRECTION('',(-6.070773319254E-17,1.,0.));
#2228 = ORIENTED_EDGE('',*,*,#2229,.F.);
#2229 = EDGE_CURVE('',#2221,#2219,#2230,.T.);
#2230 = CIRCLE('',#2231,2.54);
#2231 = AXIS2_PLACEMENT_3D('',#2232,#2233,#2234);
#2232 = CARTESIAN_POINT('',(228.6,10.16,40.639999999998));
#2233 = DIRECTION('',(1.,6.070773319254E-17,0.));
#2234 = DIRECTION('',(-6.070773319254E-17,1.,0.));
#2235 = FACE_BOUND('',#2236,.T.);
#2236 = EDGE_LOOP('',(#2237,#2248));
#2237 = ORIENTED_EDGE('',*,*,#2238,.F.);
#2238 = EDGE_CURVE('',#2239,#2241,#2243,.T.);
#2239 = VERTEX_POINT('',#2240);
#2240 = CARTESIAN_POINT('',(228.6,22.86,40.639999999998));
#2241 = VERTEX_POINT('',#2242);
#2242 = CARTESIAN_POINT('',(228.6,17.78,40.639999999998));
#2243 = CIRCLE('',#2244,2.54);
#2244 = AXIS2_PLACEMENT_3D('',#2245,#2246,#2247);
#2245 = CARTESIAN_POINT('',(228.6,20.32,40.639999999998));
#2246 = DIRECTION('',(1.,6.070773319254E-17,0.));
#2247 = DIRECTION('',(-6.070773319254E-17,1.,0.));
#2248 = ORIENTED_EDGE('',*,*,#2249,.F.);
#2249 = EDGE_CURVE('',#2241,#2239,#2250,.T.);
#2250 = CIRCLE('',#2251,2.54);
#2251 = AXIS2_PLACEMENT_3D('',#2252,#2253,#2254);
#2252 = CARTESIAN_POINT('',(228.6,20.32,40.639999999998));
#2253 = DIRECTION('',(1.,6.070773319254E-17,0.));
#2254 = DIRECTION('',(-6.070773319254E-17,1.,0.));
#2255 = FACE_BOUND('',#2256,.T.);
#2256 = EDGE_LOOP('',(#2257,#2268));
#2257 = ORIENTED_EDGE('',*,*,#2258,.F.);
#2258 = EDGE_CURVE('',#2259,#2261,#2263,.T.);
#2259 = VERTEX_POINT('',#2260);
#2260 = CARTESIAN_POINT('',(228.6,53.34,40.639999999998));
#2261 = VERTEX_POINT('',#2262);
#2262 = CARTESIAN_POINT('',(228.6,48.26,40.639999999998));
#2263 = CIRCLE('',#2264,2.54);
#2264 = AXIS2_PLACEMENT_3D('',#2265,#2266,#2267);
#2265 = CARTESIAN_POINT('',(228.6,50.8,40.639999999998));
#2266 = DIRECTION('',(1.,6.070773319254E-17,0.));
#2267 = DIRECTION('',(-6.070773319254E-17,1.,0.));
#2268 = ORIENTED_EDGE('',*,*,#2269,.F.);
#2269 = EDGE_CURVE('',#2261,#2259,#2270,.T.);
#2270 = CIRCLE('',#2271,2.54);
#2271 = AXIS2_PLACEMENT_3D('',#2272,#2273,#2274);
#2272 = CARTESIAN_POINT('',(228.6,50.8,40.639999999998));
#2273 = DIRECTION('',(1.,6.070773319254E-17,0.));
#2274 = DIRECTION('',(-6.070773319254E-17,1.,0.));
#2275 = FACE_BOUND('',#2276,.T.);
#2276 = EDGE_LOOP('',(#2277,#2288));
#2277 = ORIENTED_EDGE('',*,*,#2278,.F.);
#2278 = EDGE_CURVE('',#2279,#2281,#2283,.T.);
#2279 = VERTEX_POINT('',#2280);
#2280 = CARTESIAN_POINT('',(228.6,63.5,40.639999999998));
#2281 = VERTEX_POINT('',#2282);
#2282 = CARTESIAN_POINT('',(228.6,58.42,40.639999999998));
#2283 = CIRCLE('',#2284,2.54);
#2284 = AXIS2_PLACEMENT_3D('',#2285,#2286,#2287);
#2285 = CARTESIAN_POINT('',(228.6,60.96,40.639999999998));
#2286 = DIRECTION('',(1.,6.070773319254E-17,0.));
#2287 = DIRECTION('',(-6.070773319254E-17,1.,0.));
#2288 = ORIENTED_EDGE('',*,*,#2289,.F.);
#2289 = EDGE_CURVE('',#2281,#2279,#2290,.T.);
#2290 = CIRCLE('',#2291,2.54);
#2291 = AXIS2_PLACEMENT_3D('',#2292,#2293,#2294);
#2292 = CARTESIAN_POINT('',(228.6,60.96,40.639999999998));
#2293 = DIRECTION('',(1.,6.070773319254E-17,0.));
#2294 = DIRECTION('',(-6.070773319254E-17,1.,0.));
#2295 = FACE_BOUND('',#2296,.T.);
#2296 = EDGE_LOOP('',(#2297,#2308));
#2297 = ORIENTED_EDGE('',*,*,#2298,.F.);
#2298 = EDGE_CURVE('',#2299,#2301,#2303,.T.);
#2299 = VERTEX_POINT('',#2300);
#2300 = CARTESIAN_POINT('',(228.6,33.02,40.639999999998));
#2301 = VERTEX_POINT('',#2302);
#2302 = CARTESIAN_POINT('',(228.6,27.94,40.639999999998));
#2303 = CIRCLE('',#2304,2.54);
#2304 = AXIS2_PLACEMENT_3D('',#2305,#2306,#2307);
#2305 = CARTESIAN_POINT('',(228.6,30.48,40.639999999998));
#2306 = DIRECTION('',(1.,6.070773319254E-17,0.));
#2307 = DIRECTION('',(-6.070773319254E-17,1.,0.));
#2308 = ORIENTED_EDGE('',*,*,#2309,.F.);
#2309 = EDGE_CURVE('',#2301,#2299,#2310,.T.);
#2310 = CIRCLE('',#2311,2.54);
#2311 = AXIS2_PLACEMENT_3D('',#2312,#2313,#2314);
#2312 = CARTESIAN_POINT('',(228.6,30.48,40.639999999998));
#2313 = DIRECTION('',(1.,6.070773319254E-17,0.));
#2314 = DIRECTION('',(-6.070773319254E-17,1.,0.));
#2315 = FACE_BOUND('',#2316,.T.);
#2316 = EDGE_LOOP('',(#2317,#2328));
#2317 = ORIENTED_EDGE('',*,*,#2318,.F.);
#2318 = EDGE_CURVE('',#2319,#2321,#2323,.T.);
#2319 = VERTEX_POINT('',#2320);
#2320 = CARTESIAN_POINT('',(228.6,43.18,40.639999999998));
#2321 = VERTEX_POINT('',#2322);
#2322 = CARTESIAN_POINT('',(228.6,38.1,40.639999999998));
#2323 = CIRCLE('',#2324,2.54);
#2324 = AXIS2_PLACEMENT_3D('',#2325,#2326,#2327);
#2325 = CARTESIAN_POINT('',(228.6,40.64,40.639999999998));
#2326 = DIRECTION('',(1.,6.070773319254E-17,0.));
#2327 = DIRECTION('',(-6.070773319254E-17,1.,0.));
#2328 = ORIENTED_EDGE('',*,*,#2329,.F.);
#2329 = EDGE_CURVE('',#2321,#2319,#2330,.T.);
#2330 = CIRCLE('',#2331,2.54);
#2331 = AXIS2_PLACEMENT_3D('',#2332,#2333,#2334);
#2332 = CARTESIAN_POINT('',(228.6,40.64,40.639999999998));
#2333 = DIRECTION('',(1.,6.070773319254E-17,0.));
#2334 = DIRECTION('',(-6.070773319254E-17,1.,0.));
#2335 = FACE_BOUND('',#2336,.T.);
#2336 = EDGE_LOOP('',(#2337,#2348));
#2337 = ORIENTED_EDGE('',*,*,#2338,.F.);
#2338 = EDGE_CURVE('',#2339,#2341,#2343,.T.);
#2339 = VERTEX_POINT('',#2340);
#2340 = CARTESIAN_POINT('',(228.6,175.26,40.64));
#2341 = VERTEX_POINT('',#2342);
#2342 = CARTESIAN_POINT('',(228.6,170.18,40.64));
#2343 = CIRCLE('',#2344,2.54);
#2344 = AXIS2_PLACEMENT_3D('',#2345,#2346,#2347);
#2345 = CARTESIAN_POINT('',(228.6,172.72,40.64));
#2346 = DIRECTION('',(1.,6.070773319254E-17,0.));
#2347 = DIRECTION('',(-6.070773319254E-17,1.,0.));
#2348 = ORIENTED_EDGE('',*,*,#2349,.F.);
#2349 = EDGE_CURVE('',#2341,#2339,#2350,.T.);
#2350 = CIRCLE('',#2351,2.54);
#2351 = AXIS2_PLACEMENT_3D('',#2352,#2353,#2354);
#2352 = CARTESIAN_POINT('',(228.6,172.72,40.64));
#2353 = DIRECTION('',(1.,6.070773319254E-17,0.));
#2354 = DIRECTION('',(-6.070773319254E-17,1.,0.));
#2355 = FACE_BOUND('',#2356,.T.);
#2356 = EDGE_LOOP('',(#2357,#2368));
#2357 = ORIENTED_EDGE('',*,*,#2358,.F.);
#2358 = EDGE_CURVE('',#2359,#2361,#2363,.T.);
#2359 = VERTEX_POINT('',#2360);
#2360 = CARTESIAN_POINT('',(228.6,185.42,40.64));
#2361 = VERTEX_POINT('',#2362);
#2362 = CARTESIAN_POINT('',(228.6,180.34,40.64));
#2363 = CIRCLE('',#2364,2.54);
#2364 = AXIS2_PLACEMENT_3D('',#2365,#2366,#2367);
#2365 = CARTESIAN_POINT('',(228.6,182.88,40.64));
#2366 = DIRECTION('',(1.,6.070773319254E-17,0.));
#2367 = DIRECTION('',(-6.070773319254E-17,1.,0.));
#2368 = ORIENTED_EDGE('',*,*,#2369,.F.);
#2369 = EDGE_CURVE('',#2361,#2359,#2370,.T.);
#2370 = CIRCLE('',#2371,2.54);
#2371 = AXIS2_PLACEMENT_3D('',#2372,#2373,#2374);
#2372 = CARTESIAN_POINT('',(228.6,182.88,40.64));
#2373 = DIRECTION('',(1.,6.070773319254E-17,0.));
#2374 = DIRECTION('',(-6.070773319254E-17,1.,0.));
#2375 = FACE_BOUND('',#2376,.T.);
#2376 = EDGE_LOOP('',(#2377,#2388));
#2377 = ORIENTED_EDGE('',*,*,#2378,.F.);
#2378 = EDGE_CURVE('',#2379,#2381,#2383,.T.);
#2379 = VERTEX_POINT('',#2380);
#2380 = CARTESIAN_POINT('',(228.6,195.58,30.48));
#2381 = VERTEX_POINT('',#2382);
#2382 = CARTESIAN_POINT('',(228.6,190.5,30.48));
#2383 = CIRCLE('',#2384,2.54);
#2384 = AXIS2_PLACEMENT_3D('',#2385,#2386,#2387);
#2385 = CARTESIAN_POINT('',(228.6,193.04,30.48));
#2386 = DIRECTION('',(1.,6.070773319254E-17,0.));
#2387 = DIRECTION('',(-6.070773319254E-17,1.,0.));
#2388 = ORIENTED_EDGE('',*,*,#2389,.F.);
#2389 = EDGE_CURVE('',#2381,#2379,#2390,.T.);
#2390 = CIRCLE('',#2391,2.54);
#2391 = AXIS2_PLACEMENT_3D('',#2392,#2393,#2394);
#2392 = CARTESIAN_POINT('',(228.6,193.04,30.48));
#2393 = DIRECTION('',(1.,6.070773319254E-17,0.));
#2394 = DIRECTION('',(-6.070773319254E-17,1.,0.));
#2395 = FACE_BOUND('',#2396,.T.);
#2396 = EDGE_LOOP('',(#2397,#2408));
#2397 = ORIENTED_EDGE('',*,*,#2398,.F.);
#2398 = EDGE_CURVE('',#2399,#2401,#2403,.T.);
#2399 = VERTEX_POINT('',#2400);
#2400 = CARTESIAN_POINT('',(228.6,205.74,10.16));
#2401 = VERTEX_POINT('',#2402);
#2402 = CARTESIAN_POINT('',(228.6,200.66,10.16));
#2403 = CIRCLE('',#2404,2.54);
#2404 = AXIS2_PLACEMENT_3D('',#2405,#2406,#2407);
#2405 = CARTESIAN_POINT('',(228.6,203.2,10.16));
#2406 = DIRECTION('',(1.,6.070773319254E-17,0.));
#2407 = DIRECTION('',(-6.070773319254E-17,1.,0.));
#2408 = ORIENTED_EDGE('',*,*,#2409,.F.);
#2409 = EDGE_CURVE('',#2401,#2399,#2410,.T.);
#2410 = CIRCLE('',#2411,2.54);
#2411 = AXIS2_PLACEMENT_3D('',#2412,#2413,#2414);
#2412 = CARTESIAN_POINT('',(228.6,203.2,10.16));
#2413 = DIRECTION('',(1.,6.070773319254E-17,0.));
#2414 = DIRECTION('',(-6.070773319254E-17,1.,0.));
#2415 = FACE_BOUND('',#2416,.T.);
#2416 = EDGE_LOOP('',(#2417,#2428));
#2417 = ORIENTED_EDGE('',*,*,#2418,.F.);
#2418 = EDGE_CURVE('',#2419,#2421,#2423,.T.);
#2419 = VERTEX_POINT('',#2420);
#2420 = CARTESIAN_POINT('',(228.6,215.9,30.48));
#2421 = VERTEX_POINT('',#2422);
#2422 = CARTESIAN_POINT('',(228.6,210.82,30.48));
#2423 = CIRCLE('',#2424,2.54);
#2424 = AXIS2_PLACEMENT_3D('',#2425,#2426,#2427);
#2425 = CARTESIAN_POINT('',(228.6,213.36,30.48));
#2426 = DIRECTION('',(1.,6.070773319254E-17,0.));
#2427 = DIRECTION('',(-6.070773319254E-17,1.,0.));
#2428 = ORIENTED_EDGE('',*,*,#2429,.F.);
#2429 = EDGE_CURVE('',#2421,#2419,#2430,.T.);
#2430 = CIRCLE('',#2431,2.54);
#2431 = AXIS2_PLACEMENT_3D('',#2432,#2433,#2434);
#2432 = CARTESIAN_POINT('',(228.6,213.36,30.48));
#2433 = DIRECTION('',(1.,6.070773319254E-17,0.));
#2434 = DIRECTION('',(-6.070773319254E-17,1.,0.));
#2435 = FACE_BOUND('',#2436,.T.);
#2436 = EDGE_LOOP('',(#2437,#2448));
#2437 = ORIENTED_EDGE('',*,*,#2438,.F.);
#2438 = EDGE_CURVE('',#2439,#2441,#2443,.T.);
#2439 = VERTEX_POINT('',#2440);
#2440 = CARTESIAN_POINT('',(228.6,215.9,40.64));
#2441 = VERTEX_POINT('',#2442);
#2442 = CARTESIAN_POINT('',(228.6,210.82,40.64));
#2443 = CIRCLE('',#2444,2.54);
#2444 = AXIS2_PLACEMENT_3D('',#2445,#2446,#2447);
#2445 = CARTESIAN_POINT('',(228.6,213.36,40.64));
#2446 = DIRECTION('',(1.,6.070773319254E-17,0.));
#2447 = DIRECTION('',(-6.070773319254E-17,1.,0.));
#2448 = ORIENTED_EDGE('',*,*,#2449,.F.);
#2449 = EDGE_CURVE('',#2441,#2439,#2450,.T.);
#2450 = CIRCLE('',#2451,2.54);
#2451 = AXIS2_PLACEMENT_3D('',#2452,#2453,#2454);
#2452 = CARTESIAN_POINT('',(228.6,213.36,40.64));
#2453 = DIRECTION('',(1.,6.070773319254E-17,0.));
#2454 = DIRECTION('',(-6.070773319254E-17,1.,0.));
#2455 = FACE_BOUND('',#2456,.T.);
#2456 = EDGE_LOOP('',(#2457,#2468));
#2457 = ORIENTED_EDGE('',*,*,#2458,.F.);
#2458 = EDGE_CURVE('',#2459,#2461,#2463,.T.);
#2459 = VERTEX_POINT('',#2460);
#2460 = CARTESIAN_POINT('',(228.6,215.9,10.16));
#2461 = VERTEX_POINT('',#2462);
#2462 = CARTESIAN_POINT('',(228.6,210.82,10.16));
#2463 = CIRCLE('',#2464,2.54);
#2464 = AXIS2_PLACEMENT_3D('',#2465,#2466,#2467);
#2465 = CARTESIAN_POINT('',(228.6,213.36,10.16));
#2466 = DIRECTION('',(1.,6.070773319254E-17,0.));
#2467 = DIRECTION('',(-6.070773319254E-17,1.,0.));
#2468 = ORIENTED_EDGE('',*,*,#2469,.F.);
#2469 = EDGE_CURVE('',#2461,#2459,#2470,.T.);
#2470 = CIRCLE('',#2471,2.54);
#2471 = AXIS2_PLACEMENT_3D('',#2472,#2473,#2474);
#2472 = CARTESIAN_POINT('',(228.6,213.36,10.16));
#2473 = DIRECTION('',(1.,6.070773319254E-17,0.));
#2474 = DIRECTION('',(-6.070773319254E-17,1.,0.));
#2475 = FACE_BOUND('',#2476,.T.);
#2476 = EDGE_LOOP('',(#2477,#2488));
#2477 = ORIENTED_EDGE('',*,*,#2478,.F.);
#2478 = EDGE_CURVE('',#2479,#2481,#2483,.T.);
#2479 = VERTEX_POINT('',#2480);
#2480 = CARTESIAN_POINT('',(228.6,215.9,20.32));
#2481 = VERTEX_POINT('',#2482);
#2482 = CARTESIAN_POINT('',(228.6,210.82,20.32));
#2483 = CIRCLE('',#2484,2.54);
#2484 = AXIS2_PLACEMENT_3D('',#2485,#2486,#2487);
#2485 = CARTESIAN_POINT('',(228.6,213.36,20.32));
#2486 = DIRECTION('',(1.,6.070773319254E-17,0.));
#2487 = DIRECTION('',(-6.070773319254E-17,1.,0.));
#2488 = ORIENTED_EDGE('',*,*,#2489,.F.);
#2489 = EDGE_CURVE('',#2481,#2479,#2490,.T.);
#2490 = CIRCLE('',#2491,2.54);
#2491 = AXIS2_PLACEMENT_3D('',#2492,#2493,#2494);
#2492 = CARTESIAN_POINT('',(228.6,213.36,20.32));
#2493 = DIRECTION('',(1.,6.070773319254E-17,0.));
#2494 = DIRECTION('',(-6.070773319254E-17,1.,0.));
#2495 = FACE_BOUND('',#2496,.T.);
#2496 = EDGE_LOOP('',(#2497,#2508));
#2497 = ORIENTED_EDGE('',*,*,#2498,.F.);
#2498 = EDGE_CURVE('',#2499,#2501,#2503,.T.);
#2499 = VERTEX_POINT('',#2500);
#2500 = CARTESIAN_POINT('',(228.6,175.26,30.48));
#2501 = VERTEX_POINT('',#2502);
#2502 = CARTESIAN_POINT('',(228.6,170.18,30.48));
#2503 = CIRCLE('',#2504,2.54);
#2504 = AXIS2_PLACEMENT_3D('',#2505,#2506,#2507);
#2505 = CARTESIAN_POINT('',(228.6,172.72,30.48));
#2506 = DIRECTION('',(1.,6.070773319254E-17,0.));
#2507 = DIRECTION('',(-6.070773319254E-17,1.,0.));
#2508 = ORIENTED_EDGE('',*,*,#2509,.F.);
#2509 = EDGE_CURVE('',#2501,#2499,#2510,.T.);
#2510 = CIRCLE('',#2511,2.54);
#2511 = AXIS2_PLACEMENT_3D('',#2512,#2513,#2514);
#2512 = CARTESIAN_POINT('',(228.6,172.72,30.48));
#2513 = DIRECTION('',(1.,6.070773319254E-17,0.));
#2514 = DIRECTION('',(-6.070773319254E-17,1.,0.));
#2515 = FACE_BOUND('',#2516,.T.);
#2516 = EDGE_LOOP('',(#2517,#2528));
#2517 = ORIENTED_EDGE('',*,*,#2518,.F.);
#2518 = EDGE_CURVE('',#2519,#2521,#2523,.T.);
#2519 = VERTEX_POINT('',#2520);
#2520 = CARTESIAN_POINT('',(228.6,185.42,10.16));
#2521 = VERTEX_POINT('',#2522);
#2522 = CARTESIAN_POINT('',(228.6,180.34,10.16));
#2523 = CIRCLE('',#2524,2.54);
#2524 = AXIS2_PLACEMENT_3D('',#2525,#2526,#2527);
#2525 = CARTESIAN_POINT('',(228.6,182.88,10.16));
#2526 = DIRECTION('',(1.,6.070773319254E-17,0.));
#2527 = DIRECTION('',(-6.070773319254E-17,1.,0.));
#2528 = ORIENTED_EDGE('',*,*,#2529,.F.);
#2529 = EDGE_CURVE('',#2521,#2519,#2530,.T.);
#2530 = CIRCLE('',#2531,2.54);
#2531 = AXIS2_PLACEMENT_3D('',#2532,#2533,#2534);
#2532 = CARTESIAN_POINT('',(228.6,182.88,10.16));
#2533 = DIRECTION('',(1.,6.070773319254E-17,0.));
#2534 = DIRECTION('',(-6.070773319254E-17,1.,0.));
#2535 = FACE_BOUND('',#2536,.T.);
#2536 = EDGE_LOOP('',(#2537,#2548));
#2537 = ORIENTED_EDGE('',*,*,#2538,.F.);
#2538 = EDGE_CURVE('',#2539,#2541,#2543,.T.);
#2539 = VERTEX_POINT('',#2540);
#2540 = CARTESIAN_POINT('',(228.6,73.66,40.639999999999));
#2541 = VERTEX_POINT('',#2542);
#2542 = CARTESIAN_POINT('',(228.6,68.58,40.639999999999));
#2543 = CIRCLE('',#2544,2.54);
#2544 = AXIS2_PLACEMENT_3D('',#2545,#2546,#2547);
#2545 = CARTESIAN_POINT('',(228.6,71.12,40.639999999999));
#2546 = DIRECTION('',(1.,6.070773319254E-17,0.));
#2547 = DIRECTION('',(-6.070773319254E-17,1.,0.));
#2548 = ORIENTED_EDGE('',*,*,#2549,.F.);
#2549 = EDGE_CURVE('',#2541,#2539,#2550,.T.);
#2550 = CIRCLE('',#2551,2.54);
#2551 = AXIS2_PLACEMENT_3D('',#2552,#2553,#2554);
#2552 = CARTESIAN_POINT('',(228.6,71.12,40.639999999999));
#2553 = DIRECTION('',(1.,6.070773319254E-17,0.));
#2554 = DIRECTION('',(-6.070773319254E-17,1.,0.));
#2555 = FACE_BOUND('',#2556,.T.);
#2556 = EDGE_LOOP('',(#2557,#2568));
#2557 = ORIENTED_EDGE('',*,*,#2558,.F.);
#2558 = EDGE_CURVE('',#2559,#2561,#2563,.T.);
#2559 = VERTEX_POINT('',#2560);
#2560 = CARTESIAN_POINT('',(228.6,83.82,40.639999999999));
#2561 = VERTEX_POINT('',#2562);
#2562 = CARTESIAN_POINT('',(228.6,78.74,40.639999999999));
#2563 = CIRCLE('',#2564,2.54);
#2564 = AXIS2_PLACEMENT_3D('',#2565,#2566,#2567);
#2565 = CARTESIAN_POINT('',(228.6,81.28,40.639999999999));
#2566 = DIRECTION('',(1.,6.070773319254E-17,0.));
#2567 = DIRECTION('',(-6.070773319254E-17,1.,0.));
#2568 = ORIENTED_EDGE('',*,*,#2569,.F.);
#2569 = EDGE_CURVE('',#2561,#2559,#2570,.T.);
#2570 = CIRCLE('',#2571,2.54);
#2571 = AXIS2_PLACEMENT_3D('',#2572,#2573,#2574);
#2572 = CARTESIAN_POINT('',(228.6,81.28,40.639999999999));
#2573 = DIRECTION('',(1.,6.070773319254E-17,0.));
#2574 = DIRECTION('',(-6.070773319254E-17,1.,0.));
#2575 = FACE_BOUND('',#2576,.T.);
#2576 = EDGE_LOOP('',(#2577,#2588));
#2577 = ORIENTED_EDGE('',*,*,#2578,.F.);
#2578 = EDGE_CURVE('',#2579,#2581,#2583,.T.);
#2579 = VERTEX_POINT('',#2580);
#2580 = CARTESIAN_POINT('',(228.6,134.62,40.639999999999));
#2581 = VERTEX_POINT('',#2582);
#2582 = CARTESIAN_POINT('',(228.6,129.54,40.639999999999));
#2583 = CIRCLE('',#2584,2.54);
#2584 = AXIS2_PLACEMENT_3D('',#2585,#2586,#2587);
#2585 = CARTESIAN_POINT('',(228.6,132.08,40.639999999999));
#2586 = DIRECTION('',(1.,6.070773319254E-17,0.));
#2587 = DIRECTION('',(-6.070773319254E-17,1.,0.));
#2588 = ORIENTED_EDGE('',*,*,#2589,.F.);
#2589 = EDGE_CURVE('',#2581,#2579,#2590,.T.);
#2590 = CIRCLE('',#2591,2.54);
#2591 = AXIS2_PLACEMENT_3D('',#2592,#2593,#2594);
#2592 = CARTESIAN_POINT('',(228.6,132.08,40.639999999999));
#2593 = DIRECTION('',(1.,6.070773319254E-17,0.));
#2594 = DIRECTION('',(-6.070773319254E-17,1.,0.));
#2595 = FACE_BOUND('',#2596,.T.);
#2596 = EDGE_LOOP('',(#2597,#2608));
#2597 = ORIENTED_EDGE('',*,*,#2598,.F.);
#2598 = EDGE_CURVE('',#2599,#2601,#2603,.T.);
#2599 = VERTEX_POINT('',#2600);
#2600 = CARTESIAN_POINT('',(228.6,144.78,40.639999999999));
#2601 = VERTEX_POINT('',#2602);
#2602 = CARTESIAN_POINT('',(228.6,139.7,40.639999999999));
#2603 = CIRCLE('',#2604,2.54);
#2604 = AXIS2_PLACEMENT_3D('',#2605,#2606,#2607);
#2605 = CARTESIAN_POINT('',(228.6,142.24,40.639999999999));
#2606 = DIRECTION('',(1.,6.070773319254E-17,0.));
#2607 = DIRECTION('',(-6.070773319254E-17,1.,0.));
#2608 = ORIENTED_EDGE('',*,*,#2609,.F.);
#2609 = EDGE_CURVE('',#2601,#2599,#2610,.T.);
#2610 = CIRCLE('',#2611,2.54);
#2611 = AXIS2_PLACEMENT_3D('',#2612,#2613,#2614);
#2612 = CARTESIAN_POINT('',(228.6,142.24,40.639999999999));
#2613 = DIRECTION('',(1.,6.070773319254E-17,0.));
#2614 = DIRECTION('',(-6.070773319254E-17,1.,0.));
#2615 = FACE_BOUND('',#2616,.T.);
#2616 = EDGE_LOOP('',(#2617,#2628));
#2617 = ORIENTED_EDGE('',*,*,#2618,.F.);
#2618 = EDGE_CURVE('',#2619,#2621,#2623,.T.);
#2619 = VERTEX_POINT('',#2620);
#2620 = CARTESIAN_POINT('',(228.6,114.3,40.639999999999));
#2621 = VERTEX_POINT('',#2622);
#2622 = CARTESIAN_POINT('',(228.6,109.22,40.639999999999));
#2623 = CIRCLE('',#2624,2.54);
#2624 = AXIS2_PLACEMENT_3D('',#2625,#2626,#2627);
#2625 = CARTESIAN_POINT('',(228.6,111.76,40.639999999999));
#2626 = DIRECTION('',(1.,6.070773319254E-17,0.));
#2627 = DIRECTION('',(-6.070773319254E-17,1.,0.));
#2628 = ORIENTED_EDGE('',*,*,#2629,.F.);
#2629 = EDGE_CURVE('',#2621,#2619,#2630,.T.);
#2630 = CIRCLE('',#2631,2.54);
#2631 = AXIS2_PLACEMENT_3D('',#2632,#2633,#2634);
#2632 = CARTESIAN_POINT('',(228.6,111.76,40.639999999999));
#2633 = DIRECTION('',(1.,6.070773319254E-17,0.));
#2634 = DIRECTION('',(-6.070773319254E-17,1.,0.));
#2635 = FACE_BOUND('',#2636,.T.);
#2636 = EDGE_LOOP('',(#2637,#2648));
#2637 = ORIENTED_EDGE('',*,*,#2638,.F.);
#2638 = EDGE_CURVE('',#2639,#2641,#2643,.T.);
#2639 = VERTEX_POINT('',#2640);
#2640 = CARTESIAN_POINT('',(228.6,124.46,40.639999999999));
#2641 = VERTEX_POINT('',#2642);
#2642 = CARTESIAN_POINT('',(228.6,119.38,40.639999999999));
#2643 = CIRCLE('',#2644,2.54);
#2644 = AXIS2_PLACEMENT_3D('',#2645,#2646,#2647);
#2645 = CARTESIAN_POINT('',(228.6,121.92,40.639999999999));
#2646 = DIRECTION('',(1.,6.070773319254E-17,0.));
#2647 = DIRECTION('',(-6.070773319254E-17,1.,0.));
#2648 = ORIENTED_EDGE('',*,*,#2649,.F.);
#2649 = EDGE_CURVE('',#2641,#2639,#2650,.T.);
#2650 = CIRCLE('',#2651,2.54);
#2651 = AXIS2_PLACEMENT_3D('',#2652,#2653,#2654);
#2652 = CARTESIAN_POINT('',(228.6,121.92,40.639999999999));
#2653 = DIRECTION('',(1.,6.070773319254E-17,0.));
#2654 = DIRECTION('',(-6.070773319254E-17,1.,0.));
#2655 = FACE_BOUND('',#2656,.T.);
#2656 = EDGE_LOOP('',(#2657,#2668));
#2657 = ORIENTED_EDGE('',*,*,#2658,.F.);
#2658 = EDGE_CURVE('',#2659,#2661,#2663,.T.);
#2659 = VERTEX_POINT('',#2660);
#2660 = CARTESIAN_POINT('',(228.6,205.74,20.32));
#2661 = VERTEX_POINT('',#2662);
#2662 = CARTESIAN_POINT('',(228.6,200.66,20.32));
#2663 = CIRCLE('',#2664,2.54);
#2664 = AXIS2_PLACEMENT_3D('',#2665,#2666,#2667);
#2665 = CARTESIAN_POINT('',(228.6,203.2,20.32));
#2666 = DIRECTION('',(1.,6.070773319254E-17,0.));
#2667 = DIRECTION('',(-6.070773319254E-17,1.,0.));
#2668 = ORIENTED_EDGE('',*,*,#2669,.F.);
#2669 = EDGE_CURVE('',#2661,#2659,#2670,.T.);
#2670 = CIRCLE('',#2671,2.54);
#2671 = AXIS2_PLACEMENT_3D('',#2672,#2673,#2674);
#2672 = CARTESIAN_POINT('',(228.6,203.2,20.32));
#2673 = DIRECTION('',(1.,6.070773319254E-17,0.));
#2674 = DIRECTION('',(-6.070773319254E-17,1.,0.));
#2675 = FACE_BOUND('',#2676,.T.);
#2676 = EDGE_LOOP('',(#2677,#2688));
#2677 = ORIENTED_EDGE('',*,*,#2678,.F.);
#2678 = EDGE_CURVE('',#2679,#2681,#2683,.T.);
#2679 = VERTEX_POINT('',#2680);
#2680 = CARTESIAN_POINT('',(228.6,205.74,30.48));
#2681 = VERTEX_POINT('',#2682);
#2682 = CARTESIAN_POINT('',(228.6,200.66,30.48));
#2683 = CIRCLE('',#2684,2.54);
#2684 = AXIS2_PLACEMENT_3D('',#2685,#2686,#2687);
#2685 = CARTESIAN_POINT('',(228.6,203.2,30.48));
#2686 = DIRECTION('',(1.,6.070773319254E-17,0.));
#2687 = DIRECTION('',(-6.070773319254E-17,1.,0.));
#2688 = ORIENTED_EDGE('',*,*,#2689,.F.);
#2689 = EDGE_CURVE('',#2681,#2679,#2690,.T.);
#2690 = CIRCLE('',#2691,2.54);
#2691 = AXIS2_PLACEMENT_3D('',#2692,#2693,#2694);
#2692 = CARTESIAN_POINT('',(228.6,203.2,30.48));
#2693 = DIRECTION('',(1.,6.070773319254E-17,0.));
#2694 = DIRECTION('',(-6.070773319254E-17,1.,0.));
#2695 = FACE_BOUND('',#2696,.T.);
#2696 = EDGE_LOOP('',(#2697,#2708));
#2697 = ORIENTED_EDGE('',*,*,#2698,.F.);
#2698 = EDGE_CURVE('',#2699,#2701,#2703,.T.);
#2699 = VERTEX_POINT('',#2700);
#2700 = CARTESIAN_POINT('',(228.6,83.82,30.479999999999));
#2701 = VERTEX_POINT('',#2702);
#2702 = CARTESIAN_POINT('',(228.6,78.74,30.479999999999));
#2703 = CIRCLE('',#2704,2.54);
#2704 = AXIS2_PLACEMENT_3D('',#2705,#2706,#2707);
#2705 = CARTESIAN_POINT('',(228.6,81.28,30.479999999999));
#2706 = DIRECTION('',(1.,6.070773319254E-17,0.));
#2707 = DIRECTION('',(-6.070773319254E-17,1.,0.));
#2708 = ORIENTED_EDGE('',*,*,#2709,.F.);
#2709 = EDGE_CURVE('',#2701,#2699,#2710,.T.);
#2710 = CIRCLE('',#2711,2.54);
#2711 = AXIS2_PLACEMENT_3D('',#2712,#2713,#2714);
#2712 = CARTESIAN_POINT('',(228.6,81.28,30.479999999999));
#2713 = DIRECTION('',(1.,6.070773319254E-17,0.));
#2714 = DIRECTION('',(-6.070773319254E-17,1.,0.));
#2715 = FACE_BOUND('',#2716,.T.);
#2716 = EDGE_LOOP('',(#2717,#2728));
#2717 = ORIENTED_EDGE('',*,*,#2718,.F.);
#2718 = EDGE_CURVE('',#2719,#2721,#2723,.T.);
#2719 = VERTEX_POINT('',#2720);
#2720 = CARTESIAN_POINT('',(228.6,83.82,20.319999999999));
#2721 = VERTEX_POINT('',#2722);
#2722 = CARTESIAN_POINT('',(228.6,78.74,20.319999999999));
#2723 = CIRCLE('',#2724,2.54);
#2724 = AXIS2_PLACEMENT_3D('',#2725,#2726,#2727);
#2725 = CARTESIAN_POINT('',(228.6,81.28,20.319999999999));
#2726 = DIRECTION('',(1.,6.070773319254E-17,0.));
#2727 = DIRECTION('',(-6.070773319254E-17,1.,0.));
#2728 = ORIENTED_EDGE('',*,*,#2729,.F.);
#2729 = EDGE_CURVE('',#2721,#2719,#2730,.T.);
#2730 = CIRCLE('',#2731,2.54);
#2731 = AXIS2_PLACEMENT_3D('',#2732,#2733,#2734);
#2732 = CARTESIAN_POINT('',(228.6,81.28,20.319999999999));
#2733 = DIRECTION('',(1.,6.070773319254E-17,0.));
#2734 = DIRECTION('',(-6.070773319254E-17,1.,0.));
#2735 = FACE_BOUND('',#2736,.T.);
#2736 = EDGE_LOOP('',(#2737,#2748));
#2737 = ORIENTED_EDGE('',*,*,#2738,.F.);
#2738 = EDGE_CURVE('',#2739,#2741,#2743,.T.);
#2739 = VERTEX_POINT('',#2740);
#2740 = CARTESIAN_POINT('',(228.6,104.14,30.479999999999));
#2741 = VERTEX_POINT('',#2742);
#2742 = CARTESIAN_POINT('',(228.6,99.06,30.479999999999));
#2743 = CIRCLE('',#2744,2.54);
#2744 = AXIS2_PLACEMENT_3D('',#2745,#2746,#2747);
#2745 = CARTESIAN_POINT('',(228.6,101.6,30.479999999999));
#2746 = DIRECTION('',(1.,6.070773319254E-17,0.));
#2747 = DIRECTION('',(-6.070773319254E-17,1.,0.));
#2748 = ORIENTED_EDGE('',*,*,#2749,.F.);
#2749 = EDGE_CURVE('',#2741,#2739,#2750,.T.);
#2750 = CIRCLE('',#2751,2.54);
#2751 = AXIS2_PLACEMENT_3D('',#2752,#2753,#2754);
#2752 = CARTESIAN_POINT('',(228.6,101.6,30.479999999999));
#2753 = DIRECTION('',(1.,6.070773319254E-17,0.));
#2754 = DIRECTION('',(-6.070773319254E-17,1.,0.));
#2755 = FACE_BOUND('',#2756,.T.);
#2756 = EDGE_LOOP('',(#2757,#2768));
#2757 = ORIENTED_EDGE('',*,*,#2758,.F.);
#2758 = EDGE_CURVE('',#2759,#2761,#2763,.T.);
#2759 = VERTEX_POINT('',#2760);
#2760 = CARTESIAN_POINT('',(228.6,93.98,30.479999999999));
#2761 = VERTEX_POINT('',#2762);
#2762 = CARTESIAN_POINT('',(228.6,88.9,30.479999999999));
#2763 = CIRCLE('',#2764,2.54);
#2764 = AXIS2_PLACEMENT_3D('',#2765,#2766,#2767);
#2765 = CARTESIAN_POINT('',(228.6,91.44,30.479999999999));
#2766 = DIRECTION('',(1.,6.070773319254E-17,0.));
#2767 = DIRECTION('',(-6.070773319254E-17,1.,0.));
#2768 = ORIENTED_EDGE('',*,*,#2769,.F.);
#2769 = EDGE_CURVE('',#2761,#2759,#2770,.T.);
#2770 = CIRCLE('',#2771,2.54);
#2771 = AXIS2_PLACEMENT_3D('',#2772,#2773,#2774);
#2772 = CARTESIAN_POINT('',(228.6,91.44,30.479999999999));
#2773 = DIRECTION('',(1.,6.070773319254E-17,0.));
#2774 = DIRECTION('',(-6.070773319254E-17,1.,0.));
#2775 = FACE_BOUND('',#2776,.T.);
#2776 = EDGE_LOOP('',(#2777,#2788));
#2777 = ORIENTED_EDGE('',*,*,#2778,.F.);
#2778 = EDGE_CURVE('',#2779,#2781,#2783,.T.);
#2779 = VERTEX_POINT('',#2780);
#2780 = CARTESIAN_POINT('',(228.6,73.66,20.319999999999));
#2781 = VERTEX_POINT('',#2782);
#2782 = CARTESIAN_POINT('',(228.6,68.58,20.319999999999));
#2783 = CIRCLE('',#2784,2.54);
#2784 = AXIS2_PLACEMENT_3D('',#2785,#2786,#2787);
#2785 = CARTESIAN_POINT('',(228.6,71.12,20.319999999999));
#2786 = DIRECTION('',(1.,6.070773319254E-17,0.));
#2787 = DIRECTION('',(-6.070773319254E-17,1.,0.));
#2788 = ORIENTED_EDGE('',*,*,#2789,.F.);
#2789 = EDGE_CURVE('',#2781,#2779,#2790,.T.);
#2790 = CIRCLE('',#2791,2.54);
#2791 = AXIS2_PLACEMENT_3D('',#2792,#2793,#2794);
#2792 = CARTESIAN_POINT('',(228.6,71.12,20.319999999999));
#2793 = DIRECTION('',(1.,6.070773319254E-17,0.));
#2794 = DIRECTION('',(-6.070773319254E-17,1.,0.));
#2795 = FACE_BOUND('',#2796,.T.);
#2796 = EDGE_LOOP('',(#2797,#2808));
#2797 = ORIENTED_EDGE('',*,*,#2798,.F.);
#2798 = EDGE_CURVE('',#2799,#2801,#2803,.T.);
#2799 = VERTEX_POINT('',#2800);
#2800 = CARTESIAN_POINT('',(228.6,73.66,10.159999999999));
#2801 = VERTEX_POINT('',#2802);
#2802 = CARTESIAN_POINT('',(228.6,68.58,10.159999999999));
#2803 = CIRCLE('',#2804,2.54);
#2804 = AXIS2_PLACEMENT_3D('',#2805,#2806,#2807);
#2805 = CARTESIAN_POINT('',(228.6,71.12,10.159999999999));
#2806 = DIRECTION('',(1.,6.070773319254E-17,0.));
#2807 = DIRECTION('',(-6.070773319254E-17,1.,0.));
#2808 = ORIENTED_EDGE('',*,*,#2809,.F.);
#2809 = EDGE_CURVE('',#2801,#2799,#2810,.T.);
#2810 = CIRCLE('',#2811,2.54);
#2811 = AXIS2_PLACEMENT_3D('',#2812,#2813,#2814);
#2812 = CARTESIAN_POINT('',(228.6,71.12,10.159999999999));
#2813 = DIRECTION('',(1.,6.070773319254E-17,0.));
#2814 = DIRECTION('',(-6.070773319254E-17,1.,0.));
#2815 = FACE_BOUND('',#2816,.T.);
#2816 = EDGE_LOOP('',(#2817,#2827,#2835,#2843));
#2817 = ORIENTED_EDGE('',*,*,#2818,.F.);
#2818 = EDGE_CURVE('',#2819,#2821,#2823,.T.);
#2819 = VERTEX_POINT('',#2820);
#2820 = CARTESIAN_POINT('',(228.6,93.98,22.86));
#2821 = VERTEX_POINT('',#2822);
#2822 = CARTESIAN_POINT('',(228.6,93.98,12.7));
#2823 = LINE('',#2824,#2825);
#2824 = CARTESIAN_POINT('',(228.6,93.98,22.86));
#2825 = VECTOR('',#2826,1.);
#2826 = DIRECTION('',(0.,0.,-1.));
#2827 = ORIENTED_EDGE('',*,*,#2828,.F.);
#2828 = EDGE_CURVE('',#2829,#2819,#2831,.T.);
#2829 = VERTEX_POINT('',#2830);
#2830 = CARTESIAN_POINT('',(228.6,152.4,22.86));
#2831 = LINE('',#2832,#2833);
#2832 = CARTESIAN_POINT('',(228.6,152.4,22.86));
#2833 = VECTOR('',#2834,1.);
#2834 = DIRECTION('',(0.,-1.,-1.187759997245E-16));
#2835 = ORIENTED_EDGE('',*,*,#2836,.F.);
#2836 = EDGE_CURVE('',#2837,#2829,#2839,.T.);
#2837 = VERTEX_POINT('',#2838);
#2838 = CARTESIAN_POINT('',(228.6,152.4,12.7));
#2839 = LINE('',#2840,#2841);
#2840 = CARTESIAN_POINT('',(228.6,152.4,22.86));
#2841 = VECTOR('',#2842,1.);
#2842 = DIRECTION('',(-0.,-0.,1.));
#2843 = ORIENTED_EDGE('',*,*,#2844,.F.);
#2844 = EDGE_CURVE('',#2821,#2837,#2845,.T.);
#2845 = LINE('',#2846,#2847);
#2846 = CARTESIAN_POINT('',(228.6,152.4,12.7));
#2847 = VECTOR('',#2848,1.);
#2848 = DIRECTION('',(-0.,1.,1.484699996557E-16));
#2849 = FACE_BOUND('',#2850,.T.);
#2850 = EDGE_LOOP('',(#2851,#2857,#2858,#2859));
#2851 = ORIENTED_EDGE('',*,*,#2852,.T.);
#2852 = EDGE_CURVE('',#502,#1396,#2853,.T.);
#2853 = LINE('',#2854,#2855);
#2854 = CARTESIAN_POINT('',(228.6,228.6,0.));
#2855 = VECTOR('',#2856,1.);
#2856 = DIRECTION('',(-6.070773319254E-17,1.,-0.));
#2857 = ORIENTED_EDGE('',*,*,#1395,.T.);
#2858 = ORIENTED_EDGE('',*,*,#578,.F.);
#2859 = ORIENTED_EDGE('',*,*,#509,.T.);
#2860 = PLANE('',#2861);
#2861 = AXIS2_PLACEMENT_3D('',#2862,#2863,#2864);
#2862 = CARTESIAN_POINT('',(228.6,228.6,50.8));
#2863 = DIRECTION('',(-1.,-6.070773319254E-17,0.));
#2864 = DIRECTION('',(6.070773319254E-17,-1.,0.));
#2865 = ADVANCED_FACE('',(#2866,#2886,#2906,#2926,#2946,#2966,#2986,
    #3006,#3026,#3046,#3066,#3086,#3106,#3126,#3146,#3166,#3186,#3206,
    #3226,#3246,#3266,#3286,#3306,#3326,#3346,#3373,#3400,#3427,#3454,
    #3481,#3499,#3517,#3535,#3562,#3589,#3616,#3643,#3670,#3697,#3724,
    #3751,#3794,#3814,#3834,#3854,#3874,#3894,#3914,#3934,#3954,#3974,
    #3994,#4014,#4034,#4054,#4074,#4094,#4114,#4134,#4154,#4174,#4194,
    #4214,#4234,#4254,#4274,#4294,#4314,#4334,#4354,#4374),#4408,.T.);
#2866 = FACE_BOUND('',#2867,.T.);
#2867 = EDGE_LOOP('',(#2868,#2879));
#2868 = ORIENTED_EDGE('',*,*,#2869,.T.);
#2869 = EDGE_CURVE('',#2870,#2872,#2874,.T.);
#2870 = VERTEX_POINT('',#2871);
#2871 = CARTESIAN_POINT('',(220.98,43.18,20.319999999998));
#2872 = VERTEX_POINT('',#2873);
#2873 = CARTESIAN_POINT('',(220.98,38.1,20.319999999998));
#2874 = CIRCLE('',#2875,2.54);
#2875 = AXIS2_PLACEMENT_3D('',#2876,#2877,#2878);
#2876 = CARTESIAN_POINT('',(220.98,40.64,20.319999999998));
#2877 = DIRECTION('',(1.,6.070773319254E-17,0.));
#2878 = DIRECTION('',(-6.070773319254E-17,1.,0.));
#2879 = ORIENTED_EDGE('',*,*,#2880,.T.);
#2880 = EDGE_CURVE('',#2872,#2870,#2881,.T.);
#2881 = CIRCLE('',#2882,2.54);
#2882 = AXIS2_PLACEMENT_3D('',#2883,#2884,#2885);
#2883 = CARTESIAN_POINT('',(220.98,40.64,20.319999999998));
#2884 = DIRECTION('',(1.,6.070773319254E-17,0.));
#2885 = DIRECTION('',(-6.070773319254E-17,1.,0.));
#2886 = FACE_BOUND('',#2887,.T.);
#2887 = EDGE_LOOP('',(#2888,#2899));
#2888 = ORIENTED_EDGE('',*,*,#2889,.T.);
#2889 = EDGE_CURVE('',#2890,#2892,#2894,.T.);
#2890 = VERTEX_POINT('',#2891);
#2891 = CARTESIAN_POINT('',(220.98,43.18,30.479999999998));
#2892 = VERTEX_POINT('',#2893);
#2893 = CARTESIAN_POINT('',(220.98,38.1,30.479999999998));
#2894 = CIRCLE('',#2895,2.54);
#2895 = AXIS2_PLACEMENT_3D('',#2896,#2897,#2898);
#2896 = CARTESIAN_POINT('',(220.98,40.64,30.479999999998));
#2897 = DIRECTION('',(1.,6.070773319254E-17,0.));
#2898 = DIRECTION('',(-6.070773319254E-17,1.,0.));
#2899 = ORIENTED_EDGE('',*,*,#2900,.T.);
#2900 = EDGE_CURVE('',#2892,#2890,#2901,.T.);
#2901 = CIRCLE('',#2902,2.54);
#2902 = AXIS2_PLACEMENT_3D('',#2903,#2904,#2905);
#2903 = CARTESIAN_POINT('',(220.98,40.64,30.479999999998));
#2904 = DIRECTION('',(1.,6.070773319254E-17,0.));
#2905 = DIRECTION('',(-6.070773319254E-17,1.,0.));
#2906 = FACE_BOUND('',#2907,.T.);
#2907 = EDGE_LOOP('',(#2908,#2919));
#2908 = ORIENTED_EDGE('',*,*,#2909,.T.);
#2909 = EDGE_CURVE('',#2910,#2912,#2914,.T.);
#2910 = VERTEX_POINT('',#2911);
#2911 = CARTESIAN_POINT('',(220.98,63.5,20.319999999998));
#2912 = VERTEX_POINT('',#2913);
#2913 = CARTESIAN_POINT('',(220.98,58.42,20.319999999998));
#2914 = CIRCLE('',#2915,2.54);
#2915 = AXIS2_PLACEMENT_3D('',#2916,#2917,#2918);
#2916 = CARTESIAN_POINT('',(220.98,60.96,20.319999999998));
#2917 = DIRECTION('',(1.,6.070773319254E-17,0.));
#2918 = DIRECTION('',(-6.070773319254E-17,1.,0.));
#2919 = ORIENTED_EDGE('',*,*,#2920,.T.);
#2920 = EDGE_CURVE('',#2912,#2910,#2921,.T.);
#2921 = CIRCLE('',#2922,2.54);
#2922 = AXIS2_PLACEMENT_3D('',#2923,#2924,#2925);
#2923 = CARTESIAN_POINT('',(220.98,60.96,20.319999999998));
#2924 = DIRECTION('',(1.,6.070773319254E-17,0.));
#2925 = DIRECTION('',(-6.070773319254E-17,1.,0.));
#2926 = FACE_BOUND('',#2927,.T.);
#2927 = EDGE_LOOP('',(#2928,#2939));
#2928 = ORIENTED_EDGE('',*,*,#2929,.T.);
#2929 = EDGE_CURVE('',#2930,#2932,#2934,.T.);
#2930 = VERTEX_POINT('',#2931);
#2931 = CARTESIAN_POINT('',(220.98,63.5,30.479999999998));
#2932 = VERTEX_POINT('',#2933);
#2933 = CARTESIAN_POINT('',(220.98,58.42,30.479999999998));
#2934 = CIRCLE('',#2935,2.54);
#2935 = AXIS2_PLACEMENT_3D('',#2936,#2937,#2938);
#2936 = CARTESIAN_POINT('',(220.98,60.96,30.479999999998));
#2937 = DIRECTION('',(1.,6.070773319254E-17,0.));
#2938 = DIRECTION('',(-6.070773319254E-17,1.,0.));
#2939 = ORIENTED_EDGE('',*,*,#2940,.T.);
#2940 = EDGE_CURVE('',#2932,#2930,#2941,.T.);
#2941 = CIRCLE('',#2942,2.54);
#2942 = AXIS2_PLACEMENT_3D('',#2943,#2944,#2945);
#2943 = CARTESIAN_POINT('',(220.98,60.96,30.479999999998));
#2944 = DIRECTION('',(1.,6.070773319254E-17,0.));
#2945 = DIRECTION('',(-6.070773319254E-17,1.,0.));
#2946 = FACE_BOUND('',#2947,.T.);
#2947 = EDGE_LOOP('',(#2948,#2959));
#2948 = ORIENTED_EDGE('',*,*,#2949,.T.);
#2949 = EDGE_CURVE('',#2950,#2952,#2954,.T.);
#2950 = VERTEX_POINT('',#2951);
#2951 = CARTESIAN_POINT('',(220.98,53.34,30.479999999998));
#2952 = VERTEX_POINT('',#2953);
#2953 = CARTESIAN_POINT('',(220.98,48.26,30.479999999998));
#2954 = CIRCLE('',#2955,2.54);
#2955 = AXIS2_PLACEMENT_3D('',#2956,#2957,#2958);
#2956 = CARTESIAN_POINT('',(220.98,50.8,30.479999999998));
#2957 = DIRECTION('',(1.,6.070773319254E-17,0.));
#2958 = DIRECTION('',(-6.070773319254E-17,1.,0.));
#2959 = ORIENTED_EDGE('',*,*,#2960,.T.);
#2960 = EDGE_CURVE('',#2952,#2950,#2961,.T.);
#2961 = CIRCLE('',#2962,2.54);
#2962 = AXIS2_PLACEMENT_3D('',#2963,#2964,#2965);
#2963 = CARTESIAN_POINT('',(220.98,50.8,30.479999999998));
#2964 = DIRECTION('',(1.,6.070773319254E-17,0.));
#2965 = DIRECTION('',(-6.070773319254E-17,1.,0.));
#2966 = FACE_BOUND('',#2967,.T.);
#2967 = EDGE_LOOP('',(#2968,#2979));
#2968 = ORIENTED_EDGE('',*,*,#2969,.T.);
#2969 = EDGE_CURVE('',#2970,#2972,#2974,.T.);
#2970 = VERTEX_POINT('',#2971);
#2971 = CARTESIAN_POINT('',(220.98,22.86,20.319999999998));
#2972 = VERTEX_POINT('',#2973);
#2973 = CARTESIAN_POINT('',(220.98,17.78,20.319999999998));
#2974 = CIRCLE('',#2975,2.54);
#2975 = AXIS2_PLACEMENT_3D('',#2976,#2977,#2978);
#2976 = CARTESIAN_POINT('',(220.98,20.32,20.319999999998));
#2977 = DIRECTION('',(1.,6.070773319254E-17,0.));
#2978 = DIRECTION('',(-6.070773319254E-17,1.,0.));
#2979 = ORIENTED_EDGE('',*,*,#2980,.T.);
#2980 = EDGE_CURVE('',#2972,#2970,#2981,.T.);
#2981 = CIRCLE('',#2982,2.54);
#2982 = AXIS2_PLACEMENT_3D('',#2983,#2984,#2985);
#2983 = CARTESIAN_POINT('',(220.98,20.32,20.319999999998));
#2984 = DIRECTION('',(1.,6.070773319254E-17,0.));
#2985 = DIRECTION('',(-6.070773319254E-17,1.,0.));
#2986 = FACE_BOUND('',#2987,.T.);
#2987 = EDGE_LOOP('',(#2988,#2999));
#2988 = ORIENTED_EDGE('',*,*,#2989,.T.);
#2989 = EDGE_CURVE('',#2990,#2992,#2994,.T.);
#2990 = VERTEX_POINT('',#2991);
#2991 = CARTESIAN_POINT('',(220.98,22.86,30.479999999998));
#2992 = VERTEX_POINT('',#2993);
#2993 = CARTESIAN_POINT('',(220.98,17.78,30.479999999998));
#2994 = CIRCLE('',#2995,2.54);
#2995 = AXIS2_PLACEMENT_3D('',#2996,#2997,#2998);
#2996 = CARTESIAN_POINT('',(220.98,20.32,30.479999999998));
#2997 = DIRECTION('',(1.,6.070773319254E-17,0.));
#2998 = DIRECTION('',(-6.070773319254E-17,1.,0.));
#2999 = ORIENTED_EDGE('',*,*,#3000,.T.);
#3000 = EDGE_CURVE('',#2992,#2990,#3001,.T.);
#3001 = CIRCLE('',#3002,2.54);
#3002 = AXIS2_PLACEMENT_3D('',#3003,#3004,#3005);
#3003 = CARTESIAN_POINT('',(220.98,20.32,30.479999999998));
#3004 = DIRECTION('',(1.,6.070773319254E-17,0.));
#3005 = DIRECTION('',(-6.070773319254E-17,1.,0.));
#3006 = FACE_BOUND('',#3007,.T.);
#3007 = EDGE_LOOP('',(#3008,#3019));
#3008 = ORIENTED_EDGE('',*,*,#3009,.T.);
#3009 = EDGE_CURVE('',#3010,#3012,#3014,.T.);
#3010 = VERTEX_POINT('',#3011);
#3011 = CARTESIAN_POINT('',(220.98,175.26,20.32));
#3012 = VERTEX_POINT('',#3013);
#3013 = CARTESIAN_POINT('',(220.98,170.18,20.32));
#3014 = CIRCLE('',#3015,2.54);
#3015 = AXIS2_PLACEMENT_3D('',#3016,#3017,#3018);
#3016 = CARTESIAN_POINT('',(220.98,172.72,20.32));
#3017 = DIRECTION('',(1.,6.070773319254E-17,0.));
#3018 = DIRECTION('',(-6.070773319254E-17,1.,0.));
#3019 = ORIENTED_EDGE('',*,*,#3020,.T.);
#3020 = EDGE_CURVE('',#3012,#3010,#3021,.T.);
#3021 = CIRCLE('',#3022,2.54);
#3022 = AXIS2_PLACEMENT_3D('',#3023,#3024,#3025);
#3023 = CARTESIAN_POINT('',(220.98,172.72,20.32));
#3024 = DIRECTION('',(1.,6.070773319254E-17,0.));
#3025 = DIRECTION('',(-6.070773319254E-17,1.,0.));
#3026 = FACE_BOUND('',#3027,.T.);
#3027 = EDGE_LOOP('',(#3028,#3039));
#3028 = ORIENTED_EDGE('',*,*,#3029,.T.);
#3029 = EDGE_CURVE('',#3030,#3032,#3034,.T.);
#3030 = VERTEX_POINT('',#3031);
#3031 = CARTESIAN_POINT('',(220.98,195.58,20.32));
#3032 = VERTEX_POINT('',#3033);
#3033 = CARTESIAN_POINT('',(220.98,190.5,20.32));
#3034 = CIRCLE('',#3035,2.54);
#3035 = AXIS2_PLACEMENT_3D('',#3036,#3037,#3038);
#3036 = CARTESIAN_POINT('',(220.98,193.04,20.32));
#3037 = DIRECTION('',(1.,6.070773319254E-17,0.));
#3038 = DIRECTION('',(-6.070773319254E-17,1.,0.));
#3039 = ORIENTED_EDGE('',*,*,#3040,.T.);
#3040 = EDGE_CURVE('',#3032,#3030,#3041,.T.);
#3041 = CIRCLE('',#3042,2.54);
#3042 = AXIS2_PLACEMENT_3D('',#3043,#3044,#3045);
#3043 = CARTESIAN_POINT('',(220.98,193.04,20.32));
#3044 = DIRECTION('',(1.,6.070773319254E-17,0.));
#3045 = DIRECTION('',(-6.070773319254E-17,1.,0.));
#3046 = FACE_BOUND('',#3047,.T.);
#3047 = EDGE_LOOP('',(#3048,#3059));
#3048 = ORIENTED_EDGE('',*,*,#3049,.T.);
#3049 = EDGE_CURVE('',#3050,#3052,#3054,.T.);
#3050 = VERTEX_POINT('',#3051);
#3051 = CARTESIAN_POINT('',(220.98,185.42,20.32));
#3052 = VERTEX_POINT('',#3053);
#3053 = CARTESIAN_POINT('',(220.98,180.34,20.32));
#3054 = CIRCLE('',#3055,2.54);
#3055 = AXIS2_PLACEMENT_3D('',#3056,#3057,#3058);
#3056 = CARTESIAN_POINT('',(220.98,182.88,20.32));
#3057 = DIRECTION('',(1.,6.070773319254E-17,0.));
#3058 = DIRECTION('',(-6.070773319254E-17,1.,0.));
#3059 = ORIENTED_EDGE('',*,*,#3060,.T.);
#3060 = EDGE_CURVE('',#3052,#3050,#3061,.T.);
#3061 = CIRCLE('',#3062,2.54);
#3062 = AXIS2_PLACEMENT_3D('',#3063,#3064,#3065);
#3063 = CARTESIAN_POINT('',(220.98,182.88,20.32));
#3064 = DIRECTION('',(1.,6.070773319254E-17,0.));
#3065 = DIRECTION('',(-6.070773319254E-17,1.,0.));
#3066 = FACE_BOUND('',#3067,.T.);
#3067 = EDGE_LOOP('',(#3068,#3079));
#3068 = ORIENTED_EDGE('',*,*,#3069,.T.);
#3069 = EDGE_CURVE('',#3070,#3072,#3074,.T.);
#3070 = VERTEX_POINT('',#3071);
#3071 = CARTESIAN_POINT('',(220.98,185.42,30.48));
#3072 = VERTEX_POINT('',#3073);
#3073 = CARTESIAN_POINT('',(220.98,180.34,30.48));
#3074 = CIRCLE('',#3075,2.54);
#3075 = AXIS2_PLACEMENT_3D('',#3076,#3077,#3078);
#3076 = CARTESIAN_POINT('',(220.98,182.88,30.48));
#3077 = DIRECTION('',(1.,6.070773319254E-17,0.));
#3078 = DIRECTION('',(-6.070773319254E-17,1.,0.));
#3079 = ORIENTED_EDGE('',*,*,#3080,.T.);
#3080 = EDGE_CURVE('',#3072,#3070,#3081,.T.);
#3081 = CIRCLE('',#3082,2.54);
#3082 = AXIS2_PLACEMENT_3D('',#3083,#3084,#3085);
#3083 = CARTESIAN_POINT('',(220.98,182.88,30.48));
#3084 = DIRECTION('',(1.,6.070773319254E-17,0.));
#3085 = DIRECTION('',(-6.070773319254E-17,1.,0.));
#3086 = FACE_BOUND('',#3087,.T.);
#3087 = EDGE_LOOP('',(#3088,#3099));
#3088 = ORIENTED_EDGE('',*,*,#3089,.T.);
#3089 = EDGE_CURVE('',#3090,#3092,#3094,.T.);
#3090 = VERTEX_POINT('',#3091);
#3091 = CARTESIAN_POINT('',(220.98,53.34,20.319999999998));
#3092 = VERTEX_POINT('',#3093);
#3093 = CARTESIAN_POINT('',(220.98,48.26,20.319999999998));
#3094 = CIRCLE('',#3095,2.54);
#3095 = AXIS2_PLACEMENT_3D('',#3096,#3097,#3098);
#3096 = CARTESIAN_POINT('',(220.98,50.8,20.319999999998));
#3097 = DIRECTION('',(1.,6.070773319254E-17,0.));
#3098 = DIRECTION('',(-6.070773319254E-17,1.,0.));
#3099 = ORIENTED_EDGE('',*,*,#3100,.T.);
#3100 = EDGE_CURVE('',#3092,#3090,#3101,.T.);
#3101 = CIRCLE('',#3102,2.54);
#3102 = AXIS2_PLACEMENT_3D('',#3103,#3104,#3105);
#3103 = CARTESIAN_POINT('',(220.98,50.8,20.319999999998));
#3104 = DIRECTION('',(1.,6.070773319254E-17,0.));
#3105 = DIRECTION('',(-6.070773319254E-17,1.,0.));
#3106 = FACE_BOUND('',#3107,.T.);
#3107 = EDGE_LOOP('',(#3108,#3119));
#3108 = ORIENTED_EDGE('',*,*,#3109,.T.);
#3109 = EDGE_CURVE('',#3110,#3112,#3114,.T.);
#3110 = VERTEX_POINT('',#3111);
#3111 = CARTESIAN_POINT('',(220.98,114.3,30.479999999999));
#3112 = VERTEX_POINT('',#3113);
#3113 = CARTESIAN_POINT('',(220.98,109.22,30.479999999999));
#3114 = CIRCLE('',#3115,2.54);
#3115 = AXIS2_PLACEMENT_3D('',#3116,#3117,#3118);
#3116 = CARTESIAN_POINT('',(220.98,111.76,30.479999999999));
#3117 = DIRECTION('',(1.,6.070773319254E-17,0.));
#3118 = DIRECTION('',(-6.070773319254E-17,1.,0.));
#3119 = ORIENTED_EDGE('',*,*,#3120,.T.);
#3120 = EDGE_CURVE('',#3112,#3110,#3121,.T.);
#3121 = CIRCLE('',#3122,2.54);
#3122 = AXIS2_PLACEMENT_3D('',#3123,#3124,#3125);
#3123 = CARTESIAN_POINT('',(220.98,111.76,30.479999999999));
#3124 = DIRECTION('',(1.,6.070773319254E-17,0.));
#3125 = DIRECTION('',(-6.070773319254E-17,1.,0.));
#3126 = FACE_BOUND('',#3127,.T.);
#3127 = EDGE_LOOP('',(#3128,#3139));
#3128 = ORIENTED_EDGE('',*,*,#3129,.T.);
#3129 = EDGE_CURVE('',#3130,#3132,#3134,.T.);
#3130 = VERTEX_POINT('',#3131);
#3131 = CARTESIAN_POINT('',(220.98,124.46,30.479999999999));
#3132 = VERTEX_POINT('',#3133);
#3133 = CARTESIAN_POINT('',(220.98,119.38,30.479999999999));
#3134 = CIRCLE('',#3135,2.54);
#3135 = AXIS2_PLACEMENT_3D('',#3136,#3137,#3138);
#3136 = CARTESIAN_POINT('',(220.98,121.92,30.479999999999));
#3137 = DIRECTION('',(1.,6.070773319254E-17,0.));
#3138 = DIRECTION('',(-6.070773319254E-17,1.,0.));
#3139 = ORIENTED_EDGE('',*,*,#3140,.T.);
#3140 = EDGE_CURVE('',#3132,#3130,#3141,.T.);
#3141 = CIRCLE('',#3142,2.54);
#3142 = AXIS2_PLACEMENT_3D('',#3143,#3144,#3145);
#3143 = CARTESIAN_POINT('',(220.98,121.92,30.479999999999));
#3144 = DIRECTION('',(1.,6.070773319254E-17,0.));
#3145 = DIRECTION('',(-6.070773319254E-17,1.,0.));
#3146 = FACE_BOUND('',#3147,.T.);
#3147 = EDGE_LOOP('',(#3148,#3159));
#3148 = ORIENTED_EDGE('',*,*,#3149,.T.);
#3149 = EDGE_CURVE('',#3150,#3152,#3154,.T.);
#3150 = VERTEX_POINT('',#3151);
#3151 = CARTESIAN_POINT('',(220.98,165.1,20.319999999999));
#3152 = VERTEX_POINT('',#3153);
#3153 = CARTESIAN_POINT('',(220.98,160.02,20.319999999999));
#3154 = CIRCLE('',#3155,2.54);
#3155 = AXIS2_PLACEMENT_3D('',#3156,#3157,#3158);
#3156 = CARTESIAN_POINT('',(220.98,162.56,20.319999999999));
#3157 = DIRECTION('',(1.,6.070773319254E-17,0.));
#3158 = DIRECTION('',(-6.070773319254E-17,1.,0.));
#3159 = ORIENTED_EDGE('',*,*,#3160,.T.);
#3160 = EDGE_CURVE('',#3152,#3150,#3161,.T.);
#3161 = CIRCLE('',#3162,2.54);
#3162 = AXIS2_PLACEMENT_3D('',#3163,#3164,#3165);
#3163 = CARTESIAN_POINT('',(220.98,162.56,20.319999999999));
#3164 = DIRECTION('',(1.,6.070773319254E-17,0.));
#3165 = DIRECTION('',(-6.070773319254E-17,1.,0.));
#3166 = FACE_BOUND('',#3167,.T.);
#3167 = EDGE_LOOP('',(#3168,#3179));
#3168 = ORIENTED_EDGE('',*,*,#3169,.T.);
#3169 = EDGE_CURVE('',#3170,#3172,#3174,.T.);
#3170 = VERTEX_POINT('',#3171);
#3171 = CARTESIAN_POINT('',(220.98,165.1,30.479999999999));
#3172 = VERTEX_POINT('',#3173);
#3173 = CARTESIAN_POINT('',(220.98,160.02,30.479999999999));
#3174 = CIRCLE('',#3175,2.54);
#3175 = AXIS2_PLACEMENT_3D('',#3176,#3177,#3178);
#3176 = CARTESIAN_POINT('',(220.98,162.56,30.479999999999));
#3177 = DIRECTION('',(1.,6.070773319254E-17,0.));
#3178 = DIRECTION('',(-6.070773319254E-17,1.,0.));
#3179 = ORIENTED_EDGE('',*,*,#3180,.T.);
#3180 = EDGE_CURVE('',#3172,#3170,#3181,.T.);
#3181 = CIRCLE('',#3182,2.54);
#3182 = AXIS2_PLACEMENT_3D('',#3183,#3184,#3185);
#3183 = CARTESIAN_POINT('',(220.98,162.56,30.479999999999));
#3184 = DIRECTION('',(1.,6.070773319254E-17,0.));
#3185 = DIRECTION('',(-6.070773319254E-17,1.,0.));
#3186 = FACE_BOUND('',#3187,.T.);
#3187 = EDGE_LOOP('',(#3188,#3199));
#3188 = ORIENTED_EDGE('',*,*,#3189,.T.);
#3189 = EDGE_CURVE('',#3190,#3192,#3194,.T.);
#3190 = VERTEX_POINT('',#3191);
#3191 = CARTESIAN_POINT('',(220.98,154.94,30.479999999999));
#3192 = VERTEX_POINT('',#3193);
#3193 = CARTESIAN_POINT('',(220.98,149.86,30.479999999999));
#3194 = CIRCLE('',#3195,2.54);
#3195 = AXIS2_PLACEMENT_3D('',#3196,#3197,#3198);
#3196 = CARTESIAN_POINT('',(220.98,152.4,30.479999999999));
#3197 = DIRECTION('',(1.,6.070773319254E-17,0.));
#3198 = DIRECTION('',(-6.070773319254E-17,1.,0.));
#3199 = ORIENTED_EDGE('',*,*,#3200,.T.);
#3200 = EDGE_CURVE('',#3192,#3190,#3201,.T.);
#3201 = CIRCLE('',#3202,2.54);
#3202 = AXIS2_PLACEMENT_3D('',#3203,#3204,#3205);
#3203 = CARTESIAN_POINT('',(220.98,152.4,30.479999999999));
#3204 = DIRECTION('',(1.,6.070773319254E-17,0.));
#3205 = DIRECTION('',(-6.070773319254E-17,1.,0.));
#3206 = FACE_BOUND('',#3207,.T.);
#3207 = EDGE_LOOP('',(#3208,#3219));
#3208 = ORIENTED_EDGE('',*,*,#3209,.T.);
#3209 = EDGE_CURVE('',#3210,#3212,#3214,.T.);
#3210 = VERTEX_POINT('',#3211);
#3211 = CARTESIAN_POINT('',(220.98,73.66,30.479999999999));
#3212 = VERTEX_POINT('',#3213);
#3213 = CARTESIAN_POINT('',(220.98,68.58,30.479999999999));
#3214 = CIRCLE('',#3215,2.54);
#3215 = AXIS2_PLACEMENT_3D('',#3216,#3217,#3218);
#3216 = CARTESIAN_POINT('',(220.98,71.12,30.479999999999));
#3217 = DIRECTION('',(1.,6.070773319254E-17,0.));
#3218 = DIRECTION('',(-6.070773319254E-17,1.,0.));
#3219 = ORIENTED_EDGE('',*,*,#3220,.T.);
#3220 = EDGE_CURVE('',#3212,#3210,#3221,.T.);
#3221 = CIRCLE('',#3222,2.54);
#3222 = AXIS2_PLACEMENT_3D('',#3223,#3224,#3225);
#3223 = CARTESIAN_POINT('',(220.98,71.12,30.479999999999));
#3224 = DIRECTION('',(1.,6.070773319254E-17,0.));
#3225 = DIRECTION('',(-6.070773319254E-17,1.,0.));
#3226 = FACE_BOUND('',#3227,.T.);
#3227 = EDGE_LOOP('',(#3228,#3239));
#3228 = ORIENTED_EDGE('',*,*,#3229,.T.);
#3229 = EDGE_CURVE('',#3230,#3232,#3234,.T.);
#3230 = VERTEX_POINT('',#3231);
#3231 = CARTESIAN_POINT('',(220.98,33.02,30.479999999998));
#3232 = VERTEX_POINT('',#3233);
#3233 = CARTESIAN_POINT('',(220.98,27.94,30.479999999998));
#3234 = CIRCLE('',#3235,2.54);
#3235 = AXIS2_PLACEMENT_3D('',#3236,#3237,#3238);
#3236 = CARTESIAN_POINT('',(220.98,30.48,30.479999999998));
#3237 = DIRECTION('',(1.,6.070773319254E-17,0.));
#3238 = DIRECTION('',(-6.070773319254E-17,1.,0.));
#3239 = ORIENTED_EDGE('',*,*,#3240,.T.);
#3240 = EDGE_CURVE('',#3232,#3230,#3241,.T.);
#3241 = CIRCLE('',#3242,2.54);
#3242 = AXIS2_PLACEMENT_3D('',#3243,#3244,#3245);
#3243 = CARTESIAN_POINT('',(220.98,30.48,30.479999999998));
#3244 = DIRECTION('',(1.,6.070773319254E-17,0.));
#3245 = DIRECTION('',(-6.070773319254E-17,1.,0.));
#3246 = FACE_BOUND('',#3247,.T.);
#3247 = EDGE_LOOP('',(#3248,#3259));
#3248 = ORIENTED_EDGE('',*,*,#3249,.T.);
#3249 = EDGE_CURVE('',#3250,#3252,#3254,.T.);
#3250 = VERTEX_POINT('',#3251);
#3251 = CARTESIAN_POINT('',(220.98,33.02,20.319999999998));
#3252 = VERTEX_POINT('',#3253);
#3253 = CARTESIAN_POINT('',(220.98,27.94,20.319999999998));
#3254 = CIRCLE('',#3255,2.54);
#3255 = AXIS2_PLACEMENT_3D('',#3256,#3257,#3258);
#3256 = CARTESIAN_POINT('',(220.98,30.48,20.319999999998));
#3257 = DIRECTION('',(1.,6.070773319254E-17,0.));
#3258 = DIRECTION('',(-6.070773319254E-17,1.,0.));
#3259 = ORIENTED_EDGE('',*,*,#3260,.T.);
#3260 = EDGE_CURVE('',#3252,#3250,#3261,.T.);
#3261 = CIRCLE('',#3262,2.54);
#3262 = AXIS2_PLACEMENT_3D('',#3263,#3264,#3265);
#3263 = CARTESIAN_POINT('',(220.98,30.48,20.319999999998));
#3264 = DIRECTION('',(1.,6.070773319254E-17,0.));
#3265 = DIRECTION('',(-6.070773319254E-17,1.,0.));
#3266 = FACE_BOUND('',#3267,.T.);
#3267 = EDGE_LOOP('',(#3268,#3279));
#3268 = ORIENTED_EDGE('',*,*,#3269,.T.);
#3269 = EDGE_CURVE('',#3270,#3272,#3274,.T.);
#3270 = VERTEX_POINT('',#3271);
#3271 = CARTESIAN_POINT('',(220.98,134.62,30.479999999999));
#3272 = VERTEX_POINT('',#3273);
#3273 = CARTESIAN_POINT('',(220.98,129.54,30.479999999999));
#3274 = CIRCLE('',#3275,2.54);
#3275 = AXIS2_PLACEMENT_3D('',#3276,#3277,#3278);
#3276 = CARTESIAN_POINT('',(220.98,132.08,30.479999999999));
#3277 = DIRECTION('',(1.,6.070773319254E-17,0.));
#3278 = DIRECTION('',(-6.070773319254E-17,1.,0.));
#3279 = ORIENTED_EDGE('',*,*,#3280,.T.);
#3280 = EDGE_CURVE('',#3272,#3270,#3281,.T.);
#3281 = CIRCLE('',#3282,2.54);
#3282 = AXIS2_PLACEMENT_3D('',#3283,#3284,#3285);
#3283 = CARTESIAN_POINT('',(220.98,132.08,30.479999999999));
#3284 = DIRECTION('',(1.,6.070773319254E-17,0.));
#3285 = DIRECTION('',(-6.070773319254E-17,1.,0.));
#3286 = FACE_BOUND('',#3287,.T.);
#3287 = EDGE_LOOP('',(#3288,#3299));
#3288 = ORIENTED_EDGE('',*,*,#3289,.T.);
#3289 = EDGE_CURVE('',#3290,#3292,#3294,.T.);
#3290 = VERTEX_POINT('',#3291);
#3291 = CARTESIAN_POINT('',(220.98,144.78,30.479999999999));
#3292 = VERTEX_POINT('',#3293);
#3293 = CARTESIAN_POINT('',(220.98,139.7,30.479999999999));
#3294 = CIRCLE('',#3295,2.54);
#3295 = AXIS2_PLACEMENT_3D('',#3296,#3297,#3298);
#3296 = CARTESIAN_POINT('',(220.98,142.24,30.479999999999));
#3297 = DIRECTION('',(1.,6.070773319254E-17,0.));
#3298 = DIRECTION('',(-6.070773319254E-17,1.,0.));
#3299 = ORIENTED_EDGE('',*,*,#3300,.T.);
#3300 = EDGE_CURVE('',#3292,#3290,#3301,.T.);
#3301 = CIRCLE('',#3302,2.54);
#3302 = AXIS2_PLACEMENT_3D('',#3303,#3304,#3305);
#3303 = CARTESIAN_POINT('',(220.98,142.24,30.479999999999));
#3304 = DIRECTION('',(1.,6.070773319254E-17,0.));
#3305 = DIRECTION('',(-6.070773319254E-17,1.,0.));
#3306 = FACE_BOUND('',#3307,.T.);
#3307 = EDGE_LOOP('',(#3308,#3319));
#3308 = ORIENTED_EDGE('',*,*,#3309,.T.);
#3309 = EDGE_CURVE('',#3310,#3312,#3314,.T.);
#3310 = VERTEX_POINT('',#3311);
#3311 = CARTESIAN_POINT('',(220.98,154.94,40.639999999999));
#3312 = VERTEX_POINT('',#3313);
#3313 = CARTESIAN_POINT('',(220.98,149.86,40.639999999999));
#3314 = CIRCLE('',#3315,2.54);
#3315 = AXIS2_PLACEMENT_3D('',#3316,#3317,#3318);
#3316 = CARTESIAN_POINT('',(220.98,152.4,40.639999999999));
#3317 = DIRECTION('',(1.,6.070773319254E-17,0.));
#3318 = DIRECTION('',(-6.070773319254E-17,1.,0.));
#3319 = ORIENTED_EDGE('',*,*,#3320,.T.);
#3320 = EDGE_CURVE('',#3312,#3310,#3321,.T.);
#3321 = CIRCLE('',#3322,2.54);
#3322 = AXIS2_PLACEMENT_3D('',#3323,#3324,#3325);
#3323 = CARTESIAN_POINT('',(220.98,152.4,40.639999999999));
#3324 = DIRECTION('',(1.,6.070773319254E-17,0.));
#3325 = DIRECTION('',(-6.070773319254E-17,1.,0.));
#3326 = FACE_BOUND('',#3327,.T.);
#3327 = EDGE_LOOP('',(#3328,#3339));
#3328 = ORIENTED_EDGE('',*,*,#3329,.T.);
#3329 = EDGE_CURVE('',#3330,#3332,#3334,.T.);
#3330 = VERTEX_POINT('',#3331);
#3331 = CARTESIAN_POINT('',(220.98,165.1,40.639999999999));
#3332 = VERTEX_POINT('',#3333);
#3333 = CARTESIAN_POINT('',(220.98,160.02,40.639999999999));
#3334 = CIRCLE('',#3335,2.54);
#3335 = AXIS2_PLACEMENT_3D('',#3336,#3337,#3338);
#3336 = CARTESIAN_POINT('',(220.98,162.56,40.639999999999));
#3337 = DIRECTION('',(1.,6.070773319254E-17,0.));
#3338 = DIRECTION('',(-6.070773319254E-17,1.,0.));
#3339 = ORIENTED_EDGE('',*,*,#3340,.T.);
#3340 = EDGE_CURVE('',#3332,#3330,#3341,.T.);
#3341 = CIRCLE('',#3342,2.54);
#3342 = AXIS2_PLACEMENT_3D('',#3343,#3344,#3345);
#3343 = CARTESIAN_POINT('',(220.98,162.56,40.639999999999));
#3344 = DIRECTION('',(1.,6.070773319254E-17,0.));
#3345 = DIRECTION('',(-6.070773319254E-17,1.,0.));
#3346 = FACE_BOUND('',#3347,.T.);
#3347 = EDGE_LOOP('',(#3348,#3357,#3366));
#3348 = ORIENTED_EDGE('',*,*,#3349,.T.);
#3349 = EDGE_CURVE('',#840,#3350,#3352,.T.);
#3350 = VERTEX_POINT('',#3351);
#3351 = CARTESIAN_POINT('',(220.98,63.5,10.159999999998));
#3352 = CIRCLE('',#3353,2.54);
#3353 = AXIS2_PLACEMENT_3D('',#3354,#3355,#3356);
#3354 = CARTESIAN_POINT('',(220.98,60.96,10.159999999998));
#3355 = DIRECTION('',(1.,6.070773319254E-17,0.));
#3356 = DIRECTION('',(-6.070773319254E-17,1.,0.));
#3357 = ORIENTED_EDGE('',*,*,#3358,.T.);
#3358 = EDGE_CURVE('',#3350,#3359,#3361,.T.);
#3359 = VERTEX_POINT('',#3360);
#3360 = CARTESIAN_POINT('',(220.98,58.42,10.159999999998));
#3361 = CIRCLE('',#3362,2.54);
#3362 = AXIS2_PLACEMENT_3D('',#3363,#3364,#3365);
#3363 = CARTESIAN_POINT('',(220.98,60.96,10.159999999998));
#3364 = DIRECTION('',(1.,6.070773319254E-17,0.));
#3365 = DIRECTION('',(-6.070773319254E-17,1.,0.));
#3366 = ORIENTED_EDGE('',*,*,#3367,.T.);
#3367 = EDGE_CURVE('',#3359,#840,#3368,.T.);
#3368 = CIRCLE('',#3369,2.54);
#3369 = AXIS2_PLACEMENT_3D('',#3370,#3371,#3372);
#3370 = CARTESIAN_POINT('',(220.98,60.96,10.159999999998));
#3371 = DIRECTION('',(1.,6.070773319254E-17,0.));
#3372 = DIRECTION('',(-6.070773319254E-17,1.,0.));
#3373 = FACE_BOUND('',#3374,.T.);
#3374 = EDGE_LOOP('',(#3375,#3384,#3393));
#3375 = ORIENTED_EDGE('',*,*,#3376,.T.);
#3376 = EDGE_CURVE('',#832,#3377,#3379,.T.);
#3377 = VERTEX_POINT('',#3378);
#3378 = CARTESIAN_POINT('',(220.98,53.34,10.159999999998));
#3379 = CIRCLE('',#3380,2.54);
#3380 = AXIS2_PLACEMENT_3D('',#3381,#3382,#3383);
#3381 = CARTESIAN_POINT('',(220.98,50.8,10.159999999998));
#3382 = DIRECTION('',(1.,6.070773319254E-17,0.));
#3383 = DIRECTION('',(-6.070773319254E-17,1.,0.));
#3384 = ORIENTED_EDGE('',*,*,#3385,.T.);
#3385 = EDGE_CURVE('',#3377,#3386,#3388,.T.);
#3386 = VERTEX_POINT('',#3387);
#3387 = CARTESIAN_POINT('',(220.98,48.26,10.159999999998));
#3388 = CIRCLE('',#3389,2.54);
#3389 = AXIS2_PLACEMENT_3D('',#3390,#3391,#3392);
#3390 = CARTESIAN_POINT('',(220.98,50.8,10.159999999998));
#3391 = DIRECTION('',(1.,6.070773319254E-17,0.));
#3392 = DIRECTION('',(-6.070773319254E-17,1.,0.));
#3393 = ORIENTED_EDGE('',*,*,#3394,.T.);
#3394 = EDGE_CURVE('',#3386,#832,#3395,.T.);
#3395 = CIRCLE('',#3396,2.54);
#3396 = AXIS2_PLACEMENT_3D('',#3397,#3398,#3399);
#3397 = CARTESIAN_POINT('',(220.98,50.8,10.159999999998));
#3398 = DIRECTION('',(1.,6.070773319254E-17,0.));
#3399 = DIRECTION('',(-6.070773319254E-17,1.,0.));
#3400 = FACE_BOUND('',#3401,.T.);
#3401 = EDGE_LOOP('',(#3402,#3411,#3420));
#3402 = ORIENTED_EDGE('',*,*,#3403,.T.);
#3403 = EDGE_CURVE('',#824,#3404,#3406,.T.);
#3404 = VERTEX_POINT('',#3405);
#3405 = CARTESIAN_POINT('',(220.98,43.18,10.159999999998));
#3406 = CIRCLE('',#3407,2.54);
#3407 = AXIS2_PLACEMENT_3D('',#3408,#3409,#3410);
#3408 = CARTESIAN_POINT('',(220.98,40.64,10.159999999998));
#3409 = DIRECTION('',(1.,6.070773319254E-17,0.));
#3410 = DIRECTION('',(-6.070773319254E-17,1.,0.));
#3411 = ORIENTED_EDGE('',*,*,#3412,.T.);
#3412 = EDGE_CURVE('',#3404,#3413,#3415,.T.);
#3413 = VERTEX_POINT('',#3414);
#3414 = CARTESIAN_POINT('',(220.98,38.1,10.159999999998));
#3415 = CIRCLE('',#3416,2.54);
#3416 = AXIS2_PLACEMENT_3D('',#3417,#3418,#3419);
#3417 = CARTESIAN_POINT('',(220.98,40.64,10.159999999998));
#3418 = DIRECTION('',(1.,6.070773319254E-17,0.));
#3419 = DIRECTION('',(-6.070773319254E-17,1.,0.));
#3420 = ORIENTED_EDGE('',*,*,#3421,.T.);
#3421 = EDGE_CURVE('',#3413,#824,#3422,.T.);
#3422 = CIRCLE('',#3423,2.54);
#3423 = AXIS2_PLACEMENT_3D('',#3424,#3425,#3426);
#3424 = CARTESIAN_POINT('',(220.98,40.64,10.159999999998));
#3425 = DIRECTION('',(1.,6.070773319254E-17,0.));
#3426 = DIRECTION('',(-6.070773319254E-17,1.,0.));
#3427 = FACE_BOUND('',#3428,.T.);
#3428 = EDGE_LOOP('',(#3429,#3438,#3447));
#3429 = ORIENTED_EDGE('',*,*,#3430,.T.);
#3430 = EDGE_CURVE('',#816,#3431,#3433,.T.);
#3431 = VERTEX_POINT('',#3432);
#3432 = CARTESIAN_POINT('',(220.98,33.02,10.159999999998));
#3433 = CIRCLE('',#3434,2.54);
#3434 = AXIS2_PLACEMENT_3D('',#3435,#3436,#3437);
#3435 = CARTESIAN_POINT('',(220.98,30.48,10.159999999998));
#3436 = DIRECTION('',(1.,6.070773319254E-17,0.));
#3437 = DIRECTION('',(-6.070773319254E-17,1.,0.));
#3438 = ORIENTED_EDGE('',*,*,#3439,.T.);
#3439 = EDGE_CURVE('',#3431,#3440,#3442,.T.);
#3440 = VERTEX_POINT('',#3441);
#3441 = CARTESIAN_POINT('',(220.98,27.94,10.159999999998));
#3442 = CIRCLE('',#3443,2.54);
#3443 = AXIS2_PLACEMENT_3D('',#3444,#3445,#3446);
#3444 = CARTESIAN_POINT('',(220.98,30.48,10.159999999998));
#3445 = DIRECTION('',(1.,6.070773319254E-17,0.));
#3446 = DIRECTION('',(-6.070773319254E-17,1.,0.));
#3447 = ORIENTED_EDGE('',*,*,#3448,.T.);
#3448 = EDGE_CURVE('',#3440,#816,#3449,.T.);
#3449 = CIRCLE('',#3450,2.54);
#3450 = AXIS2_PLACEMENT_3D('',#3451,#3452,#3453);
#3451 = CARTESIAN_POINT('',(220.98,30.48,10.159999999998));
#3452 = DIRECTION('',(1.,6.070773319254E-17,0.));
#3453 = DIRECTION('',(-6.070773319254E-17,1.,0.));
#3454 = FACE_BOUND('',#3455,.T.);
#3455 = EDGE_LOOP('',(#3456,#3465,#3474));
#3456 = ORIENTED_EDGE('',*,*,#3457,.T.);
#3457 = EDGE_CURVE('',#808,#3458,#3460,.T.);
#3458 = VERTEX_POINT('',#3459);
#3459 = CARTESIAN_POINT('',(220.98,22.86,10.159999999998));
#3460 = CIRCLE('',#3461,2.54);
#3461 = AXIS2_PLACEMENT_3D('',#3462,#3463,#3464);
#3462 = CARTESIAN_POINT('',(220.98,20.32,10.159999999998));
#3463 = DIRECTION('',(1.,6.070773319254E-17,0.));
#3464 = DIRECTION('',(-6.070773319254E-17,1.,0.));
#3465 = ORIENTED_EDGE('',*,*,#3466,.T.);
#3466 = EDGE_CURVE('',#3458,#3467,#3469,.T.);
#3467 = VERTEX_POINT('',#3468);
#3468 = CARTESIAN_POINT('',(220.98,17.78,10.159999999998));
#3469 = CIRCLE('',#3470,2.54);
#3470 = AXIS2_PLACEMENT_3D('',#3471,#3472,#3473);
#3471 = CARTESIAN_POINT('',(220.98,20.32,10.159999999998));
#3472 = DIRECTION('',(1.,6.070773319254E-17,0.));
#3473 = DIRECTION('',(-6.070773319254E-17,1.,0.));
#3474 = ORIENTED_EDGE('',*,*,#3475,.T.);
#3475 = EDGE_CURVE('',#3467,#808,#3476,.T.);
#3476 = CIRCLE('',#3477,2.54);
#3477 = AXIS2_PLACEMENT_3D('',#3478,#3479,#3480);
#3478 = CARTESIAN_POINT('',(220.98,20.32,10.159999999998));
#3479 = DIRECTION('',(1.,6.070773319254E-17,0.));
#3480 = DIRECTION('',(-6.070773319254E-17,1.,0.));
#3481 = FACE_BOUND('',#3482,.T.);
#3482 = EDGE_LOOP('',(#3483,#3492));
#3483 = ORIENTED_EDGE('',*,*,#3484,.T.);
#3484 = EDGE_CURVE('',#1281,#3485,#3487,.T.);
#3485 = VERTEX_POINT('',#3486);
#3486 = CARTESIAN_POINT('',(220.98,12.7,20.319999999998));
#3487 = CIRCLE('',#3488,2.54);
#3488 = AXIS2_PLACEMENT_3D('',#3489,#3490,#3491);
#3489 = CARTESIAN_POINT('',(220.98,10.16,20.319999999998));
#3490 = DIRECTION('',(1.,6.070773319254E-17,0.));
#3491 = DIRECTION('',(-6.070773319254E-17,1.,0.));
#3492 = ORIENTED_EDGE('',*,*,#3493,.T.);
#3493 = EDGE_CURVE('',#3485,#1281,#3494,.T.);
#3494 = CIRCLE('',#3495,2.54);
#3495 = AXIS2_PLACEMENT_3D('',#3496,#3497,#3498);
#3496 = CARTESIAN_POINT('',(220.98,10.16,20.319999999998));
#3497 = DIRECTION('',(1.,6.070773319254E-17,0.));
#3498 = DIRECTION('',(-6.070773319254E-17,1.,0.));
#3499 = FACE_BOUND('',#3500,.T.);
#3500 = EDGE_LOOP('',(#3501,#3510));
#3501 = ORIENTED_EDGE('',*,*,#3502,.T.);
#3502 = EDGE_CURVE('',#1273,#3503,#3505,.T.);
#3503 = VERTEX_POINT('',#3504);
#3504 = CARTESIAN_POINT('',(220.98,12.7,30.479999999998));
#3505 = CIRCLE('',#3506,2.54);
#3506 = AXIS2_PLACEMENT_3D('',#3507,#3508,#3509);
#3507 = CARTESIAN_POINT('',(220.98,10.16,30.479999999998));
#3508 = DIRECTION('',(1.,6.070773319254E-17,0.));
#3509 = DIRECTION('',(-6.070773319254E-17,1.,0.));
#3510 = ORIENTED_EDGE('',*,*,#3511,.T.);
#3511 = EDGE_CURVE('',#3503,#1273,#3512,.T.);
#3512 = CIRCLE('',#3513,2.54);
#3513 = AXIS2_PLACEMENT_3D('',#3514,#3515,#3516);
#3514 = CARTESIAN_POINT('',(220.98,10.16,30.479999999998));
#3515 = DIRECTION('',(1.,6.070773319254E-17,0.));
#3516 = DIRECTION('',(-6.070773319254E-17,1.,0.));
#3517 = FACE_BOUND('',#3518,.T.);
#3518 = EDGE_LOOP('',(#3519,#3528));
#3519 = ORIENTED_EDGE('',*,*,#3520,.T.);
#3520 = EDGE_CURVE('',#1265,#3521,#3523,.T.);
#3521 = VERTEX_POINT('',#3522);
#3522 = CARTESIAN_POINT('',(220.98,12.7,40.639999999998));
#3523 = CIRCLE('',#3524,2.54);
#3524 = AXIS2_PLACEMENT_3D('',#3525,#3526,#3527);
#3525 = CARTESIAN_POINT('',(220.98,10.16,40.639999999998));
#3526 = DIRECTION('',(1.,6.070773319254E-17,0.));
#3527 = DIRECTION('',(-6.070773319254E-17,1.,0.));
#3528 = ORIENTED_EDGE('',*,*,#3529,.T.);
#3529 = EDGE_CURVE('',#3521,#1265,#3530,.T.);
#3530 = CIRCLE('',#3531,2.54);
#3531 = AXIS2_PLACEMENT_3D('',#3532,#3533,#3534);
#3532 = CARTESIAN_POINT('',(220.98,10.16,40.639999999998));
#3533 = DIRECTION('',(1.,6.070773319254E-17,0.));
#3534 = DIRECTION('',(-6.070773319254E-17,1.,0.));
#3535 = FACE_BOUND('',#3536,.T.);
#3536 = EDGE_LOOP('',(#3537,#3546,#3555));
#3537 = ORIENTED_EDGE('',*,*,#3538,.T.);
#3538 = EDGE_CURVE('',#904,#3539,#3541,.T.);
#3539 = VERTEX_POINT('',#3540);
#3540 = CARTESIAN_POINT('',(220.98,215.9,10.16));
#3541 = CIRCLE('',#3542,2.54);
#3542 = AXIS2_PLACEMENT_3D('',#3543,#3544,#3545);
#3543 = CARTESIAN_POINT('',(220.98,213.36,10.16));
#3544 = DIRECTION('',(1.,6.070773319254E-17,0.));
#3545 = DIRECTION('',(-6.070773319254E-17,1.,0.));
#3546 = ORIENTED_EDGE('',*,*,#3547,.T.);
#3547 = EDGE_CURVE('',#3539,#3548,#3550,.T.);
#3548 = VERTEX_POINT('',#3549);
#3549 = CARTESIAN_POINT('',(220.98,210.82,10.16));
#3550 = CIRCLE('',#3551,2.54);
#3551 = AXIS2_PLACEMENT_3D('',#3552,#3553,#3554);
#3552 = CARTESIAN_POINT('',(220.98,213.36,10.16));
#3553 = DIRECTION('',(1.,6.070773319254E-17,0.));
#3554 = DIRECTION('',(-6.070773319254E-17,1.,0.));
#3555 = ORIENTED_EDGE('',*,*,#3556,.T.);
#3556 = EDGE_CURVE('',#3548,#904,#3557,.T.);
#3557 = CIRCLE('',#3558,2.54);
#3558 = AXIS2_PLACEMENT_3D('',#3559,#3560,#3561);
#3559 = CARTESIAN_POINT('',(220.98,213.36,10.16));
#3560 = DIRECTION('',(1.,6.070773319254E-17,0.));
#3561 = DIRECTION('',(-6.070773319254E-17,1.,0.));
#3562 = FACE_BOUND('',#3563,.T.);
#3563 = EDGE_LOOP('',(#3564,#3573,#3582));
#3564 = ORIENTED_EDGE('',*,*,#3565,.T.);
#3565 = EDGE_CURVE('',#896,#3566,#3568,.T.);
#3566 = VERTEX_POINT('',#3567);
#3567 = CARTESIAN_POINT('',(220.98,205.74,10.16));
#3568 = CIRCLE('',#3569,2.54);
#3569 = AXIS2_PLACEMENT_3D('',#3570,#3571,#3572);
#3570 = CARTESIAN_POINT('',(220.98,203.2,10.16));
#3571 = DIRECTION('',(1.,6.070773319254E-17,0.));
#3572 = DIRECTION('',(-6.070773319254E-17,1.,0.));
#3573 = ORIENTED_EDGE('',*,*,#3574,.T.);
#3574 = EDGE_CURVE('',#3566,#3575,#3577,.T.);
#3575 = VERTEX_POINT('',#3576);
#3576 = CARTESIAN_POINT('',(220.98,200.66,10.16));
#3577 = CIRCLE('',#3578,2.54);
#3578 = AXIS2_PLACEMENT_3D('',#3579,#3580,#3581);
#3579 = CARTESIAN_POINT('',(220.98,203.2,10.16));
#3580 = DIRECTION('',(1.,6.070773319254E-17,0.));
#3581 = DIRECTION('',(-6.070773319254E-17,1.,0.));
#3582 = ORIENTED_EDGE('',*,*,#3583,.T.);
#3583 = EDGE_CURVE('',#3575,#896,#3584,.T.);
#3584 = CIRCLE('',#3585,2.54);
#3585 = AXIS2_PLACEMENT_3D('',#3586,#3587,#3588);
#3586 = CARTESIAN_POINT('',(220.98,203.2,10.16));
#3587 = DIRECTION('',(1.,6.070773319254E-17,0.));
#3588 = DIRECTION('',(-6.070773319254E-17,1.,0.));
#3589 = FACE_BOUND('',#3590,.T.);
#3590 = EDGE_LOOP('',(#3591,#3600,#3609));
#3591 = ORIENTED_EDGE('',*,*,#3592,.T.);
#3592 = EDGE_CURVE('',#888,#3593,#3595,.T.);
#3593 = VERTEX_POINT('',#3594);
#3594 = CARTESIAN_POINT('',(220.98,195.58,10.16));
#3595 = CIRCLE('',#3596,2.54);
#3596 = AXIS2_PLACEMENT_3D('',#3597,#3598,#3599);
#3597 = CARTESIAN_POINT('',(220.98,193.04,10.16));
#3598 = DIRECTION('',(1.,6.070773319254E-17,0.));
#3599 = DIRECTION('',(-6.070773319254E-17,1.,0.));
#3600 = ORIENTED_EDGE('',*,*,#3601,.T.);
#3601 = EDGE_CURVE('',#3593,#3602,#3604,.T.);
#3602 = VERTEX_POINT('',#3603);
#3603 = CARTESIAN_POINT('',(220.98,190.5,10.16));
#3604 = CIRCLE('',#3605,2.54);
#3605 = AXIS2_PLACEMENT_3D('',#3606,#3607,#3608);
#3606 = CARTESIAN_POINT('',(220.98,193.04,10.16));
#3607 = DIRECTION('',(1.,6.070773319254E-17,0.));
#3608 = DIRECTION('',(-6.070773319254E-17,1.,0.));
#3609 = ORIENTED_EDGE('',*,*,#3610,.T.);
#3610 = EDGE_CURVE('',#3602,#888,#3611,.T.);
#3611 = CIRCLE('',#3612,2.54);
#3612 = AXIS2_PLACEMENT_3D('',#3613,#3614,#3615);
#3613 = CARTESIAN_POINT('',(220.98,193.04,10.16));
#3614 = DIRECTION('',(1.,6.070773319254E-17,0.));
#3615 = DIRECTION('',(-6.070773319254E-17,1.,0.));
#3616 = FACE_BOUND('',#3617,.T.);
#3617 = EDGE_LOOP('',(#3618,#3627,#3636));
#3618 = ORIENTED_EDGE('',*,*,#3619,.T.);
#3619 = EDGE_CURVE('',#880,#3620,#3622,.T.);
#3620 = VERTEX_POINT('',#3621);
#3621 = CARTESIAN_POINT('',(220.98,185.42,10.16));
#3622 = CIRCLE('',#3623,2.54);
#3623 = AXIS2_PLACEMENT_3D('',#3624,#3625,#3626);
#3624 = CARTESIAN_POINT('',(220.98,182.88,10.16));
#3625 = DIRECTION('',(1.,6.070773319254E-17,0.));
#3626 = DIRECTION('',(-6.070773319254E-17,1.,0.));
#3627 = ORIENTED_EDGE('',*,*,#3628,.T.);
#3628 = EDGE_CURVE('',#3620,#3629,#3631,.T.);
#3629 = VERTEX_POINT('',#3630);
#3630 = CARTESIAN_POINT('',(220.98,180.34,10.16));
#3631 = CIRCLE('',#3632,2.54);
#3632 = AXIS2_PLACEMENT_3D('',#3633,#3634,#3635);
#3633 = CARTESIAN_POINT('',(220.98,182.88,10.16));
#3634 = DIRECTION('',(1.,6.070773319254E-17,0.));
#3635 = DIRECTION('',(-6.070773319254E-17,1.,0.));
#3636 = ORIENTED_EDGE('',*,*,#3637,.T.);
#3637 = EDGE_CURVE('',#3629,#880,#3638,.T.);
#3638 = CIRCLE('',#3639,2.54);
#3639 = AXIS2_PLACEMENT_3D('',#3640,#3641,#3642);
#3640 = CARTESIAN_POINT('',(220.98,182.88,10.16));
#3641 = DIRECTION('',(1.,6.070773319254E-17,0.));
#3642 = DIRECTION('',(-6.070773319254E-17,1.,0.));
#3643 = FACE_BOUND('',#3644,.T.);
#3644 = EDGE_LOOP('',(#3645,#3654,#3663));
#3645 = ORIENTED_EDGE('',*,*,#3646,.T.);
#3646 = EDGE_CURVE('',#872,#3647,#3649,.T.);
#3647 = VERTEX_POINT('',#3648);
#3648 = CARTESIAN_POINT('',(220.98,175.26,10.16));
#3649 = CIRCLE('',#3650,2.54);
#3650 = AXIS2_PLACEMENT_3D('',#3651,#3652,#3653);
#3651 = CARTESIAN_POINT('',(220.98,172.72,10.16));
#3652 = DIRECTION('',(1.,6.070773319254E-17,0.));
#3653 = DIRECTION('',(-6.070773319254E-17,1.,0.));
#3654 = ORIENTED_EDGE('',*,*,#3655,.T.);
#3655 = EDGE_CURVE('',#3647,#3656,#3658,.T.);
#3656 = VERTEX_POINT('',#3657);
#3657 = CARTESIAN_POINT('',(220.98,170.18,10.16));
#3658 = CIRCLE('',#3659,2.54);
#3659 = AXIS2_PLACEMENT_3D('',#3660,#3661,#3662);
#3660 = CARTESIAN_POINT('',(220.98,172.72,10.16));
#3661 = DIRECTION('',(1.,6.070773319254E-17,0.));
#3662 = DIRECTION('',(-6.070773319254E-17,1.,0.));
#3663 = ORIENTED_EDGE('',*,*,#3664,.T.);
#3664 = EDGE_CURVE('',#3656,#872,#3665,.T.);
#3665 = CIRCLE('',#3666,2.54);
#3666 = AXIS2_PLACEMENT_3D('',#3667,#3668,#3669);
#3667 = CARTESIAN_POINT('',(220.98,172.72,10.16));
#3668 = DIRECTION('',(1.,6.070773319254E-17,0.));
#3669 = DIRECTION('',(-6.070773319254E-17,1.,0.));
#3670 = FACE_BOUND('',#3671,.T.);
#3671 = EDGE_LOOP('',(#3672,#3681,#3690));
#3672 = ORIENTED_EDGE('',*,*,#3673,.T.);
#3673 = EDGE_CURVE('',#864,#3674,#3676,.T.);
#3674 = VERTEX_POINT('',#3675);
#3675 = CARTESIAN_POINT('',(220.98,165.1,10.159999999999));
#3676 = CIRCLE('',#3677,2.54);
#3677 = AXIS2_PLACEMENT_3D('',#3678,#3679,#3680);
#3678 = CARTESIAN_POINT('',(220.98,162.56,10.159999999999));
#3679 = DIRECTION('',(1.,6.070773319254E-17,0.));
#3680 = DIRECTION('',(-6.070773319254E-17,1.,0.));
#3681 = ORIENTED_EDGE('',*,*,#3682,.T.);
#3682 = EDGE_CURVE('',#3674,#3683,#3685,.T.);
#3683 = VERTEX_POINT('',#3684);
#3684 = CARTESIAN_POINT('',(220.98,160.02,10.159999999999));
#3685 = CIRCLE('',#3686,2.54);
#3686 = AXIS2_PLACEMENT_3D('',#3687,#3688,#3689);
#3687 = CARTESIAN_POINT('',(220.98,162.56,10.159999999999));
#3688 = DIRECTION('',(1.,6.070773319254E-17,0.));
#3689 = DIRECTION('',(-6.070773319254E-17,1.,0.));
#3690 = ORIENTED_EDGE('',*,*,#3691,.T.);
#3691 = EDGE_CURVE('',#3683,#864,#3692,.T.);
#3692 = CIRCLE('',#3693,2.54);
#3693 = AXIS2_PLACEMENT_3D('',#3694,#3695,#3696);
#3694 = CARTESIAN_POINT('',(220.98,162.56,10.159999999999));
#3695 = DIRECTION('',(1.,6.070773319254E-17,0.));
#3696 = DIRECTION('',(-6.070773319254E-17,1.,0.));
#3697 = FACE_BOUND('',#3698,.T.);
#3698 = EDGE_LOOP('',(#3699,#3708,#3717));
#3699 = ORIENTED_EDGE('',*,*,#3700,.T.);
#3700 = EDGE_CURVE('',#856,#3701,#3703,.T.);
#3701 = VERTEX_POINT('',#3702);
#3702 = CARTESIAN_POINT('',(220.98,83.82,10.159999999999));
#3703 = CIRCLE('',#3704,2.54);
#3704 = AXIS2_PLACEMENT_3D('',#3705,#3706,#3707);
#3705 = CARTESIAN_POINT('',(220.98,81.28,10.159999999999));
#3706 = DIRECTION('',(1.,6.070773319254E-17,0.));
#3707 = DIRECTION('',(-6.070773319254E-17,1.,0.));
#3708 = ORIENTED_EDGE('',*,*,#3709,.T.);
#3709 = EDGE_CURVE('',#3701,#3710,#3712,.T.);
#3710 = VERTEX_POINT('',#3711);
#3711 = CARTESIAN_POINT('',(220.98,78.74,10.159999999999));
#3712 = CIRCLE('',#3713,2.54);
#3713 = AXIS2_PLACEMENT_3D('',#3714,#3715,#3716);
#3714 = CARTESIAN_POINT('',(220.98,81.28,10.159999999999));
#3715 = DIRECTION('',(1.,6.070773319254E-17,0.));
#3716 = DIRECTION('',(-6.070773319254E-17,1.,0.));
#3717 = ORIENTED_EDGE('',*,*,#3718,.T.);
#3718 = EDGE_CURVE('',#3710,#856,#3719,.T.);
#3719 = CIRCLE('',#3720,2.54);
#3720 = AXIS2_PLACEMENT_3D('',#3721,#3722,#3723);
#3721 = CARTESIAN_POINT('',(220.98,81.28,10.159999999999));
#3722 = DIRECTION('',(1.,6.070773319254E-17,0.));
#3723 = DIRECTION('',(-6.070773319254E-17,1.,0.));
#3724 = FACE_BOUND('',#3725,.T.);
#3725 = EDGE_LOOP('',(#3726,#3735,#3744));
#3726 = ORIENTED_EDGE('',*,*,#3727,.T.);
#3727 = EDGE_CURVE('',#848,#3728,#3730,.T.);
#3728 = VERTEX_POINT('',#3729);
#3729 = CARTESIAN_POINT('',(220.98,73.66,10.159999999999));
#3730 = CIRCLE('',#3731,2.54);
#3731 = AXIS2_PLACEMENT_3D('',#3732,#3733,#3734);
#3732 = CARTESIAN_POINT('',(220.98,71.12,10.159999999999));
#3733 = DIRECTION('',(1.,6.070773319254E-17,0.));
#3734 = DIRECTION('',(-6.070773319254E-17,1.,0.));
#3735 = ORIENTED_EDGE('',*,*,#3736,.T.);
#3736 = EDGE_CURVE('',#3728,#3737,#3739,.T.);
#3737 = VERTEX_POINT('',#3738);
#3738 = CARTESIAN_POINT('',(220.98,68.58,10.159999999999));
#3739 = CIRCLE('',#3740,2.54);
#3740 = AXIS2_PLACEMENT_3D('',#3741,#3742,#3743);
#3741 = CARTESIAN_POINT('',(220.98,71.12,10.159999999999));
#3742 = DIRECTION('',(1.,6.070773319254E-17,0.));
#3743 = DIRECTION('',(-6.070773319254E-17,1.,0.));
#3744 = ORIENTED_EDGE('',*,*,#3745,.T.);
#3745 = EDGE_CURVE('',#3737,#848,#3746,.T.);
#3746 = CIRCLE('',#3747,2.54);
#3747 = AXIS2_PLACEMENT_3D('',#3748,#3749,#3750);
#3748 = CARTESIAN_POINT('',(220.98,71.12,10.159999999999));
#3749 = DIRECTION('',(1.,6.070773319254E-17,0.));
#3750 = DIRECTION('',(-6.070773319254E-17,1.,0.));
#3751 = FACE_BOUND('',#3752,.T.);
#3752 = EDGE_LOOP('',(#3753,#3754,#3755,#3756,#3757,#3758,#3759,#3768,
    #3775,#3776,#3777,#3778,#3779,#3780,#3786,#3787,#3788,#3789,#3790,
    #3791,#3792,#3793));
#3753 = ORIENTED_EDGE('',*,*,#847,.F.);
#3754 = ORIENTED_EDGE('',*,*,#839,.F.);
#3755 = ORIENTED_EDGE('',*,*,#831,.F.);
#3756 = ORIENTED_EDGE('',*,*,#823,.F.);
#3757 = ORIENTED_EDGE('',*,*,#815,.F.);
#3758 = ORIENTED_EDGE('',*,*,#807,.F.);
#3759 = ORIENTED_EDGE('',*,*,#3760,.T.);
#3760 = EDGE_CURVE('',#800,#3761,#3763,.T.);
#3761 = VERTEX_POINT('',#3762);
#3762 = CARTESIAN_POINT('',(220.98,12.7,10.159999999998));
#3763 = CIRCLE('',#3764,2.54);
#3764 = AXIS2_PLACEMENT_3D('',#3765,#3766,#3767);
#3765 = CARTESIAN_POINT('',(220.98,10.16,10.159999999998));
#3766 = DIRECTION('',(1.,6.070773319254E-17,0.));
#3767 = DIRECTION('',(-6.070773319254E-17,1.,0.));
#3768 = ORIENTED_EDGE('',*,*,#3769,.T.);
#3769 = EDGE_CURVE('',#3761,#1289,#3770,.T.);
#3770 = CIRCLE('',#3771,2.54);
#3771 = AXIS2_PLACEMENT_3D('',#3772,#3773,#3774);
#3772 = CARTESIAN_POINT('',(220.98,10.16,10.159999999998));
#3773 = DIRECTION('',(1.,6.070773319254E-17,0.));
#3774 = DIRECTION('',(-6.070773319254E-17,1.,0.));
#3775 = ORIENTED_EDGE('',*,*,#1288,.F.);
#3776 = ORIENTED_EDGE('',*,*,#1280,.F.);
#3777 = ORIENTED_EDGE('',*,*,#1272,.F.);
#3778 = ORIENTED_EDGE('',*,*,#1264,.F.);
#3779 = ORIENTED_EDGE('',*,*,#586,.T.);
#3780 = ORIENTED_EDGE('',*,*,#3781,.T.);
#3781 = EDGE_CURVE('',#589,#912,#3782,.T.);
#3782 = LINE('',#3783,#3784);
#3783 = CARTESIAN_POINT('',(220.98,220.98,50.8));
#3784 = VECTOR('',#3785,1.);
#3785 = DIRECTION('',(0.,0.,-1.));
#3786 = ORIENTED_EDGE('',*,*,#911,.F.);
#3787 = ORIENTED_EDGE('',*,*,#903,.F.);
#3788 = ORIENTED_EDGE('',*,*,#895,.F.);
#3789 = ORIENTED_EDGE('',*,*,#887,.F.);
#3790 = ORIENTED_EDGE('',*,*,#879,.F.);
#3791 = ORIENTED_EDGE('',*,*,#871,.F.);
#3792 = ORIENTED_EDGE('',*,*,#863,.F.);
#3793 = ORIENTED_EDGE('',*,*,#855,.F.);
#3794 = FACE_BOUND('',#3795,.T.);
#3795 = EDGE_LOOP('',(#3796,#3807));
#3796 = ORIENTED_EDGE('',*,*,#3797,.T.);
#3797 = EDGE_CURVE('',#3798,#3800,#3802,.T.);
#3798 = VERTEX_POINT('',#3799);
#3799 = CARTESIAN_POINT('',(220.98,195.58,40.64));
#3800 = VERTEX_POINT('',#3801);
#3801 = CARTESIAN_POINT('',(220.98,190.5,40.64));
#3802 = CIRCLE('',#3803,2.54);
#3803 = AXIS2_PLACEMENT_3D('',#3804,#3805,#3806);
#3804 = CARTESIAN_POINT('',(220.98,193.04,40.64));
#3805 = DIRECTION('',(1.,6.070773319254E-17,0.));
#3806 = DIRECTION('',(-6.070773319254E-17,1.,0.));
#3807 = ORIENTED_EDGE('',*,*,#3808,.T.);
#3808 = EDGE_CURVE('',#3800,#3798,#3809,.T.);
#3809 = CIRCLE('',#3810,2.54);
#3810 = AXIS2_PLACEMENT_3D('',#3811,#3812,#3813);
#3811 = CARTESIAN_POINT('',(220.98,193.04,40.64));
#3812 = DIRECTION('',(1.,6.070773319254E-17,0.));
#3813 = DIRECTION('',(-6.070773319254E-17,1.,0.));
#3814 = FACE_BOUND('',#3815,.T.);
#3815 = EDGE_LOOP('',(#3816,#3827));
#3816 = ORIENTED_EDGE('',*,*,#3817,.T.);
#3817 = EDGE_CURVE('',#3818,#3820,#3822,.T.);
#3818 = VERTEX_POINT('',#3819);
#3819 = CARTESIAN_POINT('',(220.98,205.74,40.64));
#3820 = VERTEX_POINT('',#3821);
#3821 = CARTESIAN_POINT('',(220.98,200.66,40.64));
#3822 = CIRCLE('',#3823,2.54);
#3823 = AXIS2_PLACEMENT_3D('',#3824,#3825,#3826);
#3824 = CARTESIAN_POINT('',(220.98,203.2,40.64));
#3825 = DIRECTION('',(1.,6.070773319254E-17,0.));
#3826 = DIRECTION('',(-6.070773319254E-17,1.,0.));
#3827 = ORIENTED_EDGE('',*,*,#3828,.T.);
#3828 = EDGE_CURVE('',#3820,#3818,#3829,.T.);
#3829 = CIRCLE('',#3830,2.54);
#3830 = AXIS2_PLACEMENT_3D('',#3831,#3832,#3833);
#3831 = CARTESIAN_POINT('',(220.98,203.2,40.64));
#3832 = DIRECTION('',(1.,6.070773319254E-17,0.));
#3833 = DIRECTION('',(-6.070773319254E-17,1.,0.));
#3834 = FACE_BOUND('',#3835,.T.);
#3835 = EDGE_LOOP('',(#3836,#3847));
#3836 = ORIENTED_EDGE('',*,*,#3837,.T.);
#3837 = EDGE_CURVE('',#3838,#3840,#3842,.T.);
#3838 = VERTEX_POINT('',#3839);
#3839 = CARTESIAN_POINT('',(220.98,93.98,40.639999999999));
#3840 = VERTEX_POINT('',#3841);
#3841 = CARTESIAN_POINT('',(220.98,88.9,40.639999999999));
#3842 = CIRCLE('',#3843,2.54);
#3843 = AXIS2_PLACEMENT_3D('',#3844,#3845,#3846);
#3844 = CARTESIAN_POINT('',(220.98,91.44,40.639999999999));
#3845 = DIRECTION('',(1.,6.070773319254E-17,0.));
#3846 = DIRECTION('',(-6.070773319254E-17,1.,0.));
#3847 = ORIENTED_EDGE('',*,*,#3848,.T.);
#3848 = EDGE_CURVE('',#3840,#3838,#3849,.T.);
#3849 = CIRCLE('',#3850,2.54);
#3850 = AXIS2_PLACEMENT_3D('',#3851,#3852,#3853);
#3851 = CARTESIAN_POINT('',(220.98,91.44,40.639999999999));
#3852 = DIRECTION('',(1.,6.070773319254E-17,0.));
#3853 = DIRECTION('',(-6.070773319254E-17,1.,0.));
#3854 = FACE_BOUND('',#3855,.T.);
#3855 = EDGE_LOOP('',(#3856,#3867));
#3856 = ORIENTED_EDGE('',*,*,#3857,.T.);
#3857 = EDGE_CURVE('',#3858,#3860,#3862,.T.);
#3858 = VERTEX_POINT('',#3859);
#3859 = CARTESIAN_POINT('',(220.98,104.14,40.639999999999));
#3860 = VERTEX_POINT('',#3861);
#3861 = CARTESIAN_POINT('',(220.98,99.06,40.639999999999));
#3862 = CIRCLE('',#3863,2.54);
#3863 = AXIS2_PLACEMENT_3D('',#3864,#3865,#3866);
#3864 = CARTESIAN_POINT('',(220.98,101.6,40.639999999999));
#3865 = DIRECTION('',(1.,6.070773319254E-17,0.));
#3866 = DIRECTION('',(-6.070773319254E-17,1.,0.));
#3867 = ORIENTED_EDGE('',*,*,#3868,.T.);
#3868 = EDGE_CURVE('',#3860,#3858,#3869,.T.);
#3869 = CIRCLE('',#3870,2.54);
#3870 = AXIS2_PLACEMENT_3D('',#3871,#3872,#3873);
#3871 = CARTESIAN_POINT('',(220.98,101.6,40.639999999999));
#3872 = DIRECTION('',(1.,6.070773319254E-17,0.));
#3873 = DIRECTION('',(-6.070773319254E-17,1.,0.));
#3874 = FACE_BOUND('',#3875,.T.);
#3875 = EDGE_LOOP('',(#3876,#3887));
#3876 = ORIENTED_EDGE('',*,*,#3877,.T.);
#3877 = EDGE_CURVE('',#3878,#3880,#3882,.T.);
#3878 = VERTEX_POINT('',#3879);
#3879 = CARTESIAN_POINT('',(220.98,22.86,40.639999999998));
#3880 = VERTEX_POINT('',#3881);
#3881 = CARTESIAN_POINT('',(220.98,17.78,40.639999999998));
#3882 = CIRCLE('',#3883,2.54);
#3883 = AXIS2_PLACEMENT_3D('',#3884,#3885,#3886);
#3884 = CARTESIAN_POINT('',(220.98,20.32,40.639999999998));
#3885 = DIRECTION('',(1.,6.070773319254E-17,0.));
#3886 = DIRECTION('',(-6.070773319254E-17,1.,0.));
#3887 = ORIENTED_EDGE('',*,*,#3888,.T.);
#3888 = EDGE_CURVE('',#3880,#3878,#3889,.T.);
#3889 = CIRCLE('',#3890,2.54);
#3890 = AXIS2_PLACEMENT_3D('',#3891,#3892,#3893);
#3891 = CARTESIAN_POINT('',(220.98,20.32,40.639999999998));
#3892 = DIRECTION('',(1.,6.070773319254E-17,0.));
#3893 = DIRECTION('',(-6.070773319254E-17,1.,0.));
#3894 = FACE_BOUND('',#3895,.T.);
#3895 = EDGE_LOOP('',(#3896,#3907));
#3896 = ORIENTED_EDGE('',*,*,#3897,.T.);
#3897 = EDGE_CURVE('',#3898,#3900,#3902,.T.);
#3898 = VERTEX_POINT('',#3899);
#3899 = CARTESIAN_POINT('',(220.98,53.34,40.639999999998));
#3900 = VERTEX_POINT('',#3901);
#3901 = CARTESIAN_POINT('',(220.98,48.26,40.639999999998));
#3902 = CIRCLE('',#3903,2.54);
#3903 = AXIS2_PLACEMENT_3D('',#3904,#3905,#3906);
#3904 = CARTESIAN_POINT('',(220.98,50.8,40.639999999998));
#3905 = DIRECTION('',(1.,6.070773319254E-17,0.));
#3906 = DIRECTION('',(-6.070773319254E-17,1.,0.));
#3907 = ORIENTED_EDGE('',*,*,#3908,.T.);
#3908 = EDGE_CURVE('',#3900,#3898,#3909,.T.);
#3909 = CIRCLE('',#3910,2.54);
#3910 = AXIS2_PLACEMENT_3D('',#3911,#3912,#3913);
#3911 = CARTESIAN_POINT('',(220.98,50.8,40.639999999998));
#3912 = DIRECTION('',(1.,6.070773319254E-17,0.));
#3913 = DIRECTION('',(-6.070773319254E-17,1.,0.));
#3914 = FACE_BOUND('',#3915,.T.);
#3915 = EDGE_LOOP('',(#3916,#3927));
#3916 = ORIENTED_EDGE('',*,*,#3917,.T.);
#3917 = EDGE_CURVE('',#3918,#3920,#3922,.T.);
#3918 = VERTEX_POINT('',#3919);
#3919 = CARTESIAN_POINT('',(220.98,63.5,40.639999999998));
#3920 = VERTEX_POINT('',#3921);
#3921 = CARTESIAN_POINT('',(220.98,58.42,40.639999999998));
#3922 = CIRCLE('',#3923,2.54);
#3923 = AXIS2_PLACEMENT_3D('',#3924,#3925,#3926);
#3924 = CARTESIAN_POINT('',(220.98,60.96,40.639999999998));
#3925 = DIRECTION('',(1.,6.070773319254E-17,0.));
#3926 = DIRECTION('',(-6.070773319254E-17,1.,0.));
#3927 = ORIENTED_EDGE('',*,*,#3928,.T.);
#3928 = EDGE_CURVE('',#3920,#3918,#3929,.T.);
#3929 = CIRCLE('',#3930,2.54);
#3930 = AXIS2_PLACEMENT_3D('',#3931,#3932,#3933);
#3931 = CARTESIAN_POINT('',(220.98,60.96,40.639999999998));
#3932 = DIRECTION('',(1.,6.070773319254E-17,0.));
#3933 = DIRECTION('',(-6.070773319254E-17,1.,0.));
#3934 = FACE_BOUND('',#3935,.T.);
#3935 = EDGE_LOOP('',(#3936,#3947));
#3936 = ORIENTED_EDGE('',*,*,#3937,.T.);
#3937 = EDGE_CURVE('',#3938,#3940,#3942,.T.);
#3938 = VERTEX_POINT('',#3939);
#3939 = CARTESIAN_POINT('',(220.98,33.02,40.639999999998));
#3940 = VERTEX_POINT('',#3941);
#3941 = CARTESIAN_POINT('',(220.98,27.94,40.639999999998));
#3942 = CIRCLE('',#3943,2.54);
#3943 = AXIS2_PLACEMENT_3D('',#3944,#3945,#3946);
#3944 = CARTESIAN_POINT('',(220.98,30.48,40.639999999998));
#3945 = DIRECTION('',(1.,6.070773319254E-17,0.));
#3946 = DIRECTION('',(-6.070773319254E-17,1.,0.));
#3947 = ORIENTED_EDGE('',*,*,#3948,.T.);
#3948 = EDGE_CURVE('',#3940,#3938,#3949,.T.);
#3949 = CIRCLE('',#3950,2.54);
#3950 = AXIS2_PLACEMENT_3D('',#3951,#3952,#3953);
#3951 = CARTESIAN_POINT('',(220.98,30.48,40.639999999998));
#3952 = DIRECTION('',(1.,6.070773319254E-17,0.));
#3953 = DIRECTION('',(-6.070773319254E-17,1.,0.));
#3954 = FACE_BOUND('',#3955,.T.);
#3955 = EDGE_LOOP('',(#3956,#3967));
#3956 = ORIENTED_EDGE('',*,*,#3957,.T.);
#3957 = EDGE_CURVE('',#3958,#3960,#3962,.T.);
#3958 = VERTEX_POINT('',#3959);
#3959 = CARTESIAN_POINT('',(220.98,43.18,40.639999999998));
#3960 = VERTEX_POINT('',#3961);
#3961 = CARTESIAN_POINT('',(220.98,38.1,40.639999999998));
#3962 = CIRCLE('',#3963,2.54);
#3963 = AXIS2_PLACEMENT_3D('',#3964,#3965,#3966);
#3964 = CARTESIAN_POINT('',(220.98,40.64,40.639999999998));
#3965 = DIRECTION('',(1.,6.070773319254E-17,0.));
#3966 = DIRECTION('',(-6.070773319254E-17,1.,0.));
#3967 = ORIENTED_EDGE('',*,*,#3968,.T.);
#3968 = EDGE_CURVE('',#3960,#3958,#3969,.T.);
#3969 = CIRCLE('',#3970,2.54);
#3970 = AXIS2_PLACEMENT_3D('',#3971,#3972,#3973);
#3971 = CARTESIAN_POINT('',(220.98,40.64,40.639999999998));
#3972 = DIRECTION('',(1.,6.070773319254E-17,0.));
#3973 = DIRECTION('',(-6.070773319254E-17,1.,0.));
#3974 = FACE_BOUND('',#3975,.T.);
#3975 = EDGE_LOOP('',(#3976,#3987));
#3976 = ORIENTED_EDGE('',*,*,#3977,.T.);
#3977 = EDGE_CURVE('',#3978,#3980,#3982,.T.);
#3978 = VERTEX_POINT('',#3979);
#3979 = CARTESIAN_POINT('',(220.98,175.26,40.64));
#3980 = VERTEX_POINT('',#3981);
#3981 = CARTESIAN_POINT('',(220.98,170.18,40.64));
#3982 = CIRCLE('',#3983,2.54);
#3983 = AXIS2_PLACEMENT_3D('',#3984,#3985,#3986);
#3984 = CARTESIAN_POINT('',(220.98,172.72,40.64));
#3985 = DIRECTION('',(1.,6.070773319254E-17,0.));
#3986 = DIRECTION('',(-6.070773319254E-17,1.,0.));
#3987 = ORIENTED_EDGE('',*,*,#3988,.T.);
#3988 = EDGE_CURVE('',#3980,#3978,#3989,.T.);
#3989 = CIRCLE('',#3990,2.54);
#3990 = AXIS2_PLACEMENT_3D('',#3991,#3992,#3993);
#3991 = CARTESIAN_POINT('',(220.98,172.72,40.64));
#3992 = DIRECTION('',(1.,6.070773319254E-17,0.));
#3993 = DIRECTION('',(-6.070773319254E-17,1.,0.));
#3994 = FACE_BOUND('',#3995,.T.);
#3995 = EDGE_LOOP('',(#3996,#4007));
#3996 = ORIENTED_EDGE('',*,*,#3997,.T.);
#3997 = EDGE_CURVE('',#3998,#4000,#4002,.T.);
#3998 = VERTEX_POINT('',#3999);
#3999 = CARTESIAN_POINT('',(220.98,185.42,40.64));
#4000 = VERTEX_POINT('',#4001);
#4001 = CARTESIAN_POINT('',(220.98,180.34,40.64));
#4002 = CIRCLE('',#4003,2.54);
#4003 = AXIS2_PLACEMENT_3D('',#4004,#4005,#4006);
#4004 = CARTESIAN_POINT('',(220.98,182.88,40.64));
#4005 = DIRECTION('',(1.,6.070773319254E-17,0.));
#4006 = DIRECTION('',(-6.070773319254E-17,1.,0.));
#4007 = ORIENTED_EDGE('',*,*,#4008,.T.);
#4008 = EDGE_CURVE('',#4000,#3998,#4009,.T.);
#4009 = CIRCLE('',#4010,2.54);
#4010 = AXIS2_PLACEMENT_3D('',#4011,#4012,#4013);
#4011 = CARTESIAN_POINT('',(220.98,182.88,40.64));
#4012 = DIRECTION('',(1.,6.070773319254E-17,0.));
#4013 = DIRECTION('',(-6.070773319254E-17,1.,0.));
#4014 = FACE_BOUND('',#4015,.T.);
#4015 = EDGE_LOOP('',(#4016,#4027));
#4016 = ORIENTED_EDGE('',*,*,#4017,.T.);
#4017 = EDGE_CURVE('',#4018,#4020,#4022,.T.);
#4018 = VERTEX_POINT('',#4019);
#4019 = CARTESIAN_POINT('',(220.98,195.58,30.48));
#4020 = VERTEX_POINT('',#4021);
#4021 = CARTESIAN_POINT('',(220.98,190.5,30.48));
#4022 = CIRCLE('',#4023,2.54);
#4023 = AXIS2_PLACEMENT_3D('',#4024,#4025,#4026);
#4024 = CARTESIAN_POINT('',(220.98,193.04,30.48));
#4025 = DIRECTION('',(1.,6.070773319254E-17,0.));
#4026 = DIRECTION('',(-6.070773319254E-17,1.,0.));
#4027 = ORIENTED_EDGE('',*,*,#4028,.T.);
#4028 = EDGE_CURVE('',#4020,#4018,#4029,.T.);
#4029 = CIRCLE('',#4030,2.54);
#4030 = AXIS2_PLACEMENT_3D('',#4031,#4032,#4033);
#4031 = CARTESIAN_POINT('',(220.98,193.04,30.48));
#4032 = DIRECTION('',(1.,6.070773319254E-17,0.));
#4033 = DIRECTION('',(-6.070773319254E-17,1.,0.));
#4034 = FACE_BOUND('',#4035,.T.);
#4035 = EDGE_LOOP('',(#4036,#4047));
#4036 = ORIENTED_EDGE('',*,*,#4037,.T.);
#4037 = EDGE_CURVE('',#4038,#4040,#4042,.T.);
#4038 = VERTEX_POINT('',#4039);
#4039 = CARTESIAN_POINT('',(220.98,215.9,30.48));
#4040 = VERTEX_POINT('',#4041);
#4041 = CARTESIAN_POINT('',(220.98,210.82,30.48));
#4042 = CIRCLE('',#4043,2.54);
#4043 = AXIS2_PLACEMENT_3D('',#4044,#4045,#4046);
#4044 = CARTESIAN_POINT('',(220.98,213.36,30.48));
#4045 = DIRECTION('',(1.,6.070773319254E-17,0.));
#4046 = DIRECTION('',(-6.070773319254E-17,1.,0.));
#4047 = ORIENTED_EDGE('',*,*,#4048,.T.);
#4048 = EDGE_CURVE('',#4040,#4038,#4049,.T.);
#4049 = CIRCLE('',#4050,2.54);
#4050 = AXIS2_PLACEMENT_3D('',#4051,#4052,#4053);
#4051 = CARTESIAN_POINT('',(220.98,213.36,30.48));
#4052 = DIRECTION('',(1.,6.070773319254E-17,0.));
#4053 = DIRECTION('',(-6.070773319254E-17,1.,0.));
#4054 = FACE_BOUND('',#4055,.T.);
#4055 = EDGE_LOOP('',(#4056,#4067));
#4056 = ORIENTED_EDGE('',*,*,#4057,.T.);
#4057 = EDGE_CURVE('',#4058,#4060,#4062,.T.);
#4058 = VERTEX_POINT('',#4059);
#4059 = CARTESIAN_POINT('',(220.98,215.9,40.64));
#4060 = VERTEX_POINT('',#4061);
#4061 = CARTESIAN_POINT('',(220.98,210.82,40.64));
#4062 = CIRCLE('',#4063,2.54);
#4063 = AXIS2_PLACEMENT_3D('',#4064,#4065,#4066);
#4064 = CARTESIAN_POINT('',(220.98,213.36,40.64));
#4065 = DIRECTION('',(1.,6.070773319254E-17,0.));
#4066 = DIRECTION('',(-6.070773319254E-17,1.,0.));
#4067 = ORIENTED_EDGE('',*,*,#4068,.T.);
#4068 = EDGE_CURVE('',#4060,#4058,#4069,.T.);
#4069 = CIRCLE('',#4070,2.54);
#4070 = AXIS2_PLACEMENT_3D('',#4071,#4072,#4073);
#4071 = CARTESIAN_POINT('',(220.98,213.36,40.64));
#4072 = DIRECTION('',(1.,6.070773319254E-17,0.));
#4073 = DIRECTION('',(-6.070773319254E-17,1.,0.));
#4074 = FACE_BOUND('',#4075,.T.);
#4075 = EDGE_LOOP('',(#4076,#4087));
#4076 = ORIENTED_EDGE('',*,*,#4077,.T.);
#4077 = EDGE_CURVE('',#4078,#4080,#4082,.T.);
#4078 = VERTEX_POINT('',#4079);
#4079 = CARTESIAN_POINT('',(220.98,215.9,20.32));
#4080 = VERTEX_POINT('',#4081);
#4081 = CARTESIAN_POINT('',(220.98,210.82,20.32));
#4082 = CIRCLE('',#4083,2.54);
#4083 = AXIS2_PLACEMENT_3D('',#4084,#4085,#4086);
#4084 = CARTESIAN_POINT('',(220.98,213.36,20.32));
#4085 = DIRECTION('',(1.,6.070773319254E-17,0.));
#4086 = DIRECTION('',(-6.070773319254E-17,1.,0.));
#4087 = ORIENTED_EDGE('',*,*,#4088,.T.);
#4088 = EDGE_CURVE('',#4080,#4078,#4089,.T.);
#4089 = CIRCLE('',#4090,2.54);
#4090 = AXIS2_PLACEMENT_3D('',#4091,#4092,#4093);
#4091 = CARTESIAN_POINT('',(220.98,213.36,20.32));
#4092 = DIRECTION('',(1.,6.070773319254E-17,0.));
#4093 = DIRECTION('',(-6.070773319254E-17,1.,0.));
#4094 = FACE_BOUND('',#4095,.T.);
#4095 = EDGE_LOOP('',(#4096,#4107));
#4096 = ORIENTED_EDGE('',*,*,#4097,.T.);
#4097 = EDGE_CURVE('',#4098,#4100,#4102,.T.);
#4098 = VERTEX_POINT('',#4099);
#4099 = CARTESIAN_POINT('',(220.98,175.26,30.48));
#4100 = VERTEX_POINT('',#4101);
#4101 = CARTESIAN_POINT('',(220.98,170.18,30.48));
#4102 = CIRCLE('',#4103,2.54);
#4103 = AXIS2_PLACEMENT_3D('',#4104,#4105,#4106);
#4104 = CARTESIAN_POINT('',(220.98,172.72,30.48));
#4105 = DIRECTION('',(1.,6.070773319254E-17,0.));
#4106 = DIRECTION('',(-6.070773319254E-17,1.,0.));
#4107 = ORIENTED_EDGE('',*,*,#4108,.T.);
#4108 = EDGE_CURVE('',#4100,#4098,#4109,.T.);
#4109 = CIRCLE('',#4110,2.54);
#4110 = AXIS2_PLACEMENT_3D('',#4111,#4112,#4113);
#4111 = CARTESIAN_POINT('',(220.98,172.72,30.48));
#4112 = DIRECTION('',(1.,6.070773319254E-17,0.));
#4113 = DIRECTION('',(-6.070773319254E-17,1.,0.));
#4114 = FACE_BOUND('',#4115,.T.);
#4115 = EDGE_LOOP('',(#4116,#4127));
#4116 = ORIENTED_EDGE('',*,*,#4117,.T.);
#4117 = EDGE_CURVE('',#4118,#4120,#4122,.T.);
#4118 = VERTEX_POINT('',#4119);
#4119 = CARTESIAN_POINT('',(220.98,73.66,40.639999999999));
#4120 = VERTEX_POINT('',#4121);
#4121 = CARTESIAN_POINT('',(220.98,68.58,40.639999999999));
#4122 = CIRCLE('',#4123,2.54);
#4123 = AXIS2_PLACEMENT_3D('',#4124,#4125,#4126);
#4124 = CARTESIAN_POINT('',(220.98,71.12,40.639999999999));
#4125 = DIRECTION('',(1.,6.070773319254E-17,0.));
#4126 = DIRECTION('',(-6.070773319254E-17,1.,0.));
#4127 = ORIENTED_EDGE('',*,*,#4128,.T.);
#4128 = EDGE_CURVE('',#4120,#4118,#4129,.T.);
#4129 = CIRCLE('',#4130,2.54);
#4130 = AXIS2_PLACEMENT_3D('',#4131,#4132,#4133);
#4131 = CARTESIAN_POINT('',(220.98,71.12,40.639999999999));
#4132 = DIRECTION('',(1.,6.070773319254E-17,0.));
#4133 = DIRECTION('',(-6.070773319254E-17,1.,0.));
#4134 = FACE_BOUND('',#4135,.T.);
#4135 = EDGE_LOOP('',(#4136,#4147));
#4136 = ORIENTED_EDGE('',*,*,#4137,.T.);
#4137 = EDGE_CURVE('',#4138,#4140,#4142,.T.);
#4138 = VERTEX_POINT('',#4139);
#4139 = CARTESIAN_POINT('',(220.98,83.82,40.639999999999));
#4140 = VERTEX_POINT('',#4141);
#4141 = CARTESIAN_POINT('',(220.98,78.74,40.639999999999));
#4142 = CIRCLE('',#4143,2.54);
#4143 = AXIS2_PLACEMENT_3D('',#4144,#4145,#4146);
#4144 = CARTESIAN_POINT('',(220.98,81.28,40.639999999999));
#4145 = DIRECTION('',(1.,6.070773319254E-17,0.));
#4146 = DIRECTION('',(-6.070773319254E-17,1.,0.));
#4147 = ORIENTED_EDGE('',*,*,#4148,.T.);
#4148 = EDGE_CURVE('',#4140,#4138,#4149,.T.);
#4149 = CIRCLE('',#4150,2.54);
#4150 = AXIS2_PLACEMENT_3D('',#4151,#4152,#4153);
#4151 = CARTESIAN_POINT('',(220.98,81.28,40.639999999999));
#4152 = DIRECTION('',(1.,6.070773319254E-17,0.));
#4153 = DIRECTION('',(-6.070773319254E-17,1.,0.));
#4154 = FACE_BOUND('',#4155,.T.);
#4155 = EDGE_LOOP('',(#4156,#4167));
#4156 = ORIENTED_EDGE('',*,*,#4157,.T.);
#4157 = EDGE_CURVE('',#4158,#4160,#4162,.T.);
#4158 = VERTEX_POINT('',#4159);
#4159 = CARTESIAN_POINT('',(220.98,134.62,40.639999999999));
#4160 = VERTEX_POINT('',#4161);
#4161 = CARTESIAN_POINT('',(220.98,129.54,40.639999999999));
#4162 = CIRCLE('',#4163,2.54);
#4163 = AXIS2_PLACEMENT_3D('',#4164,#4165,#4166);
#4164 = CARTESIAN_POINT('',(220.98,132.08,40.639999999999));
#4165 = DIRECTION('',(1.,6.070773319254E-17,0.));
#4166 = DIRECTION('',(-6.070773319254E-17,1.,0.));
#4167 = ORIENTED_EDGE('',*,*,#4168,.T.);
#4168 = EDGE_CURVE('',#4160,#4158,#4169,.T.);
#4169 = CIRCLE('',#4170,2.54);
#4170 = AXIS2_PLACEMENT_3D('',#4171,#4172,#4173);
#4171 = CARTESIAN_POINT('',(220.98,132.08,40.639999999999));
#4172 = DIRECTION('',(1.,6.070773319254E-17,0.));
#4173 = DIRECTION('',(-6.070773319254E-17,1.,0.));
#4174 = FACE_BOUND('',#4175,.T.);
#4175 = EDGE_LOOP('',(#4176,#4187));
#4176 = ORIENTED_EDGE('',*,*,#4177,.T.);
#4177 = EDGE_CURVE('',#4178,#4180,#4182,.T.);
#4178 = VERTEX_POINT('',#4179);
#4179 = CARTESIAN_POINT('',(220.98,144.78,40.639999999999));
#4180 = VERTEX_POINT('',#4181);
#4181 = CARTESIAN_POINT('',(220.98,139.7,40.639999999999));
#4182 = CIRCLE('',#4183,2.54);
#4183 = AXIS2_PLACEMENT_3D('',#4184,#4185,#4186);
#4184 = CARTESIAN_POINT('',(220.98,142.24,40.639999999999));
#4185 = DIRECTION('',(1.,6.070773319254E-17,0.));
#4186 = DIRECTION('',(-6.070773319254E-17,1.,0.));
#4187 = ORIENTED_EDGE('',*,*,#4188,.T.);
#4188 = EDGE_CURVE('',#4180,#4178,#4189,.T.);
#4189 = CIRCLE('',#4190,2.54);
#4190 = AXIS2_PLACEMENT_3D('',#4191,#4192,#4193);
#4191 = CARTESIAN_POINT('',(220.98,142.24,40.639999999999));
#4192 = DIRECTION('',(1.,6.070773319254E-17,0.));
#4193 = DIRECTION('',(-6.070773319254E-17,1.,0.));
#4194 = FACE_BOUND('',#4195,.T.);
#4195 = EDGE_LOOP('',(#4196,#4207));
#4196 = ORIENTED_EDGE('',*,*,#4197,.T.);
#4197 = EDGE_CURVE('',#4198,#4200,#4202,.T.);
#4198 = VERTEX_POINT('',#4199);
#4199 = CARTESIAN_POINT('',(220.98,114.3,40.639999999999));
#4200 = VERTEX_POINT('',#4201);
#4201 = CARTESIAN_POINT('',(220.98,109.22,40.639999999999));
#4202 = CIRCLE('',#4203,2.54);
#4203 = AXIS2_PLACEMENT_3D('',#4204,#4205,#4206);
#4204 = CARTESIAN_POINT('',(220.98,111.76,40.639999999999));
#4205 = DIRECTION('',(1.,6.070773319254E-17,0.));
#4206 = DIRECTION('',(-6.070773319254E-17,1.,0.));
#4207 = ORIENTED_EDGE('',*,*,#4208,.T.);
#4208 = EDGE_CURVE('',#4200,#4198,#4209,.T.);
#4209 = CIRCLE('',#4210,2.54);
#4210 = AXIS2_PLACEMENT_3D('',#4211,#4212,#4213);
#4211 = CARTESIAN_POINT('',(220.98,111.76,40.639999999999));
#4212 = DIRECTION('',(1.,6.070773319254E-17,0.));
#4213 = DIRECTION('',(-6.070773319254E-17,1.,0.));
#4214 = FACE_BOUND('',#4215,.T.);
#4215 = EDGE_LOOP('',(#4216,#4227));
#4216 = ORIENTED_EDGE('',*,*,#4217,.T.);
#4217 = EDGE_CURVE('',#4218,#4220,#4222,.T.);
#4218 = VERTEX_POINT('',#4219);
#4219 = CARTESIAN_POINT('',(220.98,124.46,40.639999999999));
#4220 = VERTEX_POINT('',#4221);
#4221 = CARTESIAN_POINT('',(220.98,119.38,40.639999999999));
#4222 = CIRCLE('',#4223,2.54);
#4223 = AXIS2_PLACEMENT_3D('',#4224,#4225,#4226);
#4224 = CARTESIAN_POINT('',(220.98,121.92,40.639999999999));
#4225 = DIRECTION('',(1.,6.070773319254E-17,0.));
#4226 = DIRECTION('',(-6.070773319254E-17,1.,0.));
#4227 = ORIENTED_EDGE('',*,*,#4228,.T.);
#4228 = EDGE_CURVE('',#4220,#4218,#4229,.T.);
#4229 = CIRCLE('',#4230,2.54);
#4230 = AXIS2_PLACEMENT_3D('',#4231,#4232,#4233);
#4231 = CARTESIAN_POINT('',(220.98,121.92,40.639999999999));
#4232 = DIRECTION('',(1.,6.070773319254E-17,0.));
#4233 = DIRECTION('',(-6.070773319254E-17,1.,0.));
#4234 = FACE_BOUND('',#4235,.T.);
#4235 = EDGE_LOOP('',(#4236,#4247));
#4236 = ORIENTED_EDGE('',*,*,#4237,.T.);
#4237 = EDGE_CURVE('',#4238,#4240,#4242,.T.);
#4238 = VERTEX_POINT('',#4239);
#4239 = CARTESIAN_POINT('',(220.98,205.74,20.32));
#4240 = VERTEX_POINT('',#4241);
#4241 = CARTESIAN_POINT('',(220.98,200.66,20.32));
#4242 = CIRCLE('',#4243,2.54);
#4243 = AXIS2_PLACEMENT_3D('',#4244,#4245,#4246);
#4244 = CARTESIAN_POINT('',(220.98,203.2,20.32));
#4245 = DIRECTION('',(1.,6.070773319254E-17,0.));
#4246 = DIRECTION('',(-6.070773319254E-17,1.,0.));
#4247 = ORIENTED_EDGE('',*,*,#4248,.T.);
#4248 = EDGE_CURVE('',#4240,#4238,#4249,.T.);
#4249 = CIRCLE('',#4250,2.54);
#4250 = AXIS2_PLACEMENT_3D('',#4251,#4252,#4253);
#4251 = CARTESIAN_POINT('',(220.98,203.2,20.32));
#4252 = DIRECTION('',(1.,6.070773319254E-17,0.));
#4253 = DIRECTION('',(-6.070773319254E-17,1.,0.));
#4254 = FACE_BOUND('',#4255,.T.);
#4255 = EDGE_LOOP('',(#4256,#4267));
#4256 = ORIENTED_EDGE('',*,*,#4257,.T.);
#4257 = EDGE_CURVE('',#4258,#4260,#4262,.T.);
#4258 = VERTEX_POINT('',#4259);
#4259 = CARTESIAN_POINT('',(220.98,205.74,30.48));
#4260 = VERTEX_POINT('',#4261);
#4261 = CARTESIAN_POINT('',(220.98,200.66,30.48));
#4262 = CIRCLE('',#4263,2.54);
#4263 = AXIS2_PLACEMENT_3D('',#4264,#4265,#4266);
#4264 = CARTESIAN_POINT('',(220.98,203.2,30.48));
#4265 = DIRECTION('',(1.,6.070773319254E-17,0.));
#4266 = DIRECTION('',(-6.070773319254E-17,1.,0.));
#4267 = ORIENTED_EDGE('',*,*,#4268,.T.);
#4268 = EDGE_CURVE('',#4260,#4258,#4269,.T.);
#4269 = CIRCLE('',#4270,2.54);
#4270 = AXIS2_PLACEMENT_3D('',#4271,#4272,#4273);
#4271 = CARTESIAN_POINT('',(220.98,203.2,30.48));
#4272 = DIRECTION('',(1.,6.070773319254E-17,0.));
#4273 = DIRECTION('',(-6.070773319254E-17,1.,0.));
#4274 = FACE_BOUND('',#4275,.T.);
#4275 = EDGE_LOOP('',(#4276,#4287));
#4276 = ORIENTED_EDGE('',*,*,#4277,.T.);
#4277 = EDGE_CURVE('',#4278,#4280,#4282,.T.);
#4278 = VERTEX_POINT('',#4279);
#4279 = CARTESIAN_POINT('',(220.98,83.82,30.479999999999));
#4280 = VERTEX_POINT('',#4281);
#4281 = CARTESIAN_POINT('',(220.98,78.74,30.479999999999));
#4282 = CIRCLE('',#4283,2.54);
#4283 = AXIS2_PLACEMENT_3D('',#4284,#4285,#4286);
#4284 = CARTESIAN_POINT('',(220.98,81.28,30.479999999999));
#4285 = DIRECTION('',(1.,6.070773319254E-17,0.));
#4286 = DIRECTION('',(-6.070773319254E-17,1.,0.));
#4287 = ORIENTED_EDGE('',*,*,#4288,.T.);
#4288 = EDGE_CURVE('',#4280,#4278,#4289,.T.);
#4289 = CIRCLE('',#4290,2.54);
#4290 = AXIS2_PLACEMENT_3D('',#4291,#4292,#4293);
#4291 = CARTESIAN_POINT('',(220.98,81.28,30.479999999999));
#4292 = DIRECTION('',(1.,6.070773319254E-17,0.));
#4293 = DIRECTION('',(-6.070773319254E-17,1.,0.));
#4294 = FACE_BOUND('',#4295,.T.);
#4295 = EDGE_LOOP('',(#4296,#4307));
#4296 = ORIENTED_EDGE('',*,*,#4297,.T.);
#4297 = EDGE_CURVE('',#4298,#4300,#4302,.T.);
#4298 = VERTEX_POINT('',#4299);
#4299 = CARTESIAN_POINT('',(220.98,83.82,20.319999999999));
#4300 = VERTEX_POINT('',#4301);
#4301 = CARTESIAN_POINT('',(220.98,78.74,20.319999999999));
#4302 = CIRCLE('',#4303,2.54);
#4303 = AXIS2_PLACEMENT_3D('',#4304,#4305,#4306);
#4304 = CARTESIAN_POINT('',(220.98,81.28,20.319999999999));
#4305 = DIRECTION('',(1.,6.070773319254E-17,0.));
#4306 = DIRECTION('',(-6.070773319254E-17,1.,0.));
#4307 = ORIENTED_EDGE('',*,*,#4308,.T.);
#4308 = EDGE_CURVE('',#4300,#4298,#4309,.T.);
#4309 = CIRCLE('',#4310,2.54);
#4310 = AXIS2_PLACEMENT_3D('',#4311,#4312,#4313);
#4311 = CARTESIAN_POINT('',(220.98,81.28,20.319999999999));
#4312 = DIRECTION('',(1.,6.070773319254E-17,0.));
#4313 = DIRECTION('',(-6.070773319254E-17,1.,0.));
#4314 = FACE_BOUND('',#4315,.T.);
#4315 = EDGE_LOOP('',(#4316,#4327));
#4316 = ORIENTED_EDGE('',*,*,#4317,.T.);
#4317 = EDGE_CURVE('',#4318,#4320,#4322,.T.);
#4318 = VERTEX_POINT('',#4319);
#4319 = CARTESIAN_POINT('',(220.98,104.14,30.479999999999));
#4320 = VERTEX_POINT('',#4321);
#4321 = CARTESIAN_POINT('',(220.98,99.06,30.479999999999));
#4322 = CIRCLE('',#4323,2.54);
#4323 = AXIS2_PLACEMENT_3D('',#4324,#4325,#4326);
#4324 = CARTESIAN_POINT('',(220.98,101.6,30.479999999999));
#4325 = DIRECTION('',(1.,6.070773319254E-17,0.));
#4326 = DIRECTION('',(-6.070773319254E-17,1.,0.));
#4327 = ORIENTED_EDGE('',*,*,#4328,.T.);
#4328 = EDGE_CURVE('',#4320,#4318,#4329,.T.);
#4329 = CIRCLE('',#4330,2.54);
#4330 = AXIS2_PLACEMENT_3D('',#4331,#4332,#4333);
#4331 = CARTESIAN_POINT('',(220.98,101.6,30.479999999999));
#4332 = DIRECTION('',(1.,6.070773319254E-17,0.));
#4333 = DIRECTION('',(-6.070773319254E-17,1.,0.));
#4334 = FACE_BOUND('',#4335,.T.);
#4335 = EDGE_LOOP('',(#4336,#4347));
#4336 = ORIENTED_EDGE('',*,*,#4337,.T.);
#4337 = EDGE_CURVE('',#4338,#4340,#4342,.T.);
#4338 = VERTEX_POINT('',#4339);
#4339 = CARTESIAN_POINT('',(220.98,93.98,30.479999999999));
#4340 = VERTEX_POINT('',#4341);
#4341 = CARTESIAN_POINT('',(220.98,88.9,30.479999999999));
#4342 = CIRCLE('',#4343,2.54);
#4343 = AXIS2_PLACEMENT_3D('',#4344,#4345,#4346);
#4344 = CARTESIAN_POINT('',(220.98,91.44,30.479999999999));
#4345 = DIRECTION('',(1.,6.070773319254E-17,0.));
#4346 = DIRECTION('',(-6.070773319254E-17,1.,0.));
#4347 = ORIENTED_EDGE('',*,*,#4348,.T.);
#4348 = EDGE_CURVE('',#4340,#4338,#4349,.T.);
#4349 = CIRCLE('',#4350,2.54);
#4350 = AXIS2_PLACEMENT_3D('',#4351,#4352,#4353);
#4351 = CARTESIAN_POINT('',(220.98,91.44,30.479999999999));
#4352 = DIRECTION('',(1.,6.070773319254E-17,0.));
#4353 = DIRECTION('',(-6.070773319254E-17,1.,0.));
#4354 = FACE_BOUND('',#4355,.T.);
#4355 = EDGE_LOOP('',(#4356,#4367));
#4356 = ORIENTED_EDGE('',*,*,#4357,.T.);
#4357 = EDGE_CURVE('',#4358,#4360,#4362,.T.);
#4358 = VERTEX_POINT('',#4359);
#4359 = CARTESIAN_POINT('',(220.98,73.66,20.319999999999));
#4360 = VERTEX_POINT('',#4361);
#4361 = CARTESIAN_POINT('',(220.98,68.58,20.319999999999));
#4362 = CIRCLE('',#4363,2.54);
#4363 = AXIS2_PLACEMENT_3D('',#4364,#4365,#4366);
#4364 = CARTESIAN_POINT('',(220.98,71.12,20.319999999999));
#4365 = DIRECTION('',(1.,6.070773319254E-17,0.));
#4366 = DIRECTION('',(-6.070773319254E-17,1.,0.));
#4367 = ORIENTED_EDGE('',*,*,#4368,.T.);
#4368 = EDGE_CURVE('',#4360,#4358,#4369,.T.);
#4369 = CIRCLE('',#4370,2.54);
#4370 = AXIS2_PLACEMENT_3D('',#4371,#4372,#4373);
#4371 = CARTESIAN_POINT('',(220.98,71.12,20.319999999999));
#4372 = DIRECTION('',(1.,6.070773319254E-17,0.));
#4373 = DIRECTION('',(-6.070773319254E-17,1.,0.));
#4374 = FACE_BOUND('',#4375,.T.);
#4375 = EDGE_LOOP('',(#4376,#4386,#4394,#4402));
#4376 = ORIENTED_EDGE('',*,*,#4377,.T.);
#4377 = EDGE_CURVE('',#4378,#4380,#4382,.T.);
#4378 = VERTEX_POINT('',#4379);
#4379 = CARTESIAN_POINT('',(220.98,152.4,22.86));
#4380 = VERTEX_POINT('',#4381);
#4381 = CARTESIAN_POINT('',(220.98,93.98,22.86));
#4382 = LINE('',#4383,#4384);
#4383 = CARTESIAN_POINT('',(220.98,152.4,22.86));
#4384 = VECTOR('',#4385,1.);
#4385 = DIRECTION('',(0.,-1.,-1.187759997245E-16));
#4386 = ORIENTED_EDGE('',*,*,#4387,.T.);
#4387 = EDGE_CURVE('',#4380,#4388,#4390,.T.);
#4388 = VERTEX_POINT('',#4389);
#4389 = CARTESIAN_POINT('',(220.98,93.98,12.7));
#4390 = LINE('',#4391,#4392);
#4391 = CARTESIAN_POINT('',(220.98,93.98,22.86));
#4392 = VECTOR('',#4393,1.);
#4393 = DIRECTION('',(0.,0.,-1.));
#4394 = ORIENTED_EDGE('',*,*,#4395,.T.);
#4395 = EDGE_CURVE('',#4388,#4396,#4398,.T.);
#4396 = VERTEX_POINT('',#4397);
#4397 = CARTESIAN_POINT('',(220.98,152.4,12.7));
#4398 = LINE('',#4399,#4400);
#4399 = CARTESIAN_POINT('',(220.98,152.4,12.7));
#4400 = VECTOR('',#4401,1.);
#4401 = DIRECTION('',(-0.,1.,1.484699996557E-16));
#4402 = ORIENTED_EDGE('',*,*,#4403,.T.);
#4403 = EDGE_CURVE('',#4396,#4378,#4404,.T.);
#4404 = LINE('',#4405,#4406);
#4405 = CARTESIAN_POINT('',(220.98,152.4,22.86));
#4406 = VECTOR('',#4407,1.);
#4407 = DIRECTION('',(-0.,-0.,1.));
#4408 = PLANE('',#4409);
#4409 = AXIS2_PLACEMENT_3D('',#4410,#4411,#4412);
#4410 = CARTESIAN_POINT('',(220.98,228.6,50.8));
#4411 = DIRECTION('',(-1.,-6.070773319254E-17,0.));
#4412 = DIRECTION('',(6.070773319254E-17,-1.,0.));
#4413 = ADVANCED_FACE('',(#4414,#4434,#4454,#4474,#4494),#4505,.T.);
#4414 = FACE_BOUND('',#4415,.T.);
#4415 = EDGE_LOOP('',(#4416,#4427));
#4416 = ORIENTED_EDGE('',*,*,#4417,.F.);
#4417 = EDGE_CURVE('',#4418,#4420,#4422,.T.);
#4418 = VERTEX_POINT('',#4419);
#4419 = CARTESIAN_POINT('',(134.62,101.854,16.637));
#4420 = VERTEX_POINT('',#4421);
#4421 = CARTESIAN_POINT('',(134.62,101.854,10.287));
#4422 = CIRCLE('',#4423,3.175);
#4423 = AXIS2_PLACEMENT_3D('',#4424,#4425,#4426);
#4424 = CARTESIAN_POINT('',(134.62,101.854,13.462));
#4425 = DIRECTION('',(1.,0.,0.));
#4426 = DIRECTION('',(0.,0.,-1.));
#4427 = ORIENTED_EDGE('',*,*,#4428,.F.);
#4428 = EDGE_CURVE('',#4420,#4418,#4429,.T.);
#4429 = CIRCLE('',#4430,3.175);
#4430 = AXIS2_PLACEMENT_3D('',#4431,#4432,#4433);
#4431 = CARTESIAN_POINT('',(134.62,101.854,13.462));
#4432 = DIRECTION('',(1.,0.,0.));
#4433 = DIRECTION('',(0.,0.,-1.));
#4434 = FACE_BOUND('',#4435,.T.);
#4435 = EDGE_LOOP('',(#4436,#4447));
#4436 = ORIENTED_EDGE('',*,*,#4437,.F.);
#4437 = EDGE_CURVE('',#4438,#4440,#4442,.T.);
#4438 = VERTEX_POINT('',#4439);
#4439 = CARTESIAN_POINT('',(134.62,101.854,40.513));
#4440 = VERTEX_POINT('',#4441);
#4441 = CARTESIAN_POINT('',(134.62,101.854,34.163));
#4442 = CIRCLE('',#4443,3.175);
#4443 = AXIS2_PLACEMENT_3D('',#4444,#4445,#4446);
#4444 = CARTESIAN_POINT('',(134.62,101.854,37.338));
#4445 = DIRECTION('',(1.,0.,0.));
#4446 = DIRECTION('',(0.,0.,-1.));
#4447 = ORIENTED_EDGE('',*,*,#4448,.F.);
#4448 = EDGE_CURVE('',#4440,#4438,#4449,.T.);
#4449 = CIRCLE('',#4450,3.175);
#4450 = AXIS2_PLACEMENT_3D('',#4451,#4452,#4453);
#4451 = CARTESIAN_POINT('',(134.62,101.854,37.338));
#4452 = DIRECTION('',(1.,0.,0.));
#4453 = DIRECTION('',(0.,0.,-1.));
#4454 = FACE_BOUND('',#4455,.T.);
#4455 = EDGE_LOOP('',(#4456,#4467));
#4456 = ORIENTED_EDGE('',*,*,#4457,.F.);
#4457 = EDGE_CURVE('',#4458,#4460,#4462,.T.);
#4458 = VERTEX_POINT('',#4459);
#4459 = CARTESIAN_POINT('',(134.62,172.72,16.637));
#4460 = VERTEX_POINT('',#4461);
#4461 = CARTESIAN_POINT('',(134.62,172.72,10.287));
#4462 = CIRCLE('',#4463,3.175);
#4463 = AXIS2_PLACEMENT_3D('',#4464,#4465,#4466);
#4464 = CARTESIAN_POINT('',(134.62,172.72,13.462));
#4465 = DIRECTION('',(1.,0.,0.));
#4466 = DIRECTION('',(0.,0.,-1.));
#4467 = ORIENTED_EDGE('',*,*,#4468,.F.);
#4468 = EDGE_CURVE('',#4460,#4458,#4469,.T.);
#4469 = CIRCLE('',#4470,3.175);
#4470 = AXIS2_PLACEMENT_3D('',#4471,#4472,#4473);
#4471 = CARTESIAN_POINT('',(134.62,172.72,13.462));
#4472 = DIRECTION('',(1.,0.,0.));
#4473 = DIRECTION('',(0.,0.,-1.));
#4474 = FACE_BOUND('',#4475,.T.);
#4475 = EDGE_LOOP('',(#4476,#4487));
#4476 = ORIENTED_EDGE('',*,*,#4477,.F.);
#4477 = EDGE_CURVE('',#4478,#4480,#4482,.T.);
#4478 = VERTEX_POINT('',#4479);
#4479 = CARTESIAN_POINT('',(134.62,172.72,40.513));
#4480 = VERTEX_POINT('',#4481);
#4481 = CARTESIAN_POINT('',(134.62,172.72,34.163));
#4482 = CIRCLE('',#4483,3.175);
#4483 = AXIS2_PLACEMENT_3D('',#4484,#4485,#4486);
#4484 = CARTESIAN_POINT('',(134.62,172.72,37.338));
#4485 = DIRECTION('',(1.,0.,0.));
#4486 = DIRECTION('',(0.,0.,-1.));
#4487 = ORIENTED_EDGE('',*,*,#4488,.F.);
#4488 = EDGE_CURVE('',#4480,#4478,#4489,.T.);
#4489 = CIRCLE('',#4490,3.175);
#4490 = AXIS2_PLACEMENT_3D('',#4491,#4492,#4493);
#4491 = CARTESIAN_POINT('',(134.62,172.72,37.338));
#4492 = DIRECTION('',(1.,0.,0.));
#4493 = DIRECTION('',(0.,0.,-1.));
#4494 = FACE_BOUND('',#4495,.T.);
#4495 = EDGE_LOOP('',(#4496,#4497,#4503,#4504));
#4496 = ORIENTED_EDGE('',*,*,#927,.F.);
#4497 = ORIENTED_EDGE('',*,*,#4498,.F.);
#4498 = EDGE_CURVE('',#621,#920,#4499,.T.);
#4499 = LINE('',#4500,#4501);
#4500 = CARTESIAN_POINT('',(134.62,220.98,50.8));
#4501 = VECTOR('',#4502,1.);
#4502 = DIRECTION('',(0.,0.,-1.));
#4503 = ORIENTED_EDGE('',*,*,#620,.T.);
#4504 = ORIENTED_EDGE('',*,*,#1205,.T.);
#4505 = PLANE('',#4506);
#4506 = AXIS2_PLACEMENT_3D('',#4507,#4508,#4509);
#4507 = CARTESIAN_POINT('',(134.62,228.6,50.8));
#4508 = DIRECTION('',(1.,0.,-0.));
#4509 = DIRECTION('',(-0.,0.,-1.));
#4510 = ADVANCED_FACE('',(#4511,#4531,#4551,#4571),#4577,.T.);
#4511 = FACE_BOUND('',#4512,.T.);
#4512 = EDGE_LOOP('',(#4513,#4524));
#4513 = ORIENTED_EDGE('',*,*,#4514,.F.);
#4514 = EDGE_CURVE('',#4515,#4517,#4519,.T.);
#4515 = VERTEX_POINT('',#4516);
#4516 = CARTESIAN_POINT('',(152.4,220.98,41.275));
#4517 = VERTEX_POINT('',#4518);
#4518 = CARTESIAN_POINT('',(152.4,220.98,34.925));
#4519 = CIRCLE('',#4520,3.175);
#4520 = AXIS2_PLACEMENT_3D('',#4521,#4522,#4523);
#4521 = CARTESIAN_POINT('',(152.4,220.98,38.1));
#4522 = DIRECTION('',(0.,-1.,0.));
#4523 = DIRECTION('',(0.,0.,-1.));
#4524 = ORIENTED_EDGE('',*,*,#4525,.F.);
#4525 = EDGE_CURVE('',#4517,#4515,#4526,.T.);
#4526 = CIRCLE('',#4527,3.175);
#4527 = AXIS2_PLACEMENT_3D('',#4528,#4529,#4530);
#4528 = CARTESIAN_POINT('',(152.4,220.98,38.1));
#4529 = DIRECTION('',(0.,-1.,0.));
#4530 = DIRECTION('',(0.,0.,-1.));
#4531 = FACE_BOUND('',#4532,.T.);
#4532 = EDGE_LOOP('',(#4533,#4544));
#4533 = ORIENTED_EDGE('',*,*,#4534,.F.);
#4534 = EDGE_CURVE('',#4535,#4537,#4539,.T.);
#4535 = VERTEX_POINT('',#4536);
#4536 = CARTESIAN_POINT('',(152.4,220.98,15.875));
#4537 = VERTEX_POINT('',#4538);
#4538 = CARTESIAN_POINT('',(152.4,220.98,9.525));
#4539 = CIRCLE('',#4540,3.175);
#4540 = AXIS2_PLACEMENT_3D('',#4541,#4542,#4543);
#4541 = CARTESIAN_POINT('',(152.4,220.98,12.7));
#4542 = DIRECTION('',(0.,-1.,0.));
#4543 = DIRECTION('',(0.,0.,-1.));
#4544 = ORIENTED_EDGE('',*,*,#4545,.F.);
#4545 = EDGE_CURVE('',#4537,#4535,#4546,.T.);
#4546 = CIRCLE('',#4547,3.175);
#4547 = AXIS2_PLACEMENT_3D('',#4548,#4549,#4550);
#4548 = CARTESIAN_POINT('',(152.4,220.98,12.7));
#4549 = DIRECTION('',(0.,-1.,0.));
#4550 = DIRECTION('',(0.,0.,-1.));
#4551 = FACE_BOUND('',#4552,.T.);
#4552 = EDGE_LOOP('',(#4553,#4564));
#4553 = ORIENTED_EDGE('',*,*,#4554,.F.);
#4554 = EDGE_CURVE('',#4555,#4557,#4559,.T.);
#4555 = VERTEX_POINT('',#4556);
#4556 = CARTESIAN_POINT('',(152.4,220.98,28.575));
#4557 = VERTEX_POINT('',#4558);
#4558 = CARTESIAN_POINT('',(152.4,220.98,22.225));
#4559 = CIRCLE('',#4560,3.175);
#4560 = AXIS2_PLACEMENT_3D('',#4561,#4562,#4563);
#4561 = CARTESIAN_POINT('',(152.4,220.98,25.4));
#4562 = DIRECTION('',(0.,-1.,0.));
#4563 = DIRECTION('',(0.,0.,-1.));
#4564 = ORIENTED_EDGE('',*,*,#4565,.F.);
#4565 = EDGE_CURVE('',#4557,#4555,#4566,.T.);
#4566 = CIRCLE('',#4567,3.175);
#4567 = AXIS2_PLACEMENT_3D('',#4568,#4569,#4570);
#4568 = CARTESIAN_POINT('',(152.4,220.98,25.4));
#4569 = DIRECTION('',(0.,-1.,0.));
#4570 = DIRECTION('',(0.,0.,-1.));
#4571 = FACE_BOUND('',#4572,.T.);
#4572 = EDGE_LOOP('',(#4573,#4574,#4575,#4576));
#4573 = ORIENTED_EDGE('',*,*,#919,.F.);
#4574 = ORIENTED_EDGE('',*,*,#3781,.F.);
#4575 = ORIENTED_EDGE('',*,*,#628,.T.);
#4576 = ORIENTED_EDGE('',*,*,#4498,.T.);
#4577 = PLANE('',#4578);
#4578 = AXIS2_PLACEMENT_3D('',#4579,#4580,#4581);
#4579 = CARTESIAN_POINT('',(127.,220.98,50.8));
#4580 = DIRECTION('',(0.,-1.,0.));
#4581 = DIRECTION('',(0.,-0.,-1.));
#4582 = ADVANCED_FACE('',(#4583),#4594,.T.);
#4583 = FACE_BOUND('',#4584,.T.);
#4584 = EDGE_LOOP('',(#4585,#4592,#4593));
#4585 = ORIENTED_EDGE('',*,*,#4586,.T.);
#4586 = EDGE_CURVE('',#1289,#800,#4587,.T.);
#4587 = CIRCLE('',#4588,2.54);
#4588 = AXIS2_PLACEMENT_3D('',#4589,#4590,#4591);
#4589 = CARTESIAN_POINT('',(220.98,10.16,10.159999999998));
#4590 = DIRECTION('',(1.,6.070773319254E-17,0.));
#4591 = DIRECTION('',(-6.070773319254E-17,1.,0.));
#4592 = ORIENTED_EDGE('',*,*,#797,.F.);
#4593 = ORIENTED_EDGE('',*,*,#1296,.F.);
#4594 = PLANE('',#4595);
#4595 = AXIS2_PLACEMENT_3D('',#4596,#4597,#4598);
#4596 = CARTESIAN_POINT('',(220.98,228.6,50.8));
#4597 = DIRECTION('',(-1.,-6.070773319254E-17,0.));
#4598 = DIRECTION('',(6.070773319254E-17,-1.,0.));
#4599 = ADVANCED_FACE('',(#4600),#4625,.T.);
#4600 = FACE_BOUND('',#4601,.T.);
#4601 = EDGE_LOOP('',(#4602,#4610,#4618,#4624));
#4602 = ORIENTED_EDGE('',*,*,#4603,.F.);
#4603 = EDGE_CURVE('',#4604,#991,#4606,.T.);
#4604 = VERTEX_POINT('',#4605);
#4605 = CARTESIAN_POINT('',(122.,41.,7.221));
#4606 = LINE('',#4607,#4608);
#4607 = CARTESIAN_POINT('',(122.,41.,7.221));
#4608 = VECTOR('',#4609,1.);
#4609 = DIRECTION('',(0.,0.,1.));
#4610 = ORIENTED_EDGE('',*,*,#4611,.F.);
#4611 = EDGE_CURVE('',#4612,#4604,#4614,.T.);
#4612 = VERTEX_POINT('',#4613);
#4613 = CARTESIAN_POINT('',(62.,41.,7.221));
#4614 = LINE('',#4615,#4616);
#4615 = CARTESIAN_POINT('',(62.,41.,7.221));
#4616 = VECTOR('',#4617,1.);
#4617 = DIRECTION('',(1.,0.,-0.));
#4618 = ORIENTED_EDGE('',*,*,#4619,.T.);
#4619 = EDGE_CURVE('',#4612,#993,#4620,.T.);
#4620 = LINE('',#4621,#4622);
#4621 = CARTESIAN_POINT('',(62.,41.,7.221));
#4622 = VECTOR('',#4623,1.);
#4623 = DIRECTION('',(0.,0.,1.));
#4624 = ORIENTED_EDGE('',*,*,#990,.F.);
#4625 = PLANE('',#4626);
#4626 = AXIS2_PLACEMENT_3D('',#4627,#4628,#4629);
#4627 = CARTESIAN_POINT('',(62.,41.,7.221));
#4628 = DIRECTION('',(-0.,1.,0.));
#4629 = DIRECTION('',(0.,0.,1.));
#4630 = ADVANCED_FACE('',(#4631),#4649,.F.);
#4631 = FACE_BOUND('',#4632,.F.);
#4632 = EDGE_LOOP('',(#4633,#4634,#4642,#4648));
#4633 = ORIENTED_EDGE('',*,*,#4603,.F.);
#4634 = ORIENTED_EDGE('',*,*,#4635,.T.);
#4635 = EDGE_CURVE('',#4604,#4636,#4638,.T.);
#4636 = VERTEX_POINT('',#4637);
#4637 = CARTESIAN_POINT('',(122.,91.,7.221));
#4638 = LINE('',#4639,#4640);
#4639 = CARTESIAN_POINT('',(122.,41.,7.221));
#4640 = VECTOR('',#4641,1.);
#4641 = DIRECTION('',(-0.,1.,0.));
#4642 = ORIENTED_EDGE('',*,*,#4643,.T.);
#4643 = EDGE_CURVE('',#4636,#1009,#4644,.T.);
#4644 = LINE('',#4645,#4646);
#4645 = CARTESIAN_POINT('',(122.,91.,7.221));
#4646 = VECTOR('',#4647,1.);
#4647 = DIRECTION('',(0.,0.,1.));
#4648 = ORIENTED_EDGE('',*,*,#1016,.F.);
#4649 = PLANE('',#4650);
#4650 = AXIS2_PLACEMENT_3D('',#4651,#4652,#4653);
#4651 = CARTESIAN_POINT('',(122.,41.,7.221));
#4652 = DIRECTION('',(1.,0.,-0.));
#4653 = DIRECTION('',(0.,0.,1.));
#4654 = ADVANCED_FACE('',(#4655),#4673,.F.);
#4655 = FACE_BOUND('',#4656,.F.);
#4656 = EDGE_LOOP('',(#4657,#4658,#4666,#4672));
#4657 = ORIENTED_EDGE('',*,*,#4643,.F.);
#4658 = ORIENTED_EDGE('',*,*,#4659,.F.);
#4659 = EDGE_CURVE('',#4660,#4636,#4662,.T.);
#4660 = VERTEX_POINT('',#4661);
#4661 = CARTESIAN_POINT('',(62.,91.,7.221));
#4662 = LINE('',#4663,#4664);
#4663 = CARTESIAN_POINT('',(62.,91.,7.221));
#4664 = VECTOR('',#4665,1.);
#4665 = DIRECTION('',(1.,0.,-0.));
#4666 = ORIENTED_EDGE('',*,*,#4667,.T.);
#4667 = EDGE_CURVE('',#4660,#1001,#4668,.T.);
#4668 = LINE('',#4669,#4670);
#4669 = CARTESIAN_POINT('',(62.,91.,7.221));
#4670 = VECTOR('',#4671,1.);
#4671 = DIRECTION('',(0.,0.,1.));
#4672 = ORIENTED_EDGE('',*,*,#1008,.F.);
#4673 = PLANE('',#4674);
#4674 = AXIS2_PLACEMENT_3D('',#4675,#4676,#4677);
#4675 = CARTESIAN_POINT('',(62.,91.,7.221));
#4676 = DIRECTION('',(-0.,1.,0.));
#4677 = DIRECTION('',(0.,0.,1.));
#4678 = ADVANCED_FACE('',(#4679),#4690,.T.);
#4679 = FACE_BOUND('',#4680,.T.);
#4680 = EDGE_LOOP('',(#4681,#4682,#4688,#4689));
#4681 = ORIENTED_EDGE('',*,*,#4619,.F.);
#4682 = ORIENTED_EDGE('',*,*,#4683,.T.);
#4683 = EDGE_CURVE('',#4612,#4660,#4684,.T.);
#4684 = LINE('',#4685,#4686);
#4685 = CARTESIAN_POINT('',(62.,41.,7.221));
#4686 = VECTOR('',#4687,1.);
#4687 = DIRECTION('',(-0.,1.,0.));
#4688 = ORIENTED_EDGE('',*,*,#4667,.T.);
#4689 = ORIENTED_EDGE('',*,*,#1000,.F.);
#4690 = PLANE('',#4691);
#4691 = AXIS2_PLACEMENT_3D('',#4692,#4693,#4694);
#4692 = CARTESIAN_POINT('',(62.,41.,7.221));
#4693 = DIRECTION('',(1.,0.,-0.));
#4694 = DIRECTION('',(0.,0.,1.));
#4695 = ADVANCED_FACE('',(#4696),#4721,.T.);
#4696 = FACE_BOUND('',#4697,.T.);
#4697 = EDGE_LOOP('',(#4698,#4706,#4714,#4720));
#4698 = ORIENTED_EDGE('',*,*,#4699,.F.);
#4699 = EDGE_CURVE('',#4700,#1045,#4702,.T.);
#4700 = VERTEX_POINT('',#4701);
#4701 = CARTESIAN_POINT('',(197.,11.,7.221));
#4702 = LINE('',#4703,#4704);
#4703 = CARTESIAN_POINT('',(197.,11.,7.221));
#4704 = VECTOR('',#4705,1.);
#4705 = DIRECTION('',(0.,0.,1.));
#4706 = ORIENTED_EDGE('',*,*,#4707,.F.);
#4707 = EDGE_CURVE('',#4708,#4700,#4710,.T.);
#4708 = VERTEX_POINT('',#4709);
#4709 = CARTESIAN_POINT('',(157.,11.,7.221));
#4710 = LINE('',#4711,#4712);
#4711 = CARTESIAN_POINT('',(157.,11.,7.221));
#4712 = VECTOR('',#4713,1.);
#4713 = DIRECTION('',(1.,0.,-0.));
#4714 = ORIENTED_EDGE('',*,*,#4715,.T.);
#4715 = EDGE_CURVE('',#4708,#1047,#4716,.T.);
#4716 = LINE('',#4717,#4718);
#4717 = CARTESIAN_POINT('',(157.,11.,7.221));
#4718 = VECTOR('',#4719,1.);
#4719 = DIRECTION('',(0.,0.,1.));
#4720 = ORIENTED_EDGE('',*,*,#1044,.F.);
#4721 = PLANE('',#4722);
#4722 = AXIS2_PLACEMENT_3D('',#4723,#4724,#4725);
#4723 = CARTESIAN_POINT('',(157.,11.,7.221));
#4724 = DIRECTION('',(-0.,1.,0.));
#4725 = DIRECTION('',(0.,0.,1.));
#4726 = ADVANCED_FACE('',(#4727),#4745,.F.);
#4727 = FACE_BOUND('',#4728,.F.);
#4728 = EDGE_LOOP('',(#4729,#4730,#4738,#4744));
#4729 = ORIENTED_EDGE('',*,*,#4699,.F.);
#4730 = ORIENTED_EDGE('',*,*,#4731,.T.);
#4731 = EDGE_CURVE('',#4700,#4732,#4734,.T.);
#4732 = VERTEX_POINT('',#4733);
#4733 = CARTESIAN_POINT('',(197.,79.,7.221));
#4734 = LINE('',#4735,#4736);
#4735 = CARTESIAN_POINT('',(197.,11.,7.221));
#4736 = VECTOR('',#4737,1.);
#4737 = DIRECTION('',(-0.,1.,0.));
#4738 = ORIENTED_EDGE('',*,*,#4739,.T.);
#4739 = EDGE_CURVE('',#4732,#1063,#4740,.T.);
#4740 = LINE('',#4741,#4742);
#4741 = CARTESIAN_POINT('',(197.,79.,7.221));
#4742 = VECTOR('',#4743,1.);
#4743 = DIRECTION('',(0.,0.,1.));
#4744 = ORIENTED_EDGE('',*,*,#1070,.F.);
#4745 = PLANE('',#4746);
#4746 = AXIS2_PLACEMENT_3D('',#4747,#4748,#4749);
#4747 = CARTESIAN_POINT('',(197.,11.,7.221));
#4748 = DIRECTION('',(1.,0.,-0.));
#4749 = DIRECTION('',(0.,0.,1.));
#4750 = ADVANCED_FACE('',(#4751),#4769,.F.);
#4751 = FACE_BOUND('',#4752,.F.);
#4752 = EDGE_LOOP('',(#4753,#4754,#4762,#4768));
#4753 = ORIENTED_EDGE('',*,*,#4739,.F.);
#4754 = ORIENTED_EDGE('',*,*,#4755,.F.);
#4755 = EDGE_CURVE('',#4756,#4732,#4758,.T.);
#4756 = VERTEX_POINT('',#4757);
#4757 = CARTESIAN_POINT('',(157.,79.,7.221));
#4758 = LINE('',#4759,#4760);
#4759 = CARTESIAN_POINT('',(157.,79.,7.221));
#4760 = VECTOR('',#4761,1.);
#4761 = DIRECTION('',(1.,0.,-0.));
#4762 = ORIENTED_EDGE('',*,*,#4763,.T.);
#4763 = EDGE_CURVE('',#4756,#1055,#4764,.T.);
#4764 = LINE('',#4765,#4766);
#4765 = CARTESIAN_POINT('',(157.,79.,7.221));
#4766 = VECTOR('',#4767,1.);
#4767 = DIRECTION('',(0.,0.,1.));
#4768 = ORIENTED_EDGE('',*,*,#1062,.F.);
#4769 = PLANE('',#4770);
#4770 = AXIS2_PLACEMENT_3D('',#4771,#4772,#4773);
#4771 = CARTESIAN_POINT('',(157.,79.,7.221));
#4772 = DIRECTION('',(-0.,1.,0.));
#4773 = DIRECTION('',(0.,0.,1.));
#4774 = ADVANCED_FACE('',(#4775),#4786,.T.);
#4775 = FACE_BOUND('',#4776,.T.);
#4776 = EDGE_LOOP('',(#4777,#4778,#4784,#4785));
#4777 = ORIENTED_EDGE('',*,*,#4715,.F.);
#4778 = ORIENTED_EDGE('',*,*,#4779,.T.);
#4779 = EDGE_CURVE('',#4708,#4756,#4780,.T.);
#4780 = LINE('',#4781,#4782);
#4781 = CARTESIAN_POINT('',(157.,11.,7.221));
#4782 = VECTOR('',#4783,1.);
#4783 = DIRECTION('',(-0.,1.,0.));
#4784 = ORIENTED_EDGE('',*,*,#4763,.T.);
#4785 = ORIENTED_EDGE('',*,*,#1054,.F.);
#4786 = PLANE('',#4787);
#4787 = AXIS2_PLACEMENT_3D('',#4788,#4789,#4790);
#4788 = CARTESIAN_POINT('',(157.,11.,7.221));
#4789 = DIRECTION('',(1.,0.,-0.));
#4790 = DIRECTION('',(0.,0.,1.));
#4791 = ADVANCED_FACE('',(#4792),#4808,.F.);
#4792 = FACE_BOUND('',#4793,.T.);
#4793 = EDGE_LOOP('',(#4794,#4795,#4801,#4802));
#4794 = ORIENTED_EDGE('',*,*,#2818,.T.);
#4795 = ORIENTED_EDGE('',*,*,#4796,.F.);
#4796 = EDGE_CURVE('',#4388,#2821,#4797,.T.);
#4797 = LINE('',#4798,#4799);
#4798 = CARTESIAN_POINT('',(220.98,93.98,12.7));
#4799 = VECTOR('',#4800,1.);
#4800 = DIRECTION('',(1.,6.070773319254E-17,-0.));
#4801 = ORIENTED_EDGE('',*,*,#4387,.F.);
#4802 = ORIENTED_EDGE('',*,*,#4803,.T.);
#4803 = EDGE_CURVE('',#4380,#2819,#4804,.T.);
#4804 = LINE('',#4805,#4806);
#4805 = CARTESIAN_POINT('',(220.98,93.98,22.86));
#4806 = VECTOR('',#4807,1.);
#4807 = DIRECTION('',(1.,6.070773319254E-17,-0.));
#4808 = PLANE('',#4809);
#4809 = AXIS2_PLACEMENT_3D('',#4810,#4811,#4812);
#4810 = CARTESIAN_POINT('',(220.98,93.98,22.86));
#4811 = DIRECTION('',(6.070773319254E-17,-1.,0.));
#4812 = DIRECTION('',(1.,6.070773319254E-17,0.));
#4813 = ADVANCED_FACE('',(#4814),#4825,.F.);
#4814 = FACE_BOUND('',#4815,.T.);
#4815 = EDGE_LOOP('',(#4816,#4817,#4818,#4819));
#4816 = ORIENTED_EDGE('',*,*,#2828,.T.);
#4817 = ORIENTED_EDGE('',*,*,#4803,.F.);
#4818 = ORIENTED_EDGE('',*,*,#4377,.F.);
#4819 = ORIENTED_EDGE('',*,*,#4820,.T.);
#4820 = EDGE_CURVE('',#4378,#2829,#4821,.T.);
#4821 = LINE('',#4822,#4823);
#4822 = CARTESIAN_POINT('',(220.98,152.4,22.86));
#4823 = VECTOR('',#4824,1.);
#4824 = DIRECTION('',(1.,6.070773319254E-17,-0.));
#4825 = PLANE('',#4826);
#4826 = AXIS2_PLACEMENT_3D('',#4827,#4828,#4829);
#4827 = CARTESIAN_POINT('',(220.98,152.4,22.86));
#4828 = DIRECTION('',(7.210621700954E-33,-1.187759997245E-16,1.));
#4829 = DIRECTION('',(0.,-1.,-1.187759997245E-16));
#4830 = ADVANCED_FACE('',(#4831),#4842,.F.);
#4831 = FACE_BOUND('',#4832,.T.);
#4832 = EDGE_LOOP('',(#4833,#4834,#4835,#4836));
#4833 = ORIENTED_EDGE('',*,*,#2836,.T.);
#4834 = ORIENTED_EDGE('',*,*,#4820,.F.);
#4835 = ORIENTED_EDGE('',*,*,#4403,.F.);
#4836 = ORIENTED_EDGE('',*,*,#4837,.T.);
#4837 = EDGE_CURVE('',#4396,#2837,#4838,.T.);
#4838 = LINE('',#4839,#4840);
#4839 = CARTESIAN_POINT('',(220.98,152.4,12.7));
#4840 = VECTOR('',#4841,1.);
#4841 = DIRECTION('',(1.,6.070773319254E-17,-0.));
#4842 = PLANE('',#4843);
#4843 = AXIS2_PLACEMENT_3D('',#4844,#4845,#4846);
#4844 = CARTESIAN_POINT('',(220.98,152.4,22.86));
#4845 = DIRECTION('',(-6.070773319254E-17,1.,0.));
#4846 = DIRECTION('',(-1.,-6.070773319254E-17,0.));
#4847 = ADVANCED_FACE('',(#4848),#4854,.F.);
#4848 = FACE_BOUND('',#4849,.T.);
#4849 = EDGE_LOOP('',(#4850,#4851,#4852,#4853));
#4850 = ORIENTED_EDGE('',*,*,#2844,.T.);
#4851 = ORIENTED_EDGE('',*,*,#4837,.F.);
#4852 = ORIENTED_EDGE('',*,*,#4395,.F.);
#4853 = ORIENTED_EDGE('',*,*,#4796,.T.);
#4854 = PLANE('',#4855);
#4855 = AXIS2_PLACEMENT_3D('',#4856,#4857,#4858);
#4856 = CARTESIAN_POINT('',(220.98,152.4,12.7));
#4857 = DIRECTION('',(-9.013277126193E-33,1.484699996557E-16,-1.));
#4858 = DIRECTION('',(0.,1.,1.484699996557E-16));
#4859 = ADVANCED_FACE('',(#4860),#4866,.T.);
#4860 = FACE_BOUND('',#4861,.T.);
#4861 = EDGE_LOOP('',(#4862,#4863,#4864,#4865));
#4862 = ORIENTED_EDGE('',*,*,#4683,.F.);
#4863 = ORIENTED_EDGE('',*,*,#4611,.T.);
#4864 = ORIENTED_EDGE('',*,*,#4635,.T.);
#4865 = ORIENTED_EDGE('',*,*,#4659,.F.);
#4866 = PLANE('',#4867);
#4867 = AXIS2_PLACEMENT_3D('',#4868,#4869,#4870);
#4868 = CARTESIAN_POINT('',(62.,41.,7.221));
#4869 = DIRECTION('',(0.,0.,1.));
#4870 = DIRECTION('',(1.,0.,-0.));
#4871 = ADVANCED_FACE('',(#4872),#4878,.T.);
#4872 = FACE_BOUND('',#4873,.T.);
#4873 = EDGE_LOOP('',(#4874,#4875,#4876,#4877));
#4874 = ORIENTED_EDGE('',*,*,#4779,.F.);
#4875 = ORIENTED_EDGE('',*,*,#4707,.T.);
#4876 = ORIENTED_EDGE('',*,*,#4731,.T.);
#4877 = ORIENTED_EDGE('',*,*,#4755,.F.);
#4878 = PLANE('',#4879);
#4879 = AXIS2_PLACEMENT_3D('',#4880,#4881,#4882);
#4880 = CARTESIAN_POINT('',(157.,11.,7.221));
#4881 = DIRECTION('',(0.,0.,1.));
#4882 = DIRECTION('',(1.,0.,-0.));
#4883 = ADVANCED_FACE('',(#4884,#4892,#4912,#4932,#4952,#4972),#4992,.T.
  );
#4884 = FACE_BOUND('',#4885,.T.);
#4885 = EDGE_LOOP('',(#4886,#4887,#4888,#4889,#4890,#4891));
#4886 = ORIENTED_EDGE('',*,*,#1319,.F.);
#4887 = ORIENTED_EDGE('',*,*,#1403,.T.);
#4888 = ORIENTED_EDGE('',*,*,#2852,.F.);
#4889 = ORIENTED_EDGE('',*,*,#501,.F.);
#4890 = ORIENTED_EDGE('',*,*,#421,.F.);
#4891 = ORIENTED_EDGE('',*,*,#773,.F.);
#4892 = FACE_BOUND('',#4893,.T.);
#4893 = EDGE_LOOP('',(#4894,#4905));
#4894 = ORIENTED_EDGE('',*,*,#4895,.T.);
#4895 = EDGE_CURVE('',#4896,#4898,#4900,.T.);
#4896 = VERTEX_POINT('',#4897);
#4897 = CARTESIAN_POINT('',(144.0815,214.63,0.));
#4898 = VERTEX_POINT('',#4899);
#4899 = CARTESIAN_POINT('',(137.8585,214.63,0.));
#4900 = CIRCLE('',#4901,3.1115);
#4901 = AXIS2_PLACEMENT_3D('',#4902,#4903,#4904);
#4902 = CARTESIAN_POINT('',(140.97,214.63,0.));
#4903 = DIRECTION('',(0.,0.,1.));
#4904 = DIRECTION('',(1.,0.,-0.));
#4905 = ORIENTED_EDGE('',*,*,#4906,.T.);
#4906 = EDGE_CURVE('',#4898,#4896,#4907,.T.);
#4907 = CIRCLE('',#4908,3.1115);
#4908 = AXIS2_PLACEMENT_3D('',#4909,#4910,#4911);
#4909 = CARTESIAN_POINT('',(140.97,214.63,0.));
#4910 = DIRECTION('',(0.,0.,1.));
#4911 = DIRECTION('',(1.,0.,-0.));
#4912 = FACE_BOUND('',#4913,.T.);
#4913 = EDGE_LOOP('',(#4914,#4925));
#4914 = ORIENTED_EDGE('',*,*,#4915,.T.);
#4915 = EDGE_CURVE('',#4916,#4918,#4920,.T.);
#4916 = VERTEX_POINT('',#4917);
#4917 = CARTESIAN_POINT('',(217.7415,214.63,0.));
#4918 = VERTEX_POINT('',#4919);
#4919 = CARTESIAN_POINT('',(211.5185,214.63,0.));
#4920 = CIRCLE('',#4921,3.1115);
#4921 = AXIS2_PLACEMENT_3D('',#4922,#4923,#4924);
#4922 = CARTESIAN_POINT('',(214.63,214.63,0.));
#4923 = DIRECTION('',(0.,0.,1.));
#4924 = DIRECTION('',(1.,0.,-0.));
#4925 = ORIENTED_EDGE('',*,*,#4926,.T.);
#4926 = EDGE_CURVE('',#4918,#4916,#4927,.T.);
#4927 = CIRCLE('',#4928,3.1115);
#4928 = AXIS2_PLACEMENT_3D('',#4929,#4930,#4931);
#4929 = CARTESIAN_POINT('',(214.63,214.63,0.));
#4930 = DIRECTION('',(0.,0.,1.));
#4931 = DIRECTION('',(1.,0.,-0.));
#4932 = FACE_BOUND('',#4933,.T.);
#4933 = EDGE_LOOP('',(#4934,#4945));
#4934 = ORIENTED_EDGE('',*,*,#4935,.T.);
#4935 = EDGE_CURVE('',#4936,#4938,#4940,.T.);
#4936 = VERTEX_POINT('',#4937);
#4937 = CARTESIAN_POINT('',(17.0815,87.63,0.));
#4938 = VERTEX_POINT('',#4939);
#4939 = CARTESIAN_POINT('',(10.8585,87.63,0.));
#4940 = CIRCLE('',#4941,3.1115);
#4941 = AXIS2_PLACEMENT_3D('',#4942,#4943,#4944);
#4942 = CARTESIAN_POINT('',(13.97,87.63,0.));
#4943 = DIRECTION('',(0.,0.,1.));
#4944 = DIRECTION('',(1.,0.,-0.));
#4945 = ORIENTED_EDGE('',*,*,#4946,.T.);
#4946 = EDGE_CURVE('',#4938,#4936,#4947,.T.);
#4947 = CIRCLE('',#4948,3.1115);
#4948 = AXIS2_PLACEMENT_3D('',#4949,#4950,#4951);
#4949 = CARTESIAN_POINT('',(13.97,87.63,0.));
#4950 = DIRECTION('',(0.,0.,1.));
#4951 = DIRECTION('',(1.,0.,-0.));
#4952 = FACE_BOUND('',#4953,.T.);
#4953 = EDGE_LOOP('',(#4954,#4965));
#4954 = ORIENTED_EDGE('',*,*,#4955,.T.);
#4955 = EDGE_CURVE('',#4956,#4958,#4960,.T.);
#4956 = VERTEX_POINT('',#4957);
#4957 = CARTESIAN_POINT('',(217.7415,13.97,0.));
#4958 = VERTEX_POINT('',#4959);
#4959 = CARTESIAN_POINT('',(211.5185,13.97,0.));
#4960 = CIRCLE('',#4961,3.1115);
#4961 = AXIS2_PLACEMENT_3D('',#4962,#4963,#4964);
#4962 = CARTESIAN_POINT('',(214.63,13.97,0.));
#4963 = DIRECTION('',(0.,0.,1.));
#4964 = DIRECTION('',(1.,0.,-0.));
#4965 = ORIENTED_EDGE('',*,*,#4966,.T.);
#4966 = EDGE_CURVE('',#4958,#4956,#4967,.T.);
#4967 = CIRCLE('',#4968,3.1115);
#4968 = AXIS2_PLACEMENT_3D('',#4969,#4970,#4971);
#4969 = CARTESIAN_POINT('',(214.63,13.97,0.));
#4970 = DIRECTION('',(0.,0.,1.));
#4971 = DIRECTION('',(1.,0.,-0.));
#4972 = FACE_BOUND('',#4973,.T.);
#4973 = EDGE_LOOP('',(#4974,#4985));
#4974 = ORIENTED_EDGE('',*,*,#4975,.T.);
#4975 = EDGE_CURVE('',#4976,#4978,#4980,.T.);
#4976 = VERTEX_POINT('',#4977);
#4977 = CARTESIAN_POINT('',(17.0815,13.97,0.));
#4978 = VERTEX_POINT('',#4979);
#4979 = CARTESIAN_POINT('',(10.8585,13.97,0.));
#4980 = CIRCLE('',#4981,3.1115);
#4981 = AXIS2_PLACEMENT_3D('',#4982,#4983,#4984);
#4982 = CARTESIAN_POINT('',(13.97,13.97,0.));
#4983 = DIRECTION('',(0.,0.,1.));
#4984 = DIRECTION('',(1.,0.,-0.));
#4985 = ORIENTED_EDGE('',*,*,#4986,.T.);
#4986 = EDGE_CURVE('',#4978,#4976,#4987,.T.);
#4987 = CIRCLE('',#4988,3.1115);
#4988 = AXIS2_PLACEMENT_3D('',#4989,#4990,#4991);
#4989 = CARTESIAN_POINT('',(13.97,13.97,0.));
#4990 = DIRECTION('',(0.,0.,1.));
#4991 = DIRECTION('',(1.,0.,-0.));
#4992 = PLANE('',#4993);
#4993 = AXIS2_PLACEMENT_3D('',#4994,#4995,#4996);
#4994 = CARTESIAN_POINT('',(131.42359550561,94.636404494382,0.));
#4995 = DIRECTION('',(-0.,-0.,-1.));
#4996 = DIRECTION('',(-1.,0.,0.));
#4997 = ADVANCED_FACE('',(#4998),#5010,.F.);
#4998 = FACE_BOUND('',#4999,.F.);
#4999 = EDGE_LOOP('',(#5000,#5001,#5006,#5007,#5008,#5009));
#5000 = ORIENTED_EDGE('',*,*,#653,.T.);
#5001 = ORIENTED_EDGE('',*,*,#5002,.T.);
#5002 = EDGE_CURVE('',#643,#322,#5003,.T.);
#5003 = B_SPLINE_CURVE_WITH_KNOTS('',1,(#5004,#5005),.UNSPECIFIED.,.F.,
  .F.,(2,2),(29.698484809835,37.318484809835),.PIECEWISE_BEZIER_KNOTS.);
#5004 = CARTESIAN_POINT('',(7.62,60.05,40.21));
#5005 = CARTESIAN_POINT('',(0.,60.05,40.21));
#5006 = ORIENTED_EDGE('',*,*,#332,.F.);
#5007 = ORIENTED_EDGE('',*,*,#321,.F.);
#5008 = ORIENTED_EDGE('',*,*,#5002,.F.);
#5009 = ORIENTED_EDGE('',*,*,#642,.T.);
#5010 = CYLINDRICAL_SURFACE('',#5011,1.75);
#5011 = AXIS2_PLACEMENT_3D('',#5012,#5013,#5014);
#5012 = CARTESIAN_POINT('',(37.318484809835,61.8,40.21));
#5013 = DIRECTION('',(-1.,-5.463695987329E-16,-0.));
#5014 = DIRECTION('',(5.463695987329E-16,-1.,0.));
#5015 = ADVANCED_FACE('',(#5016),#5028,.F.);
#5016 = FACE_BOUND('',#5017,.F.);
#5017 = EDGE_LOOP('',(#5018,#5019,#5020,#5025,#5026,#5027));
#5018 = ORIENTED_EDGE('',*,*,#662,.T.);
#5019 = ORIENTED_EDGE('',*,*,#673,.T.);
#5020 = ORIENTED_EDGE('',*,*,#5021,.T.);
#5021 = EDGE_CURVE('',#663,#342,#5022,.T.);
#5022 = B_SPLINE_CURVE_WITH_KNOTS('',1,(#5023,#5024),.UNSPECIFIED.,.F.,
  .F.,(2,2),(29.698484809835,37.318484809835),.PIECEWISE_BEZIER_KNOTS.);
#5023 = CARTESIAN_POINT('',(7.62,38.05,18.21));
#5024 = CARTESIAN_POINT('',(5.684341886081E-14,38.05,18.21));
#5025 = ORIENTED_EDGE('',*,*,#352,.F.);
#5026 = ORIENTED_EDGE('',*,*,#341,.F.);
#5027 = ORIENTED_EDGE('',*,*,#5021,.F.);
#5028 = CYLINDRICAL_SURFACE('',#5029,1.75);
#5029 = AXIS2_PLACEMENT_3D('',#5030,#5031,#5032);
#5030 = CARTESIAN_POINT('',(37.318484809835,39.8,18.21));
#5031 = DIRECTION('',(-1.,-5.463695987329E-16,-0.));
#5032 = DIRECTION('',(5.463695987329E-16,-1.,0.));
#5033 = ADVANCED_FACE('',(#5034),#5046,.F.);
#5034 = FACE_BOUND('',#5035,.F.);
#5035 = EDGE_LOOP('',(#5036,#5037,#5038,#5043,#5044,#5045));
#5036 = ORIENTED_EDGE('',*,*,#682,.T.);
#5037 = ORIENTED_EDGE('',*,*,#693,.T.);
#5038 = ORIENTED_EDGE('',*,*,#5039,.T.);
#5039 = EDGE_CURVE('',#683,#362,#5040,.T.);
#5040 = B_SPLINE_CURVE_WITH_KNOTS('',1,(#5041,#5042),.UNSPECIFIED.,.F.,
  .F.,(2,2),(29.698484809835,37.318484809835),.PIECEWISE_BEZIER_KNOTS.);
#5041 = CARTESIAN_POINT('',(7.62,40.3,29.21));
#5042 = CARTESIAN_POINT('',(7.105427357601E-15,40.3,29.21));
#5043 = ORIENTED_EDGE('',*,*,#372,.F.);
#5044 = ORIENTED_EDGE('',*,*,#361,.F.);
#5045 = ORIENTED_EDGE('',*,*,#5039,.F.);
#5046 = CYLINDRICAL_SURFACE('',#5047,10.5);
#5047 = AXIS2_PLACEMENT_3D('',#5048,#5049,#5050);
#5048 = CARTESIAN_POINT('',(37.318484809835,50.8,29.21));
#5049 = DIRECTION('',(-1.,-5.463695987329E-16,-0.));
#5050 = DIRECTION('',(5.463695987329E-16,-1.,0.));
#5051 = ADVANCED_FACE('',(#5052),#5064,.F.);
#5052 = FACE_BOUND('',#5053,.F.);
#5053 = EDGE_LOOP('',(#5054,#5055,#5056,#5061,#5062,#5063));
#5054 = ORIENTED_EDGE('',*,*,#702,.T.);
#5055 = ORIENTED_EDGE('',*,*,#713,.T.);
#5056 = ORIENTED_EDGE('',*,*,#5057,.T.);
#5057 = EDGE_CURVE('',#703,#382,#5058,.T.);
#5058 = B_SPLINE_CURVE_WITH_KNOTS('',1,(#5059,#5060),.UNSPECIFIED.,.F.,
  .F.,(2,2),(29.698484809835,37.318484809835),.PIECEWISE_BEZIER_KNOTS.);
#5059 = CARTESIAN_POINT('',(7.62,38.05,40.21));
#5060 = CARTESIAN_POINT('',(5.684341886081E-14,38.05,40.21));
#5061 = ORIENTED_EDGE('',*,*,#392,.F.);
#5062 = ORIENTED_EDGE('',*,*,#381,.F.);
#5063 = ORIENTED_EDGE('',*,*,#5057,.F.);
#5064 = CYLINDRICAL_SURFACE('',#5065,1.75);
#5065 = AXIS2_PLACEMENT_3D('',#5066,#5067,#5068);
#5066 = CARTESIAN_POINT('',(37.318484809835,39.8,40.21));
#5067 = DIRECTION('',(-1.,-5.463695987329E-16,-0.));
#5068 = DIRECTION('',(5.463695987329E-16,-1.,0.));
#5069 = ADVANCED_FACE('',(#5070),#5082,.F.);
#5070 = FACE_BOUND('',#5071,.F.);
#5071 = EDGE_LOOP('',(#5072,#5073,#5074,#5079,#5080,#5081));
#5072 = ORIENTED_EDGE('',*,*,#722,.T.);
#5073 = ORIENTED_EDGE('',*,*,#733,.T.);
#5074 = ORIENTED_EDGE('',*,*,#5075,.T.);
#5075 = EDGE_CURVE('',#723,#402,#5076,.T.);
#5076 = B_SPLINE_CURVE_WITH_KNOTS('',1,(#5077,#5078),.UNSPECIFIED.,.F.,
  .F.,(2,2),(29.698484809835,37.318484809835),.PIECEWISE_BEZIER_KNOTS.);
#5077 = CARTESIAN_POINT('',(7.62,60.05,18.21));
#5078 = CARTESIAN_POINT('',(0.,60.05,18.21));
#5079 = ORIENTED_EDGE('',*,*,#412,.F.);
#5080 = ORIENTED_EDGE('',*,*,#401,.F.);
#5081 = ORIENTED_EDGE('',*,*,#5075,.F.);
#5082 = CYLINDRICAL_SURFACE('',#5083,1.75);
#5083 = AXIS2_PLACEMENT_3D('',#5084,#5085,#5086);
#5084 = CARTESIAN_POINT('',(37.318484809835,61.8,18.21));
#5085 = DIRECTION('',(-1.,-5.463695987329E-16,-0.));
#5086 = DIRECTION('',(5.463695987329E-16,-1.,0.));
#5087 = ADVANCED_FACE('',(#5088),#5100,.F.);
#5088 = FACE_BOUND('',#5089,.F.);
#5089 = EDGE_LOOP('',(#5090,#5091,#5092,#5097,#5098,#5099));
#5090 = ORIENTED_EDGE('',*,*,#4975,.T.);
#5091 = ORIENTED_EDGE('',*,*,#4986,.T.);
#5092 = ORIENTED_EDGE('',*,*,#5093,.T.);
#5093 = EDGE_CURVE('',#4976,#951,#5094,.T.);
#5094 = B_SPLINE_CURVE_WITH_KNOTS('',1,(#5095,#5096),.UNSPECIFIED.,.F.,
  .F.,(2,2),(0.,7.62),.PIECEWISE_BEZIER_KNOTS.);
#5095 = CARTESIAN_POINT('',(17.0815,13.97,0.));
#5096 = CARTESIAN_POINT('',(17.0815,13.97,7.62));
#5097 = ORIENTED_EDGE('',*,*,#961,.F.);
#5098 = ORIENTED_EDGE('',*,*,#950,.F.);
#5099 = ORIENTED_EDGE('',*,*,#5093,.F.);
#5100 = CYLINDRICAL_SURFACE('',#5101,3.1115);
#5101 = AXIS2_PLACEMENT_3D('',#5102,#5103,#5104);
#5102 = CARTESIAN_POINT('',(13.97,13.97,0.));
#5103 = DIRECTION('',(-0.,-0.,1.));
#5104 = DIRECTION('',(1.,0.,0.));
#5105 = ADVANCED_FACE('',(#5106),#5118,.F.);
#5106 = FACE_BOUND('',#5107,.F.);
#5107 = EDGE_LOOP('',(#5108,#5109,#5110,#5115,#5116,#5117));
#5108 = ORIENTED_EDGE('',*,*,#4935,.T.);
#5109 = ORIENTED_EDGE('',*,*,#4946,.T.);
#5110 = ORIENTED_EDGE('',*,*,#5111,.T.);
#5111 = EDGE_CURVE('',#4936,#971,#5112,.T.);
#5112 = B_SPLINE_CURVE_WITH_KNOTS('',1,(#5113,#5114),.UNSPECIFIED.,.F.,
  .F.,(2,2),(0.,7.62),.PIECEWISE_BEZIER_KNOTS.);
#5113 = CARTESIAN_POINT('',(17.0815,87.63,0.));
#5114 = CARTESIAN_POINT('',(17.0815,87.63,7.62));
#5115 = ORIENTED_EDGE('',*,*,#981,.F.);
#5116 = ORIENTED_EDGE('',*,*,#970,.F.);
#5117 = ORIENTED_EDGE('',*,*,#5111,.F.);
#5118 = CYLINDRICAL_SURFACE('',#5119,3.1115);
#5119 = AXIS2_PLACEMENT_3D('',#5120,#5121,#5122);
#5120 = CARTESIAN_POINT('',(13.97,87.63,0.));
#5121 = DIRECTION('',(-0.,-0.,1.));
#5122 = DIRECTION('',(1.,0.,0.));
#5123 = ADVANCED_FACE('',(#5124),#5136,.F.);
#5124 = FACE_BOUND('',#5125,.F.);
#5125 = EDGE_LOOP('',(#5126,#5127,#5128,#5133,#5134,#5135));
#5126 = ORIENTED_EDGE('',*,*,#4955,.T.);
#5127 = ORIENTED_EDGE('',*,*,#4966,.T.);
#5128 = ORIENTED_EDGE('',*,*,#5129,.T.);
#5129 = EDGE_CURVE('',#4956,#1025,#5130,.T.);
#5130 = B_SPLINE_CURVE_WITH_KNOTS('',1,(#5131,#5132),.UNSPECIFIED.,.F.,
  .F.,(2,2),(0.,7.62),.PIECEWISE_BEZIER_KNOTS.);
#5131 = CARTESIAN_POINT('',(217.7415,13.97,0.));
#5132 = CARTESIAN_POINT('',(217.7415,13.97,7.62));
#5133 = ORIENTED_EDGE('',*,*,#1035,.F.);
#5134 = ORIENTED_EDGE('',*,*,#1024,.F.);
#5135 = ORIENTED_EDGE('',*,*,#5129,.F.);
#5136 = CYLINDRICAL_SURFACE('',#5137,3.1115);
#5137 = AXIS2_PLACEMENT_3D('',#5138,#5139,#5140);
#5138 = CARTESIAN_POINT('',(214.63,13.97,0.));
#5139 = DIRECTION('',(-0.,-0.,1.));
#5140 = DIRECTION('',(1.,0.,0.));
#5141 = ADVANCED_FACE('',(#5142),#5154,.F.);
#5142 = FACE_BOUND('',#5143,.F.);
#5143 = EDGE_LOOP('',(#5144,#5145,#5146,#5151,#5152,#5153));
#5144 = ORIENTED_EDGE('',*,*,#4895,.T.);
#5145 = ORIENTED_EDGE('',*,*,#4906,.T.);
#5146 = ORIENTED_EDGE('',*,*,#5147,.T.);
#5147 = EDGE_CURVE('',#4896,#1159,#5148,.T.);
#5148 = B_SPLINE_CURVE_WITH_KNOTS('',1,(#5149,#5150),.UNSPECIFIED.,.F.,
  .F.,(2,2),(0.,7.62),.PIECEWISE_BEZIER_KNOTS.);
#5149 = CARTESIAN_POINT('',(144.0815,214.63,0.));
#5150 = CARTESIAN_POINT('',(144.0815,214.63,7.62));
#5151 = ORIENTED_EDGE('',*,*,#1169,.F.);
#5152 = ORIENTED_EDGE('',*,*,#1158,.F.);
#5153 = ORIENTED_EDGE('',*,*,#5147,.F.);
#5154 = CYLINDRICAL_SURFACE('',#5155,3.1115);
#5155 = AXIS2_PLACEMENT_3D('',#5156,#5157,#5158);
#5156 = CARTESIAN_POINT('',(140.97,214.63,0.));
#5157 = DIRECTION('',(-0.,-0.,1.));
#5158 = DIRECTION('',(1.,0.,0.));
#5159 = ADVANCED_FACE('',(#5160),#5172,.F.);
#5160 = FACE_BOUND('',#5161,.F.);
#5161 = EDGE_LOOP('',(#5162,#5163,#5164,#5169,#5170,#5171));
#5162 = ORIENTED_EDGE('',*,*,#4915,.T.);
#5163 = ORIENTED_EDGE('',*,*,#4926,.T.);
#5164 = ORIENTED_EDGE('',*,*,#5165,.T.);
#5165 = EDGE_CURVE('',#4916,#1179,#5166,.T.);
#5166 = B_SPLINE_CURVE_WITH_KNOTS('',1,(#5167,#5168),.UNSPECIFIED.,.F.,
  .F.,(2,2),(0.,7.62),.PIECEWISE_BEZIER_KNOTS.);
#5167 = CARTESIAN_POINT('',(217.7415,214.63,0.));
#5168 = CARTESIAN_POINT('',(217.7415,214.63,7.62));
#5169 = ORIENTED_EDGE('',*,*,#1189,.F.);
#5170 = ORIENTED_EDGE('',*,*,#1178,.F.);
#5171 = ORIENTED_EDGE('',*,*,#5165,.F.);
#5172 = CYLINDRICAL_SURFACE('',#5173,3.1115);
#5173 = AXIS2_PLACEMENT_3D('',#5174,#5175,#5176);
#5174 = CARTESIAN_POINT('',(214.63,214.63,0.));
#5175 = DIRECTION('',(-0.,-0.,1.));
#5176 = DIRECTION('',(1.,0.,0.));
#5177 = ADVANCED_FACE('',(#5178),#5190,.F.);
#5178 = FACE_BOUND('',#5179,.F.);
#5179 = EDGE_LOOP('',(#5180,#5181,#5182,#5187,#5188,#5189));
#5180 = ORIENTED_EDGE('',*,*,#1221,.T.);
#5181 = ORIENTED_EDGE('',*,*,#1232,.T.);
#5182 = ORIENTED_EDGE('',*,*,#5183,.T.);
#5183 = EDGE_CURVE('',#1222,#462,#5184,.T.);
#5184 = B_SPLINE_CURVE_WITH_KNOTS('',1,(#5185,#5186),.UNSPECIFIED.,.F.,
  .F.,(2,2),(0.,7.62),.PIECEWISE_BEZIER_KNOTS.);
#5185 = CARTESIAN_POINT('',(29.21,7.62,12.7));
#5186 = CARTESIAN_POINT('',(29.21,0.,12.7));
#5187 = ORIENTED_EDGE('',*,*,#472,.F.);
#5188 = ORIENTED_EDGE('',*,*,#461,.F.);
#5189 = ORIENTED_EDGE('',*,*,#5183,.F.);
#5190 = CYLINDRICAL_SURFACE('',#5191,12.7);
#5191 = AXIS2_PLACEMENT_3D('',#5192,#5193,#5194);
#5192 = CARTESIAN_POINT('',(29.21,7.62,25.4));
#5193 = DIRECTION('',(-0.,-1.,-0.));
#5194 = DIRECTION('',(0.,0.,-1.));
#5195 = ADVANCED_FACE('',(#5196),#5208,.F.);
#5196 = FACE_BOUND('',#5197,.F.);
#5197 = EDGE_LOOP('',(#5198,#5199,#5200,#5205,#5206,#5207));
#5198 = ORIENTED_EDGE('',*,*,#1241,.T.);
#5199 = ORIENTED_EDGE('',*,*,#1252,.T.);
#5200 = ORIENTED_EDGE('',*,*,#5201,.T.);
#5201 = EDGE_CURVE('',#1242,#482,#5202,.T.);
#5202 = B_SPLINE_CURVE_WITH_KNOTS('',1,(#5203,#5204),.UNSPECIFIED.,.F.,
  .F.,(2,2),(0.,7.62),.PIECEWISE_BEZIER_KNOTS.);
#5203 = CARTESIAN_POINT('',(72.39,7.62,12.7));
#5204 = CARTESIAN_POINT('',(72.39,0.,12.7));
#5205 = ORIENTED_EDGE('',*,*,#492,.F.);
#5206 = ORIENTED_EDGE('',*,*,#481,.F.);
#5207 = ORIENTED_EDGE('',*,*,#5201,.F.);
#5208 = CYLINDRICAL_SURFACE('',#5209,12.7);
#5209 = AXIS2_PLACEMENT_3D('',#5210,#5211,#5212);
#5210 = CARTESIAN_POINT('',(72.39,7.62,25.4));
#5211 = DIRECTION('',(-0.,-1.,-0.));
#5212 = DIRECTION('',(0.,0.,-1.));
#5213 = ADVANCED_FACE('',(#5214),#5242,.T.);
#5214 = FACE_BOUND('',#5215,.T.);
#5215 = EDGE_LOOP('',(#5216,#5217,#5224,#5233,#5240,#5241));
#5216 = ORIENTED_EDGE('',*,*,#1089,.T.);
#5217 = ORIENTED_EDGE('',*,*,#5218,.F.);
#5218 = EDGE_CURVE('',#5219,#1079,#5221,.T.);
#5219 = VERTEX_POINT('',#5220);
#5220 = CARTESIAN_POINT('',(160.401,94.742,7.621));
#5221 = B_SPLINE_CURVE_WITH_KNOTS('',1,(#5222,#5223),.UNSPECIFIED.,.F.,
  .F.,(2,2),(5.079,5.08),.PIECEWISE_BEZIER_KNOTS.);
#5222 = CARTESIAN_POINT('',(160.401,94.742,7.621));
#5223 = CARTESIAN_POINT('',(160.401,94.742,7.62));
#5224 = ORIENTED_EDGE('',*,*,#5225,.T.);
#5225 = EDGE_CURVE('',#5219,#5226,#5228,.T.);
#5226 = VERTEX_POINT('',#5227);
#5227 = CARTESIAN_POINT('',(166.751,94.742,7.621));
#5228 = CIRCLE('',#5229,3.175);
#5229 = AXIS2_PLACEMENT_3D('',#5230,#5231,#5232);
#5230 = CARTESIAN_POINT('',(163.576,94.742,7.621));
#5231 = DIRECTION('',(-0.,0.,-1.));
#5232 = DIRECTION('',(-1.,0.,0.));
#5233 = ORIENTED_EDGE('',*,*,#5234,.T.);
#5234 = EDGE_CURVE('',#5226,#5219,#5235,.T.);
#5235 = CIRCLE('',#5236,3.175);
#5236 = AXIS2_PLACEMENT_3D('',#5237,#5238,#5239);
#5237 = CARTESIAN_POINT('',(163.576,94.742,7.621));
#5238 = DIRECTION('',(-0.,0.,-1.));
#5239 = DIRECTION('',(-1.,0.,0.));
#5240 = ORIENTED_EDGE('',*,*,#5218,.T.);
#5241 = ORIENTED_EDGE('',*,*,#1078,.T.);
#5242 = CYLINDRICAL_SURFACE('',#5243,3.175);
#5243 = AXIS2_PLACEMENT_3D('',#5244,#5245,#5246);
#5244 = CARTESIAN_POINT('',(163.576,94.742,12.7));
#5245 = DIRECTION('',(-0.,-0.,-1.));
#5246 = DIRECTION('',(-1.,0.,0.));
#5247 = ADVANCED_FACE('',(#5248),#5252,.T.);
#5248 = FACE_BOUND('',#5249,.T.);
#5249 = EDGE_LOOP('',(#5250,#5251));
#5250 = ORIENTED_EDGE('',*,*,#5225,.F.);
#5251 = ORIENTED_EDGE('',*,*,#5234,.F.);
#5252 = PLANE('',#5253);
#5253 = AXIS2_PLACEMENT_3D('',#5254,#5255,#5256);
#5254 = CARTESIAN_POINT('',(160.35,91.45,7.621));
#5255 = DIRECTION('',(0.,0.,1.));
#5256 = DIRECTION('',(1.,0.,-0.));
#5257 = ADVANCED_FACE('',(#5258),#5286,.T.);
#5258 = FACE_BOUND('',#5259,.T.);
#5259 = EDGE_LOOP('',(#5260,#5261,#5268,#5277,#5284,#5285));
#5260 = ORIENTED_EDGE('',*,*,#1109,.T.);
#5261 = ORIENTED_EDGE('',*,*,#5262,.F.);
#5262 = EDGE_CURVE('',#5263,#1099,#5265,.T.);
#5263 = VERTEX_POINT('',#5264);
#5264 = CARTESIAN_POINT('',(208.915,94.742,7.621));
#5265 = B_SPLINE_CURVE_WITH_KNOTS('',1,(#5266,#5267),.UNSPECIFIED.,.F.,
  .F.,(2,2),(5.079,5.08),.PIECEWISE_BEZIER_KNOTS.);
#5266 = CARTESIAN_POINT('',(208.915,94.742,7.621));
#5267 = CARTESIAN_POINT('',(208.915,94.742,7.62));
#5268 = ORIENTED_EDGE('',*,*,#5269,.T.);
#5269 = EDGE_CURVE('',#5263,#5270,#5272,.T.);
#5270 = VERTEX_POINT('',#5271);
#5271 = CARTESIAN_POINT('',(215.265,94.742,7.621));
#5272 = CIRCLE('',#5273,3.175);
#5273 = AXIS2_PLACEMENT_3D('',#5274,#5275,#5276);
#5274 = CARTESIAN_POINT('',(212.09,94.742,7.621));
#5275 = DIRECTION('',(-0.,0.,-1.));
#5276 = DIRECTION('',(-1.,0.,0.));
#5277 = ORIENTED_EDGE('',*,*,#5278,.T.);
#5278 = EDGE_CURVE('',#5270,#5263,#5279,.T.);
#5279 = CIRCLE('',#5280,3.175);
#5280 = AXIS2_PLACEMENT_3D('',#5281,#5282,#5283);
#5281 = CARTESIAN_POINT('',(212.09,94.742,7.621));
#5282 = DIRECTION('',(-0.,0.,-1.));
#5283 = DIRECTION('',(-1.,0.,0.));
#5284 = ORIENTED_EDGE('',*,*,#5262,.T.);
#5285 = ORIENTED_EDGE('',*,*,#1098,.T.);
#5286 = CYLINDRICAL_SURFACE('',#5287,3.175);
#5287 = AXIS2_PLACEMENT_3D('',#5288,#5289,#5290);
#5288 = CARTESIAN_POINT('',(212.09,94.742,12.7));
#5289 = DIRECTION('',(-0.,-0.,-1.));
#5290 = DIRECTION('',(-1.,0.,0.));
#5291 = ADVANCED_FACE('',(#5292),#5296,.T.);
#5292 = FACE_BOUND('',#5293,.T.);
#5293 = EDGE_LOOP('',(#5294,#5295));
#5294 = ORIENTED_EDGE('',*,*,#5269,.F.);
#5295 = ORIENTED_EDGE('',*,*,#5278,.F.);
#5296 = PLANE('',#5297);
#5297 = AXIS2_PLACEMENT_3D('',#5298,#5299,#5300);
#5298 = CARTESIAN_POINT('',(208.85,91.45,7.621));
#5299 = DIRECTION('',(0.,0.,1.));
#5300 = DIRECTION('',(1.,0.,-0.));
#5301 = ADVANCED_FACE('',(#5302),#5330,.T.);
#5302 = FACE_BOUND('',#5303,.T.);
#5303 = EDGE_LOOP('',(#5304,#5305,#5312,#5321,#5328,#5329));
#5304 = ORIENTED_EDGE('',*,*,#1129,.T.);
#5305 = ORIENTED_EDGE('',*,*,#5306,.F.);
#5306 = EDGE_CURVE('',#5307,#1119,#5309,.T.);
#5307 = VERTEX_POINT('',#5308);
#5308 = CARTESIAN_POINT('',(160.401,152.4,7.621));
#5309 = B_SPLINE_CURVE_WITH_KNOTS('',1,(#5310,#5311),.UNSPECIFIED.,.F.,
  .F.,(2,2),(5.079,5.08),.PIECEWISE_BEZIER_KNOTS.);
#5310 = CARTESIAN_POINT('',(160.401,152.4,7.621));
#5311 = CARTESIAN_POINT('',(160.401,152.4,7.62));
#5312 = ORIENTED_EDGE('',*,*,#5313,.T.);
#5313 = EDGE_CURVE('',#5307,#5314,#5316,.T.);
#5314 = VERTEX_POINT('',#5315);
#5315 = CARTESIAN_POINT('',(166.751,152.4,7.621));
#5316 = CIRCLE('',#5317,3.175);
#5317 = AXIS2_PLACEMENT_3D('',#5318,#5319,#5320);
#5318 = CARTESIAN_POINT('',(163.576,152.4,7.621));
#5319 = DIRECTION('',(-0.,0.,-1.));
#5320 = DIRECTION('',(-1.,0.,0.));
#5321 = ORIENTED_EDGE('',*,*,#5322,.T.);
#5322 = EDGE_CURVE('',#5314,#5307,#5323,.T.);
#5323 = CIRCLE('',#5324,3.175);
#5324 = AXIS2_PLACEMENT_3D('',#5325,#5326,#5327);
#5325 = CARTESIAN_POINT('',(163.576,152.4,7.621));
#5326 = DIRECTION('',(-0.,0.,-1.));
#5327 = DIRECTION('',(-1.,0.,0.));
#5328 = ORIENTED_EDGE('',*,*,#5306,.T.);
#5329 = ORIENTED_EDGE('',*,*,#1118,.T.);
#5330 = CYLINDRICAL_SURFACE('',#5331,3.175);
#5331 = AXIS2_PLACEMENT_3D('',#5332,#5333,#5334);
#5332 = CARTESIAN_POINT('',(163.576,152.4,12.7));
#5333 = DIRECTION('',(-0.,-0.,-1.));
#5334 = DIRECTION('',(-1.,0.,0.));
#5335 = ADVANCED_FACE('',(#5336),#5340,.T.);
#5336 = FACE_BOUND('',#5337,.T.);
#5337 = EDGE_LOOP('',(#5338,#5339));
#5338 = ORIENTED_EDGE('',*,*,#5313,.F.);
#5339 = ORIENTED_EDGE('',*,*,#5322,.F.);
#5340 = PLANE('',#5341);
#5341 = AXIS2_PLACEMENT_3D('',#5342,#5343,#5344);
#5342 = CARTESIAN_POINT('',(160.35,149.15,7.621));
#5343 = DIRECTION('',(0.,0.,1.));
#5344 = DIRECTION('',(1.,0.,-0.));
#5345 = ADVANCED_FACE('',(#5346),#5374,.T.);
#5346 = FACE_BOUND('',#5347,.T.);
#5347 = EDGE_LOOP('',(#5348,#5349,#5356,#5365,#5372,#5373));
#5348 = ORIENTED_EDGE('',*,*,#1149,.T.);
#5349 = ORIENTED_EDGE('',*,*,#5350,.F.);
#5350 = EDGE_CURVE('',#5351,#1139,#5353,.T.);
#5351 = VERTEX_POINT('',#5352);
#5352 = CARTESIAN_POINT('',(208.915,152.4,7.621));
#5353 = B_SPLINE_CURVE_WITH_KNOTS('',1,(#5354,#5355),.UNSPECIFIED.,.F.,
  .F.,(2,2),(5.079,5.08),.PIECEWISE_BEZIER_KNOTS.);
#5354 = CARTESIAN_POINT('',(208.915,152.4,7.621));
#5355 = CARTESIAN_POINT('',(208.915,152.4,7.62));
#5356 = ORIENTED_EDGE('',*,*,#5357,.T.);
#5357 = EDGE_CURVE('',#5351,#5358,#5360,.T.);
#5358 = VERTEX_POINT('',#5359);
#5359 = CARTESIAN_POINT('',(215.265,152.4,7.621));
#5360 = CIRCLE('',#5361,3.175);
#5361 = AXIS2_PLACEMENT_3D('',#5362,#5363,#5364);
#5362 = CARTESIAN_POINT('',(212.09,152.4,7.621));
#5363 = DIRECTION('',(-0.,0.,-1.));
#5364 = DIRECTION('',(-1.,0.,0.));
#5365 = ORIENTED_EDGE('',*,*,#5366,.T.);
#5366 = EDGE_CURVE('',#5358,#5351,#5367,.T.);
#5367 = CIRCLE('',#5368,3.175);
#5368 = AXIS2_PLACEMENT_3D('',#5369,#5370,#5371);
#5369 = CARTESIAN_POINT('',(212.09,152.4,7.621));
#5370 = DIRECTION('',(-0.,0.,-1.));
#5371 = DIRECTION('',(-1.,0.,0.));
#5372 = ORIENTED_EDGE('',*,*,#5350,.T.);
#5373 = ORIENTED_EDGE('',*,*,#1138,.T.);
#5374 = CYLINDRICAL_SURFACE('',#5375,3.175);
#5375 = AXIS2_PLACEMENT_3D('',#5376,#5377,#5378);
#5376 = CARTESIAN_POINT('',(212.09,152.4,12.7));
#5377 = DIRECTION('',(-0.,-0.,-1.));
#5378 = DIRECTION('',(-1.,0.,0.));
#5379 = ADVANCED_FACE('',(#5380),#5384,.T.);
#5380 = FACE_BOUND('',#5381,.T.);
#5381 = EDGE_LOOP('',(#5382,#5383));
#5382 = ORIENTED_EDGE('',*,*,#5357,.F.);
#5383 = ORIENTED_EDGE('',*,*,#5366,.F.);
#5384 = PLANE('',#5385);
#5385 = AXIS2_PLACEMENT_3D('',#5386,#5387,#5388);
#5386 = CARTESIAN_POINT('',(208.85,149.15,7.621));
#5387 = DIRECTION('',(0.,0.,1.));
#5388 = DIRECTION('',(1.,0.,-0.));
#5389 = ADVANCED_FACE('',(#5390),#5402,.F.);
#5390 = FACE_BOUND('',#5391,.F.);
#5391 = EDGE_LOOP('',(#5392,#5393,#5394,#5399,#5400,#5401));
#5392 = ORIENTED_EDGE('',*,*,#4525,.F.);
#5393 = ORIENTED_EDGE('',*,*,#4514,.F.);
#5394 = ORIENTED_EDGE('',*,*,#5395,.T.);
#5395 = EDGE_CURVE('',#4515,#1335,#5396,.T.);
#5396 = B_SPLINE_CURVE_WITH_KNOTS('',1,(#5397,#5398),.UNSPECIFIED.,.F.,
  .F.,(2,2),(12.7,15.24),.PIECEWISE_BEZIER_KNOTS.);
#5397 = CARTESIAN_POINT('',(152.4,220.98,41.275));
#5398 = CARTESIAN_POINT('',(152.4,223.52,41.275));
#5399 = ORIENTED_EDGE('',*,*,#1345,.F.);
#5400 = ORIENTED_EDGE('',*,*,#1334,.F.);
#5401 = ORIENTED_EDGE('',*,*,#5395,.F.);
#5402 = CYLINDRICAL_SURFACE('',#5403,3.175);
#5403 = AXIS2_PLACEMENT_3D('',#5404,#5405,#5406);
#5404 = CARTESIAN_POINT('',(152.4,208.28,38.1));
#5405 = DIRECTION('',(-0.,1.,-0.));
#5406 = DIRECTION('',(0.,0.,1.));
#5407 = ADVANCED_FACE('',(#5408),#5420,.F.);
#5408 = FACE_BOUND('',#5409,.F.);
#5409 = EDGE_LOOP('',(#5410,#5411,#5412,#5417,#5418,#5419));
#5410 = ORIENTED_EDGE('',*,*,#4545,.F.);
#5411 = ORIENTED_EDGE('',*,*,#4534,.F.);
#5412 = ORIENTED_EDGE('',*,*,#5413,.T.);
#5413 = EDGE_CURVE('',#4535,#1355,#5414,.T.);
#5414 = B_SPLINE_CURVE_WITH_KNOTS('',1,(#5415,#5416),.UNSPECIFIED.,.F.,
  .F.,(2,2),(12.7,15.24),.PIECEWISE_BEZIER_KNOTS.);
#5415 = CARTESIAN_POINT('',(152.4,220.98,15.875));
#5416 = CARTESIAN_POINT('',(152.4,223.52,15.875));
#5417 = ORIENTED_EDGE('',*,*,#1365,.F.);
#5418 = ORIENTED_EDGE('',*,*,#1354,.F.);
#5419 = ORIENTED_EDGE('',*,*,#5413,.F.);
#5420 = CYLINDRICAL_SURFACE('',#5421,3.175);
#5421 = AXIS2_PLACEMENT_3D('',#5422,#5423,#5424);
#5422 = CARTESIAN_POINT('',(152.4,208.28,12.7));
#5423 = DIRECTION('',(-0.,1.,-0.));
#5424 = DIRECTION('',(0.,0.,1.));
#5425 = ADVANCED_FACE('',(#5426),#5438,.F.);
#5426 = FACE_BOUND('',#5427,.F.);
#5427 = EDGE_LOOP('',(#5428,#5429,#5430,#5435,#5436,#5437));
#5428 = ORIENTED_EDGE('',*,*,#4565,.F.);
#5429 = ORIENTED_EDGE('',*,*,#4554,.F.);
#5430 = ORIENTED_EDGE('',*,*,#5431,.T.);
#5431 = EDGE_CURVE('',#4555,#1375,#5432,.T.);
#5432 = B_SPLINE_CURVE_WITH_KNOTS('',1,(#5433,#5434),.UNSPECIFIED.,.F.,
  .F.,(2,2),(12.7,15.24),.PIECEWISE_BEZIER_KNOTS.);
#5433 = CARTESIAN_POINT('',(152.4,220.98,28.575));
#5434 = CARTESIAN_POINT('',(152.4,223.52,28.575));
#5435 = ORIENTED_EDGE('',*,*,#1385,.F.);
#5436 = ORIENTED_EDGE('',*,*,#1374,.F.);
#5437 = ORIENTED_EDGE('',*,*,#5431,.F.);
#5438 = CYLINDRICAL_SURFACE('',#5439,3.175);
#5439 = AXIS2_PLACEMENT_3D('',#5440,#5441,#5442);
#5440 = CARTESIAN_POINT('',(152.4,208.28,25.4));
#5441 = DIRECTION('',(-0.,1.,-0.));
#5442 = DIRECTION('',(0.,0.,1.));
#5443 = ADVANCED_FACE('',(#5444),#5456,.F.);
#5444 = FACE_BOUND('',#5445,.F.);
#5445 = EDGE_LOOP('',(#5446,#5447,#5448,#5453,#5454,#5455));
#5446 = ORIENTED_EDGE('',*,*,#2869,.T.);
#5447 = ORIENTED_EDGE('',*,*,#2880,.T.);
#5448 = ORIENTED_EDGE('',*,*,#5449,.T.);
#5449 = EDGE_CURVE('',#2870,#1419,#5450,.T.);
#5450 = B_SPLINE_CURVE_WITH_KNOTS('',1,(#5451,#5452),.UNSPECIFIED.,.F.,
  .F.,(2,2),(0.,7.62),.PIECEWISE_BEZIER_KNOTS.);
#5451 = CARTESIAN_POINT('',(220.98,43.18,20.319999999998));
#5452 = CARTESIAN_POINT('',(228.6,43.18,20.319999999998));
#5453 = ORIENTED_EDGE('',*,*,#1429,.F.);
#5454 = ORIENTED_EDGE('',*,*,#1418,.F.);
#5455 = ORIENTED_EDGE('',*,*,#5449,.F.);
#5456 = CYLINDRICAL_SURFACE('',#5457,2.54);
#5457 = AXIS2_PLACEMENT_3D('',#5458,#5459,#5460);
#5458 = CARTESIAN_POINT('',(220.98,40.64,20.319999999998));
#5459 = DIRECTION('',(1.,6.070773319254E-17,-0.));
#5460 = DIRECTION('',(-6.070773319254E-17,1.,0.));
#5461 = ADVANCED_FACE('',(#5462),#5474,.F.);
#5462 = FACE_BOUND('',#5463,.F.);
#5463 = EDGE_LOOP('',(#5464,#5465,#5466,#5471,#5472,#5473));
#5464 = ORIENTED_EDGE('',*,*,#2889,.T.);
#5465 = ORIENTED_EDGE('',*,*,#2900,.T.);
#5466 = ORIENTED_EDGE('',*,*,#5467,.T.);
#5467 = EDGE_CURVE('',#2890,#1439,#5468,.T.);
#5468 = B_SPLINE_CURVE_WITH_KNOTS('',1,(#5469,#5470),.UNSPECIFIED.,.F.,
  .F.,(2,2),(0.,7.62),.PIECEWISE_BEZIER_KNOTS.);
#5469 = CARTESIAN_POINT('',(220.98,43.18,30.479999999998));
#5470 = CARTESIAN_POINT('',(228.6,43.18,30.479999999998));
#5471 = ORIENTED_EDGE('',*,*,#1449,.F.);
#5472 = ORIENTED_EDGE('',*,*,#1438,.F.);
#5473 = ORIENTED_EDGE('',*,*,#5467,.F.);
#5474 = CYLINDRICAL_SURFACE('',#5475,2.54);
#5475 = AXIS2_PLACEMENT_3D('',#5476,#5477,#5478);
#5476 = CARTESIAN_POINT('',(220.98,40.64,30.479999999998));
#5477 = DIRECTION('',(1.,6.070773319254E-17,-0.));
#5478 = DIRECTION('',(-6.070773319254E-17,1.,0.));
#5479 = ADVANCED_FACE('',(#5480),#5492,.F.);
#5480 = FACE_BOUND('',#5481,.F.);
#5481 = EDGE_LOOP('',(#5482,#5483,#5484,#5489,#5490,#5491));
#5482 = ORIENTED_EDGE('',*,*,#2909,.T.);
#5483 = ORIENTED_EDGE('',*,*,#2920,.T.);
#5484 = ORIENTED_EDGE('',*,*,#5485,.T.);
#5485 = EDGE_CURVE('',#2910,#1459,#5486,.T.);
#5486 = B_SPLINE_CURVE_WITH_KNOTS('',1,(#5487,#5488),.UNSPECIFIED.,.F.,
  .F.,(2,2),(0.,7.62),.PIECEWISE_BEZIER_KNOTS.);
#5487 = CARTESIAN_POINT('',(220.98,63.5,20.319999999998));
#5488 = CARTESIAN_POINT('',(228.6,63.5,20.319999999998));
#5489 = ORIENTED_EDGE('',*,*,#1469,.F.);
#5490 = ORIENTED_EDGE('',*,*,#1458,.F.);
#5491 = ORIENTED_EDGE('',*,*,#5485,.F.);
#5492 = CYLINDRICAL_SURFACE('',#5493,2.54);
#5493 = AXIS2_PLACEMENT_3D('',#5494,#5495,#5496);
#5494 = CARTESIAN_POINT('',(220.98,60.96,20.319999999998));
#5495 = DIRECTION('',(1.,6.070773319254E-17,-0.));
#5496 = DIRECTION('',(-6.070773319254E-17,1.,0.));
#5497 = ADVANCED_FACE('',(#5498),#5510,.F.);
#5498 = FACE_BOUND('',#5499,.F.);
#5499 = EDGE_LOOP('',(#5500,#5501,#5502,#5507,#5508,#5509));
#5500 = ORIENTED_EDGE('',*,*,#2929,.T.);
#5501 = ORIENTED_EDGE('',*,*,#2940,.T.);
#5502 = ORIENTED_EDGE('',*,*,#5503,.T.);
#5503 = EDGE_CURVE('',#2930,#1479,#5504,.T.);
#5504 = B_SPLINE_CURVE_WITH_KNOTS('',1,(#5505,#5506),.UNSPECIFIED.,.F.,
  .F.,(2,2),(0.,7.62),.PIECEWISE_BEZIER_KNOTS.);
#5505 = CARTESIAN_POINT('',(220.98,63.5,30.479999999998));
#5506 = CARTESIAN_POINT('',(228.6,63.5,30.479999999998));
#5507 = ORIENTED_EDGE('',*,*,#1489,.F.);
#5508 = ORIENTED_EDGE('',*,*,#1478,.F.);
#5509 = ORIENTED_EDGE('',*,*,#5503,.F.);
#5510 = CYLINDRICAL_SURFACE('',#5511,2.54);
#5511 = AXIS2_PLACEMENT_3D('',#5512,#5513,#5514);
#5512 = CARTESIAN_POINT('',(220.98,60.96,30.479999999998));
#5513 = DIRECTION('',(1.,6.070773319254E-17,-0.));
#5514 = DIRECTION('',(-6.070773319254E-17,1.,0.));
#5515 = ADVANCED_FACE('',(#5516),#5528,.F.);
#5516 = FACE_BOUND('',#5517,.F.);
#5517 = EDGE_LOOP('',(#5518,#5519,#5520,#5525,#5526,#5527));
#5518 = ORIENTED_EDGE('',*,*,#2949,.T.);
#5519 = ORIENTED_EDGE('',*,*,#2960,.T.);
#5520 = ORIENTED_EDGE('',*,*,#5521,.T.);
#5521 = EDGE_CURVE('',#2950,#1499,#5522,.T.);
#5522 = B_SPLINE_CURVE_WITH_KNOTS('',1,(#5523,#5524),.UNSPECIFIED.,.F.,
  .F.,(2,2),(0.,7.62),.PIECEWISE_BEZIER_KNOTS.);
#5523 = CARTESIAN_POINT('',(220.98,53.34,30.479999999998));
#5524 = CARTESIAN_POINT('',(228.6,53.34,30.479999999998));
#5525 = ORIENTED_EDGE('',*,*,#1509,.F.);
#5526 = ORIENTED_EDGE('',*,*,#1498,.F.);
#5527 = ORIENTED_EDGE('',*,*,#5521,.F.);
#5528 = CYLINDRICAL_SURFACE('',#5529,2.54);
#5529 = AXIS2_PLACEMENT_3D('',#5530,#5531,#5532);
#5530 = CARTESIAN_POINT('',(220.98,50.8,30.479999999998));
#5531 = DIRECTION('',(1.,6.070773319254E-17,-0.));
#5532 = DIRECTION('',(-6.070773319254E-17,1.,0.));
#5533 = ADVANCED_FACE('',(#5534),#5547,.F.);
#5534 = FACE_BOUND('',#5535,.F.);
#5535 = EDGE_LOOP('',(#5536,#5537,#5542,#5543,#5544,#5545,#5546));
#5536 = ORIENTED_EDGE('',*,*,#3349,.T.);
#5537 = ORIENTED_EDGE('',*,*,#5538,.T.);
#5538 = EDGE_CURVE('',#3350,#1519,#5539,.T.);
#5539 = B_SPLINE_CURVE_WITH_KNOTS('',1,(#5540,#5541),.UNSPECIFIED.,.F.,
  .F.,(2,2),(0.,7.62),.PIECEWISE_BEZIER_KNOTS.);
#5540 = CARTESIAN_POINT('',(220.98,63.5,10.159999999998));
#5541 = CARTESIAN_POINT('',(228.6,63.5,10.159999999998));
#5542 = ORIENTED_EDGE('',*,*,#1529,.F.);
#5543 = ORIENTED_EDGE('',*,*,#1518,.F.);
#5544 = ORIENTED_EDGE('',*,*,#5538,.F.);
#5545 = ORIENTED_EDGE('',*,*,#3358,.T.);
#5546 = ORIENTED_EDGE('',*,*,#3367,.T.);
#5547 = CYLINDRICAL_SURFACE('',#5548,2.54);
#5548 = AXIS2_PLACEMENT_3D('',#5549,#5550,#5551);
#5549 = CARTESIAN_POINT('',(220.98,60.96,10.159999999998));
#5550 = DIRECTION('',(1.,6.070773319254E-17,-0.));
#5551 = DIRECTION('',(-6.070773319254E-17,1.,0.));
#5552 = ADVANCED_FACE('',(#5553),#5565,.F.);
#5553 = FACE_BOUND('',#5554,.F.);
#5554 = EDGE_LOOP('',(#5555,#5556,#5557,#5562,#5563,#5564));
#5555 = ORIENTED_EDGE('',*,*,#2969,.T.);
#5556 = ORIENTED_EDGE('',*,*,#2980,.T.);
#5557 = ORIENTED_EDGE('',*,*,#5558,.T.);
#5558 = EDGE_CURVE('',#2970,#1539,#5559,.T.);
#5559 = B_SPLINE_CURVE_WITH_KNOTS('',1,(#5560,#5561),.UNSPECIFIED.,.F.,
  .F.,(2,2),(0.,7.62),.PIECEWISE_BEZIER_KNOTS.);
#5560 = CARTESIAN_POINT('',(220.98,22.86,20.319999999998));
#5561 = CARTESIAN_POINT('',(228.6,22.86,20.319999999998));
#5562 = ORIENTED_EDGE('',*,*,#1549,.F.);
#5563 = ORIENTED_EDGE('',*,*,#1538,.F.);
#5564 = ORIENTED_EDGE('',*,*,#5558,.F.);
#5565 = CYLINDRICAL_SURFACE('',#5566,2.54);
#5566 = AXIS2_PLACEMENT_3D('',#5567,#5568,#5569);
#5567 = CARTESIAN_POINT('',(220.98,20.32,20.319999999998));
#5568 = DIRECTION('',(1.,6.070773319254E-17,-0.));
#5569 = DIRECTION('',(-6.070773319254E-17,1.,0.));
#5570 = ADVANCED_FACE('',(#5571),#5583,.F.);
#5571 = FACE_BOUND('',#5572,.F.);
#5572 = EDGE_LOOP('',(#5573,#5574,#5575,#5580,#5581,#5582));
#5573 = ORIENTED_EDGE('',*,*,#2989,.T.);
#5574 = ORIENTED_EDGE('',*,*,#3000,.T.);
#5575 = ORIENTED_EDGE('',*,*,#5576,.T.);
#5576 = EDGE_CURVE('',#2990,#1559,#5577,.T.);
#5577 = B_SPLINE_CURVE_WITH_KNOTS('',1,(#5578,#5579),.UNSPECIFIED.,.F.,
  .F.,(2,2),(0.,7.62),.PIECEWISE_BEZIER_KNOTS.);
#5578 = CARTESIAN_POINT('',(220.98,22.86,30.479999999998));
#5579 = CARTESIAN_POINT('',(228.6,22.86,30.479999999998));
#5580 = ORIENTED_EDGE('',*,*,#1569,.F.);
#5581 = ORIENTED_EDGE('',*,*,#1558,.F.);
#5582 = ORIENTED_EDGE('',*,*,#5576,.F.);
#5583 = CYLINDRICAL_SURFACE('',#5584,2.54);
#5584 = AXIS2_PLACEMENT_3D('',#5585,#5586,#5587);
#5585 = CARTESIAN_POINT('',(220.98,20.32,30.479999999998));
#5586 = DIRECTION('',(1.,6.070773319254E-17,-0.));
#5587 = DIRECTION('',(-6.070773319254E-17,1.,0.));
#5588 = ADVANCED_FACE('',(#5589),#5602,.F.);
#5589 = FACE_BOUND('',#5590,.F.);
#5590 = EDGE_LOOP('',(#5591,#5592,#5597,#5598,#5599,#5600,#5601));
#5591 = ORIENTED_EDGE('',*,*,#3646,.T.);
#5592 = ORIENTED_EDGE('',*,*,#5593,.T.);
#5593 = EDGE_CURVE('',#3647,#1579,#5594,.T.);
#5594 = B_SPLINE_CURVE_WITH_KNOTS('',1,(#5595,#5596),.UNSPECIFIED.,.F.,
  .F.,(2,2),(0.,7.62),.PIECEWISE_BEZIER_KNOTS.);
#5595 = CARTESIAN_POINT('',(220.98,175.26,10.16));
#5596 = CARTESIAN_POINT('',(228.6,175.26,10.16));
#5597 = ORIENTED_EDGE('',*,*,#1589,.F.);
#5598 = ORIENTED_EDGE('',*,*,#1578,.F.);
#5599 = ORIENTED_EDGE('',*,*,#5593,.F.);
#5600 = ORIENTED_EDGE('',*,*,#3655,.T.);
#5601 = ORIENTED_EDGE('',*,*,#3664,.T.);
#5602 = CYLINDRICAL_SURFACE('',#5603,2.54);
#5603 = AXIS2_PLACEMENT_3D('',#5604,#5605,#5606);
#5604 = CARTESIAN_POINT('',(220.98,172.72,10.16));
#5605 = DIRECTION('',(1.,6.070773319254E-17,-0.));
#5606 = DIRECTION('',(-6.070773319254E-17,1.,0.));
#5607 = ADVANCED_FACE('',(#5608),#5620,.F.);
#5608 = FACE_BOUND('',#5609,.F.);
#5609 = EDGE_LOOP('',(#5610,#5611,#5612,#5617,#5618,#5619));
#5610 = ORIENTED_EDGE('',*,*,#3009,.T.);
#5611 = ORIENTED_EDGE('',*,*,#3020,.T.);
#5612 = ORIENTED_EDGE('',*,*,#5613,.T.);
#5613 = EDGE_CURVE('',#3010,#1599,#5614,.T.);
#5614 = B_SPLINE_CURVE_WITH_KNOTS('',1,(#5615,#5616),.UNSPECIFIED.,.F.,
  .F.,(2,2),(0.,7.62),.PIECEWISE_BEZIER_KNOTS.);
#5615 = CARTESIAN_POINT('',(220.98,175.26,20.32));
#5616 = CARTESIAN_POINT('',(228.6,175.26,20.32));
#5617 = ORIENTED_EDGE('',*,*,#1609,.F.);
#5618 = ORIENTED_EDGE('',*,*,#1598,.F.);
#5619 = ORIENTED_EDGE('',*,*,#5613,.F.);
#5620 = CYLINDRICAL_SURFACE('',#5621,2.54);
#5621 = AXIS2_PLACEMENT_3D('',#5622,#5623,#5624);
#5622 = CARTESIAN_POINT('',(220.98,172.72,20.32));
#5623 = DIRECTION('',(1.,6.070773319254E-17,-0.));
#5624 = DIRECTION('',(-6.070773319254E-17,1.,0.));
#5625 = ADVANCED_FACE('',(#5626),#5639,.F.);
#5626 = FACE_BOUND('',#5627,.F.);
#5627 = EDGE_LOOP('',(#5628,#5629,#5634,#5635,#5636,#5637,#5638));
#5628 = ORIENTED_EDGE('',*,*,#3592,.T.);
#5629 = ORIENTED_EDGE('',*,*,#5630,.T.);
#5630 = EDGE_CURVE('',#3593,#1619,#5631,.T.);
#5631 = B_SPLINE_CURVE_WITH_KNOTS('',1,(#5632,#5633),.UNSPECIFIED.,.F.,
  .F.,(2,2),(0.,7.62),.PIECEWISE_BEZIER_KNOTS.);
#5632 = CARTESIAN_POINT('',(220.98,195.58,10.16));
#5633 = CARTESIAN_POINT('',(228.6,195.58,10.16));
#5634 = ORIENTED_EDGE('',*,*,#1629,.F.);
#5635 = ORIENTED_EDGE('',*,*,#1618,.F.);
#5636 = ORIENTED_EDGE('',*,*,#5630,.F.);
#5637 = ORIENTED_EDGE('',*,*,#3601,.T.);
#5638 = ORIENTED_EDGE('',*,*,#3610,.T.);
#5639 = CYLINDRICAL_SURFACE('',#5640,2.54);
#5640 = AXIS2_PLACEMENT_3D('',#5641,#5642,#5643);
#5641 = CARTESIAN_POINT('',(220.98,193.04,10.16));
#5642 = DIRECTION('',(1.,6.070773319254E-17,-0.));
#5643 = DIRECTION('',(-6.070773319254E-17,1.,0.));
#5644 = ADVANCED_FACE('',(#5645),#5657,.F.);
#5645 = FACE_BOUND('',#5646,.F.);
#5646 = EDGE_LOOP('',(#5647,#5648,#5649,#5654,#5655,#5656));
#5647 = ORIENTED_EDGE('',*,*,#3029,.T.);
#5648 = ORIENTED_EDGE('',*,*,#3040,.T.);
#5649 = ORIENTED_EDGE('',*,*,#5650,.T.);
#5650 = EDGE_CURVE('',#3030,#1639,#5651,.T.);
#5651 = B_SPLINE_CURVE_WITH_KNOTS('',1,(#5652,#5653),.UNSPECIFIED.,.F.,
  .F.,(2,2),(0.,7.62),.PIECEWISE_BEZIER_KNOTS.);
#5652 = CARTESIAN_POINT('',(220.98,195.58,20.32));
#5653 = CARTESIAN_POINT('',(228.6,195.58,20.32));
#5654 = ORIENTED_EDGE('',*,*,#1649,.F.);
#5655 = ORIENTED_EDGE('',*,*,#1638,.F.);
#5656 = ORIENTED_EDGE('',*,*,#5650,.F.);
#5657 = CYLINDRICAL_SURFACE('',#5658,2.54);
#5658 = AXIS2_PLACEMENT_3D('',#5659,#5660,#5661);
#5659 = CARTESIAN_POINT('',(220.98,193.04,20.32));
#5660 = DIRECTION('',(1.,6.070773319254E-17,-0.));
#5661 = DIRECTION('',(-6.070773319254E-17,1.,0.));
#5662 = ADVANCED_FACE('',(#5663),#5675,.F.);
#5663 = FACE_BOUND('',#5664,.F.);
#5664 = EDGE_LOOP('',(#5665,#5666,#5667,#5672,#5673,#5674));
#5665 = ORIENTED_EDGE('',*,*,#3049,.T.);
#5666 = ORIENTED_EDGE('',*,*,#3060,.T.);
#5667 = ORIENTED_EDGE('',*,*,#5668,.T.);
#5668 = EDGE_CURVE('',#3050,#1659,#5669,.T.);
#5669 = B_SPLINE_CURVE_WITH_KNOTS('',1,(#5670,#5671),.UNSPECIFIED.,.F.,
  .F.,(2,2),(0.,7.62),.PIECEWISE_BEZIER_KNOTS.);
#5670 = CARTESIAN_POINT('',(220.98,185.42,20.32));
#5671 = CARTESIAN_POINT('',(228.6,185.42,20.32));
#5672 = ORIENTED_EDGE('',*,*,#1669,.F.);
#5673 = ORIENTED_EDGE('',*,*,#1658,.F.);
#5674 = ORIENTED_EDGE('',*,*,#5668,.F.);
#5675 = CYLINDRICAL_SURFACE('',#5676,2.54);
#5676 = AXIS2_PLACEMENT_3D('',#5677,#5678,#5679);
#5677 = CARTESIAN_POINT('',(220.98,182.88,20.32));
#5678 = DIRECTION('',(1.,6.070773319254E-17,-0.));
#5679 = DIRECTION('',(-6.070773319254E-17,1.,0.));
#5680 = ADVANCED_FACE('',(#5681),#5693,.F.);
#5681 = FACE_BOUND('',#5682,.F.);
#5682 = EDGE_LOOP('',(#5683,#5684,#5685,#5690,#5691,#5692));
#5683 = ORIENTED_EDGE('',*,*,#3069,.T.);
#5684 = ORIENTED_EDGE('',*,*,#3080,.T.);
#5685 = ORIENTED_EDGE('',*,*,#5686,.T.);
#5686 = EDGE_CURVE('',#3070,#1679,#5687,.T.);
#5687 = B_SPLINE_CURVE_WITH_KNOTS('',1,(#5688,#5689),.UNSPECIFIED.,.F.,
  .F.,(2,2),(0.,7.62),.PIECEWISE_BEZIER_KNOTS.);
#5688 = CARTESIAN_POINT('',(220.98,185.42,30.48));
#5689 = CARTESIAN_POINT('',(228.6,185.42,30.48));
#5690 = ORIENTED_EDGE('',*,*,#1689,.F.);
#5691 = ORIENTED_EDGE('',*,*,#1678,.F.);
#5692 = ORIENTED_EDGE('',*,*,#5686,.F.);
#5693 = CYLINDRICAL_SURFACE('',#5694,2.54);
#5694 = AXIS2_PLACEMENT_3D('',#5695,#5696,#5697);
#5695 = CARTESIAN_POINT('',(220.98,182.88,30.48));
#5696 = DIRECTION('',(1.,6.070773319254E-17,-0.));
#5697 = DIRECTION('',(-6.070773319254E-17,1.,0.));
#5698 = ADVANCED_FACE('',(#5699),#5712,.F.);
#5699 = FACE_BOUND('',#5700,.F.);
#5700 = EDGE_LOOP('',(#5701,#5702,#5707,#5708,#5709,#5710,#5711));
#5701 = ORIENTED_EDGE('',*,*,#3376,.T.);
#5702 = ORIENTED_EDGE('',*,*,#5703,.T.);
#5703 = EDGE_CURVE('',#3377,#1699,#5704,.T.);
#5704 = B_SPLINE_CURVE_WITH_KNOTS('',1,(#5705,#5706),.UNSPECIFIED.,.F.,
  .F.,(2,2),(0.,7.62),.PIECEWISE_BEZIER_KNOTS.);
#5705 = CARTESIAN_POINT('',(220.98,53.34,10.159999999998));
#5706 = CARTESIAN_POINT('',(228.6,53.34,10.159999999998));
#5707 = ORIENTED_EDGE('',*,*,#1709,.F.);
#5708 = ORIENTED_EDGE('',*,*,#1698,.F.);
#5709 = ORIENTED_EDGE('',*,*,#5703,.F.);
#5710 = ORIENTED_EDGE('',*,*,#3385,.T.);
#5711 = ORIENTED_EDGE('',*,*,#3394,.T.);
#5712 = CYLINDRICAL_SURFACE('',#5713,2.54);
#5713 = AXIS2_PLACEMENT_3D('',#5714,#5715,#5716);
#5714 = CARTESIAN_POINT('',(220.98,50.8,10.159999999998));
#5715 = DIRECTION('',(1.,6.070773319254E-17,-0.));
#5716 = DIRECTION('',(-6.070773319254E-17,1.,0.));
#5717 = ADVANCED_FACE('',(#5718),#5730,.F.);
#5718 = FACE_BOUND('',#5719,.F.);
#5719 = EDGE_LOOP('',(#5720,#5721,#5722,#5727,#5728,#5729));
#5720 = ORIENTED_EDGE('',*,*,#3089,.T.);
#5721 = ORIENTED_EDGE('',*,*,#3100,.T.);
#5722 = ORIENTED_EDGE('',*,*,#5723,.T.);
#5723 = EDGE_CURVE('',#3090,#1719,#5724,.T.);
#5724 = B_SPLINE_CURVE_WITH_KNOTS('',1,(#5725,#5726),.UNSPECIFIED.,.F.,
  .F.,(2,2),(0.,7.62),.PIECEWISE_BEZIER_KNOTS.);
#5725 = CARTESIAN_POINT('',(220.98,53.34,20.319999999998));
#5726 = CARTESIAN_POINT('',(228.6,53.34,20.319999999998));
#5727 = ORIENTED_EDGE('',*,*,#1729,.F.);
#5728 = ORIENTED_EDGE('',*,*,#1718,.F.);
#5729 = ORIENTED_EDGE('',*,*,#5723,.F.);
#5730 = CYLINDRICAL_SURFACE('',#5731,2.54);
#5731 = AXIS2_PLACEMENT_3D('',#5732,#5733,#5734);
#5732 = CARTESIAN_POINT('',(220.98,50.8,20.319999999998));
#5733 = DIRECTION('',(1.,6.070773319254E-17,-0.));
#5734 = DIRECTION('',(-6.070773319254E-17,1.,0.));
#5735 = ADVANCED_FACE('',(#5736),#5748,.F.);
#5736 = FACE_BOUND('',#5737,.F.);
#5737 = EDGE_LOOP('',(#5738,#5739,#5740,#5745,#5746,#5747));
#5738 = ORIENTED_EDGE('',*,*,#3109,.T.);
#5739 = ORIENTED_EDGE('',*,*,#3120,.T.);
#5740 = ORIENTED_EDGE('',*,*,#5741,.T.);
#5741 = EDGE_CURVE('',#3110,#1739,#5742,.T.);
#5742 = B_SPLINE_CURVE_WITH_KNOTS('',1,(#5743,#5744),.UNSPECIFIED.,.F.,
  .F.,(2,2),(0.,7.62),.PIECEWISE_BEZIER_KNOTS.);
#5743 = CARTESIAN_POINT('',(220.98,114.3,30.479999999999));
#5744 = CARTESIAN_POINT('',(228.6,114.3,30.479999999999));
#5745 = ORIENTED_EDGE('',*,*,#1749,.F.);
#5746 = ORIENTED_EDGE('',*,*,#1738,.F.);
#5747 = ORIENTED_EDGE('',*,*,#5741,.F.);
#5748 = CYLINDRICAL_SURFACE('',#5749,2.54);
#5749 = AXIS2_PLACEMENT_3D('',#5750,#5751,#5752);
#5750 = CARTESIAN_POINT('',(220.98,111.76,30.479999999999));
#5751 = DIRECTION('',(1.,6.070773319254E-17,-0.));
#5752 = DIRECTION('',(-6.070773319254E-17,1.,0.));
#5753 = ADVANCED_FACE('',(#5754),#5766,.F.);
#5754 = FACE_BOUND('',#5755,.F.);
#5755 = EDGE_LOOP('',(#5756,#5757,#5758,#5763,#5764,#5765));
#5756 = ORIENTED_EDGE('',*,*,#3129,.T.);
#5757 = ORIENTED_EDGE('',*,*,#3140,.T.);
#5758 = ORIENTED_EDGE('',*,*,#5759,.T.);
#5759 = EDGE_CURVE('',#3130,#1759,#5760,.T.);
#5760 = B_SPLINE_CURVE_WITH_KNOTS('',1,(#5761,#5762),.UNSPECIFIED.,.F.,
  .F.,(2,2),(0.,7.62),.PIECEWISE_BEZIER_KNOTS.);
#5761 = CARTESIAN_POINT('',(220.98,124.46,30.479999999999));
#5762 = CARTESIAN_POINT('',(228.6,124.46,30.479999999999));
#5763 = ORIENTED_EDGE('',*,*,#1769,.F.);
#5764 = ORIENTED_EDGE('',*,*,#1758,.F.);
#5765 = ORIENTED_EDGE('',*,*,#5759,.F.);
#5766 = CYLINDRICAL_SURFACE('',#5767,2.54);
#5767 = AXIS2_PLACEMENT_3D('',#5768,#5769,#5770);
#5768 = CARTESIAN_POINT('',(220.98,121.92,30.479999999999));
#5769 = DIRECTION('',(1.,6.070773319254E-17,-0.));
#5770 = DIRECTION('',(-6.070773319254E-17,1.,0.));
#5771 = ADVANCED_FACE('',(#5772),#5784,.F.);
#5772 = FACE_BOUND('',#5773,.F.);
#5773 = EDGE_LOOP('',(#5774,#5775,#5776,#5781,#5782,#5783));
#5774 = ORIENTED_EDGE('',*,*,#3149,.T.);
#5775 = ORIENTED_EDGE('',*,*,#3160,.T.);
#5776 = ORIENTED_EDGE('',*,*,#5777,.T.);
#5777 = EDGE_CURVE('',#3150,#1779,#5778,.T.);
#5778 = B_SPLINE_CURVE_WITH_KNOTS('',1,(#5779,#5780),.UNSPECIFIED.,.F.,
  .F.,(2,2),(0.,7.62),.PIECEWISE_BEZIER_KNOTS.);
#5779 = CARTESIAN_POINT('',(220.98,165.1,20.319999999999));
#5780 = CARTESIAN_POINT('',(228.6,165.1,20.319999999999));
#5781 = ORIENTED_EDGE('',*,*,#1789,.F.);
#5782 = ORIENTED_EDGE('',*,*,#1778,.F.);
#5783 = ORIENTED_EDGE('',*,*,#5777,.F.);
#5784 = CYLINDRICAL_SURFACE('',#5785,2.54);
#5785 = AXIS2_PLACEMENT_3D('',#5786,#5787,#5788);
#5786 = CARTESIAN_POINT('',(220.98,162.56,20.319999999999));
#5787 = DIRECTION('',(1.,6.070773319254E-17,-0.));
#5788 = DIRECTION('',(-6.070773319254E-17,1.,0.));
#5789 = ADVANCED_FACE('',(#5790),#5802,.F.);
#5790 = FACE_BOUND('',#5791,.F.);
#5791 = EDGE_LOOP('',(#5792,#5793,#5794,#5799,#5800,#5801));
#5792 = ORIENTED_EDGE('',*,*,#3169,.T.);
#5793 = ORIENTED_EDGE('',*,*,#3180,.T.);
#5794 = ORIENTED_EDGE('',*,*,#5795,.T.);
#5795 = EDGE_CURVE('',#3170,#1799,#5796,.T.);
#5796 = B_SPLINE_CURVE_WITH_KNOTS('',1,(#5797,#5798),.UNSPECIFIED.,.F.,
  .F.,(2,2),(0.,7.62),.PIECEWISE_BEZIER_KNOTS.);
#5797 = CARTESIAN_POINT('',(220.98,165.1,30.479999999999));
#5798 = CARTESIAN_POINT('',(228.6,165.1,30.479999999999));
#5799 = ORIENTED_EDGE('',*,*,#1809,.F.);
#5800 = ORIENTED_EDGE('',*,*,#1798,.F.);
#5801 = ORIENTED_EDGE('',*,*,#5795,.F.);
#5802 = CYLINDRICAL_SURFACE('',#5803,2.54);
#5803 = AXIS2_PLACEMENT_3D('',#5804,#5805,#5806);
#5804 = CARTESIAN_POINT('',(220.98,162.56,30.479999999999));
#5805 = DIRECTION('',(1.,6.070773319254E-17,-0.));
#5806 = DIRECTION('',(-6.070773319254E-17,1.,0.));
#5807 = ADVANCED_FACE('',(#5808),#5820,.F.);
#5808 = FACE_BOUND('',#5809,.F.);
#5809 = EDGE_LOOP('',(#5810,#5811,#5812,#5817,#5818,#5819));
#5810 = ORIENTED_EDGE('',*,*,#3189,.T.);
#5811 = ORIENTED_EDGE('',*,*,#3200,.T.);
#5812 = ORIENTED_EDGE('',*,*,#5813,.T.);
#5813 = EDGE_CURVE('',#3190,#1819,#5814,.T.);
#5814 = B_SPLINE_CURVE_WITH_KNOTS('',1,(#5815,#5816),.UNSPECIFIED.,.F.,
  .F.,(2,2),(0.,7.62),.PIECEWISE_BEZIER_KNOTS.);
#5815 = CARTESIAN_POINT('',(220.98,154.94,30.479999999999));
#5816 = CARTESIAN_POINT('',(228.6,154.94,30.479999999999));
#5817 = ORIENTED_EDGE('',*,*,#1829,.F.);
#5818 = ORIENTED_EDGE('',*,*,#1818,.F.);
#5819 = ORIENTED_EDGE('',*,*,#5813,.F.);
#5820 = CYLINDRICAL_SURFACE('',#5821,2.54);
#5821 = AXIS2_PLACEMENT_3D('',#5822,#5823,#5824);
#5822 = CARTESIAN_POINT('',(220.98,152.4,30.479999999999));
#5823 = DIRECTION('',(1.,6.070773319254E-17,-0.));
#5824 = DIRECTION('',(-6.070773319254E-17,1.,0.));
#5825 = ADVANCED_FACE('',(#5826),#5839,.F.);
#5826 = FACE_BOUND('',#5827,.F.);
#5827 = EDGE_LOOP('',(#5828,#5829,#5834,#5835,#5836,#5837,#5838));
#5828 = ORIENTED_EDGE('',*,*,#3673,.T.);
#5829 = ORIENTED_EDGE('',*,*,#5830,.T.);
#5830 = EDGE_CURVE('',#3674,#1839,#5831,.T.);
#5831 = B_SPLINE_CURVE_WITH_KNOTS('',1,(#5832,#5833),.UNSPECIFIED.,.F.,
  .F.,(2,2),(0.,7.62),.PIECEWISE_BEZIER_KNOTS.);
#5832 = CARTESIAN_POINT('',(220.98,165.1,10.159999999999));
#5833 = CARTESIAN_POINT('',(228.6,165.1,10.159999999999));
#5834 = ORIENTED_EDGE('',*,*,#1849,.F.);
#5835 = ORIENTED_EDGE('',*,*,#1838,.F.);
#5836 = ORIENTED_EDGE('',*,*,#5830,.F.);
#5837 = ORIENTED_EDGE('',*,*,#3682,.T.);
#5838 = ORIENTED_EDGE('',*,*,#3691,.T.);
#5839 = CYLINDRICAL_SURFACE('',#5840,2.54);
#5840 = AXIS2_PLACEMENT_3D('',#5841,#5842,#5843);
#5841 = CARTESIAN_POINT('',(220.98,162.56,10.159999999999));
#5842 = DIRECTION('',(1.,6.070773319254E-17,-0.));
#5843 = DIRECTION('',(-6.070773319254E-17,1.,0.));
#5844 = ADVANCED_FACE('',(#5845),#5857,.F.);
#5845 = FACE_BOUND('',#5846,.F.);
#5846 = EDGE_LOOP('',(#5847,#5848,#5849,#5854,#5855,#5856));
#5847 = ORIENTED_EDGE('',*,*,#3209,.T.);
#5848 = ORIENTED_EDGE('',*,*,#3220,.T.);
#5849 = ORIENTED_EDGE('',*,*,#5850,.T.);
#5850 = EDGE_CURVE('',#3210,#1859,#5851,.T.);
#5851 = B_SPLINE_CURVE_WITH_KNOTS('',1,(#5852,#5853),.UNSPECIFIED.,.F.,
  .F.,(2,2),(0.,7.62),.PIECEWISE_BEZIER_KNOTS.);
#5852 = CARTESIAN_POINT('',(220.98,73.66,30.479999999999));
#5853 = CARTESIAN_POINT('',(228.6,73.66,30.479999999999));
#5854 = ORIENTED_EDGE('',*,*,#1869,.F.);
#5855 = ORIENTED_EDGE('',*,*,#1858,.F.);
#5856 = ORIENTED_EDGE('',*,*,#5850,.F.);
#5857 = CYLINDRICAL_SURFACE('',#5858,2.54);
#5858 = AXIS2_PLACEMENT_3D('',#5859,#5860,#5861);
#5859 = CARTESIAN_POINT('',(220.98,71.12,30.479999999999));
#5860 = DIRECTION('',(1.,6.070773319254E-17,-0.));
#5861 = DIRECTION('',(-6.070773319254E-17,1.,0.));
#5862 = ADVANCED_FACE('',(#5863),#5876,.F.);
#5863 = FACE_BOUND('',#5864,.F.);
#5864 = EDGE_LOOP('',(#5865,#5866,#5871,#5872,#5873,#5874,#5875));
#5865 = ORIENTED_EDGE('',*,*,#3700,.T.);
#5866 = ORIENTED_EDGE('',*,*,#5867,.T.);
#5867 = EDGE_CURVE('',#3701,#1879,#5868,.T.);
#5868 = B_SPLINE_CURVE_WITH_KNOTS('',1,(#5869,#5870),.UNSPECIFIED.,.F.,
  .F.,(2,2),(0.,7.62),.PIECEWISE_BEZIER_KNOTS.);
#5869 = CARTESIAN_POINT('',(220.98,83.82,10.159999999999));
#5870 = CARTESIAN_POINT('',(228.6,83.82,10.159999999999));
#5871 = ORIENTED_EDGE('',*,*,#1889,.F.);
#5872 = ORIENTED_EDGE('',*,*,#1878,.F.);
#5873 = ORIENTED_EDGE('',*,*,#5867,.F.);
#5874 = ORIENTED_EDGE('',*,*,#3709,.T.);
#5875 = ORIENTED_EDGE('',*,*,#3718,.T.);
#5876 = CYLINDRICAL_SURFACE('',#5877,2.54);
#5877 = AXIS2_PLACEMENT_3D('',#5878,#5879,#5880);
#5878 = CARTESIAN_POINT('',(220.98,81.28,10.159999999999));
#5879 = DIRECTION('',(1.,6.070773319254E-17,-0.));
#5880 = DIRECTION('',(-6.070773319254E-17,1.,0.));
#5881 = ADVANCED_FACE('',(#5882),#5894,.F.);
#5882 = FACE_BOUND('',#5883,.F.);
#5883 = EDGE_LOOP('',(#5884,#5885,#5886,#5891,#5892,#5893));
#5884 = ORIENTED_EDGE('',*,*,#3511,.T.);
#5885 = ORIENTED_EDGE('',*,*,#3502,.T.);
#5886 = ORIENTED_EDGE('',*,*,#5887,.T.);
#5887 = EDGE_CURVE('',#3503,#1899,#5888,.T.);
#5888 = B_SPLINE_CURVE_WITH_KNOTS('',1,(#5889,#5890),.UNSPECIFIED.,.F.,
  .F.,(2,2),(0.,7.62),.PIECEWISE_BEZIER_KNOTS.);
#5889 = CARTESIAN_POINT('',(220.98,12.7,30.479999999998));
#5890 = CARTESIAN_POINT('',(228.6,12.7,30.479999999998));
#5891 = ORIENTED_EDGE('',*,*,#1909,.F.);
#5892 = ORIENTED_EDGE('',*,*,#1898,.F.);
#5893 = ORIENTED_EDGE('',*,*,#5887,.F.);
#5894 = CYLINDRICAL_SURFACE('',#5895,2.54);
#5895 = AXIS2_PLACEMENT_3D('',#5896,#5897,#5898);
#5896 = CARTESIAN_POINT('',(220.98,10.16,30.479999999998));
#5897 = DIRECTION('',(1.,6.070773319254E-17,-0.));
#5898 = DIRECTION('',(-6.070773319254E-17,1.,0.));
#5899 = ADVANCED_FACE('',(#5900),#5913,.F.);
#5900 = FACE_BOUND('',#5901,.F.);
#5901 = EDGE_LOOP('',(#5902,#5903,#5908,#5909,#5910,#5911,#5912));
#5902 = ORIENTED_EDGE('',*,*,#3457,.T.);
#5903 = ORIENTED_EDGE('',*,*,#5904,.T.);
#5904 = EDGE_CURVE('',#3458,#1919,#5905,.T.);
#5905 = B_SPLINE_CURVE_WITH_KNOTS('',1,(#5906,#5907),.UNSPECIFIED.,.F.,
  .F.,(2,2),(0.,7.62),.PIECEWISE_BEZIER_KNOTS.);
#5906 = CARTESIAN_POINT('',(220.98,22.86,10.159999999998));
#5907 = CARTESIAN_POINT('',(228.6,22.86,10.159999999998));
#5908 = ORIENTED_EDGE('',*,*,#1929,.F.);
#5909 = ORIENTED_EDGE('',*,*,#1918,.F.);
#5910 = ORIENTED_EDGE('',*,*,#5904,.F.);
#5911 = ORIENTED_EDGE('',*,*,#3466,.T.);
#5912 = ORIENTED_EDGE('',*,*,#3475,.T.);
#5913 = CYLINDRICAL_SURFACE('',#5914,2.54);
#5914 = AXIS2_PLACEMENT_3D('',#5915,#5916,#5917);
#5915 = CARTESIAN_POINT('',(220.98,20.32,10.159999999998));
#5916 = DIRECTION('',(1.,6.070773319254E-17,-0.));
#5917 = DIRECTION('',(-6.070773319254E-17,1.,0.));
#5918 = ADVANCED_FACE('',(#5919),#5931,.F.);
#5919 = FACE_BOUND('',#5920,.F.);
#5920 = EDGE_LOOP('',(#5921,#5922,#5923,#5928,#5929,#5930));
#5921 = ORIENTED_EDGE('',*,*,#3229,.T.);
#5922 = ORIENTED_EDGE('',*,*,#3240,.T.);
#5923 = ORIENTED_EDGE('',*,*,#5924,.T.);
#5924 = EDGE_CURVE('',#3230,#1939,#5925,.T.);
#5925 = B_SPLINE_CURVE_WITH_KNOTS('',1,(#5926,#5927),.UNSPECIFIED.,.F.,
  .F.,(2,2),(0.,7.62),.PIECEWISE_BEZIER_KNOTS.);
#5926 = CARTESIAN_POINT('',(220.98,33.02,30.479999999998));
#5927 = CARTESIAN_POINT('',(228.6,33.02,30.479999999998));
#5928 = ORIENTED_EDGE('',*,*,#1949,.F.);
#5929 = ORIENTED_EDGE('',*,*,#1938,.F.);
#5930 = ORIENTED_EDGE('',*,*,#5924,.F.);
#5931 = CYLINDRICAL_SURFACE('',#5932,2.54);
#5932 = AXIS2_PLACEMENT_3D('',#5933,#5934,#5935);
#5933 = CARTESIAN_POINT('',(220.98,30.48,30.479999999998));
#5934 = DIRECTION('',(1.,6.070773319254E-17,-0.));
#5935 = DIRECTION('',(-6.070773319254E-17,1.,0.));
#5936 = ADVANCED_FACE('',(#5937),#5950,.F.);
#5937 = FACE_BOUND('',#5938,.F.);
#5938 = EDGE_LOOP('',(#5939,#5940,#5945,#5946,#5947,#5948,#5949));
#5939 = ORIENTED_EDGE('',*,*,#3403,.T.);
#5940 = ORIENTED_EDGE('',*,*,#5941,.T.);
#5941 = EDGE_CURVE('',#3404,#1959,#5942,.T.);
#5942 = B_SPLINE_CURVE_WITH_KNOTS('',1,(#5943,#5944),.UNSPECIFIED.,.F.,
  .F.,(2,2),(0.,7.62),.PIECEWISE_BEZIER_KNOTS.);
#5943 = CARTESIAN_POINT('',(220.98,43.18,10.159999999998));
#5944 = CARTESIAN_POINT('',(228.6,43.18,10.159999999998));
#5945 = ORIENTED_EDGE('',*,*,#1969,.F.);
#5946 = ORIENTED_EDGE('',*,*,#1958,.F.);
#5947 = ORIENTED_EDGE('',*,*,#5941,.F.);
#5948 = ORIENTED_EDGE('',*,*,#3412,.T.);
#5949 = ORIENTED_EDGE('',*,*,#3421,.T.);
#5950 = CYLINDRICAL_SURFACE('',#5951,2.54);
#5951 = AXIS2_PLACEMENT_3D('',#5952,#5953,#5954);
#5952 = CARTESIAN_POINT('',(220.98,40.64,10.159999999998));
#5953 = DIRECTION('',(1.,6.070773319254E-17,-0.));
#5954 = DIRECTION('',(-6.070773319254E-17,1.,0.));
#5955 = ADVANCED_FACE('',(#5956),#5969,.F.);
#5956 = FACE_BOUND('',#5957,.F.);
#5957 = EDGE_LOOP('',(#5958,#5959,#5964,#5965,#5966,#5967,#5968));
#5958 = ORIENTED_EDGE('',*,*,#3430,.T.);
#5959 = ORIENTED_EDGE('',*,*,#5960,.T.);
#5960 = EDGE_CURVE('',#3431,#1979,#5961,.T.);
#5961 = B_SPLINE_CURVE_WITH_KNOTS('',1,(#5962,#5963),.UNSPECIFIED.,.F.,
  .F.,(2,2),(0.,7.62),.PIECEWISE_BEZIER_KNOTS.);
#5962 = CARTESIAN_POINT('',(220.98,33.02,10.159999999998));
#5963 = CARTESIAN_POINT('',(228.6,33.02,10.159999999998));
#5964 = ORIENTED_EDGE('',*,*,#1989,.F.);
#5965 = ORIENTED_EDGE('',*,*,#1978,.F.);
#5966 = ORIENTED_EDGE('',*,*,#5960,.F.);
#5967 = ORIENTED_EDGE('',*,*,#3439,.T.);
#5968 = ORIENTED_EDGE('',*,*,#3448,.T.);
#5969 = CYLINDRICAL_SURFACE('',#5970,2.54);
#5970 = AXIS2_PLACEMENT_3D('',#5971,#5972,#5973);
#5971 = CARTESIAN_POINT('',(220.98,30.48,10.159999999998));
#5972 = DIRECTION('',(1.,6.070773319254E-17,-0.));
#5973 = DIRECTION('',(-6.070773319254E-17,1.,0.));
#5974 = ADVANCED_FACE('',(#5975),#5987,.F.);
#5975 = FACE_BOUND('',#5976,.F.);
#5976 = EDGE_LOOP('',(#5977,#5978,#5979,#5984,#5985,#5986));
#5977 = ORIENTED_EDGE('',*,*,#3249,.T.);
#5978 = ORIENTED_EDGE('',*,*,#3260,.T.);
#5979 = ORIENTED_EDGE('',*,*,#5980,.T.);
#5980 = EDGE_CURVE('',#3250,#1999,#5981,.T.);
#5981 = B_SPLINE_CURVE_WITH_KNOTS('',1,(#5982,#5983),.UNSPECIFIED.,.F.,
  .F.,(2,2),(0.,7.62),.PIECEWISE_BEZIER_KNOTS.);
#5982 = CARTESIAN_POINT('',(220.98,33.02,20.319999999998));
#5983 = CARTESIAN_POINT('',(228.6,33.02,20.319999999998));
#5984 = ORIENTED_EDGE('',*,*,#2009,.F.);
#5985 = ORIENTED_EDGE('',*,*,#1998,.F.);
#5986 = ORIENTED_EDGE('',*,*,#5980,.F.);
#5987 = CYLINDRICAL_SURFACE('',#5988,2.54);
#5988 = AXIS2_PLACEMENT_3D('',#5989,#5990,#5991);
#5989 = CARTESIAN_POINT('',(220.98,30.48,20.319999999998));
#5990 = DIRECTION('',(1.,6.070773319254E-17,-0.));
#5991 = DIRECTION('',(-6.070773319254E-17,1.,0.));
#5992 = ADVANCED_FACE('',(#5993),#6005,.F.);
#5993 = FACE_BOUND('',#5994,.F.);
#5994 = EDGE_LOOP('',(#5995,#5996,#5997,#6002,#6003,#6004));
#5995 = ORIENTED_EDGE('',*,*,#3269,.T.);
#5996 = ORIENTED_EDGE('',*,*,#3280,.T.);
#5997 = ORIENTED_EDGE('',*,*,#5998,.T.);
#5998 = EDGE_CURVE('',#3270,#2019,#5999,.T.);
#5999 = B_SPLINE_CURVE_WITH_KNOTS('',1,(#6000,#6001),.UNSPECIFIED.,.F.,
  .F.,(2,2),(0.,7.62),.PIECEWISE_BEZIER_KNOTS.);
#6000 = CARTESIAN_POINT('',(220.98,134.62,30.479999999999));
#6001 = CARTESIAN_POINT('',(228.6,134.62,30.479999999999));
#6002 = ORIENTED_EDGE('',*,*,#2029,.F.);
#6003 = ORIENTED_EDGE('',*,*,#2018,.F.);
#6004 = ORIENTED_EDGE('',*,*,#5998,.F.);
#6005 = CYLINDRICAL_SURFACE('',#6006,2.54);
#6006 = AXIS2_PLACEMENT_3D('',#6007,#6008,#6009);
#6007 = CARTESIAN_POINT('',(220.98,132.08,30.479999999999));
#6008 = DIRECTION('',(1.,6.070773319254E-17,-0.));
#6009 = DIRECTION('',(-6.070773319254E-17,1.,0.));
#6010 = ADVANCED_FACE('',(#6011),#6023,.F.);
#6011 = FACE_BOUND('',#6012,.F.);
#6012 = EDGE_LOOP('',(#6013,#6014,#6015,#6020,#6021,#6022));
#6013 = ORIENTED_EDGE('',*,*,#3289,.T.);
#6014 = ORIENTED_EDGE('',*,*,#3300,.T.);
#6015 = ORIENTED_EDGE('',*,*,#6016,.T.);
#6016 = EDGE_CURVE('',#3290,#2039,#6017,.T.);
#6017 = B_SPLINE_CURVE_WITH_KNOTS('',1,(#6018,#6019),.UNSPECIFIED.,.F.,
  .F.,(2,2),(0.,7.62),.PIECEWISE_BEZIER_KNOTS.);
#6018 = CARTESIAN_POINT('',(220.98,144.78,30.479999999999));
#6019 = CARTESIAN_POINT('',(228.6,144.78,30.479999999999));
#6020 = ORIENTED_EDGE('',*,*,#2049,.F.);
#6021 = ORIENTED_EDGE('',*,*,#2038,.F.);
#6022 = ORIENTED_EDGE('',*,*,#6016,.F.);
#6023 = CYLINDRICAL_SURFACE('',#6024,2.54);
#6024 = AXIS2_PLACEMENT_3D('',#6025,#6026,#6027);
#6025 = CARTESIAN_POINT('',(220.98,142.24,30.479999999999));
#6026 = DIRECTION('',(1.,6.070773319254E-17,-0.));
#6027 = DIRECTION('',(-6.070773319254E-17,1.,0.));
#6028 = ADVANCED_FACE('',(#6029),#6041,.F.);
#6029 = FACE_BOUND('',#6030,.F.);
#6030 = EDGE_LOOP('',(#6031,#6032,#6033,#6038,#6039,#6040));
#6031 = ORIENTED_EDGE('',*,*,#3309,.T.);
#6032 = ORIENTED_EDGE('',*,*,#3320,.T.);
#6033 = ORIENTED_EDGE('',*,*,#6034,.T.);
#6034 = EDGE_CURVE('',#3310,#2059,#6035,.T.);
#6035 = B_SPLINE_CURVE_WITH_KNOTS('',1,(#6036,#6037),.UNSPECIFIED.,.F.,
  .F.,(2,2),(0.,7.62),.PIECEWISE_BEZIER_KNOTS.);
#6036 = CARTESIAN_POINT('',(220.98,154.94,40.639999999999));
#6037 = CARTESIAN_POINT('',(228.6,154.94,40.639999999999));
#6038 = ORIENTED_EDGE('',*,*,#2069,.F.);
#6039 = ORIENTED_EDGE('',*,*,#2058,.F.);
#6040 = ORIENTED_EDGE('',*,*,#6034,.F.);
#6041 = CYLINDRICAL_SURFACE('',#6042,2.54);
#6042 = AXIS2_PLACEMENT_3D('',#6043,#6044,#6045);
#6043 = CARTESIAN_POINT('',(220.98,152.4,40.639999999999));
#6044 = DIRECTION('',(1.,6.070773319254E-17,-0.));
#6045 = DIRECTION('',(-6.070773319254E-17,1.,0.));
#6046 = ADVANCED_FACE('',(#6047),#6059,.F.);
#6047 = FACE_BOUND('',#6048,.F.);
#6048 = EDGE_LOOP('',(#6049,#6050,#6051,#6056,#6057,#6058));
#6049 = ORIENTED_EDGE('',*,*,#3329,.T.);
#6050 = ORIENTED_EDGE('',*,*,#3340,.T.);
#6051 = ORIENTED_EDGE('',*,*,#6052,.T.);
#6052 = EDGE_CURVE('',#3330,#2079,#6053,.T.);
#6053 = B_SPLINE_CURVE_WITH_KNOTS('',1,(#6054,#6055),.UNSPECIFIED.,.F.,
  .F.,(2,2),(0.,7.62),.PIECEWISE_BEZIER_KNOTS.);
#6054 = CARTESIAN_POINT('',(220.98,165.1,40.639999999999));
#6055 = CARTESIAN_POINT('',(228.6,165.1,40.639999999999));
#6056 = ORIENTED_EDGE('',*,*,#2089,.F.);
#6057 = ORIENTED_EDGE('',*,*,#2078,.F.);
#6058 = ORIENTED_EDGE('',*,*,#6052,.F.);
#6059 = CYLINDRICAL_SURFACE('',#6060,2.54);
#6060 = AXIS2_PLACEMENT_3D('',#6061,#6062,#6063);
#6061 = CARTESIAN_POINT('',(220.98,162.56,40.639999999999));
#6062 = DIRECTION('',(1.,6.070773319254E-17,-0.));
#6063 = DIRECTION('',(-6.070773319254E-17,1.,0.));
#6064 = ADVANCED_FACE('',(#6065),#6078,.F.);
#6065 = FACE_BOUND('',#6066,.F.);
#6066 = EDGE_LOOP('',(#6067,#6068,#6073,#6074,#6075,#6076,#6077));
#6067 = ORIENTED_EDGE('',*,*,#3760,.T.);
#6068 = ORIENTED_EDGE('',*,*,#6069,.T.);
#6069 = EDGE_CURVE('',#3761,#2099,#6070,.T.);
#6070 = B_SPLINE_CURVE_WITH_KNOTS('',1,(#6071,#6072),.UNSPECIFIED.,.F.,
  .F.,(2,2),(0.,7.62),.PIECEWISE_BEZIER_KNOTS.);
#6071 = CARTESIAN_POINT('',(220.98,12.7,10.159999999998));
#6072 = CARTESIAN_POINT('',(228.6,12.7,10.159999999998));
#6073 = ORIENTED_EDGE('',*,*,#2109,.F.);
#6074 = ORIENTED_EDGE('',*,*,#2098,.F.);
#6075 = ORIENTED_EDGE('',*,*,#6069,.F.);
#6076 = ORIENTED_EDGE('',*,*,#3769,.T.);
#6077 = ORIENTED_EDGE('',*,*,#4586,.T.);
#6078 = CYLINDRICAL_SURFACE('',#6079,2.54);
#6079 = AXIS2_PLACEMENT_3D('',#6080,#6081,#6082);
#6080 = CARTESIAN_POINT('',(220.98,10.16,10.159999999998));
#6081 = DIRECTION('',(1.,6.070773319254E-17,-0.));
#6082 = DIRECTION('',(-6.070773319254E-17,1.,0.));
#6083 = ADVANCED_FACE('',(#6084),#6096,.F.);
#6084 = FACE_BOUND('',#6085,.F.);
#6085 = EDGE_LOOP('',(#6086,#6087,#6088,#6093,#6094,#6095));
#6086 = ORIENTED_EDGE('',*,*,#3493,.T.);
#6087 = ORIENTED_EDGE('',*,*,#3484,.T.);
#6088 = ORIENTED_EDGE('',*,*,#6089,.T.);
#6089 = EDGE_CURVE('',#3485,#2119,#6090,.T.);
#6090 = B_SPLINE_CURVE_WITH_KNOTS('',1,(#6091,#6092),.UNSPECIFIED.,.F.,
  .F.,(2,2),(0.,7.62),.PIECEWISE_BEZIER_KNOTS.);
#6091 = CARTESIAN_POINT('',(220.98,12.7,20.319999999998));
#6092 = CARTESIAN_POINT('',(228.6,12.7,20.319999999998));
#6093 = ORIENTED_EDGE('',*,*,#2129,.F.);
#6094 = ORIENTED_EDGE('',*,*,#2118,.F.);
#6095 = ORIENTED_EDGE('',*,*,#6089,.F.);
#6096 = CYLINDRICAL_SURFACE('',#6097,2.54);
#6097 = AXIS2_PLACEMENT_3D('',#6098,#6099,#6100);
#6098 = CARTESIAN_POINT('',(220.98,10.16,20.319999999998));
#6099 = DIRECTION('',(1.,6.070773319254E-17,-0.));
#6100 = DIRECTION('',(-6.070773319254E-17,1.,0.));
#6101 = ADVANCED_FACE('',(#6102),#6114,.F.);
#6102 = FACE_BOUND('',#6103,.F.);
#6103 = EDGE_LOOP('',(#6104,#6105,#6106,#6111,#6112,#6113));
#6104 = ORIENTED_EDGE('',*,*,#3797,.T.);
#6105 = ORIENTED_EDGE('',*,*,#3808,.T.);
#6106 = ORIENTED_EDGE('',*,*,#6107,.T.);
#6107 = EDGE_CURVE('',#3798,#2139,#6108,.T.);
#6108 = B_SPLINE_CURVE_WITH_KNOTS('',1,(#6109,#6110),.UNSPECIFIED.,.F.,
  .F.,(2,2),(0.,7.62),.PIECEWISE_BEZIER_KNOTS.);
#6109 = CARTESIAN_POINT('',(220.98,195.58,40.64));
#6110 = CARTESIAN_POINT('',(228.6,195.58,40.64));
#6111 = ORIENTED_EDGE('',*,*,#2149,.F.);
#6112 = ORIENTED_EDGE('',*,*,#2138,.F.);
#6113 = ORIENTED_EDGE('',*,*,#6107,.F.);
#6114 = CYLINDRICAL_SURFACE('',#6115,2.54);
#6115 = AXIS2_PLACEMENT_3D('',#6116,#6117,#6118);
#6116 = CARTESIAN_POINT('',(220.98,193.04,40.64));
#6117 = DIRECTION('',(1.,6.070773319254E-17,-0.));
#6118 = DIRECTION('',(-6.070773319254E-17,1.,0.));
#6119 = ADVANCED_FACE('',(#6120),#6132,.F.);
#6120 = FACE_BOUND('',#6121,.F.);
#6121 = EDGE_LOOP('',(#6122,#6123,#6124,#6129,#6130,#6131));
#6122 = ORIENTED_EDGE('',*,*,#3817,.T.);
#6123 = ORIENTED_EDGE('',*,*,#3828,.T.);
#6124 = ORIENTED_EDGE('',*,*,#6125,.T.);
#6125 = EDGE_CURVE('',#3818,#2159,#6126,.T.);
#6126 = B_SPLINE_CURVE_WITH_KNOTS('',1,(#6127,#6128),.UNSPECIFIED.,.F.,
  .F.,(2,2),(0.,7.62),.PIECEWISE_BEZIER_KNOTS.);
#6127 = CARTESIAN_POINT('',(220.98,205.74,40.64));
#6128 = CARTESIAN_POINT('',(228.6,205.74,40.64));
#6129 = ORIENTED_EDGE('',*,*,#2169,.F.);
#6130 = ORIENTED_EDGE('',*,*,#2158,.F.);
#6131 = ORIENTED_EDGE('',*,*,#6125,.F.);
#6132 = CYLINDRICAL_SURFACE('',#6133,2.54);
#6133 = AXIS2_PLACEMENT_3D('',#6134,#6135,#6136);
#6134 = CARTESIAN_POINT('',(220.98,203.2,40.64));
#6135 = DIRECTION('',(1.,6.070773319254E-17,-0.));
#6136 = DIRECTION('',(-6.070773319254E-17,1.,0.));
#6137 = ADVANCED_FACE('',(#6138),#6150,.F.);
#6138 = FACE_BOUND('',#6139,.F.);
#6139 = EDGE_LOOP('',(#6140,#6141,#6142,#6147,#6148,#6149));
#6140 = ORIENTED_EDGE('',*,*,#3837,.T.);
#6141 = ORIENTED_EDGE('',*,*,#3848,.T.);
#6142 = ORIENTED_EDGE('',*,*,#6143,.T.);
#6143 = EDGE_CURVE('',#3838,#2179,#6144,.T.);
#6144 = B_SPLINE_CURVE_WITH_KNOTS('',1,(#6145,#6146),.UNSPECIFIED.,.F.,
  .F.,(2,2),(0.,7.62),.PIECEWISE_BEZIER_KNOTS.);
#6145 = CARTESIAN_POINT('',(220.98,93.98,40.639999999999));
#6146 = CARTESIAN_POINT('',(228.6,93.98,40.639999999999));
#6147 = ORIENTED_EDGE('',*,*,#2189,.F.);
#6148 = ORIENTED_EDGE('',*,*,#2178,.F.);
#6149 = ORIENTED_EDGE('',*,*,#6143,.F.);
#6150 = CYLINDRICAL_SURFACE('',#6151,2.54);
#6151 = AXIS2_PLACEMENT_3D('',#6152,#6153,#6154);
#6152 = CARTESIAN_POINT('',(220.98,91.44,40.639999999999));
#6153 = DIRECTION('',(1.,6.070773319254E-17,-0.));
#6154 = DIRECTION('',(-6.070773319254E-17,1.,0.));
#6155 = ADVANCED_FACE('',(#6156),#6168,.F.);
#6156 = FACE_BOUND('',#6157,.F.);
#6157 = EDGE_LOOP('',(#6158,#6159,#6160,#6165,#6166,#6167));
#6158 = ORIENTED_EDGE('',*,*,#3857,.T.);
#6159 = ORIENTED_EDGE('',*,*,#3868,.T.);
#6160 = ORIENTED_EDGE('',*,*,#6161,.T.);
#6161 = EDGE_CURVE('',#3858,#2199,#6162,.T.);
#6162 = B_SPLINE_CURVE_WITH_KNOTS('',1,(#6163,#6164),.UNSPECIFIED.,.F.,
  .F.,(2,2),(0.,7.62),.PIECEWISE_BEZIER_KNOTS.);
#6163 = CARTESIAN_POINT('',(220.98,104.14,40.639999999999));
#6164 = CARTESIAN_POINT('',(228.6,104.14,40.639999999999));
#6165 = ORIENTED_EDGE('',*,*,#2209,.F.);
#6166 = ORIENTED_EDGE('',*,*,#2198,.F.);
#6167 = ORIENTED_EDGE('',*,*,#6161,.F.);
#6168 = CYLINDRICAL_SURFACE('',#6169,2.54);
#6169 = AXIS2_PLACEMENT_3D('',#6170,#6171,#6172);
#6170 = CARTESIAN_POINT('',(220.98,101.6,40.639999999999));
#6171 = DIRECTION('',(1.,6.070773319254E-17,-0.));
#6172 = DIRECTION('',(-6.070773319254E-17,1.,0.));
#6173 = ADVANCED_FACE('',(#6174),#6186,.F.);
#6174 = FACE_BOUND('',#6175,.F.);
#6175 = EDGE_LOOP('',(#6176,#6177,#6178,#6183,#6184,#6185));
#6176 = ORIENTED_EDGE('',*,*,#3529,.T.);
#6177 = ORIENTED_EDGE('',*,*,#3520,.T.);
#6178 = ORIENTED_EDGE('',*,*,#6179,.T.);
#6179 = EDGE_CURVE('',#3521,#2219,#6180,.T.);
#6180 = B_SPLINE_CURVE_WITH_KNOTS('',1,(#6181,#6182),.UNSPECIFIED.,.F.,
  .F.,(2,2),(0.,7.62),.PIECEWISE_BEZIER_KNOTS.);
#6181 = CARTESIAN_POINT('',(220.98,12.7,40.639999999998));
#6182 = CARTESIAN_POINT('',(228.6,12.7,40.639999999998));
#6183 = ORIENTED_EDGE('',*,*,#2229,.F.);
#6184 = ORIENTED_EDGE('',*,*,#2218,.F.);
#6185 = ORIENTED_EDGE('',*,*,#6179,.F.);
#6186 = CYLINDRICAL_SURFACE('',#6187,2.54);
#6187 = AXIS2_PLACEMENT_3D('',#6188,#6189,#6190);
#6188 = CARTESIAN_POINT('',(220.98,10.16,40.639999999998));
#6189 = DIRECTION('',(1.,6.070773319254E-17,-0.));
#6190 = DIRECTION('',(-6.070773319254E-17,1.,0.));
#6191 = ADVANCED_FACE('',(#6192),#6204,.F.);
#6192 = FACE_BOUND('',#6193,.F.);
#6193 = EDGE_LOOP('',(#6194,#6195,#6196,#6201,#6202,#6203));
#6194 = ORIENTED_EDGE('',*,*,#3877,.T.);
#6195 = ORIENTED_EDGE('',*,*,#3888,.T.);
#6196 = ORIENTED_EDGE('',*,*,#6197,.T.);
#6197 = EDGE_CURVE('',#3878,#2239,#6198,.T.);
#6198 = B_SPLINE_CURVE_WITH_KNOTS('',1,(#6199,#6200),.UNSPECIFIED.,.F.,
  .F.,(2,2),(0.,7.62),.PIECEWISE_BEZIER_KNOTS.);
#6199 = CARTESIAN_POINT('',(220.98,22.86,40.639999999998));
#6200 = CARTESIAN_POINT('',(228.6,22.86,40.639999999998));
#6201 = ORIENTED_EDGE('',*,*,#2249,.F.);
#6202 = ORIENTED_EDGE('',*,*,#2238,.F.);
#6203 = ORIENTED_EDGE('',*,*,#6197,.F.);
#6204 = CYLINDRICAL_SURFACE('',#6205,2.54);
#6205 = AXIS2_PLACEMENT_3D('',#6206,#6207,#6208);
#6206 = CARTESIAN_POINT('',(220.98,20.32,40.639999999998));
#6207 = DIRECTION('',(1.,6.070773319254E-17,-0.));
#6208 = DIRECTION('',(-6.070773319254E-17,1.,0.));
#6209 = ADVANCED_FACE('',(#6210),#6222,.F.);
#6210 = FACE_BOUND('',#6211,.F.);
#6211 = EDGE_LOOP('',(#6212,#6213,#6214,#6219,#6220,#6221));
#6212 = ORIENTED_EDGE('',*,*,#3897,.T.);
#6213 = ORIENTED_EDGE('',*,*,#3908,.T.);
#6214 = ORIENTED_EDGE('',*,*,#6215,.T.);
#6215 = EDGE_CURVE('',#3898,#2259,#6216,.T.);
#6216 = B_SPLINE_CURVE_WITH_KNOTS('',1,(#6217,#6218),.UNSPECIFIED.,.F.,
  .F.,(2,2),(0.,7.62),.PIECEWISE_BEZIER_KNOTS.);
#6217 = CARTESIAN_POINT('',(220.98,53.34,40.639999999998));
#6218 = CARTESIAN_POINT('',(228.6,53.34,40.639999999998));
#6219 = ORIENTED_EDGE('',*,*,#2269,.F.);
#6220 = ORIENTED_EDGE('',*,*,#2258,.F.);
#6221 = ORIENTED_EDGE('',*,*,#6215,.F.);
#6222 = CYLINDRICAL_SURFACE('',#6223,2.54);
#6223 = AXIS2_PLACEMENT_3D('',#6224,#6225,#6226);
#6224 = CARTESIAN_POINT('',(220.98,50.8,40.639999999998));
#6225 = DIRECTION('',(1.,6.070773319254E-17,-0.));
#6226 = DIRECTION('',(-6.070773319254E-17,1.,0.));
#6227 = ADVANCED_FACE('',(#6228),#6240,.F.);
#6228 = FACE_BOUND('',#6229,.F.);
#6229 = EDGE_LOOP('',(#6230,#6231,#6232,#6237,#6238,#6239));
#6230 = ORIENTED_EDGE('',*,*,#3917,.T.);
#6231 = ORIENTED_EDGE('',*,*,#3928,.T.);
#6232 = ORIENTED_EDGE('',*,*,#6233,.T.);
#6233 = EDGE_CURVE('',#3918,#2279,#6234,.T.);
#6234 = B_SPLINE_CURVE_WITH_KNOTS('',1,(#6235,#6236),.UNSPECIFIED.,.F.,
  .F.,(2,2),(0.,7.62),.PIECEWISE_BEZIER_KNOTS.);
#6235 = CARTESIAN_POINT('',(220.98,63.5,40.639999999998));
#6236 = CARTESIAN_POINT('',(228.6,63.5,40.639999999998));
#6237 = ORIENTED_EDGE('',*,*,#2289,.F.);
#6238 = ORIENTED_EDGE('',*,*,#2278,.F.);
#6239 = ORIENTED_EDGE('',*,*,#6233,.F.);
#6240 = CYLINDRICAL_SURFACE('',#6241,2.54);
#6241 = AXIS2_PLACEMENT_3D('',#6242,#6243,#6244);
#6242 = CARTESIAN_POINT('',(220.98,60.96,40.639999999998));
#6243 = DIRECTION('',(1.,6.070773319254E-17,-0.));
#6244 = DIRECTION('',(-6.070773319254E-17,1.,0.));
#6245 = ADVANCED_FACE('',(#6246),#6258,.F.);
#6246 = FACE_BOUND('',#6247,.F.);
#6247 = EDGE_LOOP('',(#6248,#6249,#6250,#6255,#6256,#6257));
#6248 = ORIENTED_EDGE('',*,*,#3937,.T.);
#6249 = ORIENTED_EDGE('',*,*,#3948,.T.);
#6250 = ORIENTED_EDGE('',*,*,#6251,.T.);
#6251 = EDGE_CURVE('',#3938,#2299,#6252,.T.);
#6252 = B_SPLINE_CURVE_WITH_KNOTS('',1,(#6253,#6254),.UNSPECIFIED.,.F.,
  .F.,(2,2),(0.,7.62),.PIECEWISE_BEZIER_KNOTS.);
#6253 = CARTESIAN_POINT('',(220.98,33.02,40.639999999998));
#6254 = CARTESIAN_POINT('',(228.6,33.02,40.639999999998));
#6255 = ORIENTED_EDGE('',*,*,#2309,.F.);
#6256 = ORIENTED_EDGE('',*,*,#2298,.F.);
#6257 = ORIENTED_EDGE('',*,*,#6251,.F.);
#6258 = CYLINDRICAL_SURFACE('',#6259,2.54);
#6259 = AXIS2_PLACEMENT_3D('',#6260,#6261,#6262);
#6260 = CARTESIAN_POINT('',(220.98,30.48,40.639999999998));
#6261 = DIRECTION('',(1.,6.070773319254E-17,-0.));
#6262 = DIRECTION('',(-6.070773319254E-17,1.,0.));
#6263 = ADVANCED_FACE('',(#6264),#6276,.F.);
#6264 = FACE_BOUND('',#6265,.F.);
#6265 = EDGE_LOOP('',(#6266,#6267,#6268,#6273,#6274,#6275));
#6266 = ORIENTED_EDGE('',*,*,#3957,.T.);
#6267 = ORIENTED_EDGE('',*,*,#3968,.T.);
#6268 = ORIENTED_EDGE('',*,*,#6269,.T.);
#6269 = EDGE_CURVE('',#3958,#2319,#6270,.T.);
#6270 = B_SPLINE_CURVE_WITH_KNOTS('',1,(#6271,#6272),.UNSPECIFIED.,.F.,
  .F.,(2,2),(0.,7.62),.PIECEWISE_BEZIER_KNOTS.);
#6271 = CARTESIAN_POINT('',(220.98,43.18,40.639999999998));
#6272 = CARTESIAN_POINT('',(228.6,43.18,40.639999999998));
#6273 = ORIENTED_EDGE('',*,*,#2329,.F.);
#6274 = ORIENTED_EDGE('',*,*,#2318,.F.);
#6275 = ORIENTED_EDGE('',*,*,#6269,.F.);
#6276 = CYLINDRICAL_SURFACE('',#6277,2.54);
#6277 = AXIS2_PLACEMENT_3D('',#6278,#6279,#6280);
#6278 = CARTESIAN_POINT('',(220.98,40.64,40.639999999998));
#6279 = DIRECTION('',(1.,6.070773319254E-17,-0.));
#6280 = DIRECTION('',(-6.070773319254E-17,1.,0.));
#6281 = ADVANCED_FACE('',(#6282),#6294,.F.);
#6282 = FACE_BOUND('',#6283,.F.);
#6283 = EDGE_LOOP('',(#6284,#6285,#6286,#6291,#6292,#6293));
#6284 = ORIENTED_EDGE('',*,*,#3977,.T.);
#6285 = ORIENTED_EDGE('',*,*,#3988,.T.);
#6286 = ORIENTED_EDGE('',*,*,#6287,.T.);
#6287 = EDGE_CURVE('',#3978,#2339,#6288,.T.);
#6288 = B_SPLINE_CURVE_WITH_KNOTS('',1,(#6289,#6290),.UNSPECIFIED.,.F.,
  .F.,(2,2),(0.,7.62),.PIECEWISE_BEZIER_KNOTS.);
#6289 = CARTESIAN_POINT('',(220.98,175.26,40.64));
#6290 = CARTESIAN_POINT('',(228.6,175.26,40.64));
#6291 = ORIENTED_EDGE('',*,*,#2349,.F.);
#6292 = ORIENTED_EDGE('',*,*,#2338,.F.);
#6293 = ORIENTED_EDGE('',*,*,#6287,.F.);
#6294 = CYLINDRICAL_SURFACE('',#6295,2.54);
#6295 = AXIS2_PLACEMENT_3D('',#6296,#6297,#6298);
#6296 = CARTESIAN_POINT('',(220.98,172.72,40.64));
#6297 = DIRECTION('',(1.,6.070773319254E-17,-0.));
#6298 = DIRECTION('',(-6.070773319254E-17,1.,0.));
#6299 = ADVANCED_FACE('',(#6300),#6312,.F.);
#6300 = FACE_BOUND('',#6301,.F.);
#6301 = EDGE_LOOP('',(#6302,#6303,#6304,#6309,#6310,#6311));
#6302 = ORIENTED_EDGE('',*,*,#3997,.T.);
#6303 = ORIENTED_EDGE('',*,*,#4008,.T.);
#6304 = ORIENTED_EDGE('',*,*,#6305,.T.);
#6305 = EDGE_CURVE('',#3998,#2359,#6306,.T.);
#6306 = B_SPLINE_CURVE_WITH_KNOTS('',1,(#6307,#6308),.UNSPECIFIED.,.F.,
  .F.,(2,2),(0.,7.62),.PIECEWISE_BEZIER_KNOTS.);
#6307 = CARTESIAN_POINT('',(220.98,185.42,40.64));
#6308 = CARTESIAN_POINT('',(228.6,185.42,40.64));
#6309 = ORIENTED_EDGE('',*,*,#2369,.F.);
#6310 = ORIENTED_EDGE('',*,*,#2358,.F.);
#6311 = ORIENTED_EDGE('',*,*,#6305,.F.);
#6312 = CYLINDRICAL_SURFACE('',#6313,2.54);
#6313 = AXIS2_PLACEMENT_3D('',#6314,#6315,#6316);
#6314 = CARTESIAN_POINT('',(220.98,182.88,40.64));
#6315 = DIRECTION('',(1.,6.070773319254E-17,-0.));
#6316 = DIRECTION('',(-6.070773319254E-17,1.,0.));
#6317 = ADVANCED_FACE('',(#6318),#6330,.F.);
#6318 = FACE_BOUND('',#6319,.F.);
#6319 = EDGE_LOOP('',(#6320,#6321,#6322,#6327,#6328,#6329));
#6320 = ORIENTED_EDGE('',*,*,#4017,.T.);
#6321 = ORIENTED_EDGE('',*,*,#4028,.T.);
#6322 = ORIENTED_EDGE('',*,*,#6323,.T.);
#6323 = EDGE_CURVE('',#4018,#2379,#6324,.T.);
#6324 = B_SPLINE_CURVE_WITH_KNOTS('',1,(#6325,#6326),.UNSPECIFIED.,.F.,
  .F.,(2,2),(0.,7.62),.PIECEWISE_BEZIER_KNOTS.);
#6325 = CARTESIAN_POINT('',(220.98,195.58,30.48));
#6326 = CARTESIAN_POINT('',(228.6,195.58,30.48));
#6327 = ORIENTED_EDGE('',*,*,#2389,.F.);
#6328 = ORIENTED_EDGE('',*,*,#2378,.F.);
#6329 = ORIENTED_EDGE('',*,*,#6323,.F.);
#6330 = CYLINDRICAL_SURFACE('',#6331,2.54);
#6331 = AXIS2_PLACEMENT_3D('',#6332,#6333,#6334);
#6332 = CARTESIAN_POINT('',(220.98,193.04,30.48));
#6333 = DIRECTION('',(1.,6.070773319254E-17,-0.));
#6334 = DIRECTION('',(-6.070773319254E-17,1.,0.));
#6335 = ADVANCED_FACE('',(#6336),#6349,.F.);
#6336 = FACE_BOUND('',#6337,.F.);
#6337 = EDGE_LOOP('',(#6338,#6339,#6344,#6345,#6346,#6347,#6348));
#6338 = ORIENTED_EDGE('',*,*,#3565,.T.);
#6339 = ORIENTED_EDGE('',*,*,#6340,.T.);
#6340 = EDGE_CURVE('',#3566,#2399,#6341,.T.);
#6341 = B_SPLINE_CURVE_WITH_KNOTS('',1,(#6342,#6343),.UNSPECIFIED.,.F.,
  .F.,(2,2),(0.,7.62),.PIECEWISE_BEZIER_KNOTS.);
#6342 = CARTESIAN_POINT('',(220.98,205.74,10.16));
#6343 = CARTESIAN_POINT('',(228.6,205.74,10.16));
#6344 = ORIENTED_EDGE('',*,*,#2409,.F.);
#6345 = ORIENTED_EDGE('',*,*,#2398,.F.);
#6346 = ORIENTED_EDGE('',*,*,#6340,.F.);
#6347 = ORIENTED_EDGE('',*,*,#3574,.T.);
#6348 = ORIENTED_EDGE('',*,*,#3583,.T.);
#6349 = CYLINDRICAL_SURFACE('',#6350,2.54);
#6350 = AXIS2_PLACEMENT_3D('',#6351,#6352,#6353);
#6351 = CARTESIAN_POINT('',(220.98,203.2,10.16));
#6352 = DIRECTION('',(1.,6.070773319254E-17,-0.));
#6353 = DIRECTION('',(-6.070773319254E-17,1.,0.));
#6354 = ADVANCED_FACE('',(#6355),#6367,.F.);
#6355 = FACE_BOUND('',#6356,.F.);
#6356 = EDGE_LOOP('',(#6357,#6358,#6359,#6364,#6365,#6366));
#6357 = ORIENTED_EDGE('',*,*,#4037,.T.);
#6358 = ORIENTED_EDGE('',*,*,#4048,.T.);
#6359 = ORIENTED_EDGE('',*,*,#6360,.T.);
#6360 = EDGE_CURVE('',#4038,#2419,#6361,.T.);
#6361 = B_SPLINE_CURVE_WITH_KNOTS('',1,(#6362,#6363),.UNSPECIFIED.,.F.,
  .F.,(2,2),(0.,7.62),.PIECEWISE_BEZIER_KNOTS.);
#6362 = CARTESIAN_POINT('',(220.98,215.9,30.48));
#6363 = CARTESIAN_POINT('',(228.6,215.9,30.48));
#6364 = ORIENTED_EDGE('',*,*,#2429,.F.);
#6365 = ORIENTED_EDGE('',*,*,#2418,.F.);
#6366 = ORIENTED_EDGE('',*,*,#6360,.F.);
#6367 = CYLINDRICAL_SURFACE('',#6368,2.54);
#6368 = AXIS2_PLACEMENT_3D('',#6369,#6370,#6371);
#6369 = CARTESIAN_POINT('',(220.98,213.36,30.48));
#6370 = DIRECTION('',(1.,6.070773319254E-17,-0.));
#6371 = DIRECTION('',(-6.070773319254E-17,1.,0.));
#6372 = ADVANCED_FACE('',(#6373),#6385,.F.);
#6373 = FACE_BOUND('',#6374,.F.);
#6374 = EDGE_LOOP('',(#6375,#6376,#6377,#6382,#6383,#6384));
#6375 = ORIENTED_EDGE('',*,*,#4057,.T.);
#6376 = ORIENTED_EDGE('',*,*,#4068,.T.);
#6377 = ORIENTED_EDGE('',*,*,#6378,.T.);
#6378 = EDGE_CURVE('',#4058,#2439,#6379,.T.);
#6379 = B_SPLINE_CURVE_WITH_KNOTS('',1,(#6380,#6381),.UNSPECIFIED.,.F.,
  .F.,(2,2),(0.,7.62),.PIECEWISE_BEZIER_KNOTS.);
#6380 = CARTESIAN_POINT('',(220.98,215.9,40.64));
#6381 = CARTESIAN_POINT('',(228.6,215.9,40.64));
#6382 = ORIENTED_EDGE('',*,*,#2449,.F.);
#6383 = ORIENTED_EDGE('',*,*,#2438,.F.);
#6384 = ORIENTED_EDGE('',*,*,#6378,.F.);
#6385 = CYLINDRICAL_SURFACE('',#6386,2.54);
#6386 = AXIS2_PLACEMENT_3D('',#6387,#6388,#6389);
#6387 = CARTESIAN_POINT('',(220.98,213.36,40.64));
#6388 = DIRECTION('',(1.,6.070773319254E-17,-0.));
#6389 = DIRECTION('',(-6.070773319254E-17,1.,0.));
#6390 = ADVANCED_FACE('',(#6391),#6404,.F.);
#6391 = FACE_BOUND('',#6392,.F.);
#6392 = EDGE_LOOP('',(#6393,#6394,#6399,#6400,#6401,#6402,#6403));
#6393 = ORIENTED_EDGE('',*,*,#3538,.T.);
#6394 = ORIENTED_EDGE('',*,*,#6395,.T.);
#6395 = EDGE_CURVE('',#3539,#2459,#6396,.T.);
#6396 = B_SPLINE_CURVE_WITH_KNOTS('',1,(#6397,#6398),.UNSPECIFIED.,.F.,
  .F.,(2,2),(0.,7.62),.PIECEWISE_BEZIER_KNOTS.);
#6397 = CARTESIAN_POINT('',(220.98,215.9,10.16));
#6398 = CARTESIAN_POINT('',(228.6,215.9,10.16));
#6399 = ORIENTED_EDGE('',*,*,#2469,.F.);
#6400 = ORIENTED_EDGE('',*,*,#2458,.F.);
#6401 = ORIENTED_EDGE('',*,*,#6395,.F.);
#6402 = ORIENTED_EDGE('',*,*,#3547,.T.);
#6403 = ORIENTED_EDGE('',*,*,#3556,.T.);
#6404 = CYLINDRICAL_SURFACE('',#6405,2.54);
#6405 = AXIS2_PLACEMENT_3D('',#6406,#6407,#6408);
#6406 = CARTESIAN_POINT('',(220.98,213.36,10.16));
#6407 = DIRECTION('',(1.,6.070773319254E-17,-0.));
#6408 = DIRECTION('',(-6.070773319254E-17,1.,0.));
#6409 = ADVANCED_FACE('',(#6410),#6422,.F.);
#6410 = FACE_BOUND('',#6411,.F.);
#6411 = EDGE_LOOP('',(#6412,#6413,#6414,#6419,#6420,#6421));
#6412 = ORIENTED_EDGE('',*,*,#4077,.T.);
#6413 = ORIENTED_EDGE('',*,*,#4088,.T.);
#6414 = ORIENTED_EDGE('',*,*,#6415,.T.);
#6415 = EDGE_CURVE('',#4078,#2479,#6416,.T.);
#6416 = B_SPLINE_CURVE_WITH_KNOTS('',1,(#6417,#6418),.UNSPECIFIED.,.F.,
  .F.,(2,2),(0.,7.62),.PIECEWISE_BEZIER_KNOTS.);
#6417 = CARTESIAN_POINT('',(220.98,215.9,20.32));
#6418 = CARTESIAN_POINT('',(228.6,215.9,20.32));
#6419 = ORIENTED_EDGE('',*,*,#2489,.F.);
#6420 = ORIENTED_EDGE('',*,*,#2478,.F.);
#6421 = ORIENTED_EDGE('',*,*,#6415,.F.);
#6422 = CYLINDRICAL_SURFACE('',#6423,2.54);
#6423 = AXIS2_PLACEMENT_3D('',#6424,#6425,#6426);
#6424 = CARTESIAN_POINT('',(220.98,213.36,20.32));
#6425 = DIRECTION('',(1.,6.070773319254E-17,-0.));
#6426 = DIRECTION('',(-6.070773319254E-17,1.,0.));
#6427 = ADVANCED_FACE('',(#6428),#6440,.F.);
#6428 = FACE_BOUND('',#6429,.F.);
#6429 = EDGE_LOOP('',(#6430,#6431,#6432,#6437,#6438,#6439));
#6430 = ORIENTED_EDGE('',*,*,#4097,.T.);
#6431 = ORIENTED_EDGE('',*,*,#4108,.T.);
#6432 = ORIENTED_EDGE('',*,*,#6433,.T.);
#6433 = EDGE_CURVE('',#4098,#2499,#6434,.T.);
#6434 = B_SPLINE_CURVE_WITH_KNOTS('',1,(#6435,#6436),.UNSPECIFIED.,.F.,
  .F.,(2,2),(0.,7.62),.PIECEWISE_BEZIER_KNOTS.);
#6435 = CARTESIAN_POINT('',(220.98,175.26,30.48));
#6436 = CARTESIAN_POINT('',(228.6,175.26,30.48));
#6437 = ORIENTED_EDGE('',*,*,#2509,.F.);
#6438 = ORIENTED_EDGE('',*,*,#2498,.F.);
#6439 = ORIENTED_EDGE('',*,*,#6433,.F.);
#6440 = CYLINDRICAL_SURFACE('',#6441,2.54);
#6441 = AXIS2_PLACEMENT_3D('',#6442,#6443,#6444);
#6442 = CARTESIAN_POINT('',(220.98,172.72,30.48));
#6443 = DIRECTION('',(1.,6.070773319254E-17,-0.));
#6444 = DIRECTION('',(-6.070773319254E-17,1.,0.));
#6445 = ADVANCED_FACE('',(#6446),#6459,.F.);
#6446 = FACE_BOUND('',#6447,.F.);
#6447 = EDGE_LOOP('',(#6448,#6449,#6454,#6455,#6456,#6457,#6458));
#6448 = ORIENTED_EDGE('',*,*,#3619,.T.);
#6449 = ORIENTED_EDGE('',*,*,#6450,.T.);
#6450 = EDGE_CURVE('',#3620,#2519,#6451,.T.);
#6451 = B_SPLINE_CURVE_WITH_KNOTS('',1,(#6452,#6453),.UNSPECIFIED.,.F.,
  .F.,(2,2),(0.,7.62),.PIECEWISE_BEZIER_KNOTS.);
#6452 = CARTESIAN_POINT('',(220.98,185.42,10.16));
#6453 = CARTESIAN_POINT('',(228.6,185.42,10.16));
#6454 = ORIENTED_EDGE('',*,*,#2529,.F.);
#6455 = ORIENTED_EDGE('',*,*,#2518,.F.);
#6456 = ORIENTED_EDGE('',*,*,#6450,.F.);
#6457 = ORIENTED_EDGE('',*,*,#3628,.T.);
#6458 = ORIENTED_EDGE('',*,*,#3637,.T.);
#6459 = CYLINDRICAL_SURFACE('',#6460,2.54);
#6460 = AXIS2_PLACEMENT_3D('',#6461,#6462,#6463);
#6461 = CARTESIAN_POINT('',(220.98,182.88,10.16));
#6462 = DIRECTION('',(1.,6.070773319254E-17,-0.));
#6463 = DIRECTION('',(-6.070773319254E-17,1.,0.));
#6464 = ADVANCED_FACE('',(#6465),#6477,.F.);
#6465 = FACE_BOUND('',#6466,.F.);
#6466 = EDGE_LOOP('',(#6467,#6468,#6469,#6474,#6475,#6476));
#6467 = ORIENTED_EDGE('',*,*,#4117,.T.);
#6468 = ORIENTED_EDGE('',*,*,#4128,.T.);
#6469 = ORIENTED_EDGE('',*,*,#6470,.T.);
#6470 = EDGE_CURVE('',#4118,#2539,#6471,.T.);
#6471 = B_SPLINE_CURVE_WITH_KNOTS('',1,(#6472,#6473),.UNSPECIFIED.,.F.,
  .F.,(2,2),(0.,7.62),.PIECEWISE_BEZIER_KNOTS.);
#6472 = CARTESIAN_POINT('',(220.98,73.66,40.639999999999));
#6473 = CARTESIAN_POINT('',(228.6,73.66,40.639999999999));
#6474 = ORIENTED_EDGE('',*,*,#2549,.F.);
#6475 = ORIENTED_EDGE('',*,*,#2538,.F.);
#6476 = ORIENTED_EDGE('',*,*,#6470,.F.);
#6477 = CYLINDRICAL_SURFACE('',#6478,2.54);
#6478 = AXIS2_PLACEMENT_3D('',#6479,#6480,#6481);
#6479 = CARTESIAN_POINT('',(220.98,71.12,40.639999999999));
#6480 = DIRECTION('',(1.,6.070773319254E-17,-0.));
#6481 = DIRECTION('',(-6.070773319254E-17,1.,0.));
#6482 = ADVANCED_FACE('',(#6483),#6495,.F.);
#6483 = FACE_BOUND('',#6484,.F.);
#6484 = EDGE_LOOP('',(#6485,#6486,#6487,#6492,#6493,#6494));
#6485 = ORIENTED_EDGE('',*,*,#4137,.T.);
#6486 = ORIENTED_EDGE('',*,*,#4148,.T.);
#6487 = ORIENTED_EDGE('',*,*,#6488,.T.);
#6488 = EDGE_CURVE('',#4138,#2559,#6489,.T.);
#6489 = B_SPLINE_CURVE_WITH_KNOTS('',1,(#6490,#6491),.UNSPECIFIED.,.F.,
  .F.,(2,2),(0.,7.62),.PIECEWISE_BEZIER_KNOTS.);
#6490 = CARTESIAN_POINT('',(220.98,83.82,40.639999999999));
#6491 = CARTESIAN_POINT('',(228.6,83.82,40.639999999999));
#6492 = ORIENTED_EDGE('',*,*,#2569,.F.);
#6493 = ORIENTED_EDGE('',*,*,#2558,.F.);
#6494 = ORIENTED_EDGE('',*,*,#6488,.F.);
#6495 = CYLINDRICAL_SURFACE('',#6496,2.54);
#6496 = AXIS2_PLACEMENT_3D('',#6497,#6498,#6499);
#6497 = CARTESIAN_POINT('',(220.98,81.28,40.639999999999));
#6498 = DIRECTION('',(1.,6.070773319254E-17,-0.));
#6499 = DIRECTION('',(-6.070773319254E-17,1.,0.));
#6500 = ADVANCED_FACE('',(#6501),#6513,.F.);
#6501 = FACE_BOUND('',#6502,.F.);
#6502 = EDGE_LOOP('',(#6503,#6504,#6505,#6510,#6511,#6512));
#6503 = ORIENTED_EDGE('',*,*,#4157,.T.);
#6504 = ORIENTED_EDGE('',*,*,#4168,.T.);
#6505 = ORIENTED_EDGE('',*,*,#6506,.T.);
#6506 = EDGE_CURVE('',#4158,#2579,#6507,.T.);
#6507 = B_SPLINE_CURVE_WITH_KNOTS('',1,(#6508,#6509),.UNSPECIFIED.,.F.,
  .F.,(2,2),(0.,7.62),.PIECEWISE_BEZIER_KNOTS.);
#6508 = CARTESIAN_POINT('',(220.98,134.62,40.639999999999));
#6509 = CARTESIAN_POINT('',(228.6,134.62,40.639999999999));
#6510 = ORIENTED_EDGE('',*,*,#2589,.F.);
#6511 = ORIENTED_EDGE('',*,*,#2578,.F.);
#6512 = ORIENTED_EDGE('',*,*,#6506,.F.);
#6513 = CYLINDRICAL_SURFACE('',#6514,2.54);
#6514 = AXIS2_PLACEMENT_3D('',#6515,#6516,#6517);
#6515 = CARTESIAN_POINT('',(220.98,132.08,40.639999999999));
#6516 = DIRECTION('',(1.,6.070773319254E-17,-0.));
#6517 = DIRECTION('',(-6.070773319254E-17,1.,0.));
#6518 = ADVANCED_FACE('',(#6519),#6531,.F.);
#6519 = FACE_BOUND('',#6520,.F.);
#6520 = EDGE_LOOP('',(#6521,#6522,#6523,#6528,#6529,#6530));
#6521 = ORIENTED_EDGE('',*,*,#4177,.T.);
#6522 = ORIENTED_EDGE('',*,*,#4188,.T.);
#6523 = ORIENTED_EDGE('',*,*,#6524,.T.);
#6524 = EDGE_CURVE('',#4178,#2599,#6525,.T.);
#6525 = B_SPLINE_CURVE_WITH_KNOTS('',1,(#6526,#6527),.UNSPECIFIED.,.F.,
  .F.,(2,2),(0.,7.62),.PIECEWISE_BEZIER_KNOTS.);
#6526 = CARTESIAN_POINT('',(220.98,144.78,40.639999999999));
#6527 = CARTESIAN_POINT('',(228.6,144.78,40.639999999999));
#6528 = ORIENTED_EDGE('',*,*,#2609,.F.);
#6529 = ORIENTED_EDGE('',*,*,#2598,.F.);
#6530 = ORIENTED_EDGE('',*,*,#6524,.F.);
#6531 = CYLINDRICAL_SURFACE('',#6532,2.54);
#6532 = AXIS2_PLACEMENT_3D('',#6533,#6534,#6535);
#6533 = CARTESIAN_POINT('',(220.98,142.24,40.639999999999));
#6534 = DIRECTION('',(1.,6.070773319254E-17,-0.));
#6535 = DIRECTION('',(-6.070773319254E-17,1.,0.));
#6536 = ADVANCED_FACE('',(#6537),#6549,.F.);
#6537 = FACE_BOUND('',#6538,.F.);
#6538 = EDGE_LOOP('',(#6539,#6540,#6541,#6546,#6547,#6548));
#6539 = ORIENTED_EDGE('',*,*,#4197,.T.);
#6540 = ORIENTED_EDGE('',*,*,#4208,.T.);
#6541 = ORIENTED_EDGE('',*,*,#6542,.T.);
#6542 = EDGE_CURVE('',#4198,#2619,#6543,.T.);
#6543 = B_SPLINE_CURVE_WITH_KNOTS('',1,(#6544,#6545),.UNSPECIFIED.,.F.,
  .F.,(2,2),(0.,7.62),.PIECEWISE_BEZIER_KNOTS.);
#6544 = CARTESIAN_POINT('',(220.98,114.3,40.639999999999));
#6545 = CARTESIAN_POINT('',(228.6,114.3,40.639999999999));
#6546 = ORIENTED_EDGE('',*,*,#2629,.F.);
#6547 = ORIENTED_EDGE('',*,*,#2618,.F.);
#6548 = ORIENTED_EDGE('',*,*,#6542,.F.);
#6549 = CYLINDRICAL_SURFACE('',#6550,2.54);
#6550 = AXIS2_PLACEMENT_3D('',#6551,#6552,#6553);
#6551 = CARTESIAN_POINT('',(220.98,111.76,40.639999999999));
#6552 = DIRECTION('',(1.,6.070773319254E-17,-0.));
#6553 = DIRECTION('',(-6.070773319254E-17,1.,0.));
#6554 = ADVANCED_FACE('',(#6555),#6567,.F.);
#6555 = FACE_BOUND('',#6556,.F.);
#6556 = EDGE_LOOP('',(#6557,#6558,#6559,#6564,#6565,#6566));
#6557 = ORIENTED_EDGE('',*,*,#4217,.T.);
#6558 = ORIENTED_EDGE('',*,*,#4228,.T.);
#6559 = ORIENTED_EDGE('',*,*,#6560,.T.);
#6560 = EDGE_CURVE('',#4218,#2639,#6561,.T.);
#6561 = B_SPLINE_CURVE_WITH_KNOTS('',1,(#6562,#6563),.UNSPECIFIED.,.F.,
  .F.,(2,2),(0.,7.62),.PIECEWISE_BEZIER_KNOTS.);
#6562 = CARTESIAN_POINT('',(220.98,124.46,40.639999999999));
#6563 = CARTESIAN_POINT('',(228.6,124.46,40.639999999999));
#6564 = ORIENTED_EDGE('',*,*,#2649,.F.);
#6565 = ORIENTED_EDGE('',*,*,#2638,.F.);
#6566 = ORIENTED_EDGE('',*,*,#6560,.F.);
#6567 = CYLINDRICAL_SURFACE('',#6568,2.54);
#6568 = AXIS2_PLACEMENT_3D('',#6569,#6570,#6571);
#6569 = CARTESIAN_POINT('',(220.98,121.92,40.639999999999));
#6570 = DIRECTION('',(1.,6.070773319254E-17,-0.));
#6571 = DIRECTION('',(-6.070773319254E-17,1.,0.));
#6572 = ADVANCED_FACE('',(#6573),#6585,.F.);
#6573 = FACE_BOUND('',#6574,.F.);
#6574 = EDGE_LOOP('',(#6575,#6576,#6577,#6582,#6583,#6584));
#6575 = ORIENTED_EDGE('',*,*,#4237,.T.);
#6576 = ORIENTED_EDGE('',*,*,#4248,.T.);
#6577 = ORIENTED_EDGE('',*,*,#6578,.T.);
#6578 = EDGE_CURVE('',#4238,#2659,#6579,.T.);
#6579 = B_SPLINE_CURVE_WITH_KNOTS('',1,(#6580,#6581),.UNSPECIFIED.,.F.,
  .F.,(2,2),(0.,7.62),.PIECEWISE_BEZIER_KNOTS.);
#6580 = CARTESIAN_POINT('',(220.98,205.74,20.32));
#6581 = CARTESIAN_POINT('',(228.6,205.74,20.32));
#6582 = ORIENTED_EDGE('',*,*,#2669,.F.);
#6583 = ORIENTED_EDGE('',*,*,#2658,.F.);
#6584 = ORIENTED_EDGE('',*,*,#6578,.F.);
#6585 = CYLINDRICAL_SURFACE('',#6586,2.54);
#6586 = AXIS2_PLACEMENT_3D('',#6587,#6588,#6589);
#6587 = CARTESIAN_POINT('',(220.98,203.2,20.32));
#6588 = DIRECTION('',(1.,6.070773319254E-17,-0.));
#6589 = DIRECTION('',(-6.070773319254E-17,1.,0.));
#6590 = ADVANCED_FACE('',(#6591),#6603,.F.);
#6591 = FACE_BOUND('',#6592,.F.);
#6592 = EDGE_LOOP('',(#6593,#6594,#6595,#6600,#6601,#6602));
#6593 = ORIENTED_EDGE('',*,*,#4257,.T.);
#6594 = ORIENTED_EDGE('',*,*,#4268,.T.);
#6595 = ORIENTED_EDGE('',*,*,#6596,.T.);
#6596 = EDGE_CURVE('',#4258,#2679,#6597,.T.);
#6597 = B_SPLINE_CURVE_WITH_KNOTS('',1,(#6598,#6599),.UNSPECIFIED.,.F.,
  .F.,(2,2),(0.,7.62),.PIECEWISE_BEZIER_KNOTS.);
#6598 = CARTESIAN_POINT('',(220.98,205.74,30.48));
#6599 = CARTESIAN_POINT('',(228.6,205.74,30.48));
#6600 = ORIENTED_EDGE('',*,*,#2689,.F.);
#6601 = ORIENTED_EDGE('',*,*,#2678,.F.);
#6602 = ORIENTED_EDGE('',*,*,#6596,.F.);
#6603 = CYLINDRICAL_SURFACE('',#6604,2.54);
#6604 = AXIS2_PLACEMENT_3D('',#6605,#6606,#6607);
#6605 = CARTESIAN_POINT('',(220.98,203.2,30.48));
#6606 = DIRECTION('',(1.,6.070773319254E-17,-0.));
#6607 = DIRECTION('',(-6.070773319254E-17,1.,0.));
#6608 = ADVANCED_FACE('',(#6609),#6621,.F.);
#6609 = FACE_BOUND('',#6610,.F.);
#6610 = EDGE_LOOP('',(#6611,#6612,#6613,#6618,#6619,#6620));
#6611 = ORIENTED_EDGE('',*,*,#4277,.T.);
#6612 = ORIENTED_EDGE('',*,*,#4288,.T.);
#6613 = ORIENTED_EDGE('',*,*,#6614,.T.);
#6614 = EDGE_CURVE('',#4278,#2699,#6615,.T.);
#6615 = B_SPLINE_CURVE_WITH_KNOTS('',1,(#6616,#6617),.UNSPECIFIED.,.F.,
  .F.,(2,2),(0.,7.62),.PIECEWISE_BEZIER_KNOTS.);
#6616 = CARTESIAN_POINT('',(220.98,83.82,30.479999999999));
#6617 = CARTESIAN_POINT('',(228.6,83.82,30.479999999999));
#6618 = ORIENTED_EDGE('',*,*,#2709,.F.);
#6619 = ORIENTED_EDGE('',*,*,#2698,.F.);
#6620 = ORIENTED_EDGE('',*,*,#6614,.F.);
#6621 = CYLINDRICAL_SURFACE('',#6622,2.54);
#6622 = AXIS2_PLACEMENT_3D('',#6623,#6624,#6625);
#6623 = CARTESIAN_POINT('',(220.98,81.28,30.479999999999));
#6624 = DIRECTION('',(1.,6.070773319254E-17,-0.));
#6625 = DIRECTION('',(-6.070773319254E-17,1.,0.));
#6626 = ADVANCED_FACE('',(#6627),#6639,.F.);
#6627 = FACE_BOUND('',#6628,.F.);
#6628 = EDGE_LOOP('',(#6629,#6630,#6631,#6636,#6637,#6638));
#6629 = ORIENTED_EDGE('',*,*,#4297,.T.);
#6630 = ORIENTED_EDGE('',*,*,#4308,.T.);
#6631 = ORIENTED_EDGE('',*,*,#6632,.T.);
#6632 = EDGE_CURVE('',#4298,#2719,#6633,.T.);
#6633 = B_SPLINE_CURVE_WITH_KNOTS('',1,(#6634,#6635),.UNSPECIFIED.,.F.,
  .F.,(2,2),(0.,7.62),.PIECEWISE_BEZIER_KNOTS.);
#6634 = CARTESIAN_POINT('',(220.98,83.82,20.319999999999));
#6635 = CARTESIAN_POINT('',(228.6,83.82,20.319999999999));
#6636 = ORIENTED_EDGE('',*,*,#2729,.F.);
#6637 = ORIENTED_EDGE('',*,*,#2718,.F.);
#6638 = ORIENTED_EDGE('',*,*,#6632,.F.);
#6639 = CYLINDRICAL_SURFACE('',#6640,2.54);
#6640 = AXIS2_PLACEMENT_3D('',#6641,#6642,#6643);
#6641 = CARTESIAN_POINT('',(220.98,81.28,20.319999999999));
#6642 = DIRECTION('',(1.,6.070773319254E-17,-0.));
#6643 = DIRECTION('',(-6.070773319254E-17,1.,0.));
#6644 = ADVANCED_FACE('',(#6645),#6657,.F.);
#6645 = FACE_BOUND('',#6646,.F.);
#6646 = EDGE_LOOP('',(#6647,#6648,#6649,#6654,#6655,#6656));
#6647 = ORIENTED_EDGE('',*,*,#4317,.T.);
#6648 = ORIENTED_EDGE('',*,*,#4328,.T.);
#6649 = ORIENTED_EDGE('',*,*,#6650,.T.);
#6650 = EDGE_CURVE('',#4318,#2739,#6651,.T.);
#6651 = B_SPLINE_CURVE_WITH_KNOTS('',1,(#6652,#6653),.UNSPECIFIED.,.F.,
  .F.,(2,2),(0.,7.62),.PIECEWISE_BEZIER_KNOTS.);
#6652 = CARTESIAN_POINT('',(220.98,104.14,30.479999999999));
#6653 = CARTESIAN_POINT('',(228.6,104.14,30.479999999999));
#6654 = ORIENTED_EDGE('',*,*,#2749,.F.);
#6655 = ORIENTED_EDGE('',*,*,#2738,.F.);
#6656 = ORIENTED_EDGE('',*,*,#6650,.F.);
#6657 = CYLINDRICAL_SURFACE('',#6658,2.54);
#6658 = AXIS2_PLACEMENT_3D('',#6659,#6660,#6661);
#6659 = CARTESIAN_POINT('',(220.98,101.6,30.479999999999));
#6660 = DIRECTION('',(1.,6.070773319254E-17,-0.));
#6661 = DIRECTION('',(-6.070773319254E-17,1.,0.));
#6662 = ADVANCED_FACE('',(#6663),#6675,.F.);
#6663 = FACE_BOUND('',#6664,.F.);
#6664 = EDGE_LOOP('',(#6665,#6666,#6667,#6672,#6673,#6674));
#6665 = ORIENTED_EDGE('',*,*,#4337,.T.);
#6666 = ORIENTED_EDGE('',*,*,#4348,.T.);
#6667 = ORIENTED_EDGE('',*,*,#6668,.T.);
#6668 = EDGE_CURVE('',#4338,#2759,#6669,.T.);
#6669 = B_SPLINE_CURVE_WITH_KNOTS('',1,(#6670,#6671),.UNSPECIFIED.,.F.,
  .F.,(2,2),(0.,7.62),.PIECEWISE_BEZIER_KNOTS.);
#6670 = CARTESIAN_POINT('',(220.98,93.98,30.479999999999));
#6671 = CARTESIAN_POINT('',(228.6,93.98,30.479999999999));
#6672 = ORIENTED_EDGE('',*,*,#2769,.F.);
#6673 = ORIENTED_EDGE('',*,*,#2758,.F.);
#6674 = ORIENTED_EDGE('',*,*,#6668,.F.);
#6675 = CYLINDRICAL_SURFACE('',#6676,2.54);
#6676 = AXIS2_PLACEMENT_3D('',#6677,#6678,#6679);
#6677 = CARTESIAN_POINT('',(220.98,91.44,30.479999999999));
#6678 = DIRECTION('',(1.,6.070773319254E-17,-0.));
#6679 = DIRECTION('',(-6.070773319254E-17,1.,0.));
#6680 = ADVANCED_FACE('',(#6681),#6693,.F.);
#6681 = FACE_BOUND('',#6682,.F.);
#6682 = EDGE_LOOP('',(#6683,#6684,#6685,#6690,#6691,#6692));
#6683 = ORIENTED_EDGE('',*,*,#4357,.T.);
#6684 = ORIENTED_EDGE('',*,*,#4368,.T.);
#6685 = ORIENTED_EDGE('',*,*,#6686,.T.);
#6686 = EDGE_CURVE('',#4358,#2779,#6687,.T.);
#6687 = B_SPLINE_CURVE_WITH_KNOTS('',1,(#6688,#6689),.UNSPECIFIED.,.F.,
  .F.,(2,2),(0.,7.62),.PIECEWISE_BEZIER_KNOTS.);
#6688 = CARTESIAN_POINT('',(220.98,73.66,20.319999999999));
#6689 = CARTESIAN_POINT('',(228.6,73.66,20.319999999999));
#6690 = ORIENTED_EDGE('',*,*,#2789,.F.);
#6691 = ORIENTED_EDGE('',*,*,#2778,.F.);
#6692 = ORIENTED_EDGE('',*,*,#6686,.F.);
#6693 = CYLINDRICAL_SURFACE('',#6694,2.54);
#6694 = AXIS2_PLACEMENT_3D('',#6695,#6696,#6697);
#6695 = CARTESIAN_POINT('',(220.98,71.12,20.319999999999));
#6696 = DIRECTION('',(1.,6.070773319254E-17,-0.));
#6697 = DIRECTION('',(-6.070773319254E-17,1.,0.));
#6698 = ADVANCED_FACE('',(#6699),#6712,.F.);
#6699 = FACE_BOUND('',#6700,.F.);
#6700 = EDGE_LOOP('',(#6701,#6702,#6707,#6708,#6709,#6710,#6711));
#6701 = ORIENTED_EDGE('',*,*,#3727,.T.);
#6702 = ORIENTED_EDGE('',*,*,#6703,.T.);
#6703 = EDGE_CURVE('',#3728,#2799,#6704,.T.);
#6704 = B_SPLINE_CURVE_WITH_KNOTS('',1,(#6705,#6706),.UNSPECIFIED.,.F.,
  .F.,(2,2),(0.,7.62),.PIECEWISE_BEZIER_KNOTS.);
#6705 = CARTESIAN_POINT('',(220.98,73.66,10.159999999999));
#6706 = CARTESIAN_POINT('',(228.6,73.66,10.159999999999));
#6707 = ORIENTED_EDGE('',*,*,#2809,.F.);
#6708 = ORIENTED_EDGE('',*,*,#2798,.F.);
#6709 = ORIENTED_EDGE('',*,*,#6703,.F.);
#6710 = ORIENTED_EDGE('',*,*,#3736,.T.);
#6711 = ORIENTED_EDGE('',*,*,#3745,.T.);
#6712 = CYLINDRICAL_SURFACE('',#6713,2.54);
#6713 = AXIS2_PLACEMENT_3D('',#6714,#6715,#6716);
#6714 = CARTESIAN_POINT('',(220.98,71.12,10.159999999999));
#6715 = DIRECTION('',(1.,6.070773319254E-17,-0.));
#6716 = DIRECTION('',(-6.070773319254E-17,1.,0.));
#6717 = ADVANCED_FACE('',(#6718),#6746,.T.);
#6718 = FACE_BOUND('',#6719,.T.);
#6719 = EDGE_LOOP('',(#6720,#6721,#6728,#6737,#6744,#6745));
#6720 = ORIENTED_EDGE('',*,*,#4428,.T.);
#6721 = ORIENTED_EDGE('',*,*,#6722,.F.);
#6722 = EDGE_CURVE('',#6723,#4418,#6725,.T.);
#6723 = VERTEX_POINT('',#6724);
#6724 = CARTESIAN_POINT('',(138.43,101.854,16.637));
#6725 = B_SPLINE_CURVE_WITH_KNOTS('',1,(#6726,#6727),.UNSPECIFIED.,.F.,
  .F.,(2,2),(0.,3.81),.PIECEWISE_BEZIER_KNOTS.);
#6726 = CARTESIAN_POINT('',(138.43,101.854,16.637));
#6727 = CARTESIAN_POINT('',(134.62,101.854,16.637));
#6728 = ORIENTED_EDGE('',*,*,#6729,.T.);
#6729 = EDGE_CURVE('',#6723,#6730,#6732,.T.);
#6730 = VERTEX_POINT('',#6731);
#6731 = CARTESIAN_POINT('',(138.43,101.854,10.287));
#6732 = CIRCLE('',#6733,3.175);
#6733 = AXIS2_PLACEMENT_3D('',#6734,#6735,#6736);
#6734 = CARTESIAN_POINT('',(138.43,101.854,13.462));
#6735 = DIRECTION('',(-1.,0.,0.));
#6736 = DIRECTION('',(0.,0.,1.));
#6737 = ORIENTED_EDGE('',*,*,#6738,.T.);
#6738 = EDGE_CURVE('',#6730,#6723,#6739,.T.);
#6739 = CIRCLE('',#6740,3.175);
#6740 = AXIS2_PLACEMENT_3D('',#6741,#6742,#6743);
#6741 = CARTESIAN_POINT('',(138.43,101.854,13.462));
#6742 = DIRECTION('',(-1.,0.,0.));
#6743 = DIRECTION('',(0.,0.,1.));
#6744 = ORIENTED_EDGE('',*,*,#6722,.T.);
#6745 = ORIENTED_EDGE('',*,*,#4417,.T.);
#6746 = CYLINDRICAL_SURFACE('',#6747,3.175);
#6747 = AXIS2_PLACEMENT_3D('',#6748,#6749,#6750);
#6748 = CARTESIAN_POINT('',(138.43,101.854,13.462));
#6749 = DIRECTION('',(-1.,0.,0.));
#6750 = DIRECTION('',(0.,0.,1.));
#6751 = ADVANCED_FACE('',(#6752,#6772),#6776,.F.);
#6752 = FACE_BOUND('',#6753,.T.);
#6753 = EDGE_LOOP('',(#6754,#6765));
#6754 = ORIENTED_EDGE('',*,*,#6755,.T.);
#6755 = EDGE_CURVE('',#6756,#6758,#6760,.T.);
#6756 = VERTEX_POINT('',#6757);
#6757 = CARTESIAN_POINT('',(138.43,101.854,15.2146));
#6758 = VERTEX_POINT('',#6759);
#6759 = CARTESIAN_POINT('',(138.43,101.854,11.7094));
#6760 = CIRCLE('',#6761,1.7526);
#6761 = AXIS2_PLACEMENT_3D('',#6762,#6763,#6764);
#6762 = CARTESIAN_POINT('',(138.43,101.854,13.462));
#6763 = DIRECTION('',(-1.,0.,0.));
#6764 = DIRECTION('',(0.,0.,1.));
#6765 = ORIENTED_EDGE('',*,*,#6766,.T.);
#6766 = EDGE_CURVE('',#6758,#6756,#6767,.T.);
#6767 = CIRCLE('',#6768,1.7526);
#6768 = AXIS2_PLACEMENT_3D('',#6769,#6770,#6771);
#6769 = CARTESIAN_POINT('',(138.43,101.854,13.462));
#6770 = DIRECTION('',(-1.,0.,0.));
#6771 = DIRECTION('',(0.,0.,1.));
#6772 = FACE_BOUND('',#6773,.T.);
#6773 = EDGE_LOOP('',(#6774,#6775));
#6774 = ORIENTED_EDGE('',*,*,#6729,.F.);
#6775 = ORIENTED_EDGE('',*,*,#6738,.F.);
#6776 = PLANE('',#6777);
#6777 = AXIS2_PLACEMENT_3D('',#6778,#6779,#6780);
#6778 = CARTESIAN_POINT('',(138.43,101.854,13.462));
#6779 = DIRECTION('',(-1.,0.,0.));
#6780 = DIRECTION('',(0.,0.,1.));
#6781 = ADVANCED_FACE('',(#6782),#6810,.T.);
#6782 = FACE_BOUND('',#6783,.T.);
#6783 = EDGE_LOOP('',(#6784,#6785,#6792,#6801,#6808,#6809));
#6784 = ORIENTED_EDGE('',*,*,#4448,.T.);
#6785 = ORIENTED_EDGE('',*,*,#6786,.F.);
#6786 = EDGE_CURVE('',#6787,#4438,#6789,.T.);
#6787 = VERTEX_POINT('',#6788);
#6788 = CARTESIAN_POINT('',(138.43,101.854,40.513));
#6789 = B_SPLINE_CURVE_WITH_KNOTS('',1,(#6790,#6791),.UNSPECIFIED.,.F.,
  .F.,(2,2),(0.,3.81),.PIECEWISE_BEZIER_KNOTS.);
#6790 = CARTESIAN_POINT('',(138.43,101.854,40.513));
#6791 = CARTESIAN_POINT('',(134.62,101.854,40.513));
#6792 = ORIENTED_EDGE('',*,*,#6793,.T.);
#6793 = EDGE_CURVE('',#6787,#6794,#6796,.T.);
#6794 = VERTEX_POINT('',#6795);
#6795 = CARTESIAN_POINT('',(138.43,101.854,34.163));
#6796 = CIRCLE('',#6797,3.175);
#6797 = AXIS2_PLACEMENT_3D('',#6798,#6799,#6800);
#6798 = CARTESIAN_POINT('',(138.43,101.854,37.338));
#6799 = DIRECTION('',(-1.,0.,0.));
#6800 = DIRECTION('',(0.,0.,1.));
#6801 = ORIENTED_EDGE('',*,*,#6802,.T.);
#6802 = EDGE_CURVE('',#6794,#6787,#6803,.T.);
#6803 = CIRCLE('',#6804,3.175);
#6804 = AXIS2_PLACEMENT_3D('',#6805,#6806,#6807);
#6805 = CARTESIAN_POINT('',(138.43,101.854,37.338));
#6806 = DIRECTION('',(-1.,0.,0.));
#6807 = DIRECTION('',(0.,0.,1.));
#6808 = ORIENTED_EDGE('',*,*,#6786,.T.);
#6809 = ORIENTED_EDGE('',*,*,#4437,.T.);
#6810 = CYLINDRICAL_SURFACE('',#6811,3.175);
#6811 = AXIS2_PLACEMENT_3D('',#6812,#6813,#6814);
#6812 = CARTESIAN_POINT('',(138.43,101.854,37.338));
#6813 = DIRECTION('',(-1.,0.,0.));
#6814 = DIRECTION('',(0.,0.,1.));
#6815 = ADVANCED_FACE('',(#6816,#6836),#6840,.F.);
#6816 = FACE_BOUND('',#6817,.T.);
#6817 = EDGE_LOOP('',(#6818,#6829));
#6818 = ORIENTED_EDGE('',*,*,#6819,.T.);
#6819 = EDGE_CURVE('',#6820,#6822,#6824,.T.);
#6820 = VERTEX_POINT('',#6821);
#6821 = CARTESIAN_POINT('',(138.43,101.854,39.0906));
#6822 = VERTEX_POINT('',#6823);
#6823 = CARTESIAN_POINT('',(138.43,101.854,35.5854));
#6824 = CIRCLE('',#6825,1.7526);
#6825 = AXIS2_PLACEMENT_3D('',#6826,#6827,#6828);
#6826 = CARTESIAN_POINT('',(138.43,101.854,37.338));
#6827 = DIRECTION('',(-1.,0.,0.));
#6828 = DIRECTION('',(0.,0.,1.));
#6829 = ORIENTED_EDGE('',*,*,#6830,.T.);
#6830 = EDGE_CURVE('',#6822,#6820,#6831,.T.);
#6831 = CIRCLE('',#6832,1.7526);
#6832 = AXIS2_PLACEMENT_3D('',#6833,#6834,#6835);
#6833 = CARTESIAN_POINT('',(138.43,101.854,37.338));
#6834 = DIRECTION('',(-1.,0.,0.));
#6835 = DIRECTION('',(0.,0.,1.));
#6836 = FACE_BOUND('',#6837,.T.);
#6837 = EDGE_LOOP('',(#6838,#6839));
#6838 = ORIENTED_EDGE('',*,*,#6793,.F.);
#6839 = ORIENTED_EDGE('',*,*,#6802,.F.);
#6840 = PLANE('',#6841);
#6841 = AXIS2_PLACEMENT_3D('',#6842,#6843,#6844);
#6842 = CARTESIAN_POINT('',(138.43,101.854,37.338));
#6843 = DIRECTION('',(-1.,0.,0.));
#6844 = DIRECTION('',(0.,0.,1.));
#6845 = ADVANCED_FACE('',(#6846),#6874,.T.);
#6846 = FACE_BOUND('',#6847,.T.);
#6847 = EDGE_LOOP('',(#6848,#6849,#6856,#6865,#6872,#6873));
#6848 = ORIENTED_EDGE('',*,*,#4468,.T.);
#6849 = ORIENTED_EDGE('',*,*,#6850,.F.);
#6850 = EDGE_CURVE('',#6851,#4458,#6853,.T.);
#6851 = VERTEX_POINT('',#6852);
#6852 = CARTESIAN_POINT('',(138.43,172.72,16.637));
#6853 = B_SPLINE_CURVE_WITH_KNOTS('',1,(#6854,#6855),.UNSPECIFIED.,.F.,
  .F.,(2,2),(0.,3.81),.PIECEWISE_BEZIER_KNOTS.);
#6854 = CARTESIAN_POINT('',(138.43,172.72,16.637));
#6855 = CARTESIAN_POINT('',(134.62,172.72,16.637));
#6856 = ORIENTED_EDGE('',*,*,#6857,.T.);
#6857 = EDGE_CURVE('',#6851,#6858,#6860,.T.);
#6858 = VERTEX_POINT('',#6859);
#6859 = CARTESIAN_POINT('',(138.43,172.72,10.287));
#6860 = CIRCLE('',#6861,3.175);
#6861 = AXIS2_PLACEMENT_3D('',#6862,#6863,#6864);
#6862 = CARTESIAN_POINT('',(138.43,172.72,13.462));
#6863 = DIRECTION('',(-1.,0.,0.));
#6864 = DIRECTION('',(0.,0.,1.));
#6865 = ORIENTED_EDGE('',*,*,#6866,.T.);
#6866 = EDGE_CURVE('',#6858,#6851,#6867,.T.);
#6867 = CIRCLE('',#6868,3.175);
#6868 = AXIS2_PLACEMENT_3D('',#6869,#6870,#6871);
#6869 = CARTESIAN_POINT('',(138.43,172.72,13.462));
#6870 = DIRECTION('',(-1.,0.,0.));
#6871 = DIRECTION('',(0.,0.,1.));
#6872 = ORIENTED_EDGE('',*,*,#6850,.T.);
#6873 = ORIENTED_EDGE('',*,*,#4457,.T.);
#6874 = CYLINDRICAL_SURFACE('',#6875,3.175);
#6875 = AXIS2_PLACEMENT_3D('',#6876,#6877,#6878);
#6876 = CARTESIAN_POINT('',(138.43,172.72,13.462));
#6877 = DIRECTION('',(-1.,0.,0.));
#6878 = DIRECTION('',(0.,0.,1.));
#6879 = ADVANCED_FACE('',(#6880,#6900),#6904,.F.);
#6880 = FACE_BOUND('',#6881,.T.);
#6881 = EDGE_LOOP('',(#6882,#6893));
#6882 = ORIENTED_EDGE('',*,*,#6883,.T.);
#6883 = EDGE_CURVE('',#6884,#6886,#6888,.T.);
#6884 = VERTEX_POINT('',#6885);
#6885 = CARTESIAN_POINT('',(138.43,172.72,15.2146));
#6886 = VERTEX_POINT('',#6887);
#6887 = CARTESIAN_POINT('',(138.43,172.72,11.7094));
#6888 = CIRCLE('',#6889,1.7526);
#6889 = AXIS2_PLACEMENT_3D('',#6890,#6891,#6892);
#6890 = CARTESIAN_POINT('',(138.43,172.72,13.462));
#6891 = DIRECTION('',(-1.,0.,0.));
#6892 = DIRECTION('',(0.,0.,1.));
#6893 = ORIENTED_EDGE('',*,*,#6894,.T.);
#6894 = EDGE_CURVE('',#6886,#6884,#6895,.T.);
#6895 = CIRCLE('',#6896,1.7526);
#6896 = AXIS2_PLACEMENT_3D('',#6897,#6898,#6899);
#6897 = CARTESIAN_POINT('',(138.43,172.72,13.462));
#6898 = DIRECTION('',(-1.,0.,0.));
#6899 = DIRECTION('',(0.,0.,1.));
#6900 = FACE_BOUND('',#6901,.T.);
#6901 = EDGE_LOOP('',(#6902,#6903));
#6902 = ORIENTED_EDGE('',*,*,#6857,.F.);
#6903 = ORIENTED_EDGE('',*,*,#6866,.F.);
#6904 = PLANE('',#6905);
#6905 = AXIS2_PLACEMENT_3D('',#6906,#6907,#6908);
#6906 = CARTESIAN_POINT('',(138.43,172.72,13.462));
#6907 = DIRECTION('',(-1.,0.,0.));
#6908 = DIRECTION('',(0.,0.,1.));
#6909 = ADVANCED_FACE('',(#6910),#6938,.T.);
#6910 = FACE_BOUND('',#6911,.T.);
#6911 = EDGE_LOOP('',(#6912,#6913,#6920,#6929,#6936,#6937));
#6912 = ORIENTED_EDGE('',*,*,#4488,.T.);
#6913 = ORIENTED_EDGE('',*,*,#6914,.F.);
#6914 = EDGE_CURVE('',#6915,#4478,#6917,.T.);
#6915 = VERTEX_POINT('',#6916);
#6916 = CARTESIAN_POINT('',(138.43,172.72,40.513));
#6917 = B_SPLINE_CURVE_WITH_KNOTS('',1,(#6918,#6919),.UNSPECIFIED.,.F.,
  .F.,(2,2),(0.,3.81),.PIECEWISE_BEZIER_KNOTS.);
#6918 = CARTESIAN_POINT('',(138.43,172.72,40.513));
#6919 = CARTESIAN_POINT('',(134.62,172.72,40.513));
#6920 = ORIENTED_EDGE('',*,*,#6921,.T.);
#6921 = EDGE_CURVE('',#6915,#6922,#6924,.T.);
#6922 = VERTEX_POINT('',#6923);
#6923 = CARTESIAN_POINT('',(138.43,172.72,34.163));
#6924 = CIRCLE('',#6925,3.175);
#6925 = AXIS2_PLACEMENT_3D('',#6926,#6927,#6928);
#6926 = CARTESIAN_POINT('',(138.43,172.72,37.338));
#6927 = DIRECTION('',(-1.,0.,0.));
#6928 = DIRECTION('',(0.,0.,1.));
#6929 = ORIENTED_EDGE('',*,*,#6930,.T.);
#6930 = EDGE_CURVE('',#6922,#6915,#6931,.T.);
#6931 = CIRCLE('',#6932,3.175);
#6932 = AXIS2_PLACEMENT_3D('',#6933,#6934,#6935);
#6933 = CARTESIAN_POINT('',(138.43,172.72,37.338));
#6934 = DIRECTION('',(-1.,0.,0.));
#6935 = DIRECTION('',(0.,0.,1.));
#6936 = ORIENTED_EDGE('',*,*,#6914,.T.);
#6937 = ORIENTED_EDGE('',*,*,#4477,.T.);
#6938 = CYLINDRICAL_SURFACE('',#6939,3.175);
#6939 = AXIS2_PLACEMENT_3D('',#6940,#6941,#6942);
#6940 = CARTESIAN_POINT('',(138.43,172.72,37.338));
#6941 = DIRECTION('',(-1.,0.,0.));
#6942 = DIRECTION('',(0.,0.,1.));
#6943 = ADVANCED_FACE('',(#6944,#6964),#6968,.F.);
#6944 = FACE_BOUND('',#6945,.T.);
#6945 = EDGE_LOOP('',(#6946,#6957));
#6946 = ORIENTED_EDGE('',*,*,#6947,.T.);
#6947 = EDGE_CURVE('',#6948,#6950,#6952,.T.);
#6948 = VERTEX_POINT('',#6949);
#6949 = CARTESIAN_POINT('',(138.43,172.72,39.0906));
#6950 = VERTEX_POINT('',#6951);
#6951 = CARTESIAN_POINT('',(138.43,172.72,35.5854));
#6952 = CIRCLE('',#6953,1.7526);
#6953 = AXIS2_PLACEMENT_3D('',#6954,#6955,#6956);
#6954 = CARTESIAN_POINT('',(138.43,172.72,37.338));
#6955 = DIRECTION('',(-1.,0.,0.));
#6956 = DIRECTION('',(0.,0.,1.));
#6957 = ORIENTED_EDGE('',*,*,#6958,.T.);
#6958 = EDGE_CURVE('',#6950,#6948,#6959,.T.);
#6959 = CIRCLE('',#6960,1.7526);
#6960 = AXIS2_PLACEMENT_3D('',#6961,#6962,#6963);
#6961 = CARTESIAN_POINT('',(138.43,172.72,37.338));
#6962 = DIRECTION('',(-1.,0.,0.));
#6963 = DIRECTION('',(0.,0.,1.));
#6964 = FACE_BOUND('',#6965,.T.);
#6965 = EDGE_LOOP('',(#6966,#6967));
#6966 = ORIENTED_EDGE('',*,*,#6921,.F.);
#6967 = ORIENTED_EDGE('',*,*,#6930,.F.);
#6968 = PLANE('',#6969);
#6969 = AXIS2_PLACEMENT_3D('',#6970,#6971,#6972);
#6970 = CARTESIAN_POINT('',(138.43,172.72,37.338));
#6971 = DIRECTION('',(-1.,0.,0.));
#6972 = DIRECTION('',(0.,0.,1.));
#6973 = ADVANCED_FACE('',(#6974),#7002,.F.);
#6974 = FACE_BOUND('',#6975,.F.);
#6975 = EDGE_LOOP('',(#6976,#6977,#6978,#6985,#6994,#7001));
#6976 = ORIENTED_EDGE('',*,*,#6755,.T.);
#6977 = ORIENTED_EDGE('',*,*,#6766,.T.);
#6978 = ORIENTED_EDGE('',*,*,#6979,.T.);
#6979 = EDGE_CURVE('',#6756,#6980,#6982,.T.);
#6980 = VERTEX_POINT('',#6981);
#6981 = CARTESIAN_POINT('',(134.62,101.854,15.2146));
#6982 = B_SPLINE_CURVE_WITH_KNOTS('',1,(#6983,#6984),.UNSPECIFIED.,.F.,
  .F.,(2,2),(0.,3.81),.PIECEWISE_BEZIER_KNOTS.);
#6983 = CARTESIAN_POINT('',(138.43,101.854,15.2146));
#6984 = CARTESIAN_POINT('',(134.62,101.854,15.2146));
#6985 = ORIENTED_EDGE('',*,*,#6986,.T.);
#6986 = EDGE_CURVE('',#6980,#6987,#6989,.T.);
#6987 = VERTEX_POINT('',#6988);
#6988 = CARTESIAN_POINT('',(134.62,101.854,11.7094));
#6989 = CIRCLE('',#6990,1.7526);
#6990 = AXIS2_PLACEMENT_3D('',#6991,#6992,#6993);
#6991 = CARTESIAN_POINT('',(134.62,101.854,13.462));
#6992 = DIRECTION('',(1.,0.,0.));
#6993 = DIRECTION('',(0.,0.,-1.));
#6994 = ORIENTED_EDGE('',*,*,#6995,.T.);
#6995 = EDGE_CURVE('',#6987,#6980,#6996,.T.);
#6996 = CIRCLE('',#6997,1.7526);
#6997 = AXIS2_PLACEMENT_3D('',#6998,#6999,#7000);
#6998 = CARTESIAN_POINT('',(134.62,101.854,13.462));
#6999 = DIRECTION('',(1.,0.,0.));
#7000 = DIRECTION('',(0.,0.,-1.));
#7001 = ORIENTED_EDGE('',*,*,#6979,.F.);
#7002 = CYLINDRICAL_SURFACE('',#7003,1.7526);
#7003 = AXIS2_PLACEMENT_3D('',#7004,#7005,#7006);
#7004 = CARTESIAN_POINT('',(138.43,101.854,13.462));
#7005 = DIRECTION('',(-1.,0.,0.));
#7006 = DIRECTION('',(0.,0.,1.));
#7007 = ADVANCED_FACE('',(#7008),#7012,.T.);
#7008 = FACE_BOUND('',#7009,.T.);
#7009 = EDGE_LOOP('',(#7010,#7011));
#7010 = ORIENTED_EDGE('',*,*,#6986,.T.);
#7011 = ORIENTED_EDGE('',*,*,#6995,.T.);
#7012 = PLANE('',#7013);
#7013 = AXIS2_PLACEMENT_3D('',#7014,#7015,#7016);
#7014 = CARTESIAN_POINT('',(134.62,228.6,50.8));
#7015 = DIRECTION('',(1.,0.,-0.));
#7016 = DIRECTION('',(-0.,0.,-1.));
#7017 = ADVANCED_FACE('',(#7018),#7046,.F.);
#7018 = FACE_BOUND('',#7019,.F.);
#7019 = EDGE_LOOP('',(#7020,#7021,#7022,#7029,#7038,#7045));
#7020 = ORIENTED_EDGE('',*,*,#6819,.T.);
#7021 = ORIENTED_EDGE('',*,*,#6830,.T.);
#7022 = ORIENTED_EDGE('',*,*,#7023,.T.);
#7023 = EDGE_CURVE('',#6820,#7024,#7026,.T.);
#7024 = VERTEX_POINT('',#7025);
#7025 = CARTESIAN_POINT('',(134.62,101.854,39.0906));
#7026 = B_SPLINE_CURVE_WITH_KNOTS('',1,(#7027,#7028),.UNSPECIFIED.,.F.,
  .F.,(2,2),(0.,3.81),.PIECEWISE_BEZIER_KNOTS.);
#7027 = CARTESIAN_POINT('',(138.43,101.854,39.0906));
#7028 = CARTESIAN_POINT('',(134.62,101.854,39.0906));
#7029 = ORIENTED_EDGE('',*,*,#7030,.T.);
#7030 = EDGE_CURVE('',#7024,#7031,#7033,.T.);
#7031 = VERTEX_POINT('',#7032);
#7032 = CARTESIAN_POINT('',(134.62,101.854,35.5854));
#7033 = CIRCLE('',#7034,1.7526);
#7034 = AXIS2_PLACEMENT_3D('',#7035,#7036,#7037);
#7035 = CARTESIAN_POINT('',(134.62,101.854,37.338));
#7036 = DIRECTION('',(1.,0.,0.));
#7037 = DIRECTION('',(0.,0.,-1.));
#7038 = ORIENTED_EDGE('',*,*,#7039,.T.);
#7039 = EDGE_CURVE('',#7031,#7024,#7040,.T.);
#7040 = CIRCLE('',#7041,1.7526);
#7041 = AXIS2_PLACEMENT_3D('',#7042,#7043,#7044);
#7042 = CARTESIAN_POINT('',(134.62,101.854,37.338));
#7043 = DIRECTION('',(1.,0.,0.));
#7044 = DIRECTION('',(0.,0.,-1.));
#7045 = ORIENTED_EDGE('',*,*,#7023,.F.);
#7046 = CYLINDRICAL_SURFACE('',#7047,1.7526);
#7047 = AXIS2_PLACEMENT_3D('',#7048,#7049,#7050);
#7048 = CARTESIAN_POINT('',(138.43,101.854,37.338));
#7049 = DIRECTION('',(-1.,0.,0.));
#7050 = DIRECTION('',(0.,0.,1.));
#7051 = ADVANCED_FACE('',(#7052),#7056,.T.);
#7052 = FACE_BOUND('',#7053,.T.);
#7053 = EDGE_LOOP('',(#7054,#7055));
#7054 = ORIENTED_EDGE('',*,*,#7030,.T.);
#7055 = ORIENTED_EDGE('',*,*,#7039,.T.);
#7056 = PLANE('',#7057);
#7057 = AXIS2_PLACEMENT_3D('',#7058,#7059,#7060);
#7058 = CARTESIAN_POINT('',(134.62,228.6,50.8));
#7059 = DIRECTION('',(1.,0.,-0.));
#7060 = DIRECTION('',(-0.,0.,-1.));
#7061 = ADVANCED_FACE('',(#7062),#7090,.F.);
#7062 = FACE_BOUND('',#7063,.F.);
#7063 = EDGE_LOOP('',(#7064,#7065,#7066,#7073,#7082,#7089));
#7064 = ORIENTED_EDGE('',*,*,#6883,.T.);
#7065 = ORIENTED_EDGE('',*,*,#6894,.T.);
#7066 = ORIENTED_EDGE('',*,*,#7067,.T.);
#7067 = EDGE_CURVE('',#6884,#7068,#7070,.T.);
#7068 = VERTEX_POINT('',#7069);
#7069 = CARTESIAN_POINT('',(134.62,172.72,15.2146));
#7070 = B_SPLINE_CURVE_WITH_KNOTS('',1,(#7071,#7072),.UNSPECIFIED.,.F.,
  .F.,(2,2),(0.,3.81),.PIECEWISE_BEZIER_KNOTS.);
#7071 = CARTESIAN_POINT('',(138.43,172.72,15.2146));
#7072 = CARTESIAN_POINT('',(134.62,172.72,15.2146));
#7073 = ORIENTED_EDGE('',*,*,#7074,.T.);
#7074 = EDGE_CURVE('',#7068,#7075,#7077,.T.);
#7075 = VERTEX_POINT('',#7076);
#7076 = CARTESIAN_POINT('',(134.62,172.72,11.7094));
#7077 = CIRCLE('',#7078,1.7526);
#7078 = AXIS2_PLACEMENT_3D('',#7079,#7080,#7081);
#7079 = CARTESIAN_POINT('',(134.62,172.72,13.462));
#7080 = DIRECTION('',(1.,0.,0.));
#7081 = DIRECTION('',(0.,0.,-1.));
#7082 = ORIENTED_EDGE('',*,*,#7083,.T.);
#7083 = EDGE_CURVE('',#7075,#7068,#7084,.T.);
#7084 = CIRCLE('',#7085,1.7526);
#7085 = AXIS2_PLACEMENT_3D('',#7086,#7087,#7088);
#7086 = CARTESIAN_POINT('',(134.62,172.72,13.462));
#7087 = DIRECTION('',(1.,0.,0.));
#7088 = DIRECTION('',(0.,0.,-1.));
#7089 = ORIENTED_EDGE('',*,*,#7067,.F.);
#7090 = CYLINDRICAL_SURFACE('',#7091,1.7526);
#7091 = AXIS2_PLACEMENT_3D('',#7092,#7093,#7094);
#7092 = CARTESIAN_POINT('',(138.43,172.72,13.462));
#7093 = DIRECTION('',(-1.,0.,0.));
#7094 = DIRECTION('',(0.,0.,1.));
#7095 = ADVANCED_FACE('',(#7096),#7100,.T.);
#7096 = FACE_BOUND('',#7097,.T.);
#7097 = EDGE_LOOP('',(#7098,#7099));
#7098 = ORIENTED_EDGE('',*,*,#7074,.T.);
#7099 = ORIENTED_EDGE('',*,*,#7083,.T.);
#7100 = PLANE('',#7101);
#7101 = AXIS2_PLACEMENT_3D('',#7102,#7103,#7104);
#7102 = CARTESIAN_POINT('',(134.62,228.6,50.8));
#7103 = DIRECTION('',(1.,0.,-0.));
#7104 = DIRECTION('',(-0.,0.,-1.));
#7105 = ADVANCED_FACE('',(#7106),#7134,.F.);
#7106 = FACE_BOUND('',#7107,.F.);
#7107 = EDGE_LOOP('',(#7108,#7109,#7110,#7117,#7126,#7133));
#7108 = ORIENTED_EDGE('',*,*,#6947,.T.);
#7109 = ORIENTED_EDGE('',*,*,#6958,.T.);
#7110 = ORIENTED_EDGE('',*,*,#7111,.T.);
#7111 = EDGE_CURVE('',#6948,#7112,#7114,.T.);
#7112 = VERTEX_POINT('',#7113);
#7113 = CARTESIAN_POINT('',(134.62,172.72,39.0906));
#7114 = B_SPLINE_CURVE_WITH_KNOTS('',1,(#7115,#7116),.UNSPECIFIED.,.F.,
  .F.,(2,2),(0.,3.81),.PIECEWISE_BEZIER_KNOTS.);
#7115 = CARTESIAN_POINT('',(138.43,172.72,39.0906));
#7116 = CARTESIAN_POINT('',(134.62,172.72,39.0906));
#7117 = ORIENTED_EDGE('',*,*,#7118,.T.);
#7118 = EDGE_CURVE('',#7112,#7119,#7121,.T.);
#7119 = VERTEX_POINT('',#7120);
#7120 = CARTESIAN_POINT('',(134.62,172.72,35.5854));
#7121 = CIRCLE('',#7122,1.7526);
#7122 = AXIS2_PLACEMENT_3D('',#7123,#7124,#7125);
#7123 = CARTESIAN_POINT('',(134.62,172.72,37.338));
#7124 = DIRECTION('',(1.,0.,0.));
#7125 = DIRECTION('',(0.,0.,-1.));
#7126 = ORIENTED_EDGE('',*,*,#7127,.T.);
#7127 = EDGE_CURVE('',#7119,#7112,#7128,.T.);
#7128 = CIRCLE('',#7129,1.7526);
#7129 = AXIS2_PLACEMENT_3D('',#7130,#7131,#7132);
#7130 = CARTESIAN_POINT('',(134.62,172.72,37.338));
#7131 = DIRECTION('',(1.,0.,0.));
#7132 = DIRECTION('',(0.,0.,-1.));
#7133 = ORIENTED_EDGE('',*,*,#7111,.F.);
#7134 = CYLINDRICAL_SURFACE('',#7135,1.7526);
#7135 = AXIS2_PLACEMENT_3D('',#7136,#7137,#7138);
#7136 = CARTESIAN_POINT('',(138.43,172.72,37.338));
#7137 = DIRECTION('',(-1.,0.,0.));
#7138 = DIRECTION('',(0.,0.,1.));
#7139 = ADVANCED_FACE('',(#7140),#7144,.T.);
#7140 = FACE_BOUND('',#7141,.T.);
#7141 = EDGE_LOOP('',(#7142,#7143));
#7142 = ORIENTED_EDGE('',*,*,#7118,.T.);
#7143 = ORIENTED_EDGE('',*,*,#7127,.T.);
#7144 = PLANE('',#7145);
#7145 = AXIS2_PLACEMENT_3D('',#7146,#7147,#7148);
#7146 = CARTESIAN_POINT('',(134.62,228.6,50.8));
#7147 = DIRECTION('',(1.,0.,-0.));
#7148 = DIRECTION('',(-0.,0.,-1.));
#7149 = ( GEOMETRIC_REPRESENTATION_CONTEXT(3) 
GLOBAL_UNCERTAINTY_ASSIGNED_CONTEXT((#7153)) 
GLOBAL_UNIT_ASSIGNED_CONTEXT((#7150,#7151,#7152)) REPRESENTATION_CONTEXT
('Context #1','3D Context with UNIT and UNCERTAINTY') );
#7150 = ( LENGTH_UNIT() NAMED_UNIT(*) SI_UNIT(.MILLI.,.METRE.) );
#7151 = ( NAMED_UNIT(*) PLANE_ANGLE_UNIT() SI_UNIT($,.RADIAN.) );
#7152 = ( NAMED_UNIT(*) SI_UNIT($,.STERADIAN.) SOLID_ANGLE_UNIT() );
#7153 = UNCERTAINTY_MEASURE_WITH_UNIT(LENGTH_MEASURE(5.E-06),#7150,
  'distance_accuracy_value','confusion accuracy');
#7154 = PRODUCT_RELATED_PRODUCT_CATEGORY('part',$,(#7));
ENDSEC;
END-ISO-10303-21;
