ISO-10303-21;
HEADER;
FILE_DESCRIPTION(('FreeCAD Model'),'2;1');
FILE_NAME('Open CASCADE Shape Model','2026-06-20T05:09:40',('FreeCAD'),(
    'FreeCAD'),'Open CASCADE STEP processor 7.8','FreeCAD','Unknown');
FILE_SCHEMA(('AUTOMOTIVE_DESIGN { 1 0 10303 214 1 1 1 1 }'));
ENDSEC;
DATA;
#1 = APPLICATION_PROTOCOL_DEFINITION('international standard',
  'automotive_design',2000,#2);
#2 = APPLICATION_CONTEXT(
  'core data for automotive mechanical design processes');
#3 = SHAPE_DEFINITION_REPRESENTATION(#4,#10);
#4 = PRODUCT_DEFINITION_SHAPE('','',#5);
#5 = PRODUCT_DEFINITION('design','',#6,#9);
#6 = PRODUCT_DEFINITION_FORMATION('','',#7);
#7 = PRODUCT('Open CASCADE STEP translator 7.8 1',
  'Open CASCADE STEP translator 7.8 1','',(#8));
#8 = PRODUCT_CONTEXT('',#2,'mechanical');
#9 = PRODUCT_DEFINITION_CONTEXT('part definition',#2,'design');
#10 = ADVANCED_BREP_SHAPE_REPRESENTATION('',(#11,#15),#9093);
#11 = AXIS2_PLACEMENT_3D('',#12,#13,#14);
#12 = CARTESIAN_POINT('',(0.,0.,0.));
#13 = DIRECTION('',(0.,0.,1.));
#14 = DIRECTION('',(1.,0.,-0.));
#15 = MANIFOLD_SOLID_BREP('',#16);
#16 = CLOSED_SHELL('',(#17,#59,#83,#207,#331,#353,#365,#387,#399,#421,
    #433,#455,#467,#614,#678,#859,#876,#1283,#1300,#1389,#1411,#1423,
    #1445,#1457,#1479,#1491,#1513,#1525,#1547,#1559,#1576,#1653,#3099,
    #3121,#3133,#3155,#3167,#3199,#3217,#3249,#3267,#3299,#3317,#3349,
    #3367,#3399,#3417,#4965,#5068,#5140,#5171,#5195,#5219,#5236,#5268,
    #5286,#5318,#5336,#5368,#5386,#5418,#5436,#5453,#5484,#5508,#5532,
    #5549,#5571,#5583,#5605,#5617,#5639,#5651,#5673,#5685,#5707,#5719,
    #5741,#5753,#5775,#5787,#5809,#5821,#5843,#5856,#5878,#5890,#5912,
    #5924,#5946,#5959,#5981,#5993,#6015,#6028,#6050,#6062,#6084,#6096,
    #6118,#6130,#6152,#6165,#6187,#6199,#6221,#6233,#6255,#6267,#6289,
    #6301,#6323,#6335,#6357,#6369,#6391,#6404,#6426,#6438,#6460,#6473,
    #6495,#6507,#6529,#6542,#6564,#6576,#6598,#6611,#6633,#6646,#6668,
    #6680,#6702,#6714,#6736,#6748,#6770,#6782,#6804,#6816,#6838,#6851,
    #6873,#6885,#6907,#6919,#6941,#6953,#6975,#6987,#7009,#7021,#7043,
    #7055,#7077,#7089,#7111,#7123,#7145,#7157,#7179,#7191,#7213,#7225,
    #7247,#7259,#7281,#7293,#7315,#7327,#7349,#7362,#7384,#7396,#7418,
    #7430,#7452,#7465,#7487,#7499,#7521,#7533,#7555,#7568,#7590,#7602,
    #7624,#7636,#7658,#7670,#7692,#7704,#7726,#7738,#7760,#7772,#7794,
    #7806,#7828,#7840,#7862,#7874,#7896,#7908,#7930,#7942,#7964,#7976,
    #7998,#8010,#8032,#8045,#8067,#8084,#8101,#8113,#8123,#8133,#8143,
    #8153,#8163,#8195,#8265,#8289,#8313,#8330,#8355,#8373,#8391,#8437,
    #8467,#8497,#8527,#8557,#8603,#8614,#8625,#8637,#8668,#8692,#8716,
    #8733,#8765,#8783,#8815,#8833,#8865,#8883,#8915,#8933,#8964,#8988,
    #9012,#9029,#9041,#9051,#9061,#9071,#9081));
#17 = ADVANCED_FACE('',(#18),#54,.F.);
#18 = FACE_BOUND('',#19,.F.);
#19 = EDGE_LOOP('',(#20,#30,#39,#47));
#20 = ORIENTED_EDGE('',*,*,#21,.T.);
#21 = EDGE_CURVE('',#22,#24,#26,.T.);
#22 = VERTEX_POINT('',#23);
#23 = CARTESIAN_POINT('',(7.62,60.05,40.21));
#24 = VERTEX_POINT('',#25);
#25 = CARTESIAN_POINT('',(0.,60.05,40.21));
#26 = LINE('',#27,#28);
#27 = CARTESIAN_POINT('',(37.318484809835,60.05,40.21));
#28 = VECTOR('',#29,1.);
#29 = DIRECTION('',(-1.,-5.463695987329E-16,-0.));
#30 = ORIENTED_EDGE('',*,*,#31,.F.);
#31 = EDGE_CURVE('',#32,#24,#34,.T.);
#32 = VERTEX_POINT('',#33);
#33 = CARTESIAN_POINT('',(0.,63.55,40.21));
#34 = CIRCLE('',#35,1.75);
#35 = AXIS2_PLACEMENT_3D('',#36,#37,#38);
#36 = CARTESIAN_POINT('',(0.,61.8,40.21));
#37 = DIRECTION('',(-1.,-5.463695987329E-16,0.));
#38 = DIRECTION('',(5.463695987329E-16,-1.,0.));
#39 = ORIENTED_EDGE('',*,*,#40,.F.);
#40 = EDGE_CURVE('',#41,#32,#43,.T.);
#41 = VERTEX_POINT('',#42);
#42 = CARTESIAN_POINT('',(7.62,63.55,40.21));
#43 = LINE('',#44,#45);
#44 = CARTESIAN_POINT('',(37.318484809835,63.55,40.21));
#45 = VECTOR('',#46,1.);
#46 = DIRECTION('',(-1.,-5.463695987329E-16,-0.));
#47 = ORIENTED_EDGE('',*,*,#48,.T.);
#48 = EDGE_CURVE('',#41,#22,#49,.T.);
#49 = CIRCLE('',#50,1.75);
#50 = AXIS2_PLACEMENT_3D('',#51,#52,#53);
#51 = CARTESIAN_POINT('',(7.62,61.8,40.21));
#52 = DIRECTION('',(-1.,-5.463695987329E-16,0.));
#53 = DIRECTION('',(-5.463695987329E-16,1.,0.));
#54 = CYLINDRICAL_SURFACE('',#55,1.75);
#55 = AXIS2_PLACEMENT_3D('',#56,#57,#58);
#56 = CARTESIAN_POINT('',(37.318484809835,61.8,40.21));
#57 = DIRECTION('',(-1.,-5.463695987329E-16,-0.));
#58 = DIRECTION('',(5.463695987329E-16,-1.,0.));
#59 = ADVANCED_FACE('',(#60),#78,.F.);
#60 = FACE_BOUND('',#61,.F.);
#61 = EDGE_LOOP('',(#62,#69,#70,#77));
#62 = ORIENTED_EDGE('',*,*,#63,.F.);
#63 = EDGE_CURVE('',#24,#32,#64,.T.);
#64 = CIRCLE('',#65,1.75);
#65 = AXIS2_PLACEMENT_3D('',#66,#67,#68);
#66 = CARTESIAN_POINT('',(0.,61.8,40.21));
#67 = DIRECTION('',(-1.,-5.463695987329E-16,0.));
#68 = DIRECTION('',(5.463695987329E-16,-1.,0.));
#69 = ORIENTED_EDGE('',*,*,#21,.F.);
#70 = ORIENTED_EDGE('',*,*,#71,.T.);
#71 = EDGE_CURVE('',#22,#41,#72,.T.);
#72 = CIRCLE('',#73,1.75);
#73 = AXIS2_PLACEMENT_3D('',#74,#75,#76);
#74 = CARTESIAN_POINT('',(7.62,61.8,40.21));
#75 = DIRECTION('',(-1.,-5.463695987329E-16,0.));
#76 = DIRECTION('',(-5.463695987329E-16,1.,0.));
#77 = ORIENTED_EDGE('',*,*,#40,.T.);
#78 = CYLINDRICAL_SURFACE('',#79,1.75);
#79 = AXIS2_PLACEMENT_3D('',#80,#81,#82);
#80 = CARTESIAN_POINT('',(37.318484809835,61.8,40.21));
#81 = DIRECTION('',(-1.,-5.463695987329E-16,-0.));
#82 = DIRECTION('',(5.463695987329E-16,-1.,0.));
#83 = ADVANCED_FACE('',(#84,#88,#108,#128,#148,#168),#202,.F.);
#84 = FACE_BOUND('',#85,.T.);
#85 = EDGE_LOOP('',(#86,#87));
#86 = ORIENTED_EDGE('',*,*,#63,.F.);
#87 = ORIENTED_EDGE('',*,*,#31,.F.);
#88 = FACE_BOUND('',#89,.T.);
#89 = EDGE_LOOP('',(#90,#101));
#90 = ORIENTED_EDGE('',*,*,#91,.F.);
#91 = EDGE_CURVE('',#92,#94,#96,.T.);
#92 = VERTEX_POINT('',#93);
#93 = CARTESIAN_POINT('',(5.684341886081E-14,38.05,18.21));
#94 = VERTEX_POINT('',#95);
#95 = CARTESIAN_POINT('',(5.684341886081E-14,41.55,18.21));
#96 = CIRCLE('',#97,1.75);
#97 = AXIS2_PLACEMENT_3D('',#98,#99,#100);
#98 = CARTESIAN_POINT('',(5.684341886081E-14,39.8,18.21));
#99 = DIRECTION('',(-1.,-5.463695987329E-16,0.));
#100 = DIRECTION('',(5.463695987329E-16,-1.,0.));
#101 = ORIENTED_EDGE('',*,*,#102,.F.);
#102 = EDGE_CURVE('',#94,#92,#103,.T.);
#103 = CIRCLE('',#104,1.75);
#104 = AXIS2_PLACEMENT_3D('',#105,#106,#107);
#105 = CARTESIAN_POINT('',(5.684341886081E-14,39.8,18.21));
#106 = DIRECTION('',(-1.,-5.463695987329E-16,0.));
#107 = DIRECTION('',(5.463695987329E-16,-1.,0.));
#108 = FACE_BOUND('',#109,.T.);
#109 = EDGE_LOOP('',(#110,#121));
#110 = ORIENTED_EDGE('',*,*,#111,.F.);
#111 = EDGE_CURVE('',#112,#114,#116,.T.);
#112 = VERTEX_POINT('',#113);
#113 = CARTESIAN_POINT('',(0.,40.3,29.21));
#114 = VERTEX_POINT('',#115);
#115 = CARTESIAN_POINT('',(0.,61.3,29.21));
#116 = CIRCLE('',#117,10.5);
#117 = AXIS2_PLACEMENT_3D('',#118,#119,#120);
#118 = CARTESIAN_POINT('',(0.,50.8,29.21));
#119 = DIRECTION('',(-1.,-5.463695987329E-16,0.));
#120 = DIRECTION('',(5.463695987329E-16,-1.,0.));
#121 = ORIENTED_EDGE('',*,*,#122,.F.);
#122 = EDGE_CURVE('',#114,#112,#123,.T.);
#123 = CIRCLE('',#124,10.5);
#124 = AXIS2_PLACEMENT_3D('',#125,#126,#127);
#125 = CARTESIAN_POINT('',(0.,50.8,29.21));
#126 = DIRECTION('',(-1.,-5.463695987329E-16,0.));
#127 = DIRECTION('',(5.463695987329E-16,-1.,0.));
#128 = FACE_BOUND('',#129,.T.);
#129 = EDGE_LOOP('',(#130,#141));
#130 = ORIENTED_EDGE('',*,*,#131,.F.);
#131 = EDGE_CURVE('',#132,#134,#136,.T.);
#132 = VERTEX_POINT('',#133);
#133 = CARTESIAN_POINT('',(5.684341886081E-14,38.05,40.21));
#134 = VERTEX_POINT('',#135);
#135 = CARTESIAN_POINT('',(5.684341886081E-14,41.55,40.21));
#136 = CIRCLE('',#137,1.75);
#137 = AXIS2_PLACEMENT_3D('',#138,#139,#140);
#138 = CARTESIAN_POINT('',(5.684341886081E-14,39.8,40.21));
#139 = DIRECTION('',(-1.,-5.463695987329E-16,0.));
#140 = DIRECTION('',(5.463695987329E-16,-1.,0.));
#141 = ORIENTED_EDGE('',*,*,#142,.F.);
#142 = EDGE_CURVE('',#134,#132,#143,.T.);
#143 = CIRCLE('',#144,1.75);
#144 = AXIS2_PLACEMENT_3D('',#145,#146,#147);
#145 = CARTESIAN_POINT('',(5.684341886081E-14,39.8,40.21));
#146 = DIRECTION('',(-1.,-5.463695987329E-16,0.));
#147 = DIRECTION('',(5.463695987329E-16,-1.,0.));
#148 = FACE_BOUND('',#149,.T.);
#149 = EDGE_LOOP('',(#150,#161));
#150 = ORIENTED_EDGE('',*,*,#151,.F.);
#151 = EDGE_CURVE('',#152,#154,#156,.T.);
#152 = VERTEX_POINT('',#153);
#153 = CARTESIAN_POINT('',(0.,60.05,18.21));
#154 = VERTEX_POINT('',#155);
#155 = CARTESIAN_POINT('',(0.,63.55,18.21));
#156 = CIRCLE('',#157,1.75);
#157 = AXIS2_PLACEMENT_3D('',#158,#159,#160);
#158 = CARTESIAN_POINT('',(0.,61.8,18.21));
#159 = DIRECTION('',(-1.,-5.463695987329E-16,0.));
#160 = DIRECTION('',(5.463695987329E-16,-1.,0.));
#161 = ORIENTED_EDGE('',*,*,#162,.F.);
#162 = EDGE_CURVE('',#154,#152,#163,.T.);
#163 = CIRCLE('',#164,1.75);
#164 = AXIS2_PLACEMENT_3D('',#165,#166,#167);
#165 = CARTESIAN_POINT('',(0.,61.8,18.21));
#166 = DIRECTION('',(-1.,-5.463695987329E-16,0.));
#167 = DIRECTION('',(5.463695987329E-16,-1.,0.));
#168 = FACE_BOUND('',#169,.T.);
#169 = EDGE_LOOP('',(#170,#180,#188,#196));
#170 = ORIENTED_EDGE('',*,*,#171,.T.);
#171 = EDGE_CURVE('',#172,#174,#176,.T.);
#172 = VERTEX_POINT('',#173);
#173 = CARTESIAN_POINT('',(0.,101.6,0.));
#174 = VERTEX_POINT('',#175);
#175 = CARTESIAN_POINT('',(5.684341886081E-14,0.,0.));
#176 = LINE('',#177,#178);
#177 = CARTESIAN_POINT('',(0.,101.6,0.));
#178 = VECTOR('',#179,1.);
#179 = DIRECTION('',(5.463695987329E-16,-1.,0.));
#180 = ORIENTED_EDGE('',*,*,#181,.F.);
#181 = EDGE_CURVE('',#182,#174,#184,.T.);
#182 = VERTEX_POINT('',#183);
#183 = CARTESIAN_POINT('',(5.684341886081E-14,0.,50.8));
#184 = LINE('',#185,#186);
#185 = CARTESIAN_POINT('',(5.684341886081E-14,0.,50.8));
#186 = VECTOR('',#187,1.);
#187 = DIRECTION('',(-0.,-0.,-1.));
#188 = ORIENTED_EDGE('',*,*,#189,.F.);
#189 = EDGE_CURVE('',#190,#182,#192,.T.);
#190 = VERTEX_POINT('',#191);
#191 = CARTESIAN_POINT('',(0.,101.6,50.8));
#192 = LINE('',#193,#194);
#193 = CARTESIAN_POINT('',(0.,101.6,50.8));
#194 = VECTOR('',#195,1.);
#195 = DIRECTION('',(5.463695987329E-16,-1.,0.));
#196 = ORIENTED_EDGE('',*,*,#197,.T.);
#197 = EDGE_CURVE('',#190,#172,#198,.T.);
#198 = LINE('',#199,#200);
#199 = CARTESIAN_POINT('',(0.,101.6,50.8));
#200 = VECTOR('',#201,1.);
#201 = DIRECTION('',(-0.,-0.,-1.));
#202 = PLANE('',#203);
#203 = AXIS2_PLACEMENT_3D('',#204,#205,#206);
#204 = CARTESIAN_POINT('',(0.,101.6,50.8));
#205 = DIRECTION('',(1.,5.463695987329E-16,-0.));
#206 = DIRECTION('',(-5.463695987329E-16,1.,0.));
#207 = ADVANCED_FACE('',(#208,#212,#232,#252,#272,#292),#326,.T.);
#208 = FACE_BOUND('',#209,.T.);
#209 = EDGE_LOOP('',(#210,#211));
#210 = ORIENTED_EDGE('',*,*,#71,.T.);
#211 = ORIENTED_EDGE('',*,*,#48,.T.);
#212 = FACE_BOUND('',#213,.T.);
#213 = EDGE_LOOP('',(#214,#225));
#214 = ORIENTED_EDGE('',*,*,#215,.T.);
#215 = EDGE_CURVE('',#216,#218,#220,.T.);
#216 = VERTEX_POINT('',#217);
#217 = CARTESIAN_POINT('',(7.62,38.05,18.21));
#218 = VERTEX_POINT('',#219);
#219 = CARTESIAN_POINT('',(7.62,41.55,18.21));
#220 = CIRCLE('',#221,1.75);
#221 = AXIS2_PLACEMENT_3D('',#222,#223,#224);
#222 = CARTESIAN_POINT('',(7.62,39.8,18.21));
#223 = DIRECTION('',(-1.,-5.463695987329E-16,0.));
#224 = DIRECTION('',(-5.463695987329E-16,1.,0.));
#225 = ORIENTED_EDGE('',*,*,#226,.T.);
#226 = EDGE_CURVE('',#218,#216,#227,.T.);
#227 = CIRCLE('',#228,1.75);
#228 = AXIS2_PLACEMENT_3D('',#229,#230,#231);
#229 = CARTESIAN_POINT('',(7.62,39.8,18.21));
#230 = DIRECTION('',(-1.,-5.463695987329E-16,0.));
#231 = DIRECTION('',(-5.463695987329E-16,1.,0.));
#232 = FACE_BOUND('',#233,.T.);
#233 = EDGE_LOOP('',(#234,#245));
#234 = ORIENTED_EDGE('',*,*,#235,.T.);
#235 = EDGE_CURVE('',#236,#238,#240,.T.);
#236 = VERTEX_POINT('',#237);
#237 = CARTESIAN_POINT('',(7.62,40.3,29.21));
#238 = VERTEX_POINT('',#239);
#239 = CARTESIAN_POINT('',(7.62,61.3,29.21));
#240 = CIRCLE('',#241,10.5);
#241 = AXIS2_PLACEMENT_3D('',#242,#243,#244);
#242 = CARTESIAN_POINT('',(7.62,50.8,29.21));
#243 = DIRECTION('',(-1.,-5.463695987329E-16,0.));
#244 = DIRECTION('',(-5.463695987329E-16,1.,0.));
#245 = ORIENTED_EDGE('',*,*,#246,.T.);
#246 = EDGE_CURVE('',#238,#236,#247,.T.);
#247 = CIRCLE('',#248,10.5);
#248 = AXIS2_PLACEMENT_3D('',#249,#250,#251);
#249 = CARTESIAN_POINT('',(7.62,50.8,29.21));
#250 = DIRECTION('',(-1.,-5.463695987329E-16,0.));
#251 = DIRECTION('',(-5.463695987329E-16,1.,0.));
#252 = FACE_BOUND('',#253,.T.);
#253 = EDGE_LOOP('',(#254,#265));
#254 = ORIENTED_EDGE('',*,*,#255,.T.);
#255 = EDGE_CURVE('',#256,#258,#260,.T.);
#256 = VERTEX_POINT('',#257);
#257 = CARTESIAN_POINT('',(7.62,38.05,40.21));
#258 = VERTEX_POINT('',#259);
#259 = CARTESIAN_POINT('',(7.62,41.55,40.21));
#260 = CIRCLE('',#261,1.75);
#261 = AXIS2_PLACEMENT_3D('',#262,#263,#264);
#262 = CARTESIAN_POINT('',(7.62,39.8,40.21));
#263 = DIRECTION('',(-1.,-5.463695987329E-16,0.));
#264 = DIRECTION('',(-5.463695987329E-16,1.,0.));
#265 = ORIENTED_EDGE('',*,*,#266,.T.);
#266 = EDGE_CURVE('',#258,#256,#267,.T.);
#267 = CIRCLE('',#268,1.75);
#268 = AXIS2_PLACEMENT_3D('',#269,#270,#271);
#269 = CARTESIAN_POINT('',(7.62,39.8,40.21));
#270 = DIRECTION('',(-1.,-5.463695987329E-16,0.));
#271 = DIRECTION('',(-5.463695987329E-16,1.,0.));
#272 = FACE_BOUND('',#273,.T.);
#273 = EDGE_LOOP('',(#274,#285));
#274 = ORIENTED_EDGE('',*,*,#275,.T.);
#275 = EDGE_CURVE('',#276,#278,#280,.T.);
#276 = VERTEX_POINT('',#277);
#277 = CARTESIAN_POINT('',(7.62,60.05,18.21));
#278 = VERTEX_POINT('',#279);
#279 = CARTESIAN_POINT('',(7.62,63.55,18.21));
#280 = CIRCLE('',#281,1.75);
#281 = AXIS2_PLACEMENT_3D('',#282,#283,#284);
#282 = CARTESIAN_POINT('',(7.62,61.8,18.21));
#283 = DIRECTION('',(-1.,-5.463695987329E-16,0.));
#284 = DIRECTION('',(-5.463695987329E-16,1.,0.));
#285 = ORIENTED_EDGE('',*,*,#286,.T.);
#286 = EDGE_CURVE('',#278,#276,#287,.T.);
#287 = CIRCLE('',#288,1.75);
#288 = AXIS2_PLACEMENT_3D('',#289,#290,#291);
#289 = CARTESIAN_POINT('',(7.62,61.8,18.21));
#290 = DIRECTION('',(-1.,-5.463695987329E-16,0.));
#291 = DIRECTION('',(-5.463695987329E-16,1.,0.));
#292 = FACE_BOUND('',#293,.T.);
#293 = EDGE_LOOP('',(#294,#304,#312,#320));
#294 = ORIENTED_EDGE('',*,*,#295,.F.);
#295 = EDGE_CURVE('',#296,#298,#300,.T.);
#296 = VERTEX_POINT('',#297);
#297 = CARTESIAN_POINT('',(7.62,93.98,7.62));
#298 = VERTEX_POINT('',#299);
#299 = CARTESIAN_POINT('',(7.62,7.62,7.62));
#300 = LINE('',#301,#302);
#301 = CARTESIAN_POINT('',(7.62,101.6,7.62));
#302 = VECTOR('',#303,1.);
#303 = DIRECTION('',(5.463695987329E-16,-1.,0.));
#304 = ORIENTED_EDGE('',*,*,#305,.F.);
#305 = EDGE_CURVE('',#306,#296,#308,.T.);
#306 = VERTEX_POINT('',#307);
#307 = CARTESIAN_POINT('',(7.62,93.98,50.8));
#308 = LINE('',#309,#310);
#309 = CARTESIAN_POINT('',(7.62,93.98,50.8));
#310 = VECTOR('',#311,1.);
#311 = DIRECTION('',(0.,0.,-1.));
#312 = ORIENTED_EDGE('',*,*,#313,.T.);
#313 = EDGE_CURVE('',#306,#314,#316,.T.);
#314 = VERTEX_POINT('',#315);
#315 = CARTESIAN_POINT('',(7.62,7.62,50.8));
#316 = LINE('',#317,#318);
#317 = CARTESIAN_POINT('',(7.62,101.6,50.8));
#318 = VECTOR('',#319,1.);
#319 = DIRECTION('',(5.463695987329E-16,-1.,0.));
#320 = ORIENTED_EDGE('',*,*,#321,.T.);
#321 = EDGE_CURVE('',#314,#298,#322,.T.);
#322 = LINE('',#323,#324);
#323 = CARTESIAN_POINT('',(7.62,7.62,50.8));
#324 = VECTOR('',#325,1.);
#325 = DIRECTION('',(-0.,0.,-1.));
#326 = PLANE('',#327);
#327 = AXIS2_PLACEMENT_3D('',#328,#329,#330);
#328 = CARTESIAN_POINT('',(7.62,101.6,50.8));
#329 = DIRECTION('',(1.,5.463695987329E-16,-0.));
#330 = DIRECTION('',(-5.463695987329E-16,1.,0.));
#331 = ADVANCED_FACE('',(#332),#348,.F.);
#332 = FACE_BOUND('',#333,.F.);
#333 = EDGE_LOOP('',(#334,#335,#341,#342));
#334 = ORIENTED_EDGE('',*,*,#91,.F.);
#335 = ORIENTED_EDGE('',*,*,#336,.F.);
#336 = EDGE_CURVE('',#216,#92,#337,.T.);
#337 = LINE('',#338,#339);
#338 = CARTESIAN_POINT('',(37.318484809835,38.05,18.21));
#339 = VECTOR('',#340,1.);
#340 = DIRECTION('',(-1.,-5.463695987329E-16,-0.));
#341 = ORIENTED_EDGE('',*,*,#215,.T.);
#342 = ORIENTED_EDGE('',*,*,#343,.T.);
#343 = EDGE_CURVE('',#218,#94,#344,.T.);
#344 = LINE('',#345,#346);
#345 = CARTESIAN_POINT('',(37.318484809835,41.55,18.21));
#346 = VECTOR('',#347,1.);
#347 = DIRECTION('',(-1.,-5.463695987329E-16,-0.));
#348 = CYLINDRICAL_SURFACE('',#349,1.75);
#349 = AXIS2_PLACEMENT_3D('',#350,#351,#352);
#350 = CARTESIAN_POINT('',(37.318484809835,39.8,18.21));
#351 = DIRECTION('',(-1.,-5.463695987329E-16,-0.));
#352 = DIRECTION('',(5.463695987329E-16,-1.,0.));
#353 = ADVANCED_FACE('',(#354),#360,.F.);
#354 = FACE_BOUND('',#355,.F.);
#355 = EDGE_LOOP('',(#356,#357,#358,#359));
#356 = ORIENTED_EDGE('',*,*,#336,.T.);
#357 = ORIENTED_EDGE('',*,*,#102,.F.);
#358 = ORIENTED_EDGE('',*,*,#343,.F.);
#359 = ORIENTED_EDGE('',*,*,#226,.T.);
#360 = CYLINDRICAL_SURFACE('',#361,1.75);
#361 = AXIS2_PLACEMENT_3D('',#362,#363,#364);
#362 = CARTESIAN_POINT('',(37.318484809835,39.8,18.21));
#363 = DIRECTION('',(-1.,-5.463695987329E-16,-0.));
#364 = DIRECTION('',(5.463695987329E-16,-1.,0.));
#365 = ADVANCED_FACE('',(#366),#382,.F.);
#366 = FACE_BOUND('',#367,.F.);
#367 = EDGE_LOOP('',(#368,#369,#375,#376));
#368 = ORIENTED_EDGE('',*,*,#111,.F.);
#369 = ORIENTED_EDGE('',*,*,#370,.F.);
#370 = EDGE_CURVE('',#236,#112,#371,.T.);
#371 = LINE('',#372,#373);
#372 = CARTESIAN_POINT('',(37.318484809835,40.3,29.21));
#373 = VECTOR('',#374,1.);
#374 = DIRECTION('',(-1.,-5.463695987329E-16,-0.));
#375 = ORIENTED_EDGE('',*,*,#235,.T.);
#376 = ORIENTED_EDGE('',*,*,#377,.T.);
#377 = EDGE_CURVE('',#238,#114,#378,.T.);
#378 = LINE('',#379,#380);
#379 = CARTESIAN_POINT('',(37.318484809835,61.3,29.21));
#380 = VECTOR('',#381,1.);
#381 = DIRECTION('',(-1.,-5.463695987329E-16,-0.));
#382 = CYLINDRICAL_SURFACE('',#383,10.5);
#383 = AXIS2_PLACEMENT_3D('',#384,#385,#386);
#384 = CARTESIAN_POINT('',(37.318484809835,50.8,29.21));
#385 = DIRECTION('',(-1.,-5.463695987329E-16,-0.));
#386 = DIRECTION('',(5.463695987329E-16,-1.,0.));
#387 = ADVANCED_FACE('',(#388),#394,.F.);
#388 = FACE_BOUND('',#389,.F.);
#389 = EDGE_LOOP('',(#390,#391,#392,#393));
#390 = ORIENTED_EDGE('',*,*,#370,.T.);
#391 = ORIENTED_EDGE('',*,*,#122,.F.);
#392 = ORIENTED_EDGE('',*,*,#377,.F.);
#393 = ORIENTED_EDGE('',*,*,#246,.T.);
#394 = CYLINDRICAL_SURFACE('',#395,10.5);
#395 = AXIS2_PLACEMENT_3D('',#396,#397,#398);
#396 = CARTESIAN_POINT('',(37.318484809835,50.8,29.21));
#397 = DIRECTION('',(-1.,-5.463695987329E-16,-0.));
#398 = DIRECTION('',(5.463695987329E-16,-1.,0.));
#399 = ADVANCED_FACE('',(#400),#416,.F.);
#400 = FACE_BOUND('',#401,.F.);
#401 = EDGE_LOOP('',(#402,#403,#409,#410));
#402 = ORIENTED_EDGE('',*,*,#131,.F.);
#403 = ORIENTED_EDGE('',*,*,#404,.F.);
#404 = EDGE_CURVE('',#256,#132,#405,.T.);
#405 = LINE('',#406,#407);
#406 = CARTESIAN_POINT('',(37.318484809835,38.05,40.21));
#407 = VECTOR('',#408,1.);
#408 = DIRECTION('',(-1.,-5.463695987329E-16,-0.));
#409 = ORIENTED_EDGE('',*,*,#255,.T.);
#410 = ORIENTED_EDGE('',*,*,#411,.T.);
#411 = EDGE_CURVE('',#258,#134,#412,.T.);
#412 = LINE('',#413,#414);
#413 = CARTESIAN_POINT('',(37.318484809835,41.55,40.21));
#414 = VECTOR('',#415,1.);
#415 = DIRECTION('',(-1.,-5.463695987329E-16,-0.));
#416 = CYLINDRICAL_SURFACE('',#417,1.75);
#417 = AXIS2_PLACEMENT_3D('',#418,#419,#420);
#418 = CARTESIAN_POINT('',(37.318484809835,39.8,40.21));
#419 = DIRECTION('',(-1.,-5.463695987329E-16,-0.));
#420 = DIRECTION('',(5.463695987329E-16,-1.,0.));
#421 = ADVANCED_FACE('',(#422),#428,.F.);
#422 = FACE_BOUND('',#423,.F.);
#423 = EDGE_LOOP('',(#424,#425,#426,#427));
#424 = ORIENTED_EDGE('',*,*,#404,.T.);
#425 = ORIENTED_EDGE('',*,*,#142,.F.);
#426 = ORIENTED_EDGE('',*,*,#411,.F.);
#427 = ORIENTED_EDGE('',*,*,#266,.T.);
#428 = CYLINDRICAL_SURFACE('',#429,1.75);
#429 = AXIS2_PLACEMENT_3D('',#430,#431,#432);
#430 = CARTESIAN_POINT('',(37.318484809835,39.8,40.21));
#431 = DIRECTION('',(-1.,-5.463695987329E-16,-0.));
#432 = DIRECTION('',(5.463695987329E-16,-1.,0.));
#433 = ADVANCED_FACE('',(#434),#450,.F.);
#434 = FACE_BOUND('',#435,.F.);
#435 = EDGE_LOOP('',(#436,#437,#443,#444));
#436 = ORIENTED_EDGE('',*,*,#151,.F.);
#437 = ORIENTED_EDGE('',*,*,#438,.F.);
#438 = EDGE_CURVE('',#276,#152,#439,.T.);
#439 = LINE('',#440,#441);
#440 = CARTESIAN_POINT('',(37.318484809835,60.05,18.21));
#441 = VECTOR('',#442,1.);
#442 = DIRECTION('',(-1.,-5.463695987329E-16,-0.));
#443 = ORIENTED_EDGE('',*,*,#275,.T.);
#444 = ORIENTED_EDGE('',*,*,#445,.T.);
#445 = EDGE_CURVE('',#278,#154,#446,.T.);
#446 = LINE('',#447,#448);
#447 = CARTESIAN_POINT('',(37.318484809835,63.55,18.21));
#448 = VECTOR('',#449,1.);
#449 = DIRECTION('',(-1.,-5.463695987329E-16,-0.));
#450 = CYLINDRICAL_SURFACE('',#451,1.75);
#451 = AXIS2_PLACEMENT_3D('',#452,#453,#454);
#452 = CARTESIAN_POINT('',(37.318484809835,61.8,18.21));
#453 = DIRECTION('',(-1.,-5.463695987329E-16,-0.));
#454 = DIRECTION('',(5.463695987329E-16,-1.,0.));
#455 = ADVANCED_FACE('',(#456),#462,.F.);
#456 = FACE_BOUND('',#457,.F.);
#457 = EDGE_LOOP('',(#458,#459,#460,#461));
#458 = ORIENTED_EDGE('',*,*,#438,.T.);
#459 = ORIENTED_EDGE('',*,*,#162,.F.);
#460 = ORIENTED_EDGE('',*,*,#445,.F.);
#461 = ORIENTED_EDGE('',*,*,#286,.T.);
#462 = CYLINDRICAL_SURFACE('',#463,1.75);
#463 = AXIS2_PLACEMENT_3D('',#464,#465,#466);
#464 = CARTESIAN_POINT('',(37.318484809835,61.8,18.21));
#465 = DIRECTION('',(-1.,-5.463695987329E-16,-0.));
#466 = DIRECTION('',(5.463695987329E-16,-1.,0.));
#467 = ADVANCED_FACE('',(#468,#488,#508,#528,#548,#568),#609,.F.);
#468 = FACE_BOUND('',#469,.T.);
#469 = EDGE_LOOP('',(#470,#481));
#470 = ORIENTED_EDGE('',*,*,#471,.T.);
#471 = EDGE_CURVE('',#472,#474,#476,.T.);
#472 = VERTEX_POINT('',#473);
#473 = CARTESIAN_POINT('',(17.0815,87.63,0.));
#474 = VERTEX_POINT('',#475);
#475 = CARTESIAN_POINT('',(10.8585,87.63,0.));
#476 = CIRCLE('',#477,3.1115);
#477 = AXIS2_PLACEMENT_3D('',#478,#479,#480);
#478 = CARTESIAN_POINT('',(13.97,87.63,0.));
#479 = DIRECTION('',(0.,0.,1.));
#480 = DIRECTION('',(1.,0.,-0.));
#481 = ORIENTED_EDGE('',*,*,#482,.T.);
#482 = EDGE_CURVE('',#474,#472,#483,.T.);
#483 = CIRCLE('',#484,3.1115);
#484 = AXIS2_PLACEMENT_3D('',#485,#486,#487);
#485 = CARTESIAN_POINT('',(13.97,87.63,0.));
#486 = DIRECTION('',(0.,0.,1.));
#487 = DIRECTION('',(1.,0.,-0.));
#488 = FACE_BOUND('',#489,.T.);
#489 = EDGE_LOOP('',(#490,#501));
#490 = ORIENTED_EDGE('',*,*,#491,.T.);
#491 = EDGE_CURVE('',#492,#494,#496,.T.);
#492 = VERTEX_POINT('',#493);
#493 = CARTESIAN_POINT('',(17.0815,13.97,0.));
#494 = VERTEX_POINT('',#495);
#495 = CARTESIAN_POINT('',(10.8585,13.97,0.));
#496 = CIRCLE('',#497,3.1115);
#497 = AXIS2_PLACEMENT_3D('',#498,#499,#500);
#498 = CARTESIAN_POINT('',(13.97,13.97,0.));
#499 = DIRECTION('',(0.,0.,1.));
#500 = DIRECTION('',(1.,0.,-0.));
#501 = ORIENTED_EDGE('',*,*,#502,.T.);
#502 = EDGE_CURVE('',#494,#492,#503,.T.);
#503 = CIRCLE('',#504,3.1115);
#504 = AXIS2_PLACEMENT_3D('',#505,#506,#507);
#505 = CARTESIAN_POINT('',(13.97,13.97,0.));
#506 = DIRECTION('',(0.,0.,1.));
#507 = DIRECTION('',(1.,0.,-0.));
#508 = FACE_BOUND('',#509,.T.);
#509 = EDGE_LOOP('',(#510,#521));
#510 = ORIENTED_EDGE('',*,*,#511,.T.);
#511 = EDGE_CURVE('',#512,#514,#516,.T.);
#512 = VERTEX_POINT('',#513);
#513 = CARTESIAN_POINT('',(217.7415,13.97,0.));
#514 = VERTEX_POINT('',#515);
#515 = CARTESIAN_POINT('',(211.5185,13.97,0.));
#516 = CIRCLE('',#517,3.1115);
#517 = AXIS2_PLACEMENT_3D('',#518,#519,#520);
#518 = CARTESIAN_POINT('',(214.63,13.97,0.));
#519 = DIRECTION('',(0.,0.,1.));
#520 = DIRECTION('',(1.,0.,-0.));
#521 = ORIENTED_EDGE('',*,*,#522,.T.);
#522 = EDGE_CURVE('',#514,#512,#523,.T.);
#523 = CIRCLE('',#524,3.1115);
#524 = AXIS2_PLACEMENT_3D('',#525,#526,#527);
#525 = CARTESIAN_POINT('',(214.63,13.97,0.));
#526 = DIRECTION('',(0.,0.,1.));
#527 = DIRECTION('',(1.,0.,-0.));
#528 = FACE_BOUND('',#529,.T.);
#529 = EDGE_LOOP('',(#530,#541));
#530 = ORIENTED_EDGE('',*,*,#531,.T.);
#531 = EDGE_CURVE('',#532,#534,#536,.T.);
#532 = VERTEX_POINT('',#533);
#533 = CARTESIAN_POINT('',(144.0815,214.63,0.));
#534 = VERTEX_POINT('',#535);
#535 = CARTESIAN_POINT('',(137.8585,214.63,0.));
#536 = CIRCLE('',#537,3.1115);
#537 = AXIS2_PLACEMENT_3D('',#538,#539,#540);
#538 = CARTESIAN_POINT('',(140.97,214.63,0.));
#539 = DIRECTION('',(0.,0.,1.));
#540 = DIRECTION('',(1.,0.,-0.));
#541 = ORIENTED_EDGE('',*,*,#542,.T.);
#542 = EDGE_CURVE('',#534,#532,#543,.T.);
#543 = CIRCLE('',#544,3.1115);
#544 = AXIS2_PLACEMENT_3D('',#545,#546,#547);
#545 = CARTESIAN_POINT('',(140.97,214.63,0.));
#546 = DIRECTION('',(0.,0.,1.));
#547 = DIRECTION('',(1.,0.,-0.));
#548 = FACE_BOUND('',#549,.T.);
#549 = EDGE_LOOP('',(#550,#561));
#550 = ORIENTED_EDGE('',*,*,#551,.T.);
#551 = EDGE_CURVE('',#552,#554,#556,.T.);
#552 = VERTEX_POINT('',#553);
#553 = CARTESIAN_POINT('',(217.7415,214.63,0.));
#554 = VERTEX_POINT('',#555);
#555 = CARTESIAN_POINT('',(211.5185,214.63,0.));
#556 = CIRCLE('',#557,3.1115);
#557 = AXIS2_PLACEMENT_3D('',#558,#559,#560);
#558 = CARTESIAN_POINT('',(214.63,214.63,0.));
#559 = DIRECTION('',(0.,0.,1.));
#560 = DIRECTION('',(1.,0.,-0.));
#561 = ORIENTED_EDGE('',*,*,#562,.T.);
#562 = EDGE_CURVE('',#554,#552,#563,.T.);
#563 = CIRCLE('',#564,3.1115);
#564 = AXIS2_PLACEMENT_3D('',#565,#566,#567);
#565 = CARTESIAN_POINT('',(214.63,214.63,0.));
#566 = DIRECTION('',(0.,0.,1.));
#567 = DIRECTION('',(1.,0.,-0.));
#568 = FACE_BOUND('',#569,.T.);
#569 = EDGE_LOOP('',(#570,#580,#588,#596,#602,#603));
#570 = ORIENTED_EDGE('',*,*,#571,.F.);
#571 = EDGE_CURVE('',#572,#574,#576,.T.);
#572 = VERTEX_POINT('',#573);
#573 = CARTESIAN_POINT('',(127.,223.52,0.));
#574 = VERTEX_POINT('',#575);
#575 = CARTESIAN_POINT('',(127.,101.6,0.));
#576 = LINE('',#577,#578);
#577 = CARTESIAN_POINT('',(127.,228.6,0.));
#578 = VECTOR('',#579,1.);
#579 = DIRECTION('',(0.,-1.,0.));
#580 = ORIENTED_EDGE('',*,*,#581,.T.);
#581 = EDGE_CURVE('',#572,#582,#584,.T.);
#582 = VERTEX_POINT('',#583);
#583 = CARTESIAN_POINT('',(228.6,223.52,0.));
#584 = LINE('',#585,#586);
#585 = CARTESIAN_POINT('',(127.,223.52,0.));
#586 = VECTOR('',#587,1.);
#587 = DIRECTION('',(1.,0.,0.));
#588 = ORIENTED_EDGE('',*,*,#589,.F.);
#589 = EDGE_CURVE('',#590,#582,#592,.T.);
#590 = VERTEX_POINT('',#591);
#591 = CARTESIAN_POINT('',(228.6,0.,0.));
#592 = LINE('',#593,#594);
#593 = CARTESIAN_POINT('',(228.6,228.6,0.));
#594 = VECTOR('',#595,1.);
#595 = DIRECTION('',(-6.070773319254E-17,1.,-0.));
#596 = ORIENTED_EDGE('',*,*,#597,.F.);
#597 = EDGE_CURVE('',#174,#590,#598,.T.);
#598 = LINE('',#599,#600);
#599 = CARTESIAN_POINT('',(5.684341886081E-14,0.,0.));
#600 = VECTOR('',#601,1.);
#601 = DIRECTION('',(1.,0.,0.));
#602 = ORIENTED_EDGE('',*,*,#171,.F.);
#603 = ORIENTED_EDGE('',*,*,#604,.F.);
#604 = EDGE_CURVE('',#574,#172,#605,.T.);
#605 = LINE('',#606,#607);
#606 = CARTESIAN_POINT('',(0.,101.6,0.));
#607 = VECTOR('',#608,1.);
#608 = DIRECTION('',(-1.,2.185478394931E-16,-0.));
#609 = PLANE('',#610);
#610 = AXIS2_PLACEMENT_3D('',#611,#612,#613);
#611 = CARTESIAN_POINT('',(283.21,-101.6,0.));
#612 = DIRECTION('',(-0.,0.,1.));
#613 = DIRECTION('',(1.,0.,0.));
#614 = ADVANCED_FACE('',(#615,#635,#655),#673,.F.);
#615 = FACE_BOUND('',#616,.T.);
#616 = EDGE_LOOP('',(#617,#628));
#617 = ORIENTED_EDGE('',*,*,#618,.F.);
#618 = EDGE_CURVE('',#619,#621,#623,.T.);
#619 = VERTEX_POINT('',#620);
#620 = CARTESIAN_POINT('',(29.21,0.,12.7));
#621 = VERTEX_POINT('',#622);
#622 = CARTESIAN_POINT('',(29.21,0.,38.1));
#623 = CIRCLE('',#624,12.7);
#624 = AXIS2_PLACEMENT_3D('',#625,#626,#627);
#625 = CARTESIAN_POINT('',(29.21,0.,25.4));
#626 = DIRECTION('',(0.,-1.,0.));
#627 = DIRECTION('',(0.,0.,-1.));
#628 = ORIENTED_EDGE('',*,*,#629,.F.);
#629 = EDGE_CURVE('',#621,#619,#630,.T.);
#630 = CIRCLE('',#631,12.7);
#631 = AXIS2_PLACEMENT_3D('',#632,#633,#634);
#632 = CARTESIAN_POINT('',(29.21,0.,25.4));
#633 = DIRECTION('',(0.,-1.,0.));
#634 = DIRECTION('',(0.,0.,-1.));
#635 = FACE_BOUND('',#636,.T.);
#636 = EDGE_LOOP('',(#637,#648));
#637 = ORIENTED_EDGE('',*,*,#638,.F.);
#638 = EDGE_CURVE('',#639,#641,#643,.T.);
#639 = VERTEX_POINT('',#640);
#640 = CARTESIAN_POINT('',(72.39,0.,12.7));
#641 = VERTEX_POINT('',#642);
#642 = CARTESIAN_POINT('',(72.39,0.,38.1));
#643 = CIRCLE('',#644,12.7);
#644 = AXIS2_PLACEMENT_3D('',#645,#646,#647);
#645 = CARTESIAN_POINT('',(72.39,0.,25.4));
#646 = DIRECTION('',(0.,-1.,0.));
#647 = DIRECTION('',(0.,0.,-1.));
#648 = ORIENTED_EDGE('',*,*,#649,.F.);
#649 = EDGE_CURVE('',#641,#639,#650,.T.);
#650 = CIRCLE('',#651,12.7);
#651 = AXIS2_PLACEMENT_3D('',#652,#653,#654);
#652 = CARTESIAN_POINT('',(72.39,0.,25.4));
#653 = DIRECTION('',(0.,-1.,0.));
#654 = DIRECTION('',(0.,0.,-1.));
#655 = FACE_BOUND('',#656,.T.);
#656 = EDGE_LOOP('',(#657,#658,#666,#672));
#657 = ORIENTED_EDGE('',*,*,#597,.T.);
#658 = ORIENTED_EDGE('',*,*,#659,.F.);
#659 = EDGE_CURVE('',#660,#590,#662,.T.);
#660 = VERTEX_POINT('',#661);
#661 = CARTESIAN_POINT('',(228.6,0.,50.8));
#662 = LINE('',#663,#664);
#663 = CARTESIAN_POINT('',(228.6,0.,50.8));
#664 = VECTOR('',#665,1.);
#665 = DIRECTION('',(-0.,-0.,-1.));
#666 = ORIENTED_EDGE('',*,*,#667,.F.);
#667 = EDGE_CURVE('',#182,#660,#668,.T.);
#668 = LINE('',#669,#670);
#669 = CARTESIAN_POINT('',(5.684341886081E-14,0.,50.8));
#670 = VECTOR('',#671,1.);
#671 = DIRECTION('',(1.,0.,0.));
#672 = ORIENTED_EDGE('',*,*,#181,.T.);
#673 = PLANE('',#674);
#674 = AXIS2_PLACEMENT_3D('',#675,#676,#677);
#675 = CARTESIAN_POINT('',(5.684341886081E-14,0.,50.8));
#676 = DIRECTION('',(0.,1.,0.));
#677 = DIRECTION('',(0.,-0.,1.));
#678 = ADVANCED_FACE('',(#679,#699,#719,#739,#759,#779,#813),#854,.T.);
#679 = FACE_BOUND('',#680,.T.);
#680 = EDGE_LOOP('',(#681,#692));
#681 = ORIENTED_EDGE('',*,*,#682,.F.);
#682 = EDGE_CURVE('',#683,#685,#687,.T.);
#683 = VERTEX_POINT('',#684);
#684 = CARTESIAN_POINT('',(6.0325,3.81,50.8));
#685 = VERTEX_POINT('',#686);
#686 = CARTESIAN_POINT('',(1.5875,3.81,50.8));
#687 = CIRCLE('',#688,2.2225);
#688 = AXIS2_PLACEMENT_3D('',#689,#690,#691);
#689 = CARTESIAN_POINT('',(3.81,3.81,50.8));
#690 = DIRECTION('',(0.,0.,1.));
#691 = DIRECTION('',(1.,0.,-0.));
#692 = ORIENTED_EDGE('',*,*,#693,.F.);
#693 = EDGE_CURVE('',#685,#683,#694,.T.);
#694 = CIRCLE('',#695,2.2225);
#695 = AXIS2_PLACEMENT_3D('',#696,#697,#698);
#696 = CARTESIAN_POINT('',(3.81,3.81,50.8));
#697 = DIRECTION('',(0.,0.,1.));
#698 = DIRECTION('',(1.,0.,-0.));
#699 = FACE_BOUND('',#700,.T.);
#700 = EDGE_LOOP('',(#701,#712));
#701 = ORIENTED_EDGE('',*,*,#702,.F.);
#702 = EDGE_CURVE('',#703,#705,#707,.T.);
#703 = VERTEX_POINT('',#704);
#704 = CARTESIAN_POINT('',(6.0325,97.79,50.8));
#705 = VERTEX_POINT('',#706);
#706 = CARTESIAN_POINT('',(1.5875,97.79,50.8));
#707 = CIRCLE('',#708,2.2225);
#708 = AXIS2_PLACEMENT_3D('',#709,#710,#711);
#709 = CARTESIAN_POINT('',(3.81,97.79,50.8));
#710 = DIRECTION('',(0.,0.,1.));
#711 = DIRECTION('',(1.,0.,-0.));
#712 = ORIENTED_EDGE('',*,*,#713,.F.);
#713 = EDGE_CURVE('',#705,#703,#714,.T.);
#714 = CIRCLE('',#715,2.2225);
#715 = AXIS2_PLACEMENT_3D('',#716,#717,#718);
#716 = CARTESIAN_POINT('',(3.81,97.79,50.8));
#717 = DIRECTION('',(0.,0.,1.));
#718 = DIRECTION('',(1.,0.,-0.));
#719 = FACE_BOUND('',#720,.T.);
#720 = EDGE_LOOP('',(#721,#732));
#721 = ORIENTED_EDGE('',*,*,#722,.F.);
#722 = EDGE_CURVE('',#723,#725,#727,.T.);
#723 = VERTEX_POINT('',#724);
#724 = CARTESIAN_POINT('',(133.0325,219.71,50.8));
#725 = VERTEX_POINT('',#726);
#726 = CARTESIAN_POINT('',(128.5875,219.71,50.8));
#727 = CIRCLE('',#728,2.2225);
#728 = AXIS2_PLACEMENT_3D('',#729,#730,#731);
#729 = CARTESIAN_POINT('',(130.81,219.71,50.8));
#730 = DIRECTION('',(0.,0.,1.));
#731 = DIRECTION('',(1.,0.,-0.));
#732 = ORIENTED_EDGE('',*,*,#733,.F.);
#733 = EDGE_CURVE('',#725,#723,#734,.T.);
#734 = CIRCLE('',#735,2.2225);
#735 = AXIS2_PLACEMENT_3D('',#736,#737,#738);
#736 = CARTESIAN_POINT('',(130.81,219.71,50.8));
#737 = DIRECTION('',(0.,0.,1.));
#738 = DIRECTION('',(1.,0.,-0.));
#739 = FACE_BOUND('',#740,.T.);
#740 = EDGE_LOOP('',(#741,#752));
#741 = ORIENTED_EDGE('',*,*,#742,.F.);
#742 = EDGE_CURVE('',#743,#745,#747,.T.);
#743 = VERTEX_POINT('',#744);
#744 = CARTESIAN_POINT('',(227.0125,219.71,50.8));
#745 = VERTEX_POINT('',#746);
#746 = CARTESIAN_POINT('',(222.5675,219.71,50.8));
#747 = CIRCLE('',#748,2.2225);
#748 = AXIS2_PLACEMENT_3D('',#749,#750,#751);
#749 = CARTESIAN_POINT('',(224.79,219.71,50.8));
#750 = DIRECTION('',(0.,0.,1.));
#751 = DIRECTION('',(1.,0.,-0.));
#752 = ORIENTED_EDGE('',*,*,#753,.F.);
#753 = EDGE_CURVE('',#745,#743,#754,.T.);
#754 = CIRCLE('',#755,2.2225);
#755 = AXIS2_PLACEMENT_3D('',#756,#757,#758);
#756 = CARTESIAN_POINT('',(224.79,219.71,50.8));
#757 = DIRECTION('',(0.,0.,1.));
#758 = DIRECTION('',(1.,0.,-0.));
#759 = FACE_BOUND('',#760,.T.);
#760 = EDGE_LOOP('',(#761,#772));
#761 = ORIENTED_EDGE('',*,*,#762,.F.);
#762 = EDGE_CURVE('',#763,#765,#767,.T.);
#763 = VERTEX_POINT('',#764);
#764 = CARTESIAN_POINT('',(227.0125,3.81,50.8));
#765 = VERTEX_POINT('',#766);
#766 = CARTESIAN_POINT('',(222.5675,3.81,50.8));
#767 = CIRCLE('',#768,2.2225);
#768 = AXIS2_PLACEMENT_3D('',#769,#770,#771);
#769 = CARTESIAN_POINT('',(224.79,3.81,50.8));
#770 = DIRECTION('',(0.,0.,1.));
#771 = DIRECTION('',(1.,0.,-0.));
#772 = ORIENTED_EDGE('',*,*,#773,.F.);
#773 = EDGE_CURVE('',#765,#763,#774,.T.);
#774 = CIRCLE('',#775,2.2225);
#775 = AXIS2_PLACEMENT_3D('',#776,#777,#778);
#776 = CARTESIAN_POINT('',(224.79,3.81,50.8));
#777 = DIRECTION('',(0.,0.,1.));
#778 = DIRECTION('',(1.,0.,-0.));
#779 = FACE_BOUND('',#780,.T.);
#780 = EDGE_LOOP('',(#781,#791,#799,#805,#806,#807));
#781 = ORIENTED_EDGE('',*,*,#782,.F.);
#782 = EDGE_CURVE('',#783,#785,#787,.T.);
#783 = VERTEX_POINT('',#784);
#784 = CARTESIAN_POINT('',(127.,223.52,50.8));
#785 = VERTEX_POINT('',#786);
#786 = CARTESIAN_POINT('',(228.6,223.52,50.8));
#787 = LINE('',#788,#789);
#788 = CARTESIAN_POINT('',(127.,223.52,50.8));
#789 = VECTOR('',#790,1.);
#790 = DIRECTION('',(1.,0.,0.));
#791 = ORIENTED_EDGE('',*,*,#792,.T.);
#792 = EDGE_CURVE('',#783,#793,#795,.T.);
#793 = VERTEX_POINT('',#794);
#794 = CARTESIAN_POINT('',(127.,101.6,50.8));
#795 = LINE('',#796,#797);
#796 = CARTESIAN_POINT('',(127.,228.6,50.8));
#797 = VECTOR('',#798,1.);
#798 = DIRECTION('',(0.,-1.,0.));
#799 = ORIENTED_EDGE('',*,*,#800,.T.);
#800 = EDGE_CURVE('',#793,#190,#801,.T.);
#801 = LINE('',#802,#803);
#802 = CARTESIAN_POINT('',(0.,101.6,50.8));
#803 = VECTOR('',#804,1.);
#804 = DIRECTION('',(-1.,2.185478394931E-16,-0.));
#805 = ORIENTED_EDGE('',*,*,#189,.T.);
#806 = ORIENTED_EDGE('',*,*,#667,.T.);
#807 = ORIENTED_EDGE('',*,*,#808,.T.);
#808 = EDGE_CURVE('',#660,#785,#809,.T.);
#809 = LINE('',#810,#811);
#810 = CARTESIAN_POINT('',(228.6,228.6,50.8));
#811 = VECTOR('',#812,1.);
#812 = DIRECTION('',(-6.070773319254E-17,1.,-0.));
#813 = FACE_BOUND('',#814,.T.);
#814 = EDGE_LOOP('',(#815,#825,#831,#832,#840,#848));
#815 = ORIENTED_EDGE('',*,*,#816,.F.);
#816 = EDGE_CURVE('',#817,#819,#821,.T.);
#817 = VERTEX_POINT('',#818);
#818 = CARTESIAN_POINT('',(220.98,7.62,50.8));
#819 = VERTEX_POINT('',#820);
#820 = CARTESIAN_POINT('',(220.98,220.98,50.8));
#821 = LINE('',#822,#823);
#822 = CARTESIAN_POINT('',(220.98,228.6,50.8));
#823 = VECTOR('',#824,1.);
#824 = DIRECTION('',(-6.070773319254E-17,1.,-0.));
#825 = ORIENTED_EDGE('',*,*,#826,.F.);
#826 = EDGE_CURVE('',#314,#817,#827,.T.);
#827 = LINE('',#828,#829);
#828 = CARTESIAN_POINT('',(5.684341886081E-14,7.62,50.8));
#829 = VECTOR('',#830,1.);
#830 = DIRECTION('',(1.,-0.,0.));
#831 = ORIENTED_EDGE('',*,*,#313,.F.);
#832 = ORIENTED_EDGE('',*,*,#833,.F.);
#833 = EDGE_CURVE('',#834,#306,#836,.T.);
#834 = VERTEX_POINT('',#835);
#835 = CARTESIAN_POINT('',(134.62,93.98,50.8));
#836 = LINE('',#837,#838);
#837 = CARTESIAN_POINT('',(0.,93.98,50.8));
#838 = VECTOR('',#839,1.);
#839 = DIRECTION('',(-1.,2.185478394931E-16,-0.));
#840 = ORIENTED_EDGE('',*,*,#841,.F.);
#841 = EDGE_CURVE('',#842,#834,#844,.T.);
#842 = VERTEX_POINT('',#843);
#843 = CARTESIAN_POINT('',(134.62,220.98,50.8));
#844 = LINE('',#845,#846);
#845 = CARTESIAN_POINT('',(134.62,228.6,50.8));
#846 = VECTOR('',#847,1.);
#847 = DIRECTION('',(0.,-1.,0.));
#848 = ORIENTED_EDGE('',*,*,#849,.F.);
#849 = EDGE_CURVE('',#819,#842,#850,.T.);
#850 = LINE('',#851,#852);
#851 = CARTESIAN_POINT('',(127.,220.98,50.8));
#852 = VECTOR('',#853,1.);
#853 = DIRECTION('',(-1.,0.,0.));
#854 = PLANE('',#855);
#855 = AXIS2_PLACEMENT_3D('',#856,#857,#858);
#856 = CARTESIAN_POINT('',(283.21,-101.6,50.8));
#857 = DIRECTION('',(-0.,0.,1.));
#858 = DIRECTION('',(1.,0.,0.));
#859 = ADVANCED_FACE('',(#860),#871,.F.);
#860 = FACE_BOUND('',#861,.T.);
#861 = EDGE_LOOP('',(#862,#863,#864,#865));
#862 = ORIENTED_EDGE('',*,*,#604,.T.);
#863 = ORIENTED_EDGE('',*,*,#197,.F.);
#864 = ORIENTED_EDGE('',*,*,#800,.F.);
#865 = ORIENTED_EDGE('',*,*,#866,.T.);
#866 = EDGE_CURVE('',#793,#574,#867,.T.);
#867 = LINE('',#868,#869);
#868 = CARTESIAN_POINT('',(127.,101.6,50.8));
#869 = VECTOR('',#870,1.);
#870 = DIRECTION('',(-0.,-0.,-1.));
#871 = PLANE('',#872);
#872 = AXIS2_PLACEMENT_3D('',#873,#874,#875);
#873 = CARTESIAN_POINT('',(0.,101.6,50.8));
#874 = DIRECTION('',(-2.185478394931E-16,-1.,0.));
#875 = DIRECTION('',(1.,-2.185478394931E-16,0.));
#876 = ADVANCED_FACE('',(#877,#897,#917,#937,#957,#977,#1011,#1031,#1051
    ,#1071,#1091,#1244),#1278,.T.);
#877 = FACE_BOUND('',#878,.T.);
#878 = EDGE_LOOP('',(#879,#890));
#879 = ORIENTED_EDGE('',*,*,#880,.F.);
#880 = EDGE_CURVE('',#881,#883,#885,.T.);
#881 = VERTEX_POINT('',#882);
#882 = CARTESIAN_POINT('',(17.0815,87.63,7.62));
#883 = VERTEX_POINT('',#884);
#884 = CARTESIAN_POINT('',(10.8585,87.63,7.62));
#885 = CIRCLE('',#886,3.1115);
#886 = AXIS2_PLACEMENT_3D('',#887,#888,#889);
#887 = CARTESIAN_POINT('',(13.97,87.63,7.62));
#888 = DIRECTION('',(0.,0.,1.));
#889 = DIRECTION('',(1.,0.,-0.));
#890 = ORIENTED_EDGE('',*,*,#891,.F.);
#891 = EDGE_CURVE('',#883,#881,#892,.T.);
#892 = CIRCLE('',#893,3.1115);
#893 = AXIS2_PLACEMENT_3D('',#894,#895,#896);
#894 = CARTESIAN_POINT('',(13.97,87.63,7.62));
#895 = DIRECTION('',(0.,0.,1.));
#896 = DIRECTION('',(1.,0.,-0.));
#897 = FACE_BOUND('',#898,.T.);
#898 = EDGE_LOOP('',(#899,#910));
#899 = ORIENTED_EDGE('',*,*,#900,.F.);
#900 = EDGE_CURVE('',#901,#903,#905,.T.);
#901 = VERTEX_POINT('',#902);
#902 = CARTESIAN_POINT('',(17.0815,13.97,7.62));
#903 = VERTEX_POINT('',#904);
#904 = CARTESIAN_POINT('',(10.8585,13.97,7.62));
#905 = CIRCLE('',#906,3.1115);
#906 = AXIS2_PLACEMENT_3D('',#907,#908,#909);
#907 = CARTESIAN_POINT('',(13.97,13.97,7.62));
#908 = DIRECTION('',(0.,0.,1.));
#909 = DIRECTION('',(1.,0.,-0.));
#910 = ORIENTED_EDGE('',*,*,#911,.F.);
#911 = EDGE_CURVE('',#903,#901,#912,.T.);
#912 = CIRCLE('',#913,3.1115);
#913 = AXIS2_PLACEMENT_3D('',#914,#915,#916);
#914 = CARTESIAN_POINT('',(13.97,13.97,7.62));
#915 = DIRECTION('',(0.,0.,1.));
#916 = DIRECTION('',(1.,0.,-0.));
#917 = FACE_BOUND('',#918,.T.);
#918 = EDGE_LOOP('',(#919,#930));
#919 = ORIENTED_EDGE('',*,*,#920,.F.);
#920 = EDGE_CURVE('',#921,#923,#925,.T.);
#921 = VERTEX_POINT('',#922);
#922 = CARTESIAN_POINT('',(217.7415,13.97,7.62));
#923 = VERTEX_POINT('',#924);
#924 = CARTESIAN_POINT('',(211.5185,13.97,7.62));
#925 = CIRCLE('',#926,3.1115);
#926 = AXIS2_PLACEMENT_3D('',#927,#928,#929);
#927 = CARTESIAN_POINT('',(214.63,13.97,7.62));
#928 = DIRECTION('',(0.,0.,1.));
#929 = DIRECTION('',(1.,0.,-0.));
#930 = ORIENTED_EDGE('',*,*,#931,.F.);
#931 = EDGE_CURVE('',#923,#921,#932,.T.);
#932 = CIRCLE('',#933,3.1115);
#933 = AXIS2_PLACEMENT_3D('',#934,#935,#936);
#934 = CARTESIAN_POINT('',(214.63,13.97,7.62));
#935 = DIRECTION('',(0.,0.,1.));
#936 = DIRECTION('',(1.,0.,-0.));
#937 = FACE_BOUND('',#938,.T.);
#938 = EDGE_LOOP('',(#939,#950));
#939 = ORIENTED_EDGE('',*,*,#940,.F.);
#940 = EDGE_CURVE('',#941,#943,#945,.T.);
#941 = VERTEX_POINT('',#942);
#942 = CARTESIAN_POINT('',(144.0815,214.63,7.62));
#943 = VERTEX_POINT('',#944);
#944 = CARTESIAN_POINT('',(137.8585,214.63,7.62));
#945 = CIRCLE('',#946,3.1115);
#946 = AXIS2_PLACEMENT_3D('',#947,#948,#949);
#947 = CARTESIAN_POINT('',(140.97,214.63,7.62));
#948 = DIRECTION('',(0.,0.,1.));
#949 = DIRECTION('',(1.,0.,-0.));
#950 = ORIENTED_EDGE('',*,*,#951,.F.);
#951 = EDGE_CURVE('',#943,#941,#952,.T.);
#952 = CIRCLE('',#953,3.1115);
#953 = AXIS2_PLACEMENT_3D('',#954,#955,#956);
#954 = CARTESIAN_POINT('',(140.97,214.63,7.62));
#955 = DIRECTION('',(0.,0.,1.));
#956 = DIRECTION('',(1.,0.,-0.));
#957 = FACE_BOUND('',#958,.T.);
#958 = EDGE_LOOP('',(#959,#970));
#959 = ORIENTED_EDGE('',*,*,#960,.F.);
#960 = EDGE_CURVE('',#961,#963,#965,.T.);
#961 = VERTEX_POINT('',#962);
#962 = CARTESIAN_POINT('',(217.7415,214.63,7.62));
#963 = VERTEX_POINT('',#964);
#964 = CARTESIAN_POINT('',(211.5185,214.63,7.62));
#965 = CIRCLE('',#966,3.1115);
#966 = AXIS2_PLACEMENT_3D('',#967,#968,#969);
#967 = CARTESIAN_POINT('',(214.63,214.63,7.62));
#968 = DIRECTION('',(0.,0.,1.));
#969 = DIRECTION('',(1.,0.,-0.));
#970 = ORIENTED_EDGE('',*,*,#971,.F.);
#971 = EDGE_CURVE('',#963,#961,#972,.T.);
#972 = CIRCLE('',#973,3.1115);
#973 = AXIS2_PLACEMENT_3D('',#974,#975,#976);
#974 = CARTESIAN_POINT('',(214.63,214.63,7.62));
#975 = DIRECTION('',(0.,0.,1.));
#976 = DIRECTION('',(1.,0.,-0.));
#977 = FACE_BOUND('',#978,.T.);
#978 = EDGE_LOOP('',(#979,#989,#997,#1005));
#979 = ORIENTED_EDGE('',*,*,#980,.F.);
#980 = EDGE_CURVE('',#981,#983,#985,.T.);
#981 = VERTEX_POINT('',#982);
#982 = CARTESIAN_POINT('',(63.5,42.291,7.62));
#983 = VERTEX_POINT('',#984);
#984 = CARTESIAN_POINT('',(120.65,42.291,7.62));
#985 = LINE('',#986,#987);
#986 = CARTESIAN_POINT('',(63.5,42.291,7.62));
#987 = VECTOR('',#988,1.);
#988 = DIRECTION('',(1.,0.,0.));
#989 = ORIENTED_EDGE('',*,*,#990,.F.);
#990 = EDGE_CURVE('',#991,#981,#993,.T.);
#991 = VERTEX_POINT('',#992);
#992 = CARTESIAN_POINT('',(63.5,89.789,7.62));
#993 = LINE('',#994,#995);
#994 = CARTESIAN_POINT('',(63.5,42.291,7.62));
#995 = VECTOR('',#996,1.);
#996 = DIRECTION('',(-0.,-1.,-0.));
#997 = ORIENTED_EDGE('',*,*,#998,.F.);
#998 = EDGE_CURVE('',#999,#991,#1001,.T.);
#999 = VERTEX_POINT('',#1000);
#1000 = CARTESIAN_POINT('',(120.65,89.789,7.62));
#1001 = LINE('',#1002,#1003);
#1002 = CARTESIAN_POINT('',(63.5,89.789,7.62));
#1003 = VECTOR('',#1004,1.);
#1004 = DIRECTION('',(-1.,-0.,-0.));
#1005 = ORIENTED_EDGE('',*,*,#1006,.F.);
#1006 = EDGE_CURVE('',#983,#999,#1007,.T.);
#1007 = LINE('',#1008,#1009);
#1008 = CARTESIAN_POINT('',(120.65,42.291,7.62));
#1009 = VECTOR('',#1010,1.);
#1010 = DIRECTION('',(0.,1.,0.));
#1011 = FACE_BOUND('',#1012,.T.);
#1012 = EDGE_LOOP('',(#1013,#1024));
#1013 = ORIENTED_EDGE('',*,*,#1014,.F.);
#1014 = EDGE_CURVE('',#1015,#1017,#1019,.T.);
#1015 = VERTEX_POINT('',#1016);
#1016 = CARTESIAN_POINT('',(160.401,152.4,7.62));
#1017 = VERTEX_POINT('',#1018);
#1018 = CARTESIAN_POINT('',(166.751,152.4,7.62));
#1019 = CIRCLE('',#1020,3.175);
#1020 = AXIS2_PLACEMENT_3D('',#1021,#1022,#1023);
#1021 = CARTESIAN_POINT('',(163.576,152.4,7.62));
#1022 = DIRECTION('',(0.,0.,1.));
#1023 = DIRECTION('',(1.,0.,-0.));
#1024 = ORIENTED_EDGE('',*,*,#1025,.F.);
#1025 = EDGE_CURVE('',#1017,#1015,#1026,.T.);
#1026 = CIRCLE('',#1027,3.175);
#1027 = AXIS2_PLACEMENT_3D('',#1028,#1029,#1030);
#1028 = CARTESIAN_POINT('',(163.576,152.4,7.62));
#1029 = DIRECTION('',(0.,0.,1.));
#1030 = DIRECTION('',(1.,0.,-0.));
#1031 = FACE_BOUND('',#1032,.T.);
#1032 = EDGE_LOOP('',(#1033,#1044));
#1033 = ORIENTED_EDGE('',*,*,#1034,.F.);
#1034 = EDGE_CURVE('',#1035,#1037,#1039,.T.);
#1035 = VERTEX_POINT('',#1036);
#1036 = CARTESIAN_POINT('',(160.401,94.742,7.62));
#1037 = VERTEX_POINT('',#1038);
#1038 = CARTESIAN_POINT('',(166.751,94.742,7.62));
#1039 = CIRCLE('',#1040,3.175);
#1040 = AXIS2_PLACEMENT_3D('',#1041,#1042,#1043);
#1041 = CARTESIAN_POINT('',(163.576,94.742,7.62));
#1042 = DIRECTION('',(0.,0.,1.));
#1043 = DIRECTION('',(1.,0.,-0.));
#1044 = ORIENTED_EDGE('',*,*,#1045,.F.);
#1045 = EDGE_CURVE('',#1037,#1035,#1046,.T.);
#1046 = CIRCLE('',#1047,3.175);
#1047 = AXIS2_PLACEMENT_3D('',#1048,#1049,#1050);
#1048 = CARTESIAN_POINT('',(163.576,94.742,7.62));
#1049 = DIRECTION('',(0.,0.,1.));
#1050 = DIRECTION('',(1.,0.,-0.));
#1051 = FACE_BOUND('',#1052,.T.);
#1052 = EDGE_LOOP('',(#1053,#1064));
#1053 = ORIENTED_EDGE('',*,*,#1054,.F.);
#1054 = EDGE_CURVE('',#1055,#1057,#1059,.T.);
#1055 = VERTEX_POINT('',#1056);
#1056 = CARTESIAN_POINT('',(208.915,94.742,7.62));
#1057 = VERTEX_POINT('',#1058);
#1058 = CARTESIAN_POINT('',(215.265,94.742,7.62));
#1059 = CIRCLE('',#1060,3.175);
#1060 = AXIS2_PLACEMENT_3D('',#1061,#1062,#1063);
#1061 = CARTESIAN_POINT('',(212.09,94.742,7.62));
#1062 = DIRECTION('',(0.,0.,1.));
#1063 = DIRECTION('',(1.,0.,-0.));
#1064 = ORIENTED_EDGE('',*,*,#1065,.F.);
#1065 = EDGE_CURVE('',#1057,#1055,#1066,.T.);
#1066 = CIRCLE('',#1067,3.175);
#1067 = AXIS2_PLACEMENT_3D('',#1068,#1069,#1070);
#1068 = CARTESIAN_POINT('',(212.09,94.742,7.62));
#1069 = DIRECTION('',(0.,0.,1.));
#1070 = DIRECTION('',(1.,0.,-0.));
#1071 = FACE_BOUND('',#1072,.T.);
#1072 = EDGE_LOOP('',(#1073,#1084));
#1073 = ORIENTED_EDGE('',*,*,#1074,.F.);
#1074 = EDGE_CURVE('',#1075,#1077,#1079,.T.);
#1075 = VERTEX_POINT('',#1076);
#1076 = CARTESIAN_POINT('',(208.915,152.4,7.62));
#1077 = VERTEX_POINT('',#1078);
#1078 = CARTESIAN_POINT('',(215.265,152.4,7.62));
#1079 = CIRCLE('',#1080,3.175);
#1080 = AXIS2_PLACEMENT_3D('',#1081,#1082,#1083);
#1081 = CARTESIAN_POINT('',(212.09,152.4,7.62));
#1082 = DIRECTION('',(0.,0.,1.));
#1083 = DIRECTION('',(1.,0.,-0.));
#1084 = ORIENTED_EDGE('',*,*,#1085,.F.);
#1085 = EDGE_CURVE('',#1077,#1075,#1086,.T.);
#1086 = CIRCLE('',#1087,3.175);
#1087 = AXIS2_PLACEMENT_3D('',#1088,#1089,#1090);
#1088 = CARTESIAN_POINT('',(212.09,152.4,7.62));
#1089 = DIRECTION('',(0.,0.,1.));
#1090 = DIRECTION('',(1.,0.,-0.));
#1091 = FACE_BOUND('',#1092,.T.);
#1092 = EDGE_LOOP('',(#1093,#1103,#1111,#1119,#1127,#1135,#1143,#1151,
    #1159,#1167,#1175,#1183,#1191,#1199,#1207,#1215,#1223,#1231,#1237,
    #1238));
#1093 = ORIENTED_EDGE('',*,*,#1094,.T.);
#1094 = EDGE_CURVE('',#1095,#1097,#1099,.T.);
#1095 = VERTEX_POINT('',#1096);
#1096 = CARTESIAN_POINT('',(220.98,7.62,7.62));
#1097 = VERTEX_POINT('',#1098);
#1098 = CARTESIAN_POINT('',(220.98,10.16,7.62));
#1099 = LINE('',#1100,#1101);
#1100 = CARTESIAN_POINT('',(220.98,228.6,7.62));
#1101 = VECTOR('',#1102,1.);
#1102 = DIRECTION('',(-6.070773319254E-17,1.,-0.));
#1103 = ORIENTED_EDGE('',*,*,#1104,.T.);
#1104 = EDGE_CURVE('',#1097,#1105,#1107,.T.);
#1105 = VERTEX_POINT('',#1106);
#1106 = CARTESIAN_POINT('',(220.98,20.32,7.62));
#1107 = LINE('',#1108,#1109);
#1108 = CARTESIAN_POINT('',(220.98,228.6,7.62));
#1109 = VECTOR('',#1110,1.);
#1110 = DIRECTION('',(-6.070773319254E-17,1.,-0.));
#1111 = ORIENTED_EDGE('',*,*,#1112,.T.);
#1112 = EDGE_CURVE('',#1105,#1113,#1115,.T.);
#1113 = VERTEX_POINT('',#1114);
#1114 = CARTESIAN_POINT('',(220.98,30.48,7.62));
#1115 = LINE('',#1116,#1117);
#1116 = CARTESIAN_POINT('',(220.98,228.6,7.62));
#1117 = VECTOR('',#1118,1.);
#1118 = DIRECTION('',(-6.070773319254E-17,1.,-0.));
#1119 = ORIENTED_EDGE('',*,*,#1120,.T.);
#1120 = EDGE_CURVE('',#1113,#1121,#1123,.T.);
#1121 = VERTEX_POINT('',#1122);
#1122 = CARTESIAN_POINT('',(220.98,40.64,7.62));
#1123 = LINE('',#1124,#1125);
#1124 = CARTESIAN_POINT('',(220.98,228.6,7.62));
#1125 = VECTOR('',#1126,1.);
#1126 = DIRECTION('',(-6.070773319254E-17,1.,-0.));
#1127 = ORIENTED_EDGE('',*,*,#1128,.T.);
#1128 = EDGE_CURVE('',#1121,#1129,#1131,.T.);
#1129 = VERTEX_POINT('',#1130);
#1130 = CARTESIAN_POINT('',(220.98,50.8,7.62));
#1131 = LINE('',#1132,#1133);
#1132 = CARTESIAN_POINT('',(220.98,228.6,7.62));
#1133 = VECTOR('',#1134,1.);
#1134 = DIRECTION('',(-6.070773319254E-17,1.,-0.));
#1135 = ORIENTED_EDGE('',*,*,#1136,.T.);
#1136 = EDGE_CURVE('',#1129,#1137,#1139,.T.);
#1137 = VERTEX_POINT('',#1138);
#1138 = CARTESIAN_POINT('',(220.98,60.96,7.62));
#1139 = LINE('',#1140,#1141);
#1140 = CARTESIAN_POINT('',(220.98,228.6,7.62));
#1141 = VECTOR('',#1142,1.);
#1142 = DIRECTION('',(-6.070773319254E-17,1.,-0.));
#1143 = ORIENTED_EDGE('',*,*,#1144,.T.);
#1144 = EDGE_CURVE('',#1137,#1145,#1147,.T.);
#1145 = VERTEX_POINT('',#1146);
#1146 = CARTESIAN_POINT('',(220.98,71.12,7.62));
#1147 = LINE('',#1148,#1149);
#1148 = CARTESIAN_POINT('',(220.98,228.6,7.62));
#1149 = VECTOR('',#1150,1.);
#1150 = DIRECTION('',(-6.070773319254E-17,1.,-0.));
#1151 = ORIENTED_EDGE('',*,*,#1152,.T.);
#1152 = EDGE_CURVE('',#1145,#1153,#1155,.T.);
#1153 = VERTEX_POINT('',#1154);
#1154 = CARTESIAN_POINT('',(220.98,81.28,7.62));
#1155 = LINE('',#1156,#1157);
#1156 = CARTESIAN_POINT('',(220.98,228.6,7.62));
#1157 = VECTOR('',#1158,1.);
#1158 = DIRECTION('',(-6.070773319254E-17,1.,-0.));
#1159 = ORIENTED_EDGE('',*,*,#1160,.T.);
#1160 = EDGE_CURVE('',#1153,#1161,#1163,.T.);
#1161 = VERTEX_POINT('',#1162);
#1162 = CARTESIAN_POINT('',(220.98,162.56,7.62));
#1163 = LINE('',#1164,#1165);
#1164 = CARTESIAN_POINT('',(220.98,228.6,7.62));
#1165 = VECTOR('',#1166,1.);
#1166 = DIRECTION('',(-6.070773319254E-17,1.,-0.));
#1167 = ORIENTED_EDGE('',*,*,#1168,.T.);
#1168 = EDGE_CURVE('',#1161,#1169,#1171,.T.);
#1169 = VERTEX_POINT('',#1170);
#1170 = CARTESIAN_POINT('',(220.98,172.72,7.62));
#1171 = LINE('',#1172,#1173);
#1172 = CARTESIAN_POINT('',(220.98,228.6,7.62));
#1173 = VECTOR('',#1174,1.);
#1174 = DIRECTION('',(-6.070773319254E-17,1.,-0.));
#1175 = ORIENTED_EDGE('',*,*,#1176,.T.);
#1176 = EDGE_CURVE('',#1169,#1177,#1179,.T.);
#1177 = VERTEX_POINT('',#1178);
#1178 = CARTESIAN_POINT('',(220.98,182.88,7.62));
#1179 = LINE('',#1180,#1181);
#1180 = CARTESIAN_POINT('',(220.98,228.6,7.62));
#1181 = VECTOR('',#1182,1.);
#1182 = DIRECTION('',(-6.070773319254E-17,1.,-0.));
#1183 = ORIENTED_EDGE('',*,*,#1184,.T.);
#1184 = EDGE_CURVE('',#1177,#1185,#1187,.T.);
#1185 = VERTEX_POINT('',#1186);
#1186 = CARTESIAN_POINT('',(220.98,193.04,7.62));
#1187 = LINE('',#1188,#1189);
#1188 = CARTESIAN_POINT('',(220.98,228.6,7.62));
#1189 = VECTOR('',#1190,1.);
#1190 = DIRECTION('',(-6.070773319254E-17,1.,-0.));
#1191 = ORIENTED_EDGE('',*,*,#1192,.T.);
#1192 = EDGE_CURVE('',#1185,#1193,#1195,.T.);
#1193 = VERTEX_POINT('',#1194);
#1194 = CARTESIAN_POINT('',(220.98,203.2,7.62));
#1195 = LINE('',#1196,#1197);
#1196 = CARTESIAN_POINT('',(220.98,228.6,7.62));
#1197 = VECTOR('',#1198,1.);
#1198 = DIRECTION('',(-6.070773319254E-17,1.,-0.));
#1199 = ORIENTED_EDGE('',*,*,#1200,.T.);
#1200 = EDGE_CURVE('',#1193,#1201,#1203,.T.);
#1201 = VERTEX_POINT('',#1202);
#1202 = CARTESIAN_POINT('',(220.98,213.36,7.62));
#1203 = LINE('',#1204,#1205);
#1204 = CARTESIAN_POINT('',(220.98,228.6,7.62));
#1205 = VECTOR('',#1206,1.);
#1206 = DIRECTION('',(-6.070773319254E-17,1.,-0.));
#1207 = ORIENTED_EDGE('',*,*,#1208,.T.);
#1208 = EDGE_CURVE('',#1201,#1209,#1211,.T.);
#1209 = VERTEX_POINT('',#1210);
#1210 = CARTESIAN_POINT('',(220.98,220.98,7.62));
#1211 = LINE('',#1212,#1213);
#1212 = CARTESIAN_POINT('',(220.98,228.6,7.62));
#1213 = VECTOR('',#1214,1.);
#1214 = DIRECTION('',(-6.070773319254E-17,1.,-0.));
#1215 = ORIENTED_EDGE('',*,*,#1216,.T.);
#1216 = EDGE_CURVE('',#1209,#1217,#1219,.T.);
#1217 = VERTEX_POINT('',#1218);
#1218 = CARTESIAN_POINT('',(134.62,220.98,7.62));
#1219 = LINE('',#1220,#1221);
#1220 = CARTESIAN_POINT('',(127.,220.98,7.62));
#1221 = VECTOR('',#1222,1.);
#1222 = DIRECTION('',(-1.,0.,0.));
#1223 = ORIENTED_EDGE('',*,*,#1224,.T.);
#1224 = EDGE_CURVE('',#1217,#1225,#1227,.T.);
#1225 = VERTEX_POINT('',#1226);
#1226 = CARTESIAN_POINT('',(134.62,93.98,7.62));
#1227 = LINE('',#1228,#1229);
#1228 = CARTESIAN_POINT('',(134.62,228.6,7.62));
#1229 = VECTOR('',#1230,1.);
#1230 = DIRECTION('',(0.,-1.,0.));
#1231 = ORIENTED_EDGE('',*,*,#1232,.T.);
#1232 = EDGE_CURVE('',#1225,#296,#1233,.T.);
#1233 = LINE('',#1234,#1235);
#1234 = CARTESIAN_POINT('',(0.,93.98,7.62));
#1235 = VECTOR('',#1236,1.);
#1236 = DIRECTION('',(-1.,2.185478394931E-16,-0.));
#1237 = ORIENTED_EDGE('',*,*,#295,.T.);
#1238 = ORIENTED_EDGE('',*,*,#1239,.T.);
#1239 = EDGE_CURVE('',#298,#1095,#1240,.T.);
#1240 = LINE('',#1241,#1242);
#1241 = CARTESIAN_POINT('',(5.684341886081E-14,7.62,7.62));
#1242 = VECTOR('',#1243,1.);
#1243 = DIRECTION('',(1.,-0.,0.));
#1244 = FACE_BOUND('',#1245,.T.);
#1245 = EDGE_LOOP('',(#1246,#1256,#1264,#1272));
#1246 = ORIENTED_EDGE('',*,*,#1247,.F.);
#1247 = EDGE_CURVE('',#1248,#1250,#1252,.T.);
#1248 = VERTEX_POINT('',#1249);
#1249 = CARTESIAN_POINT('',(158.75,12.7,7.62));
#1250 = VERTEX_POINT('',#1251);
#1251 = CARTESIAN_POINT('',(195.58,12.7,7.62));
#1252 = LINE('',#1253,#1254);
#1253 = CARTESIAN_POINT('',(158.75,12.7,7.62));
#1254 = VECTOR('',#1255,1.);
#1255 = DIRECTION('',(1.,0.,0.));
#1256 = ORIENTED_EDGE('',*,*,#1257,.F.);
#1257 = EDGE_CURVE('',#1258,#1248,#1260,.T.);
#1258 = VERTEX_POINT('',#1259);
#1259 = CARTESIAN_POINT('',(158.75,77.47,7.62));
#1260 = LINE('',#1261,#1262);
#1261 = CARTESIAN_POINT('',(158.75,12.7,7.62));
#1262 = VECTOR('',#1263,1.);
#1263 = DIRECTION('',(-0.,-1.,-0.));
#1264 = ORIENTED_EDGE('',*,*,#1265,.F.);
#1265 = EDGE_CURVE('',#1266,#1258,#1268,.T.);
#1266 = VERTEX_POINT('',#1267);
#1267 = CARTESIAN_POINT('',(195.58,77.47,7.62));
#1268 = LINE('',#1269,#1270);
#1269 = CARTESIAN_POINT('',(158.75,77.47,7.62));
#1270 = VECTOR('',#1271,1.);
#1271 = DIRECTION('',(-1.,-0.,-0.));
#1272 = ORIENTED_EDGE('',*,*,#1273,.F.);
#1273 = EDGE_CURVE('',#1250,#1266,#1274,.T.);
#1274 = LINE('',#1275,#1276);
#1275 = CARTESIAN_POINT('',(195.58,12.7,7.62));
#1276 = VECTOR('',#1277,1.);
#1277 = DIRECTION('',(0.,1.,0.));
#1278 = PLANE('',#1279);
#1279 = AXIS2_PLACEMENT_3D('',#1280,#1281,#1282);
#1280 = CARTESIAN_POINT('',(283.21,-101.6,7.62));
#1281 = DIRECTION('',(-0.,0.,1.));
#1282 = DIRECTION('',(1.,0.,0.));
#1283 = ADVANCED_FACE('',(#1284),#1295,.T.);
#1284 = FACE_BOUND('',#1285,.T.);
#1285 = EDGE_LOOP('',(#1286,#1287,#1293,#1294));
#1286 = ORIENTED_EDGE('',*,*,#1232,.F.);
#1287 = ORIENTED_EDGE('',*,*,#1288,.F.);
#1288 = EDGE_CURVE('',#834,#1225,#1289,.T.);
#1289 = LINE('',#1290,#1291);
#1290 = CARTESIAN_POINT('',(134.62,93.98,50.8));
#1291 = VECTOR('',#1292,1.);
#1292 = DIRECTION('',(0.,0.,-1.));
#1293 = ORIENTED_EDGE('',*,*,#833,.T.);
#1294 = ORIENTED_EDGE('',*,*,#305,.T.);
#1295 = PLANE('',#1296);
#1296 = AXIS2_PLACEMENT_3D('',#1297,#1298,#1299);
#1297 = CARTESIAN_POINT('',(0.,93.98,50.8));
#1298 = DIRECTION('',(-2.185478394931E-16,-1.,0.));
#1299 = DIRECTION('',(1.,-2.185478394931E-16,0.));
#1300 = ADVANCED_FACE('',(#1301,#1321,#1341),#1384,.T.);
#1301 = FACE_BOUND('',#1302,.T.);
#1302 = EDGE_LOOP('',(#1303,#1314));
#1303 = ORIENTED_EDGE('',*,*,#1304,.T.);
#1304 = EDGE_CURVE('',#1305,#1307,#1309,.T.);
#1305 = VERTEX_POINT('',#1306);
#1306 = CARTESIAN_POINT('',(29.21,7.62,12.7));
#1307 = VERTEX_POINT('',#1308);
#1308 = CARTESIAN_POINT('',(29.21,7.62,38.1));
#1309 = CIRCLE('',#1310,12.7);
#1310 = AXIS2_PLACEMENT_3D('',#1311,#1312,#1313);
#1311 = CARTESIAN_POINT('',(29.21,7.62,25.4));
#1312 = DIRECTION('',(0.,-1.,0.));
#1313 = DIRECTION('',(0.,0.,-1.));
#1314 = ORIENTED_EDGE('',*,*,#1315,.T.);
#1315 = EDGE_CURVE('',#1307,#1305,#1316,.T.);
#1316 = CIRCLE('',#1317,12.7);
#1317 = AXIS2_PLACEMENT_3D('',#1318,#1319,#1320);
#1318 = CARTESIAN_POINT('',(29.21,7.62,25.4));
#1319 = DIRECTION('',(0.,-1.,0.));
#1320 = DIRECTION('',(0.,0.,-1.));
#1321 = FACE_BOUND('',#1322,.T.);
#1322 = EDGE_LOOP('',(#1323,#1334));
#1323 = ORIENTED_EDGE('',*,*,#1324,.T.);
#1324 = EDGE_CURVE('',#1325,#1327,#1329,.T.);
#1325 = VERTEX_POINT('',#1326);
#1326 = CARTESIAN_POINT('',(72.39,7.62,12.7));
#1327 = VERTEX_POINT('',#1328);
#1328 = CARTESIAN_POINT('',(72.39,7.62,38.1));
#1329 = CIRCLE('',#1330,12.7);
#1330 = AXIS2_PLACEMENT_3D('',#1331,#1332,#1333);
#1331 = CARTESIAN_POINT('',(72.39,7.62,25.4));
#1332 = DIRECTION('',(0.,-1.,0.));
#1333 = DIRECTION('',(0.,0.,-1.));
#1334 = ORIENTED_EDGE('',*,*,#1335,.T.);
#1335 = EDGE_CURVE('',#1327,#1325,#1336,.T.);
#1336 = CIRCLE('',#1337,12.7);
#1337 = AXIS2_PLACEMENT_3D('',#1338,#1339,#1340);
#1338 = CARTESIAN_POINT('',(72.39,7.62,25.4));
#1339 = DIRECTION('',(0.,-1.,0.));
#1340 = DIRECTION('',(0.,0.,-1.));
#1341 = FACE_BOUND('',#1342,.T.);
#1342 = EDGE_LOOP('',(#1343,#1344,#1345,#1346,#1354,#1362,#1370,#1378));
#1343 = ORIENTED_EDGE('',*,*,#1239,.F.);
#1344 = ORIENTED_EDGE('',*,*,#321,.F.);
#1345 = ORIENTED_EDGE('',*,*,#826,.T.);
#1346 = ORIENTED_EDGE('',*,*,#1347,.T.);
#1347 = EDGE_CURVE('',#817,#1348,#1350,.T.);
#1348 = VERTEX_POINT('',#1349);
#1349 = CARTESIAN_POINT('',(220.98,7.62,40.639999999998));
#1350 = LINE('',#1351,#1352);
#1351 = CARTESIAN_POINT('',(220.98,7.62,50.8));
#1352 = VECTOR('',#1353,1.);
#1353 = DIRECTION('',(0.,0.,-1.));
#1354 = ORIENTED_EDGE('',*,*,#1355,.T.);
#1355 = EDGE_CURVE('',#1348,#1356,#1358,.T.);
#1356 = VERTEX_POINT('',#1357);
#1357 = CARTESIAN_POINT('',(220.98,7.62,30.479999999998));
#1358 = LINE('',#1359,#1360);
#1359 = CARTESIAN_POINT('',(220.98,7.62,50.8));
#1360 = VECTOR('',#1361,1.);
#1361 = DIRECTION('',(0.,0.,-1.));
#1362 = ORIENTED_EDGE('',*,*,#1363,.T.);
#1363 = EDGE_CURVE('',#1356,#1364,#1366,.T.);
#1364 = VERTEX_POINT('',#1365);
#1365 = CARTESIAN_POINT('',(220.98,7.62,20.319999999998));
#1366 = LINE('',#1367,#1368);
#1367 = CARTESIAN_POINT('',(220.98,7.62,50.8));
#1368 = VECTOR('',#1369,1.);
#1369 = DIRECTION('',(0.,0.,-1.));
#1370 = ORIENTED_EDGE('',*,*,#1371,.T.);
#1371 = EDGE_CURVE('',#1364,#1372,#1374,.T.);
#1372 = VERTEX_POINT('',#1373);
#1373 = CARTESIAN_POINT('',(220.98,7.62,10.159999999998));
#1374 = LINE('',#1375,#1376);
#1375 = CARTESIAN_POINT('',(220.98,7.62,50.8));
#1376 = VECTOR('',#1377,1.);
#1377 = DIRECTION('',(0.,0.,-1.));
#1378 = ORIENTED_EDGE('',*,*,#1379,.T.);
#1379 = EDGE_CURVE('',#1372,#1095,#1380,.T.);
#1380 = LINE('',#1381,#1382);
#1381 = CARTESIAN_POINT('',(220.98,7.62,50.8));
#1382 = VECTOR('',#1383,1.);
#1383 = DIRECTION('',(0.,0.,-1.));
#1384 = PLANE('',#1385);
#1385 = AXIS2_PLACEMENT_3D('',#1386,#1387,#1388);
#1386 = CARTESIAN_POINT('',(5.684341886081E-14,7.62,50.8));
#1387 = DIRECTION('',(0.,1.,0.));
#1388 = DIRECTION('',(0.,-0.,1.));
#1389 = ADVANCED_FACE('',(#1390),#1406,.F.);
#1390 = FACE_BOUND('',#1391,.F.);
#1391 = EDGE_LOOP('',(#1392,#1393,#1399,#1400));
#1392 = ORIENTED_EDGE('',*,*,#880,.F.);
#1393 = ORIENTED_EDGE('',*,*,#1394,.F.);
#1394 = EDGE_CURVE('',#472,#881,#1395,.T.);
#1395 = LINE('',#1396,#1397);
#1396 = CARTESIAN_POINT('',(17.0815,87.63,0.));
#1397 = VECTOR('',#1398,1.);
#1398 = DIRECTION('',(-0.,-0.,1.));
#1399 = ORIENTED_EDGE('',*,*,#471,.T.);
#1400 = ORIENTED_EDGE('',*,*,#1401,.T.);
#1401 = EDGE_CURVE('',#474,#883,#1402,.T.);
#1402 = LINE('',#1403,#1404);
#1403 = CARTESIAN_POINT('',(10.8585,87.63,0.));
#1404 = VECTOR('',#1405,1.);
#1405 = DIRECTION('',(-0.,-0.,1.));
#1406 = CYLINDRICAL_SURFACE('',#1407,3.1115);
#1407 = AXIS2_PLACEMENT_3D('',#1408,#1409,#1410);
#1408 = CARTESIAN_POINT('',(13.97,87.63,0.));
#1409 = DIRECTION('',(-0.,-0.,1.));
#1410 = DIRECTION('',(1.,0.,0.));
#1411 = ADVANCED_FACE('',(#1412),#1418,.F.);
#1412 = FACE_BOUND('',#1413,.F.);
#1413 = EDGE_LOOP('',(#1414,#1415,#1416,#1417));
#1414 = ORIENTED_EDGE('',*,*,#1394,.T.);
#1415 = ORIENTED_EDGE('',*,*,#891,.F.);
#1416 = ORIENTED_EDGE('',*,*,#1401,.F.);
#1417 = ORIENTED_EDGE('',*,*,#482,.T.);
#1418 = CYLINDRICAL_SURFACE('',#1419,3.1115);
#1419 = AXIS2_PLACEMENT_3D('',#1420,#1421,#1422);
#1420 = CARTESIAN_POINT('',(13.97,87.63,0.));
#1421 = DIRECTION('',(-0.,-0.,1.));
#1422 = DIRECTION('',(1.,0.,0.));
#1423 = ADVANCED_FACE('',(#1424),#1440,.F.);
#1424 = FACE_BOUND('',#1425,.F.);
#1425 = EDGE_LOOP('',(#1426,#1427,#1433,#1434));
#1426 = ORIENTED_EDGE('',*,*,#900,.F.);
#1427 = ORIENTED_EDGE('',*,*,#1428,.F.);
#1428 = EDGE_CURVE('',#492,#901,#1429,.T.);
#1429 = LINE('',#1430,#1431);
#1430 = CARTESIAN_POINT('',(17.0815,13.97,0.));
#1431 = VECTOR('',#1432,1.);
#1432 = DIRECTION('',(-0.,-0.,1.));
#1433 = ORIENTED_EDGE('',*,*,#491,.T.);
#1434 = ORIENTED_EDGE('',*,*,#1435,.T.);
#1435 = EDGE_CURVE('',#494,#903,#1436,.T.);
#1436 = LINE('',#1437,#1438);
#1437 = CARTESIAN_POINT('',(10.8585,13.97,0.));
#1438 = VECTOR('',#1439,1.);
#1439 = DIRECTION('',(-0.,-0.,1.));
#1440 = CYLINDRICAL_SURFACE('',#1441,3.1115);
#1441 = AXIS2_PLACEMENT_3D('',#1442,#1443,#1444);
#1442 = CARTESIAN_POINT('',(13.97,13.97,0.));
#1443 = DIRECTION('',(-0.,-0.,1.));
#1444 = DIRECTION('',(1.,0.,0.));
#1445 = ADVANCED_FACE('',(#1446),#1452,.F.);
#1446 = FACE_BOUND('',#1447,.F.);
#1447 = EDGE_LOOP('',(#1448,#1449,#1450,#1451));
#1448 = ORIENTED_EDGE('',*,*,#1428,.T.);
#1449 = ORIENTED_EDGE('',*,*,#911,.F.);
#1450 = ORIENTED_EDGE('',*,*,#1435,.F.);
#1451 = ORIENTED_EDGE('',*,*,#502,.T.);
#1452 = CYLINDRICAL_SURFACE('',#1453,3.1115);
#1453 = AXIS2_PLACEMENT_3D('',#1454,#1455,#1456);
#1454 = CARTESIAN_POINT('',(13.97,13.97,0.));
#1455 = DIRECTION('',(-0.,-0.,1.));
#1456 = DIRECTION('',(1.,0.,0.));
#1457 = ADVANCED_FACE('',(#1458),#1474,.F.);
#1458 = FACE_BOUND('',#1459,.F.);
#1459 = EDGE_LOOP('',(#1460,#1461,#1467,#1468));
#1460 = ORIENTED_EDGE('',*,*,#920,.F.);
#1461 = ORIENTED_EDGE('',*,*,#1462,.F.);
#1462 = EDGE_CURVE('',#512,#921,#1463,.T.);
#1463 = LINE('',#1464,#1465);
#1464 = CARTESIAN_POINT('',(217.7415,13.97,0.));
#1465 = VECTOR('',#1466,1.);
#1466 = DIRECTION('',(-0.,-0.,1.));
#1467 = ORIENTED_EDGE('',*,*,#511,.T.);
#1468 = ORIENTED_EDGE('',*,*,#1469,.T.);
#1469 = EDGE_CURVE('',#514,#923,#1470,.T.);
#1470 = LINE('',#1471,#1472);
#1471 = CARTESIAN_POINT('',(211.5185,13.97,0.));
#1472 = VECTOR('',#1473,1.);
#1473 = DIRECTION('',(-0.,-0.,1.));
#1474 = CYLINDRICAL_SURFACE('',#1475,3.1115);
#1475 = AXIS2_PLACEMENT_3D('',#1476,#1477,#1478);
#1476 = CARTESIAN_POINT('',(214.63,13.97,0.));
#1477 = DIRECTION('',(-0.,-0.,1.));
#1478 = DIRECTION('',(1.,0.,0.));
#1479 = ADVANCED_FACE('',(#1480),#1486,.F.);
#1480 = FACE_BOUND('',#1481,.F.);
#1481 = EDGE_LOOP('',(#1482,#1483,#1484,#1485));
#1482 = ORIENTED_EDGE('',*,*,#1462,.T.);
#1483 = ORIENTED_EDGE('',*,*,#931,.F.);
#1484 = ORIENTED_EDGE('',*,*,#1469,.F.);
#1485 = ORIENTED_EDGE('',*,*,#522,.T.);
#1486 = CYLINDRICAL_SURFACE('',#1487,3.1115);
#1487 = AXIS2_PLACEMENT_3D('',#1488,#1489,#1490);
#1488 = CARTESIAN_POINT('',(214.63,13.97,0.));
#1489 = DIRECTION('',(-0.,-0.,1.));
#1490 = DIRECTION('',(1.,0.,0.));
#1491 = ADVANCED_FACE('',(#1492),#1508,.F.);
#1492 = FACE_BOUND('',#1493,.F.);
#1493 = EDGE_LOOP('',(#1494,#1495,#1501,#1502));
#1494 = ORIENTED_EDGE('',*,*,#940,.F.);
#1495 = ORIENTED_EDGE('',*,*,#1496,.F.);
#1496 = EDGE_CURVE('',#532,#941,#1497,.T.);
#1497 = LINE('',#1498,#1499);
#1498 = CARTESIAN_POINT('',(144.0815,214.63,0.));
#1499 = VECTOR('',#1500,1.);
#1500 = DIRECTION('',(-0.,-0.,1.));
#1501 = ORIENTED_EDGE('',*,*,#531,.T.);
#1502 = ORIENTED_EDGE('',*,*,#1503,.T.);
#1503 = EDGE_CURVE('',#534,#943,#1504,.T.);
#1504 = LINE('',#1505,#1506);
#1505 = CARTESIAN_POINT('',(137.8585,214.63,0.));
#1506 = VECTOR('',#1507,1.);
#1507 = DIRECTION('',(-0.,-0.,1.));
#1508 = CYLINDRICAL_SURFACE('',#1509,3.1115);
#1509 = AXIS2_PLACEMENT_3D('',#1510,#1511,#1512);
#1510 = CARTESIAN_POINT('',(140.97,214.63,0.));
#1511 = DIRECTION('',(-0.,-0.,1.));
#1512 = DIRECTION('',(1.,0.,0.));
#1513 = ADVANCED_FACE('',(#1514),#1520,.F.);
#1514 = FACE_BOUND('',#1515,.F.);
#1515 = EDGE_LOOP('',(#1516,#1517,#1518,#1519));
#1516 = ORIENTED_EDGE('',*,*,#1496,.T.);
#1517 = ORIENTED_EDGE('',*,*,#951,.F.);
#1518 = ORIENTED_EDGE('',*,*,#1503,.F.);
#1519 = ORIENTED_EDGE('',*,*,#542,.T.);
#1520 = CYLINDRICAL_SURFACE('',#1521,3.1115);
#1521 = AXIS2_PLACEMENT_3D('',#1522,#1523,#1524);
#1522 = CARTESIAN_POINT('',(140.97,214.63,0.));
#1523 = DIRECTION('',(-0.,-0.,1.));
#1524 = DIRECTION('',(1.,0.,0.));
#1525 = ADVANCED_FACE('',(#1526),#1542,.F.);
#1526 = FACE_BOUND('',#1527,.F.);
#1527 = EDGE_LOOP('',(#1528,#1529,#1535,#1536));
#1528 = ORIENTED_EDGE('',*,*,#960,.F.);
#1529 = ORIENTED_EDGE('',*,*,#1530,.F.);
#1530 = EDGE_CURVE('',#552,#961,#1531,.T.);
#1531 = LINE('',#1532,#1533);
#1532 = CARTESIAN_POINT('',(217.7415,214.63,0.));
#1533 = VECTOR('',#1534,1.);
#1534 = DIRECTION('',(-0.,-0.,1.));
#1535 = ORIENTED_EDGE('',*,*,#551,.T.);
#1536 = ORIENTED_EDGE('',*,*,#1537,.T.);
#1537 = EDGE_CURVE('',#554,#963,#1538,.T.);
#1538 = LINE('',#1539,#1540);
#1539 = CARTESIAN_POINT('',(211.5185,214.63,0.));
#1540 = VECTOR('',#1541,1.);
#1541 = DIRECTION('',(-0.,-0.,1.));
#1542 = CYLINDRICAL_SURFACE('',#1543,3.1115);
#1543 = AXIS2_PLACEMENT_3D('',#1544,#1545,#1546);
#1544 = CARTESIAN_POINT('',(214.63,214.63,0.));
#1545 = DIRECTION('',(-0.,-0.,1.));
#1546 = DIRECTION('',(1.,0.,0.));
#1547 = ADVANCED_FACE('',(#1548),#1554,.F.);
#1548 = FACE_BOUND('',#1549,.F.);
#1549 = EDGE_LOOP('',(#1550,#1551,#1552,#1553));
#1550 = ORIENTED_EDGE('',*,*,#1530,.T.);
#1551 = ORIENTED_EDGE('',*,*,#971,.F.);
#1552 = ORIENTED_EDGE('',*,*,#1537,.F.);
#1553 = ORIENTED_EDGE('',*,*,#562,.T.);
#1554 = CYLINDRICAL_SURFACE('',#1555,3.1115);
#1555 = AXIS2_PLACEMENT_3D('',#1556,#1557,#1558);
#1556 = CARTESIAN_POINT('',(214.63,214.63,0.));
#1557 = DIRECTION('',(-0.,-0.,1.));
#1558 = DIRECTION('',(1.,0.,0.));
#1559 = ADVANCED_FACE('',(#1560),#1571,.F.);
#1560 = FACE_BOUND('',#1561,.T.);
#1561 = EDGE_LOOP('',(#1562,#1563,#1569,#1570));
#1562 = ORIENTED_EDGE('',*,*,#792,.F.);
#1563 = ORIENTED_EDGE('',*,*,#1564,.F.);
#1564 = EDGE_CURVE('',#572,#783,#1565,.T.);
#1565 = LINE('',#1566,#1567);
#1566 = CARTESIAN_POINT('',(127.,223.52,0.));
#1567 = VECTOR('',#1568,1.);
#1568 = DIRECTION('',(-0.,-0.,1.));
#1569 = ORIENTED_EDGE('',*,*,#571,.T.);
#1570 = ORIENTED_EDGE('',*,*,#866,.F.);
#1571 = PLANE('',#1572);
#1572 = AXIS2_PLACEMENT_3D('',#1573,#1574,#1575);
#1573 = CARTESIAN_POINT('',(127.,228.6,50.8));
#1574 = DIRECTION('',(1.,0.,-0.));
#1575 = DIRECTION('',(-0.,0.,-1.));
#1576 = ADVANCED_FACE('',(#1577,#1597,#1617,#1637),#1648,.F.);
#1577 = FACE_BOUND('',#1578,.T.);
#1578 = EDGE_LOOP('',(#1579,#1590));
#1579 = ORIENTED_EDGE('',*,*,#1580,.F.);
#1580 = EDGE_CURVE('',#1581,#1583,#1585,.T.);
#1581 = VERTEX_POINT('',#1582);
#1582 = CARTESIAN_POINT('',(152.4,223.52,41.275));
#1583 = VERTEX_POINT('',#1584);
#1584 = CARTESIAN_POINT('',(152.4,223.52,34.925));
#1585 = CIRCLE('',#1586,3.175);
#1586 = AXIS2_PLACEMENT_3D('',#1587,#1588,#1589);
#1587 = CARTESIAN_POINT('',(152.4,223.52,38.1));
#1588 = DIRECTION('',(0.,1.,0.));
#1589 = DIRECTION('',(0.,-0.,1.));
#1590 = ORIENTED_EDGE('',*,*,#1591,.F.);
#1591 = EDGE_CURVE('',#1583,#1581,#1592,.T.);
#1592 = CIRCLE('',#1593,3.175);
#1593 = AXIS2_PLACEMENT_3D('',#1594,#1595,#1596);
#1594 = CARTESIAN_POINT('',(152.4,223.52,38.1));
#1595 = DIRECTION('',(0.,1.,0.));
#1596 = DIRECTION('',(0.,-0.,1.));
#1597 = FACE_BOUND('',#1598,.T.);
#1598 = EDGE_LOOP('',(#1599,#1610));
#1599 = ORIENTED_EDGE('',*,*,#1600,.F.);
#1600 = EDGE_CURVE('',#1601,#1603,#1605,.T.);
#1601 = VERTEX_POINT('',#1602);
#1602 = CARTESIAN_POINT('',(152.4,223.52,15.875));
#1603 = VERTEX_POINT('',#1604);
#1604 = CARTESIAN_POINT('',(152.4,223.52,9.525));
#1605 = CIRCLE('',#1606,3.175);
#1606 = AXIS2_PLACEMENT_3D('',#1607,#1608,#1609);
#1607 = CARTESIAN_POINT('',(152.4,223.52,12.7));
#1608 = DIRECTION('',(0.,1.,0.));
#1609 = DIRECTION('',(0.,-0.,1.));
#1610 = ORIENTED_EDGE('',*,*,#1611,.F.);
#1611 = EDGE_CURVE('',#1603,#1601,#1612,.T.);
#1612 = CIRCLE('',#1613,3.175);
#1613 = AXIS2_PLACEMENT_3D('',#1614,#1615,#1616);
#1614 = CARTESIAN_POINT('',(152.4,223.52,12.7));
#1615 = DIRECTION('',(0.,1.,0.));
#1616 = DIRECTION('',(0.,-0.,1.));
#1617 = FACE_BOUND('',#1618,.T.);
#1618 = EDGE_LOOP('',(#1619,#1630));
#1619 = ORIENTED_EDGE('',*,*,#1620,.F.);
#1620 = EDGE_CURVE('',#1621,#1623,#1625,.T.);
#1621 = VERTEX_POINT('',#1622);
#1622 = CARTESIAN_POINT('',(152.4,223.52,28.575));
#1623 = VERTEX_POINT('',#1624);
#1624 = CARTESIAN_POINT('',(152.4,223.52,22.225));
#1625 = CIRCLE('',#1626,3.175);
#1626 = AXIS2_PLACEMENT_3D('',#1627,#1628,#1629);
#1627 = CARTESIAN_POINT('',(152.4,223.52,25.4));
#1628 = DIRECTION('',(0.,1.,0.));
#1629 = DIRECTION('',(0.,-0.,1.));
#1630 = ORIENTED_EDGE('',*,*,#1631,.F.);
#1631 = EDGE_CURVE('',#1623,#1621,#1632,.T.);
#1632 = CIRCLE('',#1633,3.175);
#1633 = AXIS2_PLACEMENT_3D('',#1634,#1635,#1636);
#1634 = CARTESIAN_POINT('',(152.4,223.52,25.4));
#1635 = DIRECTION('',(0.,1.,0.));
#1636 = DIRECTION('',(0.,-0.,1.));
#1637 = FACE_BOUND('',#1638,.T.);
#1638 = EDGE_LOOP('',(#1639,#1640,#1646,#1647));
#1639 = ORIENTED_EDGE('',*,*,#782,.T.);
#1640 = ORIENTED_EDGE('',*,*,#1641,.F.);
#1641 = EDGE_CURVE('',#582,#785,#1642,.T.);
#1642 = LINE('',#1643,#1644);
#1643 = CARTESIAN_POINT('',(228.6,223.52,0.));
#1644 = VECTOR('',#1645,1.);
#1645 = DIRECTION('',(-0.,-0.,1.));
#1646 = ORIENTED_EDGE('',*,*,#581,.F.);
#1647 = ORIENTED_EDGE('',*,*,#1564,.T.);
#1648 = PLANE('',#1649);
#1649 = AXIS2_PLACEMENT_3D('',#1650,#1651,#1652);
#1650 = CARTESIAN_POINT('',(127.,223.52,0.));
#1651 = DIRECTION('',(0.,-1.,0.));
#1652 = DIRECTION('',(0.,-0.,-1.));
#1653 = ADVANCED_FACE('',(#1654,#1674,#1694,#1714,#1734,#1754,#1774,
    #1794,#1814,#1834,#1854,#1874,#1894,#1914,#1934,#1954,#1974,#1994,
    #2014,#2034,#2054,#2074,#2094,#2114,#2134,#2154,#2174,#2194,#2214,
    #2234,#2254,#2274,#2294,#2314,#2334,#2354,#2374,#2394,#2414,#2434,
    #2454,#2474,#2494,#2514,#2534,#2554,#2574,#2594,#2614,#2634,#2654,
    #2674,#2694,#2714,#2734,#2754,#2774,#2794,#2814,#2834,#2854,#2874,
    #2894,#2914,#2934,#2954,#2974,#2994,#3014,#3034,#3054,#3088),#3094,
  .F.);
#1654 = FACE_BOUND('',#1655,.T.);
#1655 = EDGE_LOOP('',(#1656,#1667));
#1656 = ORIENTED_EDGE('',*,*,#1657,.F.);
#1657 = EDGE_CURVE('',#1658,#1660,#1662,.T.);
#1658 = VERTEX_POINT('',#1659);
#1659 = CARTESIAN_POINT('',(228.6,43.18,20.319999999998));
#1660 = VERTEX_POINT('',#1661);
#1661 = CARTESIAN_POINT('',(228.6,38.1,20.319999999998));
#1662 = CIRCLE('',#1663,2.54);
#1663 = AXIS2_PLACEMENT_3D('',#1664,#1665,#1666);
#1664 = CARTESIAN_POINT('',(228.6,40.64,20.319999999998));
#1665 = DIRECTION('',(1.,6.070773319254E-17,0.));
#1666 = DIRECTION('',(-6.070773319254E-17,1.,0.));
#1667 = ORIENTED_EDGE('',*,*,#1668,.F.);
#1668 = EDGE_CURVE('',#1660,#1658,#1669,.T.);
#1669 = CIRCLE('',#1670,2.54);
#1670 = AXIS2_PLACEMENT_3D('',#1671,#1672,#1673);
#1671 = CARTESIAN_POINT('',(228.6,40.64,20.319999999998));
#1672 = DIRECTION('',(1.,6.070773319254E-17,0.));
#1673 = DIRECTION('',(-6.070773319254E-17,1.,0.));
#1674 = FACE_BOUND('',#1675,.T.);
#1675 = EDGE_LOOP('',(#1676,#1687));
#1676 = ORIENTED_EDGE('',*,*,#1677,.F.);
#1677 = EDGE_CURVE('',#1678,#1680,#1682,.T.);
#1678 = VERTEX_POINT('',#1679);
#1679 = CARTESIAN_POINT('',(228.6,43.18,30.479999999998));
#1680 = VERTEX_POINT('',#1681);
#1681 = CARTESIAN_POINT('',(228.6,38.1,30.479999999998));
#1682 = CIRCLE('',#1683,2.54);
#1683 = AXIS2_PLACEMENT_3D('',#1684,#1685,#1686);
#1684 = CARTESIAN_POINT('',(228.6,40.64,30.479999999998));
#1685 = DIRECTION('',(1.,6.070773319254E-17,0.));
#1686 = DIRECTION('',(-6.070773319254E-17,1.,0.));
#1687 = ORIENTED_EDGE('',*,*,#1688,.F.);
#1688 = EDGE_CURVE('',#1680,#1678,#1689,.T.);
#1689 = CIRCLE('',#1690,2.54);
#1690 = AXIS2_PLACEMENT_3D('',#1691,#1692,#1693);
#1691 = CARTESIAN_POINT('',(228.6,40.64,30.479999999998));
#1692 = DIRECTION('',(1.,6.070773319254E-17,0.));
#1693 = DIRECTION('',(-6.070773319254E-17,1.,0.));
#1694 = FACE_BOUND('',#1695,.T.);
#1695 = EDGE_LOOP('',(#1696,#1707));
#1696 = ORIENTED_EDGE('',*,*,#1697,.F.);
#1697 = EDGE_CURVE('',#1698,#1700,#1702,.T.);
#1698 = VERTEX_POINT('',#1699);
#1699 = CARTESIAN_POINT('',(228.6,63.5,20.319999999998));
#1700 = VERTEX_POINT('',#1701);
#1701 = CARTESIAN_POINT('',(228.6,58.42,20.319999999998));
#1702 = CIRCLE('',#1703,2.54);
#1703 = AXIS2_PLACEMENT_3D('',#1704,#1705,#1706);
#1704 = CARTESIAN_POINT('',(228.6,60.96,20.319999999998));
#1705 = DIRECTION('',(1.,6.070773319254E-17,0.));
#1706 = DIRECTION('',(-6.070773319254E-17,1.,0.));
#1707 = ORIENTED_EDGE('',*,*,#1708,.F.);
#1708 = EDGE_CURVE('',#1700,#1698,#1709,.T.);
#1709 = CIRCLE('',#1710,2.54);
#1710 = AXIS2_PLACEMENT_3D('',#1711,#1712,#1713);
#1711 = CARTESIAN_POINT('',(228.6,60.96,20.319999999998));
#1712 = DIRECTION('',(1.,6.070773319254E-17,0.));
#1713 = DIRECTION('',(-6.070773319254E-17,1.,0.));
#1714 = FACE_BOUND('',#1715,.T.);
#1715 = EDGE_LOOP('',(#1716,#1727));
#1716 = ORIENTED_EDGE('',*,*,#1717,.F.);
#1717 = EDGE_CURVE('',#1718,#1720,#1722,.T.);
#1718 = VERTEX_POINT('',#1719);
#1719 = CARTESIAN_POINT('',(228.6,63.5,30.479999999998));
#1720 = VERTEX_POINT('',#1721);
#1721 = CARTESIAN_POINT('',(228.6,58.42,30.479999999998));
#1722 = CIRCLE('',#1723,2.54);
#1723 = AXIS2_PLACEMENT_3D('',#1724,#1725,#1726);
#1724 = CARTESIAN_POINT('',(228.6,60.96,30.479999999998));
#1725 = DIRECTION('',(1.,6.070773319254E-17,0.));
#1726 = DIRECTION('',(-6.070773319254E-17,1.,0.));
#1727 = ORIENTED_EDGE('',*,*,#1728,.F.);
#1728 = EDGE_CURVE('',#1720,#1718,#1729,.T.);
#1729 = CIRCLE('',#1730,2.54);
#1730 = AXIS2_PLACEMENT_3D('',#1731,#1732,#1733);
#1731 = CARTESIAN_POINT('',(228.6,60.96,30.479999999998));
#1732 = DIRECTION('',(1.,6.070773319254E-17,0.));
#1733 = DIRECTION('',(-6.070773319254E-17,1.,0.));
#1734 = FACE_BOUND('',#1735,.T.);
#1735 = EDGE_LOOP('',(#1736,#1747));
#1736 = ORIENTED_EDGE('',*,*,#1737,.F.);
#1737 = EDGE_CURVE('',#1738,#1740,#1742,.T.);
#1738 = VERTEX_POINT('',#1739);
#1739 = CARTESIAN_POINT('',(228.6,53.34,30.479999999998));
#1740 = VERTEX_POINT('',#1741);
#1741 = CARTESIAN_POINT('',(228.6,48.26,30.479999999998));
#1742 = CIRCLE('',#1743,2.54);
#1743 = AXIS2_PLACEMENT_3D('',#1744,#1745,#1746);
#1744 = CARTESIAN_POINT('',(228.6,50.8,30.479999999998));
#1745 = DIRECTION('',(1.,6.070773319254E-17,0.));
#1746 = DIRECTION('',(-6.070773319254E-17,1.,0.));
#1747 = ORIENTED_EDGE('',*,*,#1748,.F.);
#1748 = EDGE_CURVE('',#1740,#1738,#1749,.T.);
#1749 = CIRCLE('',#1750,2.54);
#1750 = AXIS2_PLACEMENT_3D('',#1751,#1752,#1753);
#1751 = CARTESIAN_POINT('',(228.6,50.8,30.479999999998));
#1752 = DIRECTION('',(1.,6.070773319254E-17,0.));
#1753 = DIRECTION('',(-6.070773319254E-17,1.,0.));
#1754 = FACE_BOUND('',#1755,.T.);
#1755 = EDGE_LOOP('',(#1756,#1767));
#1756 = ORIENTED_EDGE('',*,*,#1757,.F.);
#1757 = EDGE_CURVE('',#1758,#1760,#1762,.T.);
#1758 = VERTEX_POINT('',#1759);
#1759 = CARTESIAN_POINT('',(228.6,63.5,10.159999999998));
#1760 = VERTEX_POINT('',#1761);
#1761 = CARTESIAN_POINT('',(228.6,58.42,10.159999999998));
#1762 = CIRCLE('',#1763,2.54);
#1763 = AXIS2_PLACEMENT_3D('',#1764,#1765,#1766);
#1764 = CARTESIAN_POINT('',(228.6,60.96,10.159999999998));
#1765 = DIRECTION('',(1.,6.070773319254E-17,0.));
#1766 = DIRECTION('',(-6.070773319254E-17,1.,0.));
#1767 = ORIENTED_EDGE('',*,*,#1768,.F.);
#1768 = EDGE_CURVE('',#1760,#1758,#1769,.T.);
#1769 = CIRCLE('',#1770,2.54);
#1770 = AXIS2_PLACEMENT_3D('',#1771,#1772,#1773);
#1771 = CARTESIAN_POINT('',(228.6,60.96,10.159999999998));
#1772 = DIRECTION('',(1.,6.070773319254E-17,0.));
#1773 = DIRECTION('',(-6.070773319254E-17,1.,0.));
#1774 = FACE_BOUND('',#1775,.T.);
#1775 = EDGE_LOOP('',(#1776,#1787));
#1776 = ORIENTED_EDGE('',*,*,#1777,.F.);
#1777 = EDGE_CURVE('',#1778,#1780,#1782,.T.);
#1778 = VERTEX_POINT('',#1779);
#1779 = CARTESIAN_POINT('',(228.6,22.86,20.319999999998));
#1780 = VERTEX_POINT('',#1781);
#1781 = CARTESIAN_POINT('',(228.6,17.78,20.319999999998));
#1782 = CIRCLE('',#1783,2.54);
#1783 = AXIS2_PLACEMENT_3D('',#1784,#1785,#1786);
#1784 = CARTESIAN_POINT('',(228.6,20.32,20.319999999998));
#1785 = DIRECTION('',(1.,6.070773319254E-17,0.));
#1786 = DIRECTION('',(-6.070773319254E-17,1.,0.));
#1787 = ORIENTED_EDGE('',*,*,#1788,.F.);
#1788 = EDGE_CURVE('',#1780,#1778,#1789,.T.);
#1789 = CIRCLE('',#1790,2.54);
#1790 = AXIS2_PLACEMENT_3D('',#1791,#1792,#1793);
#1791 = CARTESIAN_POINT('',(228.6,20.32,20.319999999998));
#1792 = DIRECTION('',(1.,6.070773319254E-17,0.));
#1793 = DIRECTION('',(-6.070773319254E-17,1.,0.));
#1794 = FACE_BOUND('',#1795,.T.);
#1795 = EDGE_LOOP('',(#1796,#1807));
#1796 = ORIENTED_EDGE('',*,*,#1797,.F.);
#1797 = EDGE_CURVE('',#1798,#1800,#1802,.T.);
#1798 = VERTEX_POINT('',#1799);
#1799 = CARTESIAN_POINT('',(228.6,22.86,30.479999999998));
#1800 = VERTEX_POINT('',#1801);
#1801 = CARTESIAN_POINT('',(228.6,17.78,30.479999999998));
#1802 = CIRCLE('',#1803,2.54);
#1803 = AXIS2_PLACEMENT_3D('',#1804,#1805,#1806);
#1804 = CARTESIAN_POINT('',(228.6,20.32,30.479999999998));
#1805 = DIRECTION('',(1.,6.070773319254E-17,0.));
#1806 = DIRECTION('',(-6.070773319254E-17,1.,0.));
#1807 = ORIENTED_EDGE('',*,*,#1808,.F.);
#1808 = EDGE_CURVE('',#1800,#1798,#1809,.T.);
#1809 = CIRCLE('',#1810,2.54);
#1810 = AXIS2_PLACEMENT_3D('',#1811,#1812,#1813);
#1811 = CARTESIAN_POINT('',(228.6,20.32,30.479999999998));
#1812 = DIRECTION('',(1.,6.070773319254E-17,0.));
#1813 = DIRECTION('',(-6.070773319254E-17,1.,0.));
#1814 = FACE_BOUND('',#1815,.T.);
#1815 = EDGE_LOOP('',(#1816,#1827));
#1816 = ORIENTED_EDGE('',*,*,#1817,.F.);
#1817 = EDGE_CURVE('',#1818,#1820,#1822,.T.);
#1818 = VERTEX_POINT('',#1819);
#1819 = CARTESIAN_POINT('',(228.6,175.26,10.16));
#1820 = VERTEX_POINT('',#1821);
#1821 = CARTESIAN_POINT('',(228.6,170.18,10.16));
#1822 = CIRCLE('',#1823,2.54);
#1823 = AXIS2_PLACEMENT_3D('',#1824,#1825,#1826);
#1824 = CARTESIAN_POINT('',(228.6,172.72,10.16));
#1825 = DIRECTION('',(1.,6.070773319254E-17,0.));
#1826 = DIRECTION('',(-6.070773319254E-17,1.,0.));
#1827 = ORIENTED_EDGE('',*,*,#1828,.F.);
#1828 = EDGE_CURVE('',#1820,#1818,#1829,.T.);
#1829 = CIRCLE('',#1830,2.54);
#1830 = AXIS2_PLACEMENT_3D('',#1831,#1832,#1833);
#1831 = CARTESIAN_POINT('',(228.6,172.72,10.16));
#1832 = DIRECTION('',(1.,6.070773319254E-17,0.));
#1833 = DIRECTION('',(-6.070773319254E-17,1.,0.));
#1834 = FACE_BOUND('',#1835,.T.);
#1835 = EDGE_LOOP('',(#1836,#1847));
#1836 = ORIENTED_EDGE('',*,*,#1837,.F.);
#1837 = EDGE_CURVE('',#1838,#1840,#1842,.T.);
#1838 = VERTEX_POINT('',#1839);
#1839 = CARTESIAN_POINT('',(228.6,175.26,20.32));
#1840 = VERTEX_POINT('',#1841);
#1841 = CARTESIAN_POINT('',(228.6,170.18,20.32));
#1842 = CIRCLE('',#1843,2.54);
#1843 = AXIS2_PLACEMENT_3D('',#1844,#1845,#1846);
#1844 = CARTESIAN_POINT('',(228.6,172.72,20.32));
#1845 = DIRECTION('',(1.,6.070773319254E-17,0.));
#1846 = DIRECTION('',(-6.070773319254E-17,1.,0.));
#1847 = ORIENTED_EDGE('',*,*,#1848,.F.);
#1848 = EDGE_CURVE('',#1840,#1838,#1849,.T.);
#1849 = CIRCLE('',#1850,2.54);
#1850 = AXIS2_PLACEMENT_3D('',#1851,#1852,#1853);
#1851 = CARTESIAN_POINT('',(228.6,172.72,20.32));
#1852 = DIRECTION('',(1.,6.070773319254E-17,0.));
#1853 = DIRECTION('',(-6.070773319254E-17,1.,0.));
#1854 = FACE_BOUND('',#1855,.T.);
#1855 = EDGE_LOOP('',(#1856,#1867));
#1856 = ORIENTED_EDGE('',*,*,#1857,.F.);
#1857 = EDGE_CURVE('',#1858,#1860,#1862,.T.);
#1858 = VERTEX_POINT('',#1859);
#1859 = CARTESIAN_POINT('',(228.6,195.58,10.16));
#1860 = VERTEX_POINT('',#1861);
#1861 = CARTESIAN_POINT('',(228.6,190.5,10.16));
#1862 = CIRCLE('',#1863,2.54);
#1863 = AXIS2_PLACEMENT_3D('',#1864,#1865,#1866);
#1864 = CARTESIAN_POINT('',(228.6,193.04,10.16));
#1865 = DIRECTION('',(1.,6.070773319254E-17,0.));
#1866 = DIRECTION('',(-6.070773319254E-17,1.,0.));
#1867 = ORIENTED_EDGE('',*,*,#1868,.F.);
#1868 = EDGE_CURVE('',#1860,#1858,#1869,.T.);
#1869 = CIRCLE('',#1870,2.54);
#1870 = AXIS2_PLACEMENT_3D('',#1871,#1872,#1873);
#1871 = CARTESIAN_POINT('',(228.6,193.04,10.16));
#1872 = DIRECTION('',(1.,6.070773319254E-17,0.));
#1873 = DIRECTION('',(-6.070773319254E-17,1.,0.));
#1874 = FACE_BOUND('',#1875,.T.);
#1875 = EDGE_LOOP('',(#1876,#1887));
#1876 = ORIENTED_EDGE('',*,*,#1877,.F.);
#1877 = EDGE_CURVE('',#1878,#1880,#1882,.T.);
#1878 = VERTEX_POINT('',#1879);
#1879 = CARTESIAN_POINT('',(228.6,195.58,20.32));
#1880 = VERTEX_POINT('',#1881);
#1881 = CARTESIAN_POINT('',(228.6,190.5,20.32));
#1882 = CIRCLE('',#1883,2.54);
#1883 = AXIS2_PLACEMENT_3D('',#1884,#1885,#1886);
#1884 = CARTESIAN_POINT('',(228.6,193.04,20.32));
#1885 = DIRECTION('',(1.,6.070773319254E-17,0.));
#1886 = DIRECTION('',(-6.070773319254E-17,1.,0.));
#1887 = ORIENTED_EDGE('',*,*,#1888,.F.);
#1888 = EDGE_CURVE('',#1880,#1878,#1889,.T.);
#1889 = CIRCLE('',#1890,2.54);
#1890 = AXIS2_PLACEMENT_3D('',#1891,#1892,#1893);
#1891 = CARTESIAN_POINT('',(228.6,193.04,20.32));
#1892 = DIRECTION('',(1.,6.070773319254E-17,0.));
#1893 = DIRECTION('',(-6.070773319254E-17,1.,0.));
#1894 = FACE_BOUND('',#1895,.T.);
#1895 = EDGE_LOOP('',(#1896,#1907));
#1896 = ORIENTED_EDGE('',*,*,#1897,.F.);
#1897 = EDGE_CURVE('',#1898,#1900,#1902,.T.);
#1898 = VERTEX_POINT('',#1899);
#1899 = CARTESIAN_POINT('',(228.6,185.42,20.32));
#1900 = VERTEX_POINT('',#1901);
#1901 = CARTESIAN_POINT('',(228.6,180.34,20.32));
#1902 = CIRCLE('',#1903,2.54);
#1903 = AXIS2_PLACEMENT_3D('',#1904,#1905,#1906);
#1904 = CARTESIAN_POINT('',(228.6,182.88,20.32));
#1905 = DIRECTION('',(1.,6.070773319254E-17,0.));
#1906 = DIRECTION('',(-6.070773319254E-17,1.,0.));
#1907 = ORIENTED_EDGE('',*,*,#1908,.F.);
#1908 = EDGE_CURVE('',#1900,#1898,#1909,.T.);
#1909 = CIRCLE('',#1910,2.54);
#1910 = AXIS2_PLACEMENT_3D('',#1911,#1912,#1913);
#1911 = CARTESIAN_POINT('',(228.6,182.88,20.32));
#1912 = DIRECTION('',(1.,6.070773319254E-17,0.));
#1913 = DIRECTION('',(-6.070773319254E-17,1.,0.));
#1914 = FACE_BOUND('',#1915,.T.);
#1915 = EDGE_LOOP('',(#1916,#1927));
#1916 = ORIENTED_EDGE('',*,*,#1917,.F.);
#1917 = EDGE_CURVE('',#1918,#1920,#1922,.T.);
#1918 = VERTEX_POINT('',#1919);
#1919 = CARTESIAN_POINT('',(228.6,185.42,30.48));
#1920 = VERTEX_POINT('',#1921);
#1921 = CARTESIAN_POINT('',(228.6,180.34,30.48));
#1922 = CIRCLE('',#1923,2.54);
#1923 = AXIS2_PLACEMENT_3D('',#1924,#1925,#1926);
#1924 = CARTESIAN_POINT('',(228.6,182.88,30.48));
#1925 = DIRECTION('',(1.,6.070773319254E-17,0.));
#1926 = DIRECTION('',(-6.070773319254E-17,1.,0.));
#1927 = ORIENTED_EDGE('',*,*,#1928,.F.);
#1928 = EDGE_CURVE('',#1920,#1918,#1929,.T.);
#1929 = CIRCLE('',#1930,2.54);
#1930 = AXIS2_PLACEMENT_3D('',#1931,#1932,#1933);
#1931 = CARTESIAN_POINT('',(228.6,182.88,30.48));
#1932 = DIRECTION('',(1.,6.070773319254E-17,0.));
#1933 = DIRECTION('',(-6.070773319254E-17,1.,0.));
#1934 = FACE_BOUND('',#1935,.T.);
#1935 = EDGE_LOOP('',(#1936,#1947));
#1936 = ORIENTED_EDGE('',*,*,#1937,.F.);
#1937 = EDGE_CURVE('',#1938,#1940,#1942,.T.);
#1938 = VERTEX_POINT('',#1939);
#1939 = CARTESIAN_POINT('',(228.6,53.34,10.159999999998));
#1940 = VERTEX_POINT('',#1941);
#1941 = CARTESIAN_POINT('',(228.6,48.26,10.159999999998));
#1942 = CIRCLE('',#1943,2.54);
#1943 = AXIS2_PLACEMENT_3D('',#1944,#1945,#1946);
#1944 = CARTESIAN_POINT('',(228.6,50.8,10.159999999998));
#1945 = DIRECTION('',(1.,6.070773319254E-17,0.));
#1946 = DIRECTION('',(-6.070773319254E-17,1.,0.));
#1947 = ORIENTED_EDGE('',*,*,#1948,.F.);
#1948 = EDGE_CURVE('',#1940,#1938,#1949,.T.);
#1949 = CIRCLE('',#1950,2.54);
#1950 = AXIS2_PLACEMENT_3D('',#1951,#1952,#1953);
#1951 = CARTESIAN_POINT('',(228.6,50.8,10.159999999998));
#1952 = DIRECTION('',(1.,6.070773319254E-17,0.));
#1953 = DIRECTION('',(-6.070773319254E-17,1.,0.));
#1954 = FACE_BOUND('',#1955,.T.);
#1955 = EDGE_LOOP('',(#1956,#1967));
#1956 = ORIENTED_EDGE('',*,*,#1957,.F.);
#1957 = EDGE_CURVE('',#1958,#1960,#1962,.T.);
#1958 = VERTEX_POINT('',#1959);
#1959 = CARTESIAN_POINT('',(228.6,53.34,20.319999999998));
#1960 = VERTEX_POINT('',#1961);
#1961 = CARTESIAN_POINT('',(228.6,48.26,20.319999999998));
#1962 = CIRCLE('',#1963,2.54);
#1963 = AXIS2_PLACEMENT_3D('',#1964,#1965,#1966);
#1964 = CARTESIAN_POINT('',(228.6,50.8,20.319999999998));
#1965 = DIRECTION('',(1.,6.070773319254E-17,0.));
#1966 = DIRECTION('',(-6.070773319254E-17,1.,0.));
#1967 = ORIENTED_EDGE('',*,*,#1968,.F.);
#1968 = EDGE_CURVE('',#1960,#1958,#1969,.T.);
#1969 = CIRCLE('',#1970,2.54);
#1970 = AXIS2_PLACEMENT_3D('',#1971,#1972,#1973);
#1971 = CARTESIAN_POINT('',(228.6,50.8,20.319999999998));
#1972 = DIRECTION('',(1.,6.070773319254E-17,0.));
#1973 = DIRECTION('',(-6.070773319254E-17,1.,0.));
#1974 = FACE_BOUND('',#1975,.T.);
#1975 = EDGE_LOOP('',(#1976,#1987));
#1976 = ORIENTED_EDGE('',*,*,#1977,.F.);
#1977 = EDGE_CURVE('',#1978,#1980,#1982,.T.);
#1978 = VERTEX_POINT('',#1979);
#1979 = CARTESIAN_POINT('',(228.6,114.3,30.479999999999));
#1980 = VERTEX_POINT('',#1981);
#1981 = CARTESIAN_POINT('',(228.6,109.22,30.479999999999));
#1982 = CIRCLE('',#1983,2.54);
#1983 = AXIS2_PLACEMENT_3D('',#1984,#1985,#1986);
#1984 = CARTESIAN_POINT('',(228.6,111.76,30.479999999999));
#1985 = DIRECTION('',(1.,6.070773319254E-17,0.));
#1986 = DIRECTION('',(-6.070773319254E-17,1.,0.));
#1987 = ORIENTED_EDGE('',*,*,#1988,.F.);
#1988 = EDGE_CURVE('',#1980,#1978,#1989,.T.);
#1989 = CIRCLE('',#1990,2.54);
#1990 = AXIS2_PLACEMENT_3D('',#1991,#1992,#1993);
#1991 = CARTESIAN_POINT('',(228.6,111.76,30.479999999999));
#1992 = DIRECTION('',(1.,6.070773319254E-17,0.));
#1993 = DIRECTION('',(-6.070773319254E-17,1.,0.));
#1994 = FACE_BOUND('',#1995,.T.);
#1995 = EDGE_LOOP('',(#1996,#2007));
#1996 = ORIENTED_EDGE('',*,*,#1997,.F.);
#1997 = EDGE_CURVE('',#1998,#2000,#2002,.T.);
#1998 = VERTEX_POINT('',#1999);
#1999 = CARTESIAN_POINT('',(228.6,124.46,30.479999999999));
#2000 = VERTEX_POINT('',#2001);
#2001 = CARTESIAN_POINT('',(228.6,119.38,30.479999999999));
#2002 = CIRCLE('',#2003,2.54);
#2003 = AXIS2_PLACEMENT_3D('',#2004,#2005,#2006);
#2004 = CARTESIAN_POINT('',(228.6,121.92,30.479999999999));
#2005 = DIRECTION('',(1.,6.070773319254E-17,0.));
#2006 = DIRECTION('',(-6.070773319254E-17,1.,0.));
#2007 = ORIENTED_EDGE('',*,*,#2008,.F.);
#2008 = EDGE_CURVE('',#2000,#1998,#2009,.T.);
#2009 = CIRCLE('',#2010,2.54);
#2010 = AXIS2_PLACEMENT_3D('',#2011,#2012,#2013);
#2011 = CARTESIAN_POINT('',(228.6,121.92,30.479999999999));
#2012 = DIRECTION('',(1.,6.070773319254E-17,0.));
#2013 = DIRECTION('',(-6.070773319254E-17,1.,0.));
#2014 = FACE_BOUND('',#2015,.T.);
#2015 = EDGE_LOOP('',(#2016,#2027));
#2016 = ORIENTED_EDGE('',*,*,#2017,.F.);
#2017 = EDGE_CURVE('',#2018,#2020,#2022,.T.);
#2018 = VERTEX_POINT('',#2019);
#2019 = CARTESIAN_POINT('',(228.6,165.1,20.319999999999));
#2020 = VERTEX_POINT('',#2021);
#2021 = CARTESIAN_POINT('',(228.6,160.02,20.319999999999));
#2022 = CIRCLE('',#2023,2.54);
#2023 = AXIS2_PLACEMENT_3D('',#2024,#2025,#2026);
#2024 = CARTESIAN_POINT('',(228.6,162.56,20.319999999999));
#2025 = DIRECTION('',(1.,6.070773319254E-17,0.));
#2026 = DIRECTION('',(-6.070773319254E-17,1.,0.));
#2027 = ORIENTED_EDGE('',*,*,#2028,.F.);
#2028 = EDGE_CURVE('',#2020,#2018,#2029,.T.);
#2029 = CIRCLE('',#2030,2.54);
#2030 = AXIS2_PLACEMENT_3D('',#2031,#2032,#2033);
#2031 = CARTESIAN_POINT('',(228.6,162.56,20.319999999999));
#2032 = DIRECTION('',(1.,6.070773319254E-17,0.));
#2033 = DIRECTION('',(-6.070773319254E-17,1.,0.));
#2034 = FACE_BOUND('',#2035,.T.);
#2035 = EDGE_LOOP('',(#2036,#2047));
#2036 = ORIENTED_EDGE('',*,*,#2037,.F.);
#2037 = EDGE_CURVE('',#2038,#2040,#2042,.T.);
#2038 = VERTEX_POINT('',#2039);
#2039 = CARTESIAN_POINT('',(228.6,165.1,30.479999999999));
#2040 = VERTEX_POINT('',#2041);
#2041 = CARTESIAN_POINT('',(228.6,160.02,30.479999999999));
#2042 = CIRCLE('',#2043,2.54);
#2043 = AXIS2_PLACEMENT_3D('',#2044,#2045,#2046);
#2044 = CARTESIAN_POINT('',(228.6,162.56,30.479999999999));
#2045 = DIRECTION('',(1.,6.070773319254E-17,0.));
#2046 = DIRECTION('',(-6.070773319254E-17,1.,0.));
#2047 = ORIENTED_EDGE('',*,*,#2048,.F.);
#2048 = EDGE_CURVE('',#2040,#2038,#2049,.T.);
#2049 = CIRCLE('',#2050,2.54);
#2050 = AXIS2_PLACEMENT_3D('',#2051,#2052,#2053);
#2051 = CARTESIAN_POINT('',(228.6,162.56,30.479999999999));
#2052 = DIRECTION('',(1.,6.070773319254E-17,0.));
#2053 = DIRECTION('',(-6.070773319254E-17,1.,0.));
#2054 = FACE_BOUND('',#2055,.T.);
#2055 = EDGE_LOOP('',(#2056,#2067));
#2056 = ORIENTED_EDGE('',*,*,#2057,.F.);
#2057 = EDGE_CURVE('',#2058,#2060,#2062,.T.);
#2058 = VERTEX_POINT('',#2059);
#2059 = CARTESIAN_POINT('',(228.6,154.94,30.479999999999));
#2060 = VERTEX_POINT('',#2061);
#2061 = CARTESIAN_POINT('',(228.6,149.86,30.479999999999));
#2062 = CIRCLE('',#2063,2.54);
#2063 = AXIS2_PLACEMENT_3D('',#2064,#2065,#2066);
#2064 = CARTESIAN_POINT('',(228.6,152.4,30.479999999999));
#2065 = DIRECTION('',(1.,6.070773319254E-17,0.));
#2066 = DIRECTION('',(-6.070773319254E-17,1.,0.));
#2067 = ORIENTED_EDGE('',*,*,#2068,.F.);
#2068 = EDGE_CURVE('',#2060,#2058,#2069,.T.);
#2069 = CIRCLE('',#2070,2.54);
#2070 = AXIS2_PLACEMENT_3D('',#2071,#2072,#2073);
#2071 = CARTESIAN_POINT('',(228.6,152.4,30.479999999999));
#2072 = DIRECTION('',(1.,6.070773319254E-17,0.));
#2073 = DIRECTION('',(-6.070773319254E-17,1.,0.));
#2074 = FACE_BOUND('',#2075,.T.);
#2075 = EDGE_LOOP('',(#2076,#2087));
#2076 = ORIENTED_EDGE('',*,*,#2077,.F.);
#2077 = EDGE_CURVE('',#2078,#2080,#2082,.T.);
#2078 = VERTEX_POINT('',#2079);
#2079 = CARTESIAN_POINT('',(228.6,165.1,10.159999999999));
#2080 = VERTEX_POINT('',#2081);
#2081 = CARTESIAN_POINT('',(228.6,160.02,10.159999999999));
#2082 = CIRCLE('',#2083,2.54);
#2083 = AXIS2_PLACEMENT_3D('',#2084,#2085,#2086);
#2084 = CARTESIAN_POINT('',(228.6,162.56,10.159999999999));
#2085 = DIRECTION('',(1.,6.070773319254E-17,0.));
#2086 = DIRECTION('',(-6.070773319254E-17,1.,0.));
#2087 = ORIENTED_EDGE('',*,*,#2088,.F.);
#2088 = EDGE_CURVE('',#2080,#2078,#2089,.T.);
#2089 = CIRCLE('',#2090,2.54);
#2090 = AXIS2_PLACEMENT_3D('',#2091,#2092,#2093);
#2091 = CARTESIAN_POINT('',(228.6,162.56,10.159999999999));
#2092 = DIRECTION('',(1.,6.070773319254E-17,0.));
#2093 = DIRECTION('',(-6.070773319254E-17,1.,0.));
#2094 = FACE_BOUND('',#2095,.T.);
#2095 = EDGE_LOOP('',(#2096,#2107));
#2096 = ORIENTED_EDGE('',*,*,#2097,.F.);
#2097 = EDGE_CURVE('',#2098,#2100,#2102,.T.);
#2098 = VERTEX_POINT('',#2099);
#2099 = CARTESIAN_POINT('',(228.6,73.66,30.479999999999));
#2100 = VERTEX_POINT('',#2101);
#2101 = CARTESIAN_POINT('',(228.6,68.58,30.479999999999));
#2102 = CIRCLE('',#2103,2.54);
#2103 = AXIS2_PLACEMENT_3D('',#2104,#2105,#2106);
#2104 = CARTESIAN_POINT('',(228.6,71.12,30.479999999999));
#2105 = DIRECTION('',(1.,6.070773319254E-17,0.));
#2106 = DIRECTION('',(-6.070773319254E-17,1.,0.));
#2107 = ORIENTED_EDGE('',*,*,#2108,.F.);
#2108 = EDGE_CURVE('',#2100,#2098,#2109,.T.);
#2109 = CIRCLE('',#2110,2.54);
#2110 = AXIS2_PLACEMENT_3D('',#2111,#2112,#2113);
#2111 = CARTESIAN_POINT('',(228.6,71.12,30.479999999999));
#2112 = DIRECTION('',(1.,6.070773319254E-17,0.));
#2113 = DIRECTION('',(-6.070773319254E-17,1.,0.));
#2114 = FACE_BOUND('',#2115,.T.);
#2115 = EDGE_LOOP('',(#2116,#2127));
#2116 = ORIENTED_EDGE('',*,*,#2117,.F.);
#2117 = EDGE_CURVE('',#2118,#2120,#2122,.T.);
#2118 = VERTEX_POINT('',#2119);
#2119 = CARTESIAN_POINT('',(228.6,83.82,10.159999999999));
#2120 = VERTEX_POINT('',#2121);
#2121 = CARTESIAN_POINT('',(228.6,78.74,10.159999999999));
#2122 = CIRCLE('',#2123,2.54);
#2123 = AXIS2_PLACEMENT_3D('',#2124,#2125,#2126);
#2124 = CARTESIAN_POINT('',(228.6,81.28,10.159999999999));
#2125 = DIRECTION('',(1.,6.070773319254E-17,0.));
#2126 = DIRECTION('',(-6.070773319254E-17,1.,0.));
#2127 = ORIENTED_EDGE('',*,*,#2128,.F.);
#2128 = EDGE_CURVE('',#2120,#2118,#2129,.T.);
#2129 = CIRCLE('',#2130,2.54);
#2130 = AXIS2_PLACEMENT_3D('',#2131,#2132,#2133);
#2131 = CARTESIAN_POINT('',(228.6,81.28,10.159999999999));
#2132 = DIRECTION('',(1.,6.070773319254E-17,0.));
#2133 = DIRECTION('',(-6.070773319254E-17,1.,0.));
#2134 = FACE_BOUND('',#2135,.T.);
#2135 = EDGE_LOOP('',(#2136,#2147));
#2136 = ORIENTED_EDGE('',*,*,#2137,.F.);
#2137 = EDGE_CURVE('',#2138,#2140,#2142,.T.);
#2138 = VERTEX_POINT('',#2139);
#2139 = CARTESIAN_POINT('',(228.6,12.7,30.479999999998));
#2140 = VERTEX_POINT('',#2141);
#2141 = CARTESIAN_POINT('',(228.6,7.62,30.479999999998));
#2142 = CIRCLE('',#2143,2.54);
#2143 = AXIS2_PLACEMENT_3D('',#2144,#2145,#2146);
#2144 = CARTESIAN_POINT('',(228.6,10.16,30.479999999998));
#2145 = DIRECTION('',(1.,6.070773319254E-17,0.));
#2146 = DIRECTION('',(-6.070773319254E-17,1.,0.));
#2147 = ORIENTED_EDGE('',*,*,#2148,.F.);
#2148 = EDGE_CURVE('',#2140,#2138,#2149,.T.);
#2149 = CIRCLE('',#2150,2.54);
#2150 = AXIS2_PLACEMENT_3D('',#2151,#2152,#2153);
#2151 = CARTESIAN_POINT('',(228.6,10.16,30.479999999998));
#2152 = DIRECTION('',(1.,6.070773319254E-17,0.));
#2153 = DIRECTION('',(-6.070773319254E-17,1.,0.));
#2154 = FACE_BOUND('',#2155,.T.);
#2155 = EDGE_LOOP('',(#2156,#2167));
#2156 = ORIENTED_EDGE('',*,*,#2157,.F.);
#2157 = EDGE_CURVE('',#2158,#2160,#2162,.T.);
#2158 = VERTEX_POINT('',#2159);
#2159 = CARTESIAN_POINT('',(228.6,22.86,10.159999999998));
#2160 = VERTEX_POINT('',#2161);
#2161 = CARTESIAN_POINT('',(228.6,17.78,10.159999999998));
#2162 = CIRCLE('',#2163,2.54);
#2163 = AXIS2_PLACEMENT_3D('',#2164,#2165,#2166);
#2164 = CARTESIAN_POINT('',(228.6,20.32,10.159999999998));
#2165 = DIRECTION('',(1.,6.070773319254E-17,0.));
#2166 = DIRECTION('',(-6.070773319254E-17,1.,0.));
#2167 = ORIENTED_EDGE('',*,*,#2168,.F.);
#2168 = EDGE_CURVE('',#2160,#2158,#2169,.T.);
#2169 = CIRCLE('',#2170,2.54);
#2170 = AXIS2_PLACEMENT_3D('',#2171,#2172,#2173);
#2171 = CARTESIAN_POINT('',(228.6,20.32,10.159999999998));
#2172 = DIRECTION('',(1.,6.070773319254E-17,0.));
#2173 = DIRECTION('',(-6.070773319254E-17,1.,0.));
#2174 = FACE_BOUND('',#2175,.T.);
#2175 = EDGE_LOOP('',(#2176,#2187));
#2176 = ORIENTED_EDGE('',*,*,#2177,.F.);
#2177 = EDGE_CURVE('',#2178,#2180,#2182,.T.);
#2178 = VERTEX_POINT('',#2179);
#2179 = CARTESIAN_POINT('',(228.6,33.02,30.479999999998));
#2180 = VERTEX_POINT('',#2181);
#2181 = CARTESIAN_POINT('',(228.6,27.94,30.479999999998));
#2182 = CIRCLE('',#2183,2.54);
#2183 = AXIS2_PLACEMENT_3D('',#2184,#2185,#2186);
#2184 = CARTESIAN_POINT('',(228.6,30.48,30.479999999998));
#2185 = DIRECTION('',(1.,6.070773319254E-17,0.));
#2186 = DIRECTION('',(-6.070773319254E-17,1.,0.));
#2187 = ORIENTED_EDGE('',*,*,#2188,.F.);
#2188 = EDGE_CURVE('',#2180,#2178,#2189,.T.);
#2189 = CIRCLE('',#2190,2.54);
#2190 = AXIS2_PLACEMENT_3D('',#2191,#2192,#2193);
#2191 = CARTESIAN_POINT('',(228.6,30.48,30.479999999998));
#2192 = DIRECTION('',(1.,6.070773319254E-17,0.));
#2193 = DIRECTION('',(-6.070773319254E-17,1.,0.));
#2194 = FACE_BOUND('',#2195,.T.);
#2195 = EDGE_LOOP('',(#2196,#2207));
#2196 = ORIENTED_EDGE('',*,*,#2197,.F.);
#2197 = EDGE_CURVE('',#2198,#2200,#2202,.T.);
#2198 = VERTEX_POINT('',#2199);
#2199 = CARTESIAN_POINT('',(228.6,43.18,10.159999999998));
#2200 = VERTEX_POINT('',#2201);
#2201 = CARTESIAN_POINT('',(228.6,38.1,10.159999999998));
#2202 = CIRCLE('',#2203,2.54);
#2203 = AXIS2_PLACEMENT_3D('',#2204,#2205,#2206);
#2204 = CARTESIAN_POINT('',(228.6,40.64,10.159999999998));
#2205 = DIRECTION('',(1.,6.070773319254E-17,0.));
#2206 = DIRECTION('',(-6.070773319254E-17,1.,0.));
#2207 = ORIENTED_EDGE('',*,*,#2208,.F.);
#2208 = EDGE_CURVE('',#2200,#2198,#2209,.T.);
#2209 = CIRCLE('',#2210,2.54);
#2210 = AXIS2_PLACEMENT_3D('',#2211,#2212,#2213);
#2211 = CARTESIAN_POINT('',(228.6,40.64,10.159999999998));
#2212 = DIRECTION('',(1.,6.070773319254E-17,0.));
#2213 = DIRECTION('',(-6.070773319254E-17,1.,0.));
#2214 = FACE_BOUND('',#2215,.T.);
#2215 = EDGE_LOOP('',(#2216,#2227));
#2216 = ORIENTED_EDGE('',*,*,#2217,.F.);
#2217 = EDGE_CURVE('',#2218,#2220,#2222,.T.);
#2218 = VERTEX_POINT('',#2219);
#2219 = CARTESIAN_POINT('',(228.6,33.02,10.159999999998));
#2220 = VERTEX_POINT('',#2221);
#2221 = CARTESIAN_POINT('',(228.6,27.94,10.159999999998));
#2222 = CIRCLE('',#2223,2.54);
#2223 = AXIS2_PLACEMENT_3D('',#2224,#2225,#2226);
#2224 = CARTESIAN_POINT('',(228.6,30.48,10.159999999998));
#2225 = DIRECTION('',(1.,6.070773319254E-17,0.));
#2226 = DIRECTION('',(-6.070773319254E-17,1.,0.));
#2227 = ORIENTED_EDGE('',*,*,#2228,.F.);
#2228 = EDGE_CURVE('',#2220,#2218,#2229,.T.);
#2229 = CIRCLE('',#2230,2.54);
#2230 = AXIS2_PLACEMENT_3D('',#2231,#2232,#2233);
#2231 = CARTESIAN_POINT('',(228.6,30.48,10.159999999998));
#2232 = DIRECTION('',(1.,6.070773319254E-17,0.));
#2233 = DIRECTION('',(-6.070773319254E-17,1.,0.));
#2234 = FACE_BOUND('',#2235,.T.);
#2235 = EDGE_LOOP('',(#2236,#2247));
#2236 = ORIENTED_EDGE('',*,*,#2237,.F.);
#2237 = EDGE_CURVE('',#2238,#2240,#2242,.T.);
#2238 = VERTEX_POINT('',#2239);
#2239 = CARTESIAN_POINT('',(228.6,33.02,20.319999999998));
#2240 = VERTEX_POINT('',#2241);
#2241 = CARTESIAN_POINT('',(228.6,27.94,20.319999999998));
#2242 = CIRCLE('',#2243,2.54);
#2243 = AXIS2_PLACEMENT_3D('',#2244,#2245,#2246);
#2244 = CARTESIAN_POINT('',(228.6,30.48,20.319999999998));
#2245 = DIRECTION('',(1.,6.070773319254E-17,0.));
#2246 = DIRECTION('',(-6.070773319254E-17,1.,0.));
#2247 = ORIENTED_EDGE('',*,*,#2248,.F.);
#2248 = EDGE_CURVE('',#2240,#2238,#2249,.T.);
#2249 = CIRCLE('',#2250,2.54);
#2250 = AXIS2_PLACEMENT_3D('',#2251,#2252,#2253);
#2251 = CARTESIAN_POINT('',(228.6,30.48,20.319999999998));
#2252 = DIRECTION('',(1.,6.070773319254E-17,0.));
#2253 = DIRECTION('',(-6.070773319254E-17,1.,0.));
#2254 = FACE_BOUND('',#2255,.T.);
#2255 = EDGE_LOOP('',(#2256,#2267));
#2256 = ORIENTED_EDGE('',*,*,#2257,.F.);
#2257 = EDGE_CURVE('',#2258,#2260,#2262,.T.);
#2258 = VERTEX_POINT('',#2259);
#2259 = CARTESIAN_POINT('',(228.6,134.62,30.479999999999));
#2260 = VERTEX_POINT('',#2261);
#2261 = CARTESIAN_POINT('',(228.6,129.54,30.479999999999));
#2262 = CIRCLE('',#2263,2.54);
#2263 = AXIS2_PLACEMENT_3D('',#2264,#2265,#2266);
#2264 = CARTESIAN_POINT('',(228.6,132.08,30.479999999999));
#2265 = DIRECTION('',(1.,6.070773319254E-17,0.));
#2266 = DIRECTION('',(-6.070773319254E-17,1.,0.));
#2267 = ORIENTED_EDGE('',*,*,#2268,.F.);
#2268 = EDGE_CURVE('',#2260,#2258,#2269,.T.);
#2269 = CIRCLE('',#2270,2.54);
#2270 = AXIS2_PLACEMENT_3D('',#2271,#2272,#2273);
#2271 = CARTESIAN_POINT('',(228.6,132.08,30.479999999999));
#2272 = DIRECTION('',(1.,6.070773319254E-17,0.));
#2273 = DIRECTION('',(-6.070773319254E-17,1.,0.));
#2274 = FACE_BOUND('',#2275,.T.);
#2275 = EDGE_LOOP('',(#2276,#2287));
#2276 = ORIENTED_EDGE('',*,*,#2277,.F.);
#2277 = EDGE_CURVE('',#2278,#2280,#2282,.T.);
#2278 = VERTEX_POINT('',#2279);
#2279 = CARTESIAN_POINT('',(228.6,144.78,30.479999999999));
#2280 = VERTEX_POINT('',#2281);
#2281 = CARTESIAN_POINT('',(228.6,139.7,30.479999999999));
#2282 = CIRCLE('',#2283,2.54);
#2283 = AXIS2_PLACEMENT_3D('',#2284,#2285,#2286);
#2284 = CARTESIAN_POINT('',(228.6,142.24,30.479999999999));
#2285 = DIRECTION('',(1.,6.070773319254E-17,0.));
#2286 = DIRECTION('',(-6.070773319254E-17,1.,0.));
#2287 = ORIENTED_EDGE('',*,*,#2288,.F.);
#2288 = EDGE_CURVE('',#2280,#2278,#2289,.T.);
#2289 = CIRCLE('',#2290,2.54);
#2290 = AXIS2_PLACEMENT_3D('',#2291,#2292,#2293);
#2291 = CARTESIAN_POINT('',(228.6,142.24,30.479999999999));
#2292 = DIRECTION('',(1.,6.070773319254E-17,0.));
#2293 = DIRECTION('',(-6.070773319254E-17,1.,0.));
#2294 = FACE_BOUND('',#2295,.T.);
#2295 = EDGE_LOOP('',(#2296,#2307));
#2296 = ORIENTED_EDGE('',*,*,#2297,.F.);
#2297 = EDGE_CURVE('',#2298,#2300,#2302,.T.);
#2298 = VERTEX_POINT('',#2299);
#2299 = CARTESIAN_POINT('',(228.6,154.94,40.639999999999));
#2300 = VERTEX_POINT('',#2301);
#2301 = CARTESIAN_POINT('',(228.6,149.86,40.639999999999));
#2302 = CIRCLE('',#2303,2.54);
#2303 = AXIS2_PLACEMENT_3D('',#2304,#2305,#2306);
#2304 = CARTESIAN_POINT('',(228.6,152.4,40.639999999999));
#2305 = DIRECTION('',(1.,6.070773319254E-17,0.));
#2306 = DIRECTION('',(-6.070773319254E-17,1.,0.));
#2307 = ORIENTED_EDGE('',*,*,#2308,.F.);
#2308 = EDGE_CURVE('',#2300,#2298,#2309,.T.);
#2309 = CIRCLE('',#2310,2.54);
#2310 = AXIS2_PLACEMENT_3D('',#2311,#2312,#2313);
#2311 = CARTESIAN_POINT('',(228.6,152.4,40.639999999999));
#2312 = DIRECTION('',(1.,6.070773319254E-17,0.));
#2313 = DIRECTION('',(-6.070773319254E-17,1.,0.));
#2314 = FACE_BOUND('',#2315,.T.);
#2315 = EDGE_LOOP('',(#2316,#2327));
#2316 = ORIENTED_EDGE('',*,*,#2317,.F.);
#2317 = EDGE_CURVE('',#2318,#2320,#2322,.T.);
#2318 = VERTEX_POINT('',#2319);
#2319 = CARTESIAN_POINT('',(228.6,165.1,40.639999999999));
#2320 = VERTEX_POINT('',#2321);
#2321 = CARTESIAN_POINT('',(228.6,160.02,40.639999999999));
#2322 = CIRCLE('',#2323,2.54);
#2323 = AXIS2_PLACEMENT_3D('',#2324,#2325,#2326);
#2324 = CARTESIAN_POINT('',(228.6,162.56,40.639999999999));
#2325 = DIRECTION('',(1.,6.070773319254E-17,0.));
#2326 = DIRECTION('',(-6.070773319254E-17,1.,0.));
#2327 = ORIENTED_EDGE('',*,*,#2328,.F.);
#2328 = EDGE_CURVE('',#2320,#2318,#2329,.T.);
#2329 = CIRCLE('',#2330,2.54);
#2330 = AXIS2_PLACEMENT_3D('',#2331,#2332,#2333);
#2331 = CARTESIAN_POINT('',(228.6,162.56,40.639999999999));
#2332 = DIRECTION('',(1.,6.070773319254E-17,0.));
#2333 = DIRECTION('',(-6.070773319254E-17,1.,0.));
#2334 = FACE_BOUND('',#2335,.T.);
#2335 = EDGE_LOOP('',(#2336,#2347));
#2336 = ORIENTED_EDGE('',*,*,#2337,.F.);
#2337 = EDGE_CURVE('',#2338,#2340,#2342,.T.);
#2338 = VERTEX_POINT('',#2339);
#2339 = CARTESIAN_POINT('',(228.6,12.7,10.159999999998));
#2340 = VERTEX_POINT('',#2341);
#2341 = CARTESIAN_POINT('',(228.6,7.62,10.159999999998));
#2342 = CIRCLE('',#2343,2.54);
#2343 = AXIS2_PLACEMENT_3D('',#2344,#2345,#2346);
#2344 = CARTESIAN_POINT('',(228.6,10.16,10.159999999998));
#2345 = DIRECTION('',(1.,6.070773319254E-17,0.));
#2346 = DIRECTION('',(-6.070773319254E-17,1.,0.));
#2347 = ORIENTED_EDGE('',*,*,#2348,.F.);
#2348 = EDGE_CURVE('',#2340,#2338,#2349,.T.);
#2349 = CIRCLE('',#2350,2.54);
#2350 = AXIS2_PLACEMENT_3D('',#2351,#2352,#2353);
#2351 = CARTESIAN_POINT('',(228.6,10.16,10.159999999998));
#2352 = DIRECTION('',(1.,6.070773319254E-17,0.));
#2353 = DIRECTION('',(-6.070773319254E-17,1.,0.));
#2354 = FACE_BOUND('',#2355,.T.);
#2355 = EDGE_LOOP('',(#2356,#2367));
#2356 = ORIENTED_EDGE('',*,*,#2357,.F.);
#2357 = EDGE_CURVE('',#2358,#2360,#2362,.T.);
#2358 = VERTEX_POINT('',#2359);
#2359 = CARTESIAN_POINT('',(228.6,12.7,20.319999999998));
#2360 = VERTEX_POINT('',#2361);
#2361 = CARTESIAN_POINT('',(228.6,7.62,20.319999999998));
#2362 = CIRCLE('',#2363,2.54);
#2363 = AXIS2_PLACEMENT_3D('',#2364,#2365,#2366);
#2364 = CARTESIAN_POINT('',(228.6,10.16,20.319999999998));
#2365 = DIRECTION('',(1.,6.070773319254E-17,0.));
#2366 = DIRECTION('',(-6.070773319254E-17,1.,0.));
#2367 = ORIENTED_EDGE('',*,*,#2368,.F.);
#2368 = EDGE_CURVE('',#2360,#2358,#2369,.T.);
#2369 = CIRCLE('',#2370,2.54);
#2370 = AXIS2_PLACEMENT_3D('',#2371,#2372,#2373);
#2371 = CARTESIAN_POINT('',(228.6,10.16,20.319999999998));
#2372 = DIRECTION('',(1.,6.070773319254E-17,0.));
#2373 = DIRECTION('',(-6.070773319254E-17,1.,0.));
#2374 = FACE_BOUND('',#2375,.T.);
#2375 = EDGE_LOOP('',(#2376,#2387));
#2376 = ORIENTED_EDGE('',*,*,#2377,.F.);
#2377 = EDGE_CURVE('',#2378,#2380,#2382,.T.);
#2378 = VERTEX_POINT('',#2379);
#2379 = CARTESIAN_POINT('',(228.6,195.58,40.64));
#2380 = VERTEX_POINT('',#2381);
#2381 = CARTESIAN_POINT('',(228.6,190.5,40.64));
#2382 = CIRCLE('',#2383,2.54);
#2383 = AXIS2_PLACEMENT_3D('',#2384,#2385,#2386);
#2384 = CARTESIAN_POINT('',(228.6,193.04,40.64));
#2385 = DIRECTION('',(1.,6.070773319254E-17,0.));
#2386 = DIRECTION('',(-6.070773319254E-17,1.,0.));
#2387 = ORIENTED_EDGE('',*,*,#2388,.F.);
#2388 = EDGE_CURVE('',#2380,#2378,#2389,.T.);
#2389 = CIRCLE('',#2390,2.54);
#2390 = AXIS2_PLACEMENT_3D('',#2391,#2392,#2393);
#2391 = CARTESIAN_POINT('',(228.6,193.04,40.64));
#2392 = DIRECTION('',(1.,6.070773319254E-17,0.));
#2393 = DIRECTION('',(-6.070773319254E-17,1.,0.));
#2394 = FACE_BOUND('',#2395,.T.);
#2395 = EDGE_LOOP('',(#2396,#2407));
#2396 = ORIENTED_EDGE('',*,*,#2397,.F.);
#2397 = EDGE_CURVE('',#2398,#2400,#2402,.T.);
#2398 = VERTEX_POINT('',#2399);
#2399 = CARTESIAN_POINT('',(228.6,205.74,40.64));
#2400 = VERTEX_POINT('',#2401);
#2401 = CARTESIAN_POINT('',(228.6,200.66,40.64));
#2402 = CIRCLE('',#2403,2.54);
#2403 = AXIS2_PLACEMENT_3D('',#2404,#2405,#2406);
#2404 = CARTESIAN_POINT('',(228.6,203.2,40.64));
#2405 = DIRECTION('',(1.,6.070773319254E-17,0.));
#2406 = DIRECTION('',(-6.070773319254E-17,1.,0.));
#2407 = ORIENTED_EDGE('',*,*,#2408,.F.);
#2408 = EDGE_CURVE('',#2400,#2398,#2409,.T.);
#2409 = CIRCLE('',#2410,2.54);
#2410 = AXIS2_PLACEMENT_3D('',#2411,#2412,#2413);
#2411 = CARTESIAN_POINT('',(228.6,203.2,40.64));
#2412 = DIRECTION('',(1.,6.070773319254E-17,0.));
#2413 = DIRECTION('',(-6.070773319254E-17,1.,0.));
#2414 = FACE_BOUND('',#2415,.T.);
#2415 = EDGE_LOOP('',(#2416,#2427));
#2416 = ORIENTED_EDGE('',*,*,#2417,.F.);
#2417 = EDGE_CURVE('',#2418,#2420,#2422,.T.);
#2418 = VERTEX_POINT('',#2419);
#2419 = CARTESIAN_POINT('',(228.6,93.98,40.639999999999));
#2420 = VERTEX_POINT('',#2421);
#2421 = CARTESIAN_POINT('',(228.6,88.9,40.639999999999));
#2422 = CIRCLE('',#2423,2.54);
#2423 = AXIS2_PLACEMENT_3D('',#2424,#2425,#2426);
#2424 = CARTESIAN_POINT('',(228.6,91.44,40.639999999999));
#2425 = DIRECTION('',(1.,6.070773319254E-17,0.));
#2426 = DIRECTION('',(-6.070773319254E-17,1.,0.));
#2427 = ORIENTED_EDGE('',*,*,#2428,.F.);
#2428 = EDGE_CURVE('',#2420,#2418,#2429,.T.);
#2429 = CIRCLE('',#2430,2.54);
#2430 = AXIS2_PLACEMENT_3D('',#2431,#2432,#2433);
#2431 = CARTESIAN_POINT('',(228.6,91.44,40.639999999999));
#2432 = DIRECTION('',(1.,6.070773319254E-17,0.));
#2433 = DIRECTION('',(-6.070773319254E-17,1.,0.));
#2434 = FACE_BOUND('',#2435,.T.);
#2435 = EDGE_LOOP('',(#2436,#2447));
#2436 = ORIENTED_EDGE('',*,*,#2437,.F.);
#2437 = EDGE_CURVE('',#2438,#2440,#2442,.T.);
#2438 = VERTEX_POINT('',#2439);
#2439 = CARTESIAN_POINT('',(228.6,104.14,40.639999999999));
#2440 = VERTEX_POINT('',#2441);
#2441 = CARTESIAN_POINT('',(228.6,99.06,40.639999999999));
#2442 = CIRCLE('',#2443,2.54);
#2443 = AXIS2_PLACEMENT_3D('',#2444,#2445,#2446);
#2444 = CARTESIAN_POINT('',(228.6,101.6,40.639999999999));
#2445 = DIRECTION('',(1.,6.070773319254E-17,0.));
#2446 = DIRECTION('',(-6.070773319254E-17,1.,0.));
#2447 = ORIENTED_EDGE('',*,*,#2448,.F.);
#2448 = EDGE_CURVE('',#2440,#2438,#2449,.T.);
#2449 = CIRCLE('',#2450,2.54);
#2450 = AXIS2_PLACEMENT_3D('',#2451,#2452,#2453);
#2451 = CARTESIAN_POINT('',(228.6,101.6,40.639999999999));
#2452 = DIRECTION('',(1.,6.070773319254E-17,0.));
#2453 = DIRECTION('',(-6.070773319254E-17,1.,0.));
#2454 = FACE_BOUND('',#2455,.T.);
#2455 = EDGE_LOOP('',(#2456,#2467));
#2456 = ORIENTED_EDGE('',*,*,#2457,.F.);
#2457 = EDGE_CURVE('',#2458,#2460,#2462,.T.);
#2458 = VERTEX_POINT('',#2459);
#2459 = CARTESIAN_POINT('',(228.6,12.7,40.639999999998));
#2460 = VERTEX_POINT('',#2461);
#2461 = CARTESIAN_POINT('',(228.6,7.62,40.639999999998));
#2462 = CIRCLE('',#2463,2.54);
#2463 = AXIS2_PLACEMENT_3D('',#2464,#2465,#2466);
#2464 = CARTESIAN_POINT('',(228.6,10.16,40.639999999998));
#2465 = DIRECTION('',(1.,6.070773319254E-17,0.));
#2466 = DIRECTION('',(-6.070773319254E-17,1.,0.));
#2467 = ORIENTED_EDGE('',*,*,#2468,.F.);
#2468 = EDGE_CURVE('',#2460,#2458,#2469,.T.);
#2469 = CIRCLE('',#2470,2.54);
#2470 = AXIS2_PLACEMENT_3D('',#2471,#2472,#2473);
#2471 = CARTESIAN_POINT('',(228.6,10.16,40.639999999998));
#2472 = DIRECTION('',(1.,6.070773319254E-17,0.));
#2473 = DIRECTION('',(-6.070773319254E-17,1.,0.));
#2474 = FACE_BOUND('',#2475,.T.);
#2475 = EDGE_LOOP('',(#2476,#2487));
#2476 = ORIENTED_EDGE('',*,*,#2477,.F.);
#2477 = EDGE_CURVE('',#2478,#2480,#2482,.T.);
#2478 = VERTEX_POINT('',#2479);
#2479 = CARTESIAN_POINT('',(228.6,22.86,40.639999999998));
#2480 = VERTEX_POINT('',#2481);
#2481 = CARTESIAN_POINT('',(228.6,17.78,40.639999999998));
#2482 = CIRCLE('',#2483,2.54);
#2483 = AXIS2_PLACEMENT_3D('',#2484,#2485,#2486);
#2484 = CARTESIAN_POINT('',(228.6,20.32,40.639999999998));
#2485 = DIRECTION('',(1.,6.070773319254E-17,0.));
#2486 = DIRECTION('',(-6.070773319254E-17,1.,0.));
#2487 = ORIENTED_EDGE('',*,*,#2488,.F.);
#2488 = EDGE_CURVE('',#2480,#2478,#2489,.T.);
#2489 = CIRCLE('',#2490,2.54);
#2490 = AXIS2_PLACEMENT_3D('',#2491,#2492,#2493);
#2491 = CARTESIAN_POINT('',(228.6,20.32,40.639999999998));
#2492 = DIRECTION('',(1.,6.070773319254E-17,0.));
#2493 = DIRECTION('',(-6.070773319254E-17,1.,0.));
#2494 = FACE_BOUND('',#2495,.T.);
#2495 = EDGE_LOOP('',(#2496,#2507));
#2496 = ORIENTED_EDGE('',*,*,#2497,.F.);
#2497 = EDGE_CURVE('',#2498,#2500,#2502,.T.);
#2498 = VERTEX_POINT('',#2499);
#2499 = CARTESIAN_POINT('',(228.6,53.34,40.639999999998));
#2500 = VERTEX_POINT('',#2501);
#2501 = CARTESIAN_POINT('',(228.6,48.26,40.639999999998));
#2502 = CIRCLE('',#2503,2.54);
#2503 = AXIS2_PLACEMENT_3D('',#2504,#2505,#2506);
#2504 = CARTESIAN_POINT('',(228.6,50.8,40.639999999998));
#2505 = DIRECTION('',(1.,6.070773319254E-17,0.));
#2506 = DIRECTION('',(-6.070773319254E-17,1.,0.));
#2507 = ORIENTED_EDGE('',*,*,#2508,.F.);
#2508 = EDGE_CURVE('',#2500,#2498,#2509,.T.);
#2509 = CIRCLE('',#2510,2.54);
#2510 = AXIS2_PLACEMENT_3D('',#2511,#2512,#2513);
#2511 = CARTESIAN_POINT('',(228.6,50.8,40.639999999998));
#2512 = DIRECTION('',(1.,6.070773319254E-17,0.));
#2513 = DIRECTION('',(-6.070773319254E-17,1.,0.));
#2514 = FACE_BOUND('',#2515,.T.);
#2515 = EDGE_LOOP('',(#2516,#2527));
#2516 = ORIENTED_EDGE('',*,*,#2517,.F.);
#2517 = EDGE_CURVE('',#2518,#2520,#2522,.T.);
#2518 = VERTEX_POINT('',#2519);
#2519 = CARTESIAN_POINT('',(228.6,63.5,40.639999999998));
#2520 = VERTEX_POINT('',#2521);
#2521 = CARTESIAN_POINT('',(228.6,58.42,40.639999999998));
#2522 = CIRCLE('',#2523,2.54);
#2523 = AXIS2_PLACEMENT_3D('',#2524,#2525,#2526);
#2524 = CARTESIAN_POINT('',(228.6,60.96,40.639999999998));
#2525 = DIRECTION('',(1.,6.070773319254E-17,0.));
#2526 = DIRECTION('',(-6.070773319254E-17,1.,0.));
#2527 = ORIENTED_EDGE('',*,*,#2528,.F.);
#2528 = EDGE_CURVE('',#2520,#2518,#2529,.T.);
#2529 = CIRCLE('',#2530,2.54);
#2530 = AXIS2_PLACEMENT_3D('',#2531,#2532,#2533);
#2531 = CARTESIAN_POINT('',(228.6,60.96,40.639999999998));
#2532 = DIRECTION('',(1.,6.070773319254E-17,0.));
#2533 = DIRECTION('',(-6.070773319254E-17,1.,0.));
#2534 = FACE_BOUND('',#2535,.T.);
#2535 = EDGE_LOOP('',(#2536,#2547));
#2536 = ORIENTED_EDGE('',*,*,#2537,.F.);
#2537 = EDGE_CURVE('',#2538,#2540,#2542,.T.);
#2538 = VERTEX_POINT('',#2539);
#2539 = CARTESIAN_POINT('',(228.6,33.02,40.639999999998));
#2540 = VERTEX_POINT('',#2541);
#2541 = CARTESIAN_POINT('',(228.6,27.94,40.639999999998));
#2542 = CIRCLE('',#2543,2.54);
#2543 = AXIS2_PLACEMENT_3D('',#2544,#2545,#2546);
#2544 = CARTESIAN_POINT('',(228.6,30.48,40.639999999998));
#2545 = DIRECTION('',(1.,6.070773319254E-17,0.));
#2546 = DIRECTION('',(-6.070773319254E-17,1.,0.));
#2547 = ORIENTED_EDGE('',*,*,#2548,.F.);
#2548 = EDGE_CURVE('',#2540,#2538,#2549,.T.);
#2549 = CIRCLE('',#2550,2.54);
#2550 = AXIS2_PLACEMENT_3D('',#2551,#2552,#2553);
#2551 = CARTESIAN_POINT('',(228.6,30.48,40.639999999998));
#2552 = DIRECTION('',(1.,6.070773319254E-17,0.));
#2553 = DIRECTION('',(-6.070773319254E-17,1.,0.));
#2554 = FACE_BOUND('',#2555,.T.);
#2555 = EDGE_LOOP('',(#2556,#2567));
#2556 = ORIENTED_EDGE('',*,*,#2557,.F.);
#2557 = EDGE_CURVE('',#2558,#2560,#2562,.T.);
#2558 = VERTEX_POINT('',#2559);
#2559 = CARTESIAN_POINT('',(228.6,43.18,40.639999999998));
#2560 = VERTEX_POINT('',#2561);
#2561 = CARTESIAN_POINT('',(228.6,38.1,40.639999999998));
#2562 = CIRCLE('',#2563,2.54);
#2563 = AXIS2_PLACEMENT_3D('',#2564,#2565,#2566);
#2564 = CARTESIAN_POINT('',(228.6,40.64,40.639999999998));
#2565 = DIRECTION('',(1.,6.070773319254E-17,0.));
#2566 = DIRECTION('',(-6.070773319254E-17,1.,0.));
#2567 = ORIENTED_EDGE('',*,*,#2568,.F.);
#2568 = EDGE_CURVE('',#2560,#2558,#2569,.T.);
#2569 = CIRCLE('',#2570,2.54);
#2570 = AXIS2_PLACEMENT_3D('',#2571,#2572,#2573);
#2571 = CARTESIAN_POINT('',(228.6,40.64,40.639999999998));
#2572 = DIRECTION('',(1.,6.070773319254E-17,0.));
#2573 = DIRECTION('',(-6.070773319254E-17,1.,0.));
#2574 = FACE_BOUND('',#2575,.T.);
#2575 = EDGE_LOOP('',(#2576,#2587));
#2576 = ORIENTED_EDGE('',*,*,#2577,.F.);
#2577 = EDGE_CURVE('',#2578,#2580,#2582,.T.);
#2578 = VERTEX_POINT('',#2579);
#2579 = CARTESIAN_POINT('',(228.6,175.26,40.64));
#2580 = VERTEX_POINT('',#2581);
#2581 = CARTESIAN_POINT('',(228.6,170.18,40.64));
#2582 = CIRCLE('',#2583,2.54);
#2583 = AXIS2_PLACEMENT_3D('',#2584,#2585,#2586);
#2584 = CARTESIAN_POINT('',(228.6,172.72,40.64));
#2585 = DIRECTION('',(1.,6.070773319254E-17,0.));
#2586 = DIRECTION('',(-6.070773319254E-17,1.,0.));
#2587 = ORIENTED_EDGE('',*,*,#2588,.F.);
#2588 = EDGE_CURVE('',#2580,#2578,#2589,.T.);
#2589 = CIRCLE('',#2590,2.54);
#2590 = AXIS2_PLACEMENT_3D('',#2591,#2592,#2593);
#2591 = CARTESIAN_POINT('',(228.6,172.72,40.64));
#2592 = DIRECTION('',(1.,6.070773319254E-17,0.));
#2593 = DIRECTION('',(-6.070773319254E-17,1.,0.));
#2594 = FACE_BOUND('',#2595,.T.);
#2595 = EDGE_LOOP('',(#2596,#2607));
#2596 = ORIENTED_EDGE('',*,*,#2597,.F.);
#2597 = EDGE_CURVE('',#2598,#2600,#2602,.T.);
#2598 = VERTEX_POINT('',#2599);
#2599 = CARTESIAN_POINT('',(228.6,185.42,40.64));
#2600 = VERTEX_POINT('',#2601);
#2601 = CARTESIAN_POINT('',(228.6,180.34,40.64));
#2602 = CIRCLE('',#2603,2.54);
#2603 = AXIS2_PLACEMENT_3D('',#2604,#2605,#2606);
#2604 = CARTESIAN_POINT('',(228.6,182.88,40.64));
#2605 = DIRECTION('',(1.,6.070773319254E-17,0.));
#2606 = DIRECTION('',(-6.070773319254E-17,1.,0.));
#2607 = ORIENTED_EDGE('',*,*,#2608,.F.);
#2608 = EDGE_CURVE('',#2600,#2598,#2609,.T.);
#2609 = CIRCLE('',#2610,2.54);
#2610 = AXIS2_PLACEMENT_3D('',#2611,#2612,#2613);
#2611 = CARTESIAN_POINT('',(228.6,182.88,40.64));
#2612 = DIRECTION('',(1.,6.070773319254E-17,0.));
#2613 = DIRECTION('',(-6.070773319254E-17,1.,0.));
#2614 = FACE_BOUND('',#2615,.T.);
#2615 = EDGE_LOOP('',(#2616,#2627));
#2616 = ORIENTED_EDGE('',*,*,#2617,.F.);
#2617 = EDGE_CURVE('',#2618,#2620,#2622,.T.);
#2618 = VERTEX_POINT('',#2619);
#2619 = CARTESIAN_POINT('',(228.6,195.58,30.48));
#2620 = VERTEX_POINT('',#2621);
#2621 = CARTESIAN_POINT('',(228.6,190.5,30.48));
#2622 = CIRCLE('',#2623,2.54);
#2623 = AXIS2_PLACEMENT_3D('',#2624,#2625,#2626);
#2624 = CARTESIAN_POINT('',(228.6,193.04,30.48));
#2625 = DIRECTION('',(1.,6.070773319254E-17,0.));
#2626 = DIRECTION('',(-6.070773319254E-17,1.,0.));
#2627 = ORIENTED_EDGE('',*,*,#2628,.F.);
#2628 = EDGE_CURVE('',#2620,#2618,#2629,.T.);
#2629 = CIRCLE('',#2630,2.54);
#2630 = AXIS2_PLACEMENT_3D('',#2631,#2632,#2633);
#2631 = CARTESIAN_POINT('',(228.6,193.04,30.48));
#2632 = DIRECTION('',(1.,6.070773319254E-17,0.));
#2633 = DIRECTION('',(-6.070773319254E-17,1.,0.));
#2634 = FACE_BOUND('',#2635,.T.);
#2635 = EDGE_LOOP('',(#2636,#2647));
#2636 = ORIENTED_EDGE('',*,*,#2637,.F.);
#2637 = EDGE_CURVE('',#2638,#2640,#2642,.T.);
#2638 = VERTEX_POINT('',#2639);
#2639 = CARTESIAN_POINT('',(228.6,205.74,10.16));
#2640 = VERTEX_POINT('',#2641);
#2641 = CARTESIAN_POINT('',(228.6,200.66,10.16));
#2642 = CIRCLE('',#2643,2.54);
#2643 = AXIS2_PLACEMENT_3D('',#2644,#2645,#2646);
#2644 = CARTESIAN_POINT('',(228.6,203.2,10.16));
#2645 = DIRECTION('',(1.,6.070773319254E-17,0.));
#2646 = DIRECTION('',(-6.070773319254E-17,1.,0.));
#2647 = ORIENTED_EDGE('',*,*,#2648,.F.);
#2648 = EDGE_CURVE('',#2640,#2638,#2649,.T.);
#2649 = CIRCLE('',#2650,2.54);
#2650 = AXIS2_PLACEMENT_3D('',#2651,#2652,#2653);
#2651 = CARTESIAN_POINT('',(228.6,203.2,10.16));
#2652 = DIRECTION('',(1.,6.070773319254E-17,0.));
#2653 = DIRECTION('',(-6.070773319254E-17,1.,0.));
#2654 = FACE_BOUND('',#2655,.T.);
#2655 = EDGE_LOOP('',(#2656,#2667));
#2656 = ORIENTED_EDGE('',*,*,#2657,.F.);
#2657 = EDGE_CURVE('',#2658,#2660,#2662,.T.);
#2658 = VERTEX_POINT('',#2659);
#2659 = CARTESIAN_POINT('',(228.6,215.9,30.48));
#2660 = VERTEX_POINT('',#2661);
#2661 = CARTESIAN_POINT('',(228.6,210.82,30.48));
#2662 = CIRCLE('',#2663,2.54);
#2663 = AXIS2_PLACEMENT_3D('',#2664,#2665,#2666);
#2664 = CARTESIAN_POINT('',(228.6,213.36,30.48));
#2665 = DIRECTION('',(1.,6.070773319254E-17,0.));
#2666 = DIRECTION('',(-6.070773319254E-17,1.,0.));
#2667 = ORIENTED_EDGE('',*,*,#2668,.F.);
#2668 = EDGE_CURVE('',#2660,#2658,#2669,.T.);
#2669 = CIRCLE('',#2670,2.54);
#2670 = AXIS2_PLACEMENT_3D('',#2671,#2672,#2673);
#2671 = CARTESIAN_POINT('',(228.6,213.36,30.48));
#2672 = DIRECTION('',(1.,6.070773319254E-17,0.));
#2673 = DIRECTION('',(-6.070773319254E-17,1.,0.));
#2674 = FACE_BOUND('',#2675,.T.);
#2675 = EDGE_LOOP('',(#2676,#2687));
#2676 = ORIENTED_EDGE('',*,*,#2677,.F.);
#2677 = EDGE_CURVE('',#2678,#2680,#2682,.T.);
#2678 = VERTEX_POINT('',#2679);
#2679 = CARTESIAN_POINT('',(228.6,215.9,40.64));
#2680 = VERTEX_POINT('',#2681);
#2681 = CARTESIAN_POINT('',(228.6,210.82,40.64));
#2682 = CIRCLE('',#2683,2.54);
#2683 = AXIS2_PLACEMENT_3D('',#2684,#2685,#2686);
#2684 = CARTESIAN_POINT('',(228.6,213.36,40.64));
#2685 = DIRECTION('',(1.,6.070773319254E-17,0.));
#2686 = DIRECTION('',(-6.070773319254E-17,1.,0.));
#2687 = ORIENTED_EDGE('',*,*,#2688,.F.);
#2688 = EDGE_CURVE('',#2680,#2678,#2689,.T.);
#2689 = CIRCLE('',#2690,2.54);
#2690 = AXIS2_PLACEMENT_3D('',#2691,#2692,#2693);
#2691 = CARTESIAN_POINT('',(228.6,213.36,40.64));
#2692 = DIRECTION('',(1.,6.070773319254E-17,0.));
#2693 = DIRECTION('',(-6.070773319254E-17,1.,0.));
#2694 = FACE_BOUND('',#2695,.T.);
#2695 = EDGE_LOOP('',(#2696,#2707));
#2696 = ORIENTED_EDGE('',*,*,#2697,.F.);
#2697 = EDGE_CURVE('',#2698,#2700,#2702,.T.);
#2698 = VERTEX_POINT('',#2699);
#2699 = CARTESIAN_POINT('',(228.6,215.9,10.16));
#2700 = VERTEX_POINT('',#2701);
#2701 = CARTESIAN_POINT('',(228.6,210.82,10.16));
#2702 = CIRCLE('',#2703,2.54);
#2703 = AXIS2_PLACEMENT_3D('',#2704,#2705,#2706);
#2704 = CARTESIAN_POINT('',(228.6,213.36,10.16));
#2705 = DIRECTION('',(1.,6.070773319254E-17,0.));
#2706 = DIRECTION('',(-6.070773319254E-17,1.,0.));
#2707 = ORIENTED_EDGE('',*,*,#2708,.F.);
#2708 = EDGE_CURVE('',#2700,#2698,#2709,.T.);
#2709 = CIRCLE('',#2710,2.54);
#2710 = AXIS2_PLACEMENT_3D('',#2711,#2712,#2713);
#2711 = CARTESIAN_POINT('',(228.6,213.36,10.16));
#2712 = DIRECTION('',(1.,6.070773319254E-17,0.));
#2713 = DIRECTION('',(-6.070773319254E-17,1.,0.));
#2714 = FACE_BOUND('',#2715,.T.);
#2715 = EDGE_LOOP('',(#2716,#2727));
#2716 = ORIENTED_EDGE('',*,*,#2717,.F.);
#2717 = EDGE_CURVE('',#2718,#2720,#2722,.T.);
#2718 = VERTEX_POINT('',#2719);
#2719 = CARTESIAN_POINT('',(228.6,215.9,20.32));
#2720 = VERTEX_POINT('',#2721);
#2721 = CARTESIAN_POINT('',(228.6,210.82,20.32));
#2722 = CIRCLE('',#2723,2.54);
#2723 = AXIS2_PLACEMENT_3D('',#2724,#2725,#2726);
#2724 = CARTESIAN_POINT('',(228.6,213.36,20.32));
#2725 = DIRECTION('',(1.,6.070773319254E-17,0.));
#2726 = DIRECTION('',(-6.070773319254E-17,1.,0.));
#2727 = ORIENTED_EDGE('',*,*,#2728,.F.);
#2728 = EDGE_CURVE('',#2720,#2718,#2729,.T.);
#2729 = CIRCLE('',#2730,2.54);
#2730 = AXIS2_PLACEMENT_3D('',#2731,#2732,#2733);
#2731 = CARTESIAN_POINT('',(228.6,213.36,20.32));
#2732 = DIRECTION('',(1.,6.070773319254E-17,0.));
#2733 = DIRECTION('',(-6.070773319254E-17,1.,0.));
#2734 = FACE_BOUND('',#2735,.T.);
#2735 = EDGE_LOOP('',(#2736,#2747));
#2736 = ORIENTED_EDGE('',*,*,#2737,.F.);
#2737 = EDGE_CURVE('',#2738,#2740,#2742,.T.);
#2738 = VERTEX_POINT('',#2739);
#2739 = CARTESIAN_POINT('',(228.6,175.26,30.48));
#2740 = VERTEX_POINT('',#2741);
#2741 = CARTESIAN_POINT('',(228.6,170.18,30.48));
#2742 = CIRCLE('',#2743,2.54);
#2743 = AXIS2_PLACEMENT_3D('',#2744,#2745,#2746);
#2744 = CARTESIAN_POINT('',(228.6,172.72,30.48));
#2745 = DIRECTION('',(1.,6.070773319254E-17,0.));
#2746 = DIRECTION('',(-6.070773319254E-17,1.,0.));
#2747 = ORIENTED_EDGE('',*,*,#2748,.F.);
#2748 = EDGE_CURVE('',#2740,#2738,#2749,.T.);
#2749 = CIRCLE('',#2750,2.54);
#2750 = AXIS2_PLACEMENT_3D('',#2751,#2752,#2753);
#2751 = CARTESIAN_POINT('',(228.6,172.72,30.48));
#2752 = DIRECTION('',(1.,6.070773319254E-17,0.));
#2753 = DIRECTION('',(-6.070773319254E-17,1.,0.));
#2754 = FACE_BOUND('',#2755,.T.);
#2755 = EDGE_LOOP('',(#2756,#2767));
#2756 = ORIENTED_EDGE('',*,*,#2757,.F.);
#2757 = EDGE_CURVE('',#2758,#2760,#2762,.T.);
#2758 = VERTEX_POINT('',#2759);
#2759 = CARTESIAN_POINT('',(228.6,185.42,10.16));
#2760 = VERTEX_POINT('',#2761);
#2761 = CARTESIAN_POINT('',(228.6,180.34,10.16));
#2762 = CIRCLE('',#2763,2.54);
#2763 = AXIS2_PLACEMENT_3D('',#2764,#2765,#2766);
#2764 = CARTESIAN_POINT('',(228.6,182.88,10.16));
#2765 = DIRECTION('',(1.,6.070773319254E-17,0.));
#2766 = DIRECTION('',(-6.070773319254E-17,1.,0.));
#2767 = ORIENTED_EDGE('',*,*,#2768,.F.);
#2768 = EDGE_CURVE('',#2760,#2758,#2769,.T.);
#2769 = CIRCLE('',#2770,2.54);
#2770 = AXIS2_PLACEMENT_3D('',#2771,#2772,#2773);
#2771 = CARTESIAN_POINT('',(228.6,182.88,10.16));
#2772 = DIRECTION('',(1.,6.070773319254E-17,0.));
#2773 = DIRECTION('',(-6.070773319254E-17,1.,0.));
#2774 = FACE_BOUND('',#2775,.T.);
#2775 = EDGE_LOOP('',(#2776,#2787));
#2776 = ORIENTED_EDGE('',*,*,#2777,.F.);
#2777 = EDGE_CURVE('',#2778,#2780,#2782,.T.);
#2778 = VERTEX_POINT('',#2779);
#2779 = CARTESIAN_POINT('',(228.6,73.66,40.639999999999));
#2780 = VERTEX_POINT('',#2781);
#2781 = CARTESIAN_POINT('',(228.6,68.58,40.639999999999));
#2782 = CIRCLE('',#2783,2.54);
#2783 = AXIS2_PLACEMENT_3D('',#2784,#2785,#2786);
#2784 = CARTESIAN_POINT('',(228.6,71.12,40.639999999999));
#2785 = DIRECTION('',(1.,6.070773319254E-17,0.));
#2786 = DIRECTION('',(-6.070773319254E-17,1.,0.));
#2787 = ORIENTED_EDGE('',*,*,#2788,.F.);
#2788 = EDGE_CURVE('',#2780,#2778,#2789,.T.);
#2789 = CIRCLE('',#2790,2.54);
#2790 = AXIS2_PLACEMENT_3D('',#2791,#2792,#2793);
#2791 = CARTESIAN_POINT('',(228.6,71.12,40.639999999999));
#2792 = DIRECTION('',(1.,6.070773319254E-17,0.));
#2793 = DIRECTION('',(-6.070773319254E-17,1.,0.));
#2794 = FACE_BOUND('',#2795,.T.);
#2795 = EDGE_LOOP('',(#2796,#2807));
#2796 = ORIENTED_EDGE('',*,*,#2797,.F.);
#2797 = EDGE_CURVE('',#2798,#2800,#2802,.T.);
#2798 = VERTEX_POINT('',#2799);
#2799 = CARTESIAN_POINT('',(228.6,83.82,40.639999999999));
#2800 = VERTEX_POINT('',#2801);
#2801 = CARTESIAN_POINT('',(228.6,78.74,40.639999999999));
#2802 = CIRCLE('',#2803,2.54);
#2803 = AXIS2_PLACEMENT_3D('',#2804,#2805,#2806);
#2804 = CARTESIAN_POINT('',(228.6,81.28,40.639999999999));
#2805 = DIRECTION('',(1.,6.070773319254E-17,0.));
#2806 = DIRECTION('',(-6.070773319254E-17,1.,0.));
#2807 = ORIENTED_EDGE('',*,*,#2808,.F.);
#2808 = EDGE_CURVE('',#2800,#2798,#2809,.T.);
#2809 = CIRCLE('',#2810,2.54);
#2810 = AXIS2_PLACEMENT_3D('',#2811,#2812,#2813);
#2811 = CARTESIAN_POINT('',(228.6,81.28,40.639999999999));
#2812 = DIRECTION('',(1.,6.070773319254E-17,0.));
#2813 = DIRECTION('',(-6.070773319254E-17,1.,0.));
#2814 = FACE_BOUND('',#2815,.T.);
#2815 = EDGE_LOOP('',(#2816,#2827));
#2816 = ORIENTED_EDGE('',*,*,#2817,.F.);
#2817 = EDGE_CURVE('',#2818,#2820,#2822,.T.);
#2818 = VERTEX_POINT('',#2819);
#2819 = CARTESIAN_POINT('',(228.6,134.62,40.639999999999));
#2820 = VERTEX_POINT('',#2821);
#2821 = CARTESIAN_POINT('',(228.6,129.54,40.639999999999));
#2822 = CIRCLE('',#2823,2.54);
#2823 = AXIS2_PLACEMENT_3D('',#2824,#2825,#2826);
#2824 = CARTESIAN_POINT('',(228.6,132.08,40.639999999999));
#2825 = DIRECTION('',(1.,6.070773319254E-17,0.));
#2826 = DIRECTION('',(-6.070773319254E-17,1.,0.));
#2827 = ORIENTED_EDGE('',*,*,#2828,.F.);
#2828 = EDGE_CURVE('',#2820,#2818,#2829,.T.);
#2829 = CIRCLE('',#2830,2.54);
#2830 = AXIS2_PLACEMENT_3D('',#2831,#2832,#2833);
#2831 = CARTESIAN_POINT('',(228.6,132.08,40.639999999999));
#2832 = DIRECTION('',(1.,6.070773319254E-17,0.));
#2833 = DIRECTION('',(-6.070773319254E-17,1.,0.));
#2834 = FACE_BOUND('',#2835,.T.);
#2835 = EDGE_LOOP('',(#2836,#2847));
#2836 = ORIENTED_EDGE('',*,*,#2837,.F.);
#2837 = EDGE_CURVE('',#2838,#2840,#2842,.T.);
#2838 = VERTEX_POINT('',#2839);
#2839 = CARTESIAN_POINT('',(228.6,144.78,40.639999999999));
#2840 = VERTEX_POINT('',#2841);
#2841 = CARTESIAN_POINT('',(228.6,139.7,40.639999999999));
#2842 = CIRCLE('',#2843,2.54);
#2843 = AXIS2_PLACEMENT_3D('',#2844,#2845,#2846);
#2844 = CARTESIAN_POINT('',(228.6,142.24,40.639999999999));
#2845 = DIRECTION('',(1.,6.070773319254E-17,0.));
#2846 = DIRECTION('',(-6.070773319254E-17,1.,0.));
#2847 = ORIENTED_EDGE('',*,*,#2848,.F.);
#2848 = EDGE_CURVE('',#2840,#2838,#2849,.T.);
#2849 = CIRCLE('',#2850,2.54);
#2850 = AXIS2_PLACEMENT_3D('',#2851,#2852,#2853);
#2851 = CARTESIAN_POINT('',(228.6,142.24,40.639999999999));
#2852 = DIRECTION('',(1.,6.070773319254E-17,0.));
#2853 = DIRECTION('',(-6.070773319254E-17,1.,0.));
#2854 = FACE_BOUND('',#2855,.T.);
#2855 = EDGE_LOOP('',(#2856,#2867));
#2856 = ORIENTED_EDGE('',*,*,#2857,.F.);
#2857 = EDGE_CURVE('',#2858,#2860,#2862,.T.);
#2858 = VERTEX_POINT('',#2859);
#2859 = CARTESIAN_POINT('',(228.6,114.3,40.639999999999));
#2860 = VERTEX_POINT('',#2861);
#2861 = CARTESIAN_POINT('',(228.6,109.22,40.639999999999));
#2862 = CIRCLE('',#2863,2.54);
#2863 = AXIS2_PLACEMENT_3D('',#2864,#2865,#2866);
#2864 = CARTESIAN_POINT('',(228.6,111.76,40.639999999999));
#2865 = DIRECTION('',(1.,6.070773319254E-17,0.));
#2866 = DIRECTION('',(-6.070773319254E-17,1.,0.));
#2867 = ORIENTED_EDGE('',*,*,#2868,.F.);
#2868 = EDGE_CURVE('',#2860,#2858,#2869,.T.);
#2869 = CIRCLE('',#2870,2.54);
#2870 = AXIS2_PLACEMENT_3D('',#2871,#2872,#2873);
#2871 = CARTESIAN_POINT('',(228.6,111.76,40.639999999999));
#2872 = DIRECTION('',(1.,6.070773319254E-17,0.));
#2873 = DIRECTION('',(-6.070773319254E-17,1.,0.));
#2874 = FACE_BOUND('',#2875,.T.);
#2875 = EDGE_LOOP('',(#2876,#2887));
#2876 = ORIENTED_EDGE('',*,*,#2877,.F.);
#2877 = EDGE_CURVE('',#2878,#2880,#2882,.T.);
#2878 = VERTEX_POINT('',#2879);
#2879 = CARTESIAN_POINT('',(228.6,124.46,40.639999999999));
#2880 = VERTEX_POINT('',#2881);
#2881 = CARTESIAN_POINT('',(228.6,119.38,40.639999999999));
#2882 = CIRCLE('',#2883,2.54);
#2883 = AXIS2_PLACEMENT_3D('',#2884,#2885,#2886);
#2884 = CARTESIAN_POINT('',(228.6,121.92,40.639999999999));
#2885 = DIRECTION('',(1.,6.070773319254E-17,0.));
#2886 = DIRECTION('',(-6.070773319254E-17,1.,0.));
#2887 = ORIENTED_EDGE('',*,*,#2888,.F.);
#2888 = EDGE_CURVE('',#2880,#2878,#2889,.T.);
#2889 = CIRCLE('',#2890,2.54);
#2890 = AXIS2_PLACEMENT_3D('',#2891,#2892,#2893);
#2891 = CARTESIAN_POINT('',(228.6,121.92,40.639999999999));
#2892 = DIRECTION('',(1.,6.070773319254E-17,0.));
#2893 = DIRECTION('',(-6.070773319254E-17,1.,0.));
#2894 = FACE_BOUND('',#2895,.T.);
#2895 = EDGE_LOOP('',(#2896,#2907));
#2896 = ORIENTED_EDGE('',*,*,#2897,.F.);
#2897 = EDGE_CURVE('',#2898,#2900,#2902,.T.);
#2898 = VERTEX_POINT('',#2899);
#2899 = CARTESIAN_POINT('',(228.6,205.74,20.32));
#2900 = VERTEX_POINT('',#2901);
#2901 = CARTESIAN_POINT('',(228.6,200.66,20.32));
#2902 = CIRCLE('',#2903,2.54);
#2903 = AXIS2_PLACEMENT_3D('',#2904,#2905,#2906);
#2904 = CARTESIAN_POINT('',(228.6,203.2,20.32));
#2905 = DIRECTION('',(1.,6.070773319254E-17,0.));
#2906 = DIRECTION('',(-6.070773319254E-17,1.,0.));
#2907 = ORIENTED_EDGE('',*,*,#2908,.F.);
#2908 = EDGE_CURVE('',#2900,#2898,#2909,.T.);
#2909 = CIRCLE('',#2910,2.54);
#2910 = AXIS2_PLACEMENT_3D('',#2911,#2912,#2913);
#2911 = CARTESIAN_POINT('',(228.6,203.2,20.32));
#2912 = DIRECTION('',(1.,6.070773319254E-17,0.));
#2913 = DIRECTION('',(-6.070773319254E-17,1.,0.));
#2914 = FACE_BOUND('',#2915,.T.);
#2915 = EDGE_LOOP('',(#2916,#2927));
#2916 = ORIENTED_EDGE('',*,*,#2917,.F.);
#2917 = EDGE_CURVE('',#2918,#2920,#2922,.T.);
#2918 = VERTEX_POINT('',#2919);
#2919 = CARTESIAN_POINT('',(228.6,205.74,30.48));
#2920 = VERTEX_POINT('',#2921);
#2921 = CARTESIAN_POINT('',(228.6,200.66,30.48));
#2922 = CIRCLE('',#2923,2.54);
#2923 = AXIS2_PLACEMENT_3D('',#2924,#2925,#2926);
#2924 = CARTESIAN_POINT('',(228.6,203.2,30.48));
#2925 = DIRECTION('',(1.,6.070773319254E-17,0.));
#2926 = DIRECTION('',(-6.070773319254E-17,1.,0.));
#2927 = ORIENTED_EDGE('',*,*,#2928,.F.);
#2928 = EDGE_CURVE('',#2920,#2918,#2929,.T.);
#2929 = CIRCLE('',#2930,2.54);
#2930 = AXIS2_PLACEMENT_3D('',#2931,#2932,#2933);
#2931 = CARTESIAN_POINT('',(228.6,203.2,30.48));
#2932 = DIRECTION('',(1.,6.070773319254E-17,0.));
#2933 = DIRECTION('',(-6.070773319254E-17,1.,0.));
#2934 = FACE_BOUND('',#2935,.T.);
#2935 = EDGE_LOOP('',(#2936,#2947));
#2936 = ORIENTED_EDGE('',*,*,#2937,.F.);
#2937 = EDGE_CURVE('',#2938,#2940,#2942,.T.);
#2938 = VERTEX_POINT('',#2939);
#2939 = CARTESIAN_POINT('',(228.6,83.82,30.479999999999));
#2940 = VERTEX_POINT('',#2941);
#2941 = CARTESIAN_POINT('',(228.6,78.74,30.479999999999));
#2942 = CIRCLE('',#2943,2.54);
#2943 = AXIS2_PLACEMENT_3D('',#2944,#2945,#2946);
#2944 = CARTESIAN_POINT('',(228.6,81.28,30.479999999999));
#2945 = DIRECTION('',(1.,6.070773319254E-17,0.));
#2946 = DIRECTION('',(-6.070773319254E-17,1.,0.));
#2947 = ORIENTED_EDGE('',*,*,#2948,.F.);
#2948 = EDGE_CURVE('',#2940,#2938,#2949,.T.);
#2949 = CIRCLE('',#2950,2.54);
#2950 = AXIS2_PLACEMENT_3D('',#2951,#2952,#2953);
#2951 = CARTESIAN_POINT('',(228.6,81.28,30.479999999999));
#2952 = DIRECTION('',(1.,6.070773319254E-17,0.));
#2953 = DIRECTION('',(-6.070773319254E-17,1.,0.));
#2954 = FACE_BOUND('',#2955,.T.);
#2955 = EDGE_LOOP('',(#2956,#2967));
#2956 = ORIENTED_EDGE('',*,*,#2957,.F.);
#2957 = EDGE_CURVE('',#2958,#2960,#2962,.T.);
#2958 = VERTEX_POINT('',#2959);
#2959 = CARTESIAN_POINT('',(228.6,83.82,20.319999999999));
#2960 = VERTEX_POINT('',#2961);
#2961 = CARTESIAN_POINT('',(228.6,78.74,20.319999999999));
#2962 = CIRCLE('',#2963,2.54);
#2963 = AXIS2_PLACEMENT_3D('',#2964,#2965,#2966);
#2964 = CARTESIAN_POINT('',(228.6,81.28,20.319999999999));
#2965 = DIRECTION('',(1.,6.070773319254E-17,0.));
#2966 = DIRECTION('',(-6.070773319254E-17,1.,0.));
#2967 = ORIENTED_EDGE('',*,*,#2968,.F.);
#2968 = EDGE_CURVE('',#2960,#2958,#2969,.T.);
#2969 = CIRCLE('',#2970,2.54);
#2970 = AXIS2_PLACEMENT_3D('',#2971,#2972,#2973);
#2971 = CARTESIAN_POINT('',(228.6,81.28,20.319999999999));
#2972 = DIRECTION('',(1.,6.070773319254E-17,0.));
#2973 = DIRECTION('',(-6.070773319254E-17,1.,0.));
#2974 = FACE_BOUND('',#2975,.T.);
#2975 = EDGE_LOOP('',(#2976,#2987));
#2976 = ORIENTED_EDGE('',*,*,#2977,.F.);
#2977 = EDGE_CURVE('',#2978,#2980,#2982,.T.);
#2978 = VERTEX_POINT('',#2979);
#2979 = CARTESIAN_POINT('',(228.6,104.14,30.479999999999));
#2980 = VERTEX_POINT('',#2981);
#2981 = CARTESIAN_POINT('',(228.6,99.06,30.479999999999));
#2982 = CIRCLE('',#2983,2.54);
#2983 = AXIS2_PLACEMENT_3D('',#2984,#2985,#2986);
#2984 = CARTESIAN_POINT('',(228.6,101.6,30.479999999999));
#2985 = DIRECTION('',(1.,6.070773319254E-17,0.));
#2986 = DIRECTION('',(-6.070773319254E-17,1.,0.));
#2987 = ORIENTED_EDGE('',*,*,#2988,.F.);
#2988 = EDGE_CURVE('',#2980,#2978,#2989,.T.);
#2989 = CIRCLE('',#2990,2.54);
#2990 = AXIS2_PLACEMENT_3D('',#2991,#2992,#2993);
#2991 = CARTESIAN_POINT('',(228.6,101.6,30.479999999999));
#2992 = DIRECTION('',(1.,6.070773319254E-17,0.));
#2993 = DIRECTION('',(-6.070773319254E-17,1.,0.));
#2994 = FACE_BOUND('',#2995,.T.);
#2995 = EDGE_LOOP('',(#2996,#3007));
#2996 = ORIENTED_EDGE('',*,*,#2997,.F.);
#2997 = EDGE_CURVE('',#2998,#3000,#3002,.T.);
#2998 = VERTEX_POINT('',#2999);
#2999 = CARTESIAN_POINT('',(228.6,93.98,30.479999999999));
#3000 = VERTEX_POINT('',#3001);
#3001 = CARTESIAN_POINT('',(228.6,88.9,30.479999999999));
#3002 = CIRCLE('',#3003,2.54);
#3003 = AXIS2_PLACEMENT_3D('',#3004,#3005,#3006);
#3004 = CARTESIAN_POINT('',(228.6,91.44,30.479999999999));
#3005 = DIRECTION('',(1.,6.070773319254E-17,0.));
#3006 = DIRECTION('',(-6.070773319254E-17,1.,0.));
#3007 = ORIENTED_EDGE('',*,*,#3008,.F.);
#3008 = EDGE_CURVE('',#3000,#2998,#3009,.T.);
#3009 = CIRCLE('',#3010,2.54);
#3010 = AXIS2_PLACEMENT_3D('',#3011,#3012,#3013);
#3011 = CARTESIAN_POINT('',(228.6,91.44,30.479999999999));
#3012 = DIRECTION('',(1.,6.070773319254E-17,0.));
#3013 = DIRECTION('',(-6.070773319254E-17,1.,0.));
#3014 = FACE_BOUND('',#3015,.T.);
#3015 = EDGE_LOOP('',(#3016,#3027));
#3016 = ORIENTED_EDGE('',*,*,#3017,.F.);
#3017 = EDGE_CURVE('',#3018,#3020,#3022,.T.);
#3018 = VERTEX_POINT('',#3019);
#3019 = CARTESIAN_POINT('',(228.6,73.66,20.319999999999));
#3020 = VERTEX_POINT('',#3021);
#3021 = CARTESIAN_POINT('',(228.6,68.58,20.319999999999));
#3022 = CIRCLE('',#3023,2.54);
#3023 = AXIS2_PLACEMENT_3D('',#3024,#3025,#3026);
#3024 = CARTESIAN_POINT('',(228.6,71.12,20.319999999999));
#3025 = DIRECTION('',(1.,6.070773319254E-17,0.));
#3026 = DIRECTION('',(-6.070773319254E-17,1.,0.));
#3027 = ORIENTED_EDGE('',*,*,#3028,.F.);
#3028 = EDGE_CURVE('',#3020,#3018,#3029,.T.);
#3029 = CIRCLE('',#3030,2.54);
#3030 = AXIS2_PLACEMENT_3D('',#3031,#3032,#3033);
#3031 = CARTESIAN_POINT('',(228.6,71.12,20.319999999999));
#3032 = DIRECTION('',(1.,6.070773319254E-17,0.));
#3033 = DIRECTION('',(-6.070773319254E-17,1.,0.));
#3034 = FACE_BOUND('',#3035,.T.);
#3035 = EDGE_LOOP('',(#3036,#3047));
#3036 = ORIENTED_EDGE('',*,*,#3037,.F.);
#3037 = EDGE_CURVE('',#3038,#3040,#3042,.T.);
#3038 = VERTEX_POINT('',#3039);
#3039 = CARTESIAN_POINT('',(228.6,73.66,10.159999999999));
#3040 = VERTEX_POINT('',#3041);
#3041 = CARTESIAN_POINT('',(228.6,68.58,10.159999999999));
#3042 = CIRCLE('',#3043,2.54);
#3043 = AXIS2_PLACEMENT_3D('',#3044,#3045,#3046);
#3044 = CARTESIAN_POINT('',(228.6,71.12,10.159999999999));
#3045 = DIRECTION('',(1.,6.070773319254E-17,0.));
#3046 = DIRECTION('',(-6.070773319254E-17,1.,0.));
#3047 = ORIENTED_EDGE('',*,*,#3048,.F.);
#3048 = EDGE_CURVE('',#3040,#3038,#3049,.T.);
#3049 = CIRCLE('',#3050,2.54);
#3050 = AXIS2_PLACEMENT_3D('',#3051,#3052,#3053);
#3051 = CARTESIAN_POINT('',(228.6,71.12,10.159999999999));
#3052 = DIRECTION('',(1.,6.070773319254E-17,0.));
#3053 = DIRECTION('',(-6.070773319254E-17,1.,0.));
#3054 = FACE_BOUND('',#3055,.T.);
#3055 = EDGE_LOOP('',(#3056,#3066,#3074,#3082));
#3056 = ORIENTED_EDGE('',*,*,#3057,.F.);
#3057 = EDGE_CURVE('',#3058,#3060,#3062,.T.);
#3058 = VERTEX_POINT('',#3059);
#3059 = CARTESIAN_POINT('',(228.6,93.98,22.86));
#3060 = VERTEX_POINT('',#3061);
#3061 = CARTESIAN_POINT('',(228.6,93.98,12.7));
#3062 = LINE('',#3063,#3064);
#3063 = CARTESIAN_POINT('',(228.6,93.98,22.86));
#3064 = VECTOR('',#3065,1.);
#3065 = DIRECTION('',(0.,0.,-1.));
#3066 = ORIENTED_EDGE('',*,*,#3067,.F.);
#3067 = EDGE_CURVE('',#3068,#3058,#3070,.T.);
#3068 = VERTEX_POINT('',#3069);
#3069 = CARTESIAN_POINT('',(228.6,152.4,22.86));
#3070 = LINE('',#3071,#3072);
#3071 = CARTESIAN_POINT('',(228.6,152.4,22.86));
#3072 = VECTOR('',#3073,1.);
#3073 = DIRECTION('',(0.,-1.,-1.187759997245E-16));
#3074 = ORIENTED_EDGE('',*,*,#3075,.F.);
#3075 = EDGE_CURVE('',#3076,#3068,#3078,.T.);
#3076 = VERTEX_POINT('',#3077);
#3077 = CARTESIAN_POINT('',(228.6,152.4,12.7));
#3078 = LINE('',#3079,#3080);
#3079 = CARTESIAN_POINT('',(228.6,152.4,22.86));
#3080 = VECTOR('',#3081,1.);
#3081 = DIRECTION('',(-0.,-0.,1.));
#3082 = ORIENTED_EDGE('',*,*,#3083,.F.);
#3083 = EDGE_CURVE('',#3060,#3076,#3084,.T.);
#3084 = LINE('',#3085,#3086);
#3085 = CARTESIAN_POINT('',(228.6,152.4,12.7));
#3086 = VECTOR('',#3087,1.);
#3087 = DIRECTION('',(-0.,1.,1.484699996557E-16));
#3088 = FACE_BOUND('',#3089,.T.);
#3089 = EDGE_LOOP('',(#3090,#3091,#3092,#3093));
#3090 = ORIENTED_EDGE('',*,*,#589,.T.);
#3091 = ORIENTED_EDGE('',*,*,#1641,.T.);
#3092 = ORIENTED_EDGE('',*,*,#808,.F.);
#3093 = ORIENTED_EDGE('',*,*,#659,.T.);
#3094 = PLANE('',#3095);
#3095 = AXIS2_PLACEMENT_3D('',#3096,#3097,#3098);
#3096 = CARTESIAN_POINT('',(228.6,228.6,50.8));
#3097 = DIRECTION('',(-1.,-6.070773319254E-17,0.));
#3098 = DIRECTION('',(6.070773319254E-17,-1.,0.));
#3099 = ADVANCED_FACE('',(#3100),#3116,.F.);
#3100 = FACE_BOUND('',#3101,.F.);
#3101 = EDGE_LOOP('',(#3102,#3103,#3109,#3110));
#3102 = ORIENTED_EDGE('',*,*,#618,.F.);
#3103 = ORIENTED_EDGE('',*,*,#3104,.F.);
#3104 = EDGE_CURVE('',#1305,#619,#3105,.T.);
#3105 = LINE('',#3106,#3107);
#3106 = CARTESIAN_POINT('',(29.21,7.62,12.7));
#3107 = VECTOR('',#3108,1.);
#3108 = DIRECTION('',(-0.,-1.,-0.));
#3109 = ORIENTED_EDGE('',*,*,#1304,.T.);
#3110 = ORIENTED_EDGE('',*,*,#3111,.T.);
#3111 = EDGE_CURVE('',#1307,#621,#3112,.T.);
#3112 = LINE('',#3113,#3114);
#3113 = CARTESIAN_POINT('',(29.21,7.62,38.1));
#3114 = VECTOR('',#3115,1.);
#3115 = DIRECTION('',(-0.,-1.,-0.));
#3116 = CYLINDRICAL_SURFACE('',#3117,12.7);
#3117 = AXIS2_PLACEMENT_3D('',#3118,#3119,#3120);
#3118 = CARTESIAN_POINT('',(29.21,7.62,25.4));
#3119 = DIRECTION('',(-0.,-1.,-0.));
#3120 = DIRECTION('',(0.,0.,-1.));
#3121 = ADVANCED_FACE('',(#3122),#3128,.F.);
#3122 = FACE_BOUND('',#3123,.F.);
#3123 = EDGE_LOOP('',(#3124,#3125,#3126,#3127));
#3124 = ORIENTED_EDGE('',*,*,#3104,.T.);
#3125 = ORIENTED_EDGE('',*,*,#629,.F.);
#3126 = ORIENTED_EDGE('',*,*,#3111,.F.);
#3127 = ORIENTED_EDGE('',*,*,#1315,.T.);
#3128 = CYLINDRICAL_SURFACE('',#3129,12.7);
#3129 = AXIS2_PLACEMENT_3D('',#3130,#3131,#3132);
#3130 = CARTESIAN_POINT('',(29.21,7.62,25.4));
#3131 = DIRECTION('',(-0.,-1.,-0.));
#3132 = DIRECTION('',(0.,0.,-1.));
#3133 = ADVANCED_FACE('',(#3134),#3150,.F.);
#3134 = FACE_BOUND('',#3135,.F.);
#3135 = EDGE_LOOP('',(#3136,#3137,#3143,#3144));
#3136 = ORIENTED_EDGE('',*,*,#638,.F.);
#3137 = ORIENTED_EDGE('',*,*,#3138,.F.);
#3138 = EDGE_CURVE('',#1325,#639,#3139,.T.);
#3139 = LINE('',#3140,#3141);
#3140 = CARTESIAN_POINT('',(72.39,7.62,12.7));
#3141 = VECTOR('',#3142,1.);
#3142 = DIRECTION('',(-0.,-1.,-0.));
#3143 = ORIENTED_EDGE('',*,*,#1324,.T.);
#3144 = ORIENTED_EDGE('',*,*,#3145,.T.);
#3145 = EDGE_CURVE('',#1327,#641,#3146,.T.);
#3146 = LINE('',#3147,#3148);
#3147 = CARTESIAN_POINT('',(72.39,7.62,38.1));
#3148 = VECTOR('',#3149,1.);
#3149 = DIRECTION('',(-0.,-1.,-0.));
#3150 = CYLINDRICAL_SURFACE('',#3151,12.7);
#3151 = AXIS2_PLACEMENT_3D('',#3152,#3153,#3154);
#3152 = CARTESIAN_POINT('',(72.39,7.62,25.4));
#3153 = DIRECTION('',(-0.,-1.,-0.));
#3154 = DIRECTION('',(0.,0.,-1.));
#3155 = ADVANCED_FACE('',(#3156),#3162,.F.);
#3156 = FACE_BOUND('',#3157,.F.);
#3157 = EDGE_LOOP('',(#3158,#3159,#3160,#3161));
#3158 = ORIENTED_EDGE('',*,*,#3138,.T.);
#3159 = ORIENTED_EDGE('',*,*,#649,.F.);
#3160 = ORIENTED_EDGE('',*,*,#3145,.F.);
#3161 = ORIENTED_EDGE('',*,*,#1335,.T.);
#3162 = CYLINDRICAL_SURFACE('',#3163,12.7);
#3163 = AXIS2_PLACEMENT_3D('',#3164,#3165,#3166);
#3164 = CARTESIAN_POINT('',(72.39,7.62,25.4));
#3165 = DIRECTION('',(-0.,-1.,-0.));
#3166 = DIRECTION('',(0.,0.,-1.));
#3167 = ADVANCED_FACE('',(#3168),#3194,.F.);
#3168 = FACE_BOUND('',#3169,.F.);
#3169 = EDGE_LOOP('',(#3170,#3171,#3179,#3188));
#3170 = ORIENTED_EDGE('',*,*,#682,.F.);
#3171 = ORIENTED_EDGE('',*,*,#3172,.F.);
#3172 = EDGE_CURVE('',#3173,#683,#3175,.T.);
#3173 = VERTEX_POINT('',#3174);
#3174 = CARTESIAN_POINT('',(6.0325,3.81,47.498));
#3175 = LINE('',#3176,#3177);
#3176 = CARTESIAN_POINT('',(6.0325,3.81,47.498));
#3177 = VECTOR('',#3178,1.);
#3178 = DIRECTION('',(-0.,-0.,1.));
#3179 = ORIENTED_EDGE('',*,*,#3180,.T.);
#3180 = EDGE_CURVE('',#3173,#3181,#3183,.T.);
#3181 = VERTEX_POINT('',#3182);
#3182 = CARTESIAN_POINT('',(1.5875,3.81,47.498));
#3183 = CIRCLE('',#3184,2.2225);
#3184 = AXIS2_PLACEMENT_3D('',#3185,#3186,#3187);
#3185 = CARTESIAN_POINT('',(3.81,3.81,47.498));
#3186 = DIRECTION('',(0.,0.,1.));
#3187 = DIRECTION('',(1.,0.,-0.));
#3188 = ORIENTED_EDGE('',*,*,#3189,.T.);
#3189 = EDGE_CURVE('',#3181,#685,#3190,.T.);
#3190 = LINE('',#3191,#3192);
#3191 = CARTESIAN_POINT('',(1.5875,3.81,47.498));
#3192 = VECTOR('',#3193,1.);
#3193 = DIRECTION('',(-0.,-0.,1.));
#3194 = CYLINDRICAL_SURFACE('',#3195,2.2225);
#3195 = AXIS2_PLACEMENT_3D('',#3196,#3197,#3198);
#3196 = CARTESIAN_POINT('',(3.81,3.81,47.498));
#3197 = DIRECTION('',(-0.,-0.,1.));
#3198 = DIRECTION('',(1.,0.,0.));
#3199 = ADVANCED_FACE('',(#3200),#3212,.F.);
#3200 = FACE_BOUND('',#3201,.F.);
#3201 = EDGE_LOOP('',(#3202,#3203,#3204,#3205));
#3202 = ORIENTED_EDGE('',*,*,#3172,.T.);
#3203 = ORIENTED_EDGE('',*,*,#693,.F.);
#3204 = ORIENTED_EDGE('',*,*,#3189,.F.);
#3205 = ORIENTED_EDGE('',*,*,#3206,.T.);
#3206 = EDGE_CURVE('',#3181,#3173,#3207,.T.);
#3207 = CIRCLE('',#3208,2.2225);
#3208 = AXIS2_PLACEMENT_3D('',#3209,#3210,#3211);
#3209 = CARTESIAN_POINT('',(3.81,3.81,47.498));
#3210 = DIRECTION('',(0.,0.,1.));
#3211 = DIRECTION('',(1.,0.,-0.));
#3212 = CYLINDRICAL_SURFACE('',#3213,2.2225);
#3213 = AXIS2_PLACEMENT_3D('',#3214,#3215,#3216);
#3214 = CARTESIAN_POINT('',(3.81,3.81,47.498));
#3215 = DIRECTION('',(-0.,-0.,1.));
#3216 = DIRECTION('',(1.,0.,0.));
#3217 = ADVANCED_FACE('',(#3218),#3244,.F.);
#3218 = FACE_BOUND('',#3219,.F.);
#3219 = EDGE_LOOP('',(#3220,#3221,#3229,#3238));
#3220 = ORIENTED_EDGE('',*,*,#702,.F.);
#3221 = ORIENTED_EDGE('',*,*,#3222,.F.);
#3222 = EDGE_CURVE('',#3223,#703,#3225,.T.);
#3223 = VERTEX_POINT('',#3224);
#3224 = CARTESIAN_POINT('',(6.0325,97.79,47.498));
#3225 = LINE('',#3226,#3227);
#3226 = CARTESIAN_POINT('',(6.0325,97.79,47.498));
#3227 = VECTOR('',#3228,1.);
#3228 = DIRECTION('',(-0.,-0.,1.));
#3229 = ORIENTED_EDGE('',*,*,#3230,.T.);
#3230 = EDGE_CURVE('',#3223,#3231,#3233,.T.);
#3231 = VERTEX_POINT('',#3232);
#3232 = CARTESIAN_POINT('',(1.5875,97.79,47.498));
#3233 = CIRCLE('',#3234,2.2225);
#3234 = AXIS2_PLACEMENT_3D('',#3235,#3236,#3237);
#3235 = CARTESIAN_POINT('',(3.81,97.79,47.498));
#3236 = DIRECTION('',(0.,0.,1.));
#3237 = DIRECTION('',(1.,0.,-0.));
#3238 = ORIENTED_EDGE('',*,*,#3239,.T.);
#3239 = EDGE_CURVE('',#3231,#705,#3240,.T.);
#3240 = LINE('',#3241,#3242);
#3241 = CARTESIAN_POINT('',(1.5875,97.79,47.498));
#3242 = VECTOR('',#3243,1.);
#3243 = DIRECTION('',(-0.,-0.,1.));
#3244 = CYLINDRICAL_SURFACE('',#3245,2.2225);
#3245 = AXIS2_PLACEMENT_3D('',#3246,#3247,#3248);
#3246 = CARTESIAN_POINT('',(3.81,97.79,47.498));
#3247 = DIRECTION('',(-0.,-0.,1.));
#3248 = DIRECTION('',(1.,0.,0.));
#3249 = ADVANCED_FACE('',(#3250),#3262,.F.);
#3250 = FACE_BOUND('',#3251,.F.);
#3251 = EDGE_LOOP('',(#3252,#3253,#3254,#3255));
#3252 = ORIENTED_EDGE('',*,*,#3222,.T.);
#3253 = ORIENTED_EDGE('',*,*,#713,.F.);
#3254 = ORIENTED_EDGE('',*,*,#3239,.F.);
#3255 = ORIENTED_EDGE('',*,*,#3256,.T.);
#3256 = EDGE_CURVE('',#3231,#3223,#3257,.T.);
#3257 = CIRCLE('',#3258,2.2225);
#3258 = AXIS2_PLACEMENT_3D('',#3259,#3260,#3261);
#3259 = CARTESIAN_POINT('',(3.81,97.79,47.498));
#3260 = DIRECTION('',(0.,0.,1.));
#3261 = DIRECTION('',(1.,0.,-0.));
#3262 = CYLINDRICAL_SURFACE('',#3263,2.2225);
#3263 = AXIS2_PLACEMENT_3D('',#3264,#3265,#3266);
#3264 = CARTESIAN_POINT('',(3.81,97.79,47.498));
#3265 = DIRECTION('',(-0.,-0.,1.));
#3266 = DIRECTION('',(1.,0.,0.));
#3267 = ADVANCED_FACE('',(#3268),#3294,.F.);
#3268 = FACE_BOUND('',#3269,.F.);
#3269 = EDGE_LOOP('',(#3270,#3271,#3279,#3288));
#3270 = ORIENTED_EDGE('',*,*,#722,.F.);
#3271 = ORIENTED_EDGE('',*,*,#3272,.F.);
#3272 = EDGE_CURVE('',#3273,#723,#3275,.T.);
#3273 = VERTEX_POINT('',#3274);
#3274 = CARTESIAN_POINT('',(133.0325,219.71,47.498));
#3275 = LINE('',#3276,#3277);
#3276 = CARTESIAN_POINT('',(133.0325,219.71,47.498));
#3277 = VECTOR('',#3278,1.);
#3278 = DIRECTION('',(-0.,-0.,1.));
#3279 = ORIENTED_EDGE('',*,*,#3280,.T.);
#3280 = EDGE_CURVE('',#3273,#3281,#3283,.T.);
#3281 = VERTEX_POINT('',#3282);
#3282 = CARTESIAN_POINT('',(128.5875,219.71,47.498));
#3283 = CIRCLE('',#3284,2.2225);
#3284 = AXIS2_PLACEMENT_3D('',#3285,#3286,#3287);
#3285 = CARTESIAN_POINT('',(130.81,219.71,47.498));
#3286 = DIRECTION('',(0.,0.,1.));
#3287 = DIRECTION('',(1.,0.,-0.));
#3288 = ORIENTED_EDGE('',*,*,#3289,.T.);
#3289 = EDGE_CURVE('',#3281,#725,#3290,.T.);
#3290 = LINE('',#3291,#3292);
#3291 = CARTESIAN_POINT('',(128.5875,219.71,47.498));
#3292 = VECTOR('',#3293,1.);
#3293 = DIRECTION('',(-0.,-0.,1.));
#3294 = CYLINDRICAL_SURFACE('',#3295,2.2225);
#3295 = AXIS2_PLACEMENT_3D('',#3296,#3297,#3298);
#3296 = CARTESIAN_POINT('',(130.81,219.71,47.498));
#3297 = DIRECTION('',(-0.,-0.,1.));
#3298 = DIRECTION('',(1.,0.,0.));
#3299 = ADVANCED_FACE('',(#3300),#3312,.F.);
#3300 = FACE_BOUND('',#3301,.F.);
#3301 = EDGE_LOOP('',(#3302,#3303,#3304,#3305));
#3302 = ORIENTED_EDGE('',*,*,#3272,.T.);
#3303 = ORIENTED_EDGE('',*,*,#733,.F.);
#3304 = ORIENTED_EDGE('',*,*,#3289,.F.);
#3305 = ORIENTED_EDGE('',*,*,#3306,.T.);
#3306 = EDGE_CURVE('',#3281,#3273,#3307,.T.);
#3307 = CIRCLE('',#3308,2.2225);
#3308 = AXIS2_PLACEMENT_3D('',#3309,#3310,#3311);
#3309 = CARTESIAN_POINT('',(130.81,219.71,47.498));
#3310 = DIRECTION('',(0.,0.,1.));
#3311 = DIRECTION('',(1.,0.,-0.));
#3312 = CYLINDRICAL_SURFACE('',#3313,2.2225);
#3313 = AXIS2_PLACEMENT_3D('',#3314,#3315,#3316);
#3314 = CARTESIAN_POINT('',(130.81,219.71,47.498));
#3315 = DIRECTION('',(-0.,-0.,1.));
#3316 = DIRECTION('',(1.,0.,0.));
#3317 = ADVANCED_FACE('',(#3318),#3344,.F.);
#3318 = FACE_BOUND('',#3319,.F.);
#3319 = EDGE_LOOP('',(#3320,#3321,#3329,#3338));
#3320 = ORIENTED_EDGE('',*,*,#742,.F.);
#3321 = ORIENTED_EDGE('',*,*,#3322,.F.);
#3322 = EDGE_CURVE('',#3323,#743,#3325,.T.);
#3323 = VERTEX_POINT('',#3324);
#3324 = CARTESIAN_POINT('',(227.0125,219.71,47.498));
#3325 = LINE('',#3326,#3327);
#3326 = CARTESIAN_POINT('',(227.0125,219.71,47.498));
#3327 = VECTOR('',#3328,1.);
#3328 = DIRECTION('',(-0.,-0.,1.));
#3329 = ORIENTED_EDGE('',*,*,#3330,.T.);
#3330 = EDGE_CURVE('',#3323,#3331,#3333,.T.);
#3331 = VERTEX_POINT('',#3332);
#3332 = CARTESIAN_POINT('',(222.5675,219.71,47.498));
#3333 = CIRCLE('',#3334,2.2225);
#3334 = AXIS2_PLACEMENT_3D('',#3335,#3336,#3337);
#3335 = CARTESIAN_POINT('',(224.79,219.71,47.498));
#3336 = DIRECTION('',(0.,0.,1.));
#3337 = DIRECTION('',(1.,0.,-0.));
#3338 = ORIENTED_EDGE('',*,*,#3339,.T.);
#3339 = EDGE_CURVE('',#3331,#745,#3340,.T.);
#3340 = LINE('',#3341,#3342);
#3341 = CARTESIAN_POINT('',(222.5675,219.71,47.498));
#3342 = VECTOR('',#3343,1.);
#3343 = DIRECTION('',(-0.,-0.,1.));
#3344 = CYLINDRICAL_SURFACE('',#3345,2.2225);
#3345 = AXIS2_PLACEMENT_3D('',#3346,#3347,#3348);
#3346 = CARTESIAN_POINT('',(224.79,219.71,47.498));
#3347 = DIRECTION('',(-0.,-0.,1.));
#3348 = DIRECTION('',(1.,0.,0.));
#3349 = ADVANCED_FACE('',(#3350),#3362,.F.);
#3350 = FACE_BOUND('',#3351,.F.);
#3351 = EDGE_LOOP('',(#3352,#3353,#3354,#3355));
#3352 = ORIENTED_EDGE('',*,*,#3322,.T.);
#3353 = ORIENTED_EDGE('',*,*,#753,.F.);
#3354 = ORIENTED_EDGE('',*,*,#3339,.F.);
#3355 = ORIENTED_EDGE('',*,*,#3356,.T.);
#3356 = EDGE_CURVE('',#3331,#3323,#3357,.T.);
#3357 = CIRCLE('',#3358,2.2225);
#3358 = AXIS2_PLACEMENT_3D('',#3359,#3360,#3361);
#3359 = CARTESIAN_POINT('',(224.79,219.71,47.498));
#3360 = DIRECTION('',(0.,0.,1.));
#3361 = DIRECTION('',(1.,0.,-0.));
#3362 = CYLINDRICAL_SURFACE('',#3363,2.2225);
#3363 = AXIS2_PLACEMENT_3D('',#3364,#3365,#3366);
#3364 = CARTESIAN_POINT('',(224.79,219.71,47.498));
#3365 = DIRECTION('',(-0.,-0.,1.));
#3366 = DIRECTION('',(1.,0.,0.));
#3367 = ADVANCED_FACE('',(#3368),#3394,.F.);
#3368 = FACE_BOUND('',#3369,.F.);
#3369 = EDGE_LOOP('',(#3370,#3371,#3379,#3388));
#3370 = ORIENTED_EDGE('',*,*,#762,.F.);
#3371 = ORIENTED_EDGE('',*,*,#3372,.F.);
#3372 = EDGE_CURVE('',#3373,#763,#3375,.T.);
#3373 = VERTEX_POINT('',#3374);
#3374 = CARTESIAN_POINT('',(227.0125,3.81,47.498));
#3375 = LINE('',#3376,#3377);
#3376 = CARTESIAN_POINT('',(227.0125,3.81,47.498));
#3377 = VECTOR('',#3378,1.);
#3378 = DIRECTION('',(-0.,-0.,1.));
#3379 = ORIENTED_EDGE('',*,*,#3380,.T.);
#3380 = EDGE_CURVE('',#3373,#3381,#3383,.T.);
#3381 = VERTEX_POINT('',#3382);
#3382 = CARTESIAN_POINT('',(222.5675,3.81,47.498));
#3383 = CIRCLE('',#3384,2.2225);
#3384 = AXIS2_PLACEMENT_3D('',#3385,#3386,#3387);
#3385 = CARTESIAN_POINT('',(224.79,3.81,47.498));
#3386 = DIRECTION('',(0.,0.,1.));
#3387 = DIRECTION('',(1.,0.,-0.));
#3388 = ORIENTED_EDGE('',*,*,#3389,.T.);
#3389 = EDGE_CURVE('',#3381,#765,#3390,.T.);
#3390 = LINE('',#3391,#3392);
#3391 = CARTESIAN_POINT('',(222.5675,3.81,47.498));
#3392 = VECTOR('',#3393,1.);
#3393 = DIRECTION('',(-0.,-0.,1.));
#3394 = CYLINDRICAL_SURFACE('',#3395,2.2225);
#3395 = AXIS2_PLACEMENT_3D('',#3396,#3397,#3398);
#3396 = CARTESIAN_POINT('',(224.79,3.81,47.498));
#3397 = DIRECTION('',(-0.,-0.,1.));
#3398 = DIRECTION('',(1.,0.,0.));
#3399 = ADVANCED_FACE('',(#3400),#3412,.F.);
#3400 = FACE_BOUND('',#3401,.F.);
#3401 = EDGE_LOOP('',(#3402,#3403,#3404,#3405));
#3402 = ORIENTED_EDGE('',*,*,#3372,.T.);
#3403 = ORIENTED_EDGE('',*,*,#773,.F.);
#3404 = ORIENTED_EDGE('',*,*,#3389,.F.);
#3405 = ORIENTED_EDGE('',*,*,#3406,.T.);
#3406 = EDGE_CURVE('',#3381,#3373,#3407,.T.);
#3407 = CIRCLE('',#3408,2.2225);
#3408 = AXIS2_PLACEMENT_3D('',#3409,#3410,#3411);
#3409 = CARTESIAN_POINT('',(224.79,3.81,47.498));
#3410 = DIRECTION('',(0.,0.,1.));
#3411 = DIRECTION('',(1.,0.,-0.));
#3412 = CYLINDRICAL_SURFACE('',#3413,2.2225);
#3413 = AXIS2_PLACEMENT_3D('',#3414,#3415,#3416);
#3414 = CARTESIAN_POINT('',(224.79,3.81,47.498));
#3415 = DIRECTION('',(-0.,-0.,1.));
#3416 = DIRECTION('',(1.,0.,0.));
#3417 = ADVANCED_FACE('',(#3418,#3438,#3458,#3478,#3498,#3518,#3538,
    #3558,#3578,#3598,#3618,#3638,#3658,#3678,#3698,#3718,#3738,#3758,
    #3778,#3798,#3818,#3838,#3858,#3878,#3898,#3925,#3952,#3979,#4006,
    #4033,#4051,#4069,#4087,#4114,#4141,#4168,#4195,#4222,#4249,#4276,
    #4303,#4346,#4366,#4386,#4406,#4426,#4446,#4466,#4486,#4506,#4526,
    #4546,#4566,#4586,#4606,#4626,#4646,#4666,#4686,#4706,#4726,#4746,
    #4766,#4786,#4806,#4826,#4846,#4866,#4886,#4906,#4926),#4960,.T.);
#3418 = FACE_BOUND('',#3419,.T.);
#3419 = EDGE_LOOP('',(#3420,#3431));
#3420 = ORIENTED_EDGE('',*,*,#3421,.T.);
#3421 = EDGE_CURVE('',#3422,#3424,#3426,.T.);
#3422 = VERTEX_POINT('',#3423);
#3423 = CARTESIAN_POINT('',(220.98,43.18,20.319999999998));
#3424 = VERTEX_POINT('',#3425);
#3425 = CARTESIAN_POINT('',(220.98,38.1,20.319999999998));
#3426 = CIRCLE('',#3427,2.54);
#3427 = AXIS2_PLACEMENT_3D('',#3428,#3429,#3430);
#3428 = CARTESIAN_POINT('',(220.98,40.64,20.319999999998));
#3429 = DIRECTION('',(1.,6.070773319254E-17,0.));
#3430 = DIRECTION('',(-6.070773319254E-17,1.,0.));
#3431 = ORIENTED_EDGE('',*,*,#3432,.T.);
#3432 = EDGE_CURVE('',#3424,#3422,#3433,.T.);
#3433 = CIRCLE('',#3434,2.54);
#3434 = AXIS2_PLACEMENT_3D('',#3435,#3436,#3437);
#3435 = CARTESIAN_POINT('',(220.98,40.64,20.319999999998));
#3436 = DIRECTION('',(1.,6.070773319254E-17,0.));
#3437 = DIRECTION('',(-6.070773319254E-17,1.,0.));
#3438 = FACE_BOUND('',#3439,.T.);
#3439 = EDGE_LOOP('',(#3440,#3451));
#3440 = ORIENTED_EDGE('',*,*,#3441,.T.);
#3441 = EDGE_CURVE('',#3442,#3444,#3446,.T.);
#3442 = VERTEX_POINT('',#3443);
#3443 = CARTESIAN_POINT('',(220.98,43.18,30.479999999998));
#3444 = VERTEX_POINT('',#3445);
#3445 = CARTESIAN_POINT('',(220.98,38.1,30.479999999998));
#3446 = CIRCLE('',#3447,2.54);
#3447 = AXIS2_PLACEMENT_3D('',#3448,#3449,#3450);
#3448 = CARTESIAN_POINT('',(220.98,40.64,30.479999999998));
#3449 = DIRECTION('',(1.,6.070773319254E-17,0.));
#3450 = DIRECTION('',(-6.070773319254E-17,1.,0.));
#3451 = ORIENTED_EDGE('',*,*,#3452,.T.);
#3452 = EDGE_CURVE('',#3444,#3442,#3453,.T.);
#3453 = CIRCLE('',#3454,2.54);
#3454 = AXIS2_PLACEMENT_3D('',#3455,#3456,#3457);
#3455 = CARTESIAN_POINT('',(220.98,40.64,30.479999999998));
#3456 = DIRECTION('',(1.,6.070773319254E-17,0.));
#3457 = DIRECTION('',(-6.070773319254E-17,1.,0.));
#3458 = FACE_BOUND('',#3459,.T.);
#3459 = EDGE_LOOP('',(#3460,#3471));
#3460 = ORIENTED_EDGE('',*,*,#3461,.T.);
#3461 = EDGE_CURVE('',#3462,#3464,#3466,.T.);
#3462 = VERTEX_POINT('',#3463);
#3463 = CARTESIAN_POINT('',(220.98,63.5,20.319999999998));
#3464 = VERTEX_POINT('',#3465);
#3465 = CARTESIAN_POINT('',(220.98,58.42,20.319999999998));
#3466 = CIRCLE('',#3467,2.54);
#3467 = AXIS2_PLACEMENT_3D('',#3468,#3469,#3470);
#3468 = CARTESIAN_POINT('',(220.98,60.96,20.319999999998));
#3469 = DIRECTION('',(1.,6.070773319254E-17,0.));
#3470 = DIRECTION('',(-6.070773319254E-17,1.,0.));
#3471 = ORIENTED_EDGE('',*,*,#3472,.T.);
#3472 = EDGE_CURVE('',#3464,#3462,#3473,.T.);
#3473 = CIRCLE('',#3474,2.54);
#3474 = AXIS2_PLACEMENT_3D('',#3475,#3476,#3477);
#3475 = CARTESIAN_POINT('',(220.98,60.96,20.319999999998));
#3476 = DIRECTION('',(1.,6.070773319254E-17,0.));
#3477 = DIRECTION('',(-6.070773319254E-17,1.,0.));
#3478 = FACE_BOUND('',#3479,.T.);
#3479 = EDGE_LOOP('',(#3480,#3491));
#3480 = ORIENTED_EDGE('',*,*,#3481,.T.);
#3481 = EDGE_CURVE('',#3482,#3484,#3486,.T.);
#3482 = VERTEX_POINT('',#3483);
#3483 = CARTESIAN_POINT('',(220.98,63.5,30.479999999998));
#3484 = VERTEX_POINT('',#3485);
#3485 = CARTESIAN_POINT('',(220.98,58.42,30.479999999998));
#3486 = CIRCLE('',#3487,2.54);
#3487 = AXIS2_PLACEMENT_3D('',#3488,#3489,#3490);
#3488 = CARTESIAN_POINT('',(220.98,60.96,30.479999999998));
#3489 = DIRECTION('',(1.,6.070773319254E-17,0.));
#3490 = DIRECTION('',(-6.070773319254E-17,1.,0.));
#3491 = ORIENTED_EDGE('',*,*,#3492,.T.);
#3492 = EDGE_CURVE('',#3484,#3482,#3493,.T.);
#3493 = CIRCLE('',#3494,2.54);
#3494 = AXIS2_PLACEMENT_3D('',#3495,#3496,#3497);
#3495 = CARTESIAN_POINT('',(220.98,60.96,30.479999999998));
#3496 = DIRECTION('',(1.,6.070773319254E-17,0.));
#3497 = DIRECTION('',(-6.070773319254E-17,1.,0.));
#3498 = FACE_BOUND('',#3499,.T.);
#3499 = EDGE_LOOP('',(#3500,#3511));
#3500 = ORIENTED_EDGE('',*,*,#3501,.T.);
#3501 = EDGE_CURVE('',#3502,#3504,#3506,.T.);
#3502 = VERTEX_POINT('',#3503);
#3503 = CARTESIAN_POINT('',(220.98,53.34,30.479999999998));
#3504 = VERTEX_POINT('',#3505);
#3505 = CARTESIAN_POINT('',(220.98,48.26,30.479999999998));
#3506 = CIRCLE('',#3507,2.54);
#3507 = AXIS2_PLACEMENT_3D('',#3508,#3509,#3510);
#3508 = CARTESIAN_POINT('',(220.98,50.8,30.479999999998));
#3509 = DIRECTION('',(1.,6.070773319254E-17,0.));
#3510 = DIRECTION('',(-6.070773319254E-17,1.,0.));
#3511 = ORIENTED_EDGE('',*,*,#3512,.T.);
#3512 = EDGE_CURVE('',#3504,#3502,#3513,.T.);
#3513 = CIRCLE('',#3514,2.54);
#3514 = AXIS2_PLACEMENT_3D('',#3515,#3516,#3517);
#3515 = CARTESIAN_POINT('',(220.98,50.8,30.479999999998));
#3516 = DIRECTION('',(1.,6.070773319254E-17,0.));
#3517 = DIRECTION('',(-6.070773319254E-17,1.,0.));
#3518 = FACE_BOUND('',#3519,.T.);
#3519 = EDGE_LOOP('',(#3520,#3531));
#3520 = ORIENTED_EDGE('',*,*,#3521,.T.);
#3521 = EDGE_CURVE('',#3522,#3524,#3526,.T.);
#3522 = VERTEX_POINT('',#3523);
#3523 = CARTESIAN_POINT('',(220.98,22.86,20.319999999998));
#3524 = VERTEX_POINT('',#3525);
#3525 = CARTESIAN_POINT('',(220.98,17.78,20.319999999998));
#3526 = CIRCLE('',#3527,2.54);
#3527 = AXIS2_PLACEMENT_3D('',#3528,#3529,#3530);
#3528 = CARTESIAN_POINT('',(220.98,20.32,20.319999999998));
#3529 = DIRECTION('',(1.,6.070773319254E-17,0.));
#3530 = DIRECTION('',(-6.070773319254E-17,1.,0.));
#3531 = ORIENTED_EDGE('',*,*,#3532,.T.);
#3532 = EDGE_CURVE('',#3524,#3522,#3533,.T.);
#3533 = CIRCLE('',#3534,2.54);
#3534 = AXIS2_PLACEMENT_3D('',#3535,#3536,#3537);
#3535 = CARTESIAN_POINT('',(220.98,20.32,20.319999999998));
#3536 = DIRECTION('',(1.,6.070773319254E-17,0.));
#3537 = DIRECTION('',(-6.070773319254E-17,1.,0.));
#3538 = FACE_BOUND('',#3539,.T.);
#3539 = EDGE_LOOP('',(#3540,#3551));
#3540 = ORIENTED_EDGE('',*,*,#3541,.T.);
#3541 = EDGE_CURVE('',#3542,#3544,#3546,.T.);
#3542 = VERTEX_POINT('',#3543);
#3543 = CARTESIAN_POINT('',(220.98,22.86,30.479999999998));
#3544 = VERTEX_POINT('',#3545);
#3545 = CARTESIAN_POINT('',(220.98,17.78,30.479999999998));
#3546 = CIRCLE('',#3547,2.54);
#3547 = AXIS2_PLACEMENT_3D('',#3548,#3549,#3550);
#3548 = CARTESIAN_POINT('',(220.98,20.32,30.479999999998));
#3549 = DIRECTION('',(1.,6.070773319254E-17,0.));
#3550 = DIRECTION('',(-6.070773319254E-17,1.,0.));
#3551 = ORIENTED_EDGE('',*,*,#3552,.T.);
#3552 = EDGE_CURVE('',#3544,#3542,#3553,.T.);
#3553 = CIRCLE('',#3554,2.54);
#3554 = AXIS2_PLACEMENT_3D('',#3555,#3556,#3557);
#3555 = CARTESIAN_POINT('',(220.98,20.32,30.479999999998));
#3556 = DIRECTION('',(1.,6.070773319254E-17,0.));
#3557 = DIRECTION('',(-6.070773319254E-17,1.,0.));
#3558 = FACE_BOUND('',#3559,.T.);
#3559 = EDGE_LOOP('',(#3560,#3571));
#3560 = ORIENTED_EDGE('',*,*,#3561,.T.);
#3561 = EDGE_CURVE('',#3562,#3564,#3566,.T.);
#3562 = VERTEX_POINT('',#3563);
#3563 = CARTESIAN_POINT('',(220.98,175.26,20.32));
#3564 = VERTEX_POINT('',#3565);
#3565 = CARTESIAN_POINT('',(220.98,170.18,20.32));
#3566 = CIRCLE('',#3567,2.54);
#3567 = AXIS2_PLACEMENT_3D('',#3568,#3569,#3570);
#3568 = CARTESIAN_POINT('',(220.98,172.72,20.32));
#3569 = DIRECTION('',(1.,6.070773319254E-17,0.));
#3570 = DIRECTION('',(-6.070773319254E-17,1.,0.));
#3571 = ORIENTED_EDGE('',*,*,#3572,.T.);
#3572 = EDGE_CURVE('',#3564,#3562,#3573,.T.);
#3573 = CIRCLE('',#3574,2.54);
#3574 = AXIS2_PLACEMENT_3D('',#3575,#3576,#3577);
#3575 = CARTESIAN_POINT('',(220.98,172.72,20.32));
#3576 = DIRECTION('',(1.,6.070773319254E-17,0.));
#3577 = DIRECTION('',(-6.070773319254E-17,1.,0.));
#3578 = FACE_BOUND('',#3579,.T.);
#3579 = EDGE_LOOP('',(#3580,#3591));
#3580 = ORIENTED_EDGE('',*,*,#3581,.T.);
#3581 = EDGE_CURVE('',#3582,#3584,#3586,.T.);
#3582 = VERTEX_POINT('',#3583);
#3583 = CARTESIAN_POINT('',(220.98,195.58,20.32));
#3584 = VERTEX_POINT('',#3585);
#3585 = CARTESIAN_POINT('',(220.98,190.5,20.32));
#3586 = CIRCLE('',#3587,2.54);
#3587 = AXIS2_PLACEMENT_3D('',#3588,#3589,#3590);
#3588 = CARTESIAN_POINT('',(220.98,193.04,20.32));
#3589 = DIRECTION('',(1.,6.070773319254E-17,0.));
#3590 = DIRECTION('',(-6.070773319254E-17,1.,0.));
#3591 = ORIENTED_EDGE('',*,*,#3592,.T.);
#3592 = EDGE_CURVE('',#3584,#3582,#3593,.T.);
#3593 = CIRCLE('',#3594,2.54);
#3594 = AXIS2_PLACEMENT_3D('',#3595,#3596,#3597);
#3595 = CARTESIAN_POINT('',(220.98,193.04,20.32));
#3596 = DIRECTION('',(1.,6.070773319254E-17,0.));
#3597 = DIRECTION('',(-6.070773319254E-17,1.,0.));
#3598 = FACE_BOUND('',#3599,.T.);
#3599 = EDGE_LOOP('',(#3600,#3611));
#3600 = ORIENTED_EDGE('',*,*,#3601,.T.);
#3601 = EDGE_CURVE('',#3602,#3604,#3606,.T.);
#3602 = VERTEX_POINT('',#3603);
#3603 = CARTESIAN_POINT('',(220.98,185.42,20.32));
#3604 = VERTEX_POINT('',#3605);
#3605 = CARTESIAN_POINT('',(220.98,180.34,20.32));
#3606 = CIRCLE('',#3607,2.54);
#3607 = AXIS2_PLACEMENT_3D('',#3608,#3609,#3610);
#3608 = CARTESIAN_POINT('',(220.98,182.88,20.32));
#3609 = DIRECTION('',(1.,6.070773319254E-17,0.));
#3610 = DIRECTION('',(-6.070773319254E-17,1.,0.));
#3611 = ORIENTED_EDGE('',*,*,#3612,.T.);
#3612 = EDGE_CURVE('',#3604,#3602,#3613,.T.);
#3613 = CIRCLE('',#3614,2.54);
#3614 = AXIS2_PLACEMENT_3D('',#3615,#3616,#3617);
#3615 = CARTESIAN_POINT('',(220.98,182.88,20.32));
#3616 = DIRECTION('',(1.,6.070773319254E-17,0.));
#3617 = DIRECTION('',(-6.070773319254E-17,1.,0.));
#3618 = FACE_BOUND('',#3619,.T.);
#3619 = EDGE_LOOP('',(#3620,#3631));
#3620 = ORIENTED_EDGE('',*,*,#3621,.T.);
#3621 = EDGE_CURVE('',#3622,#3624,#3626,.T.);
#3622 = VERTEX_POINT('',#3623);
#3623 = CARTESIAN_POINT('',(220.98,185.42,30.48));
#3624 = VERTEX_POINT('',#3625);
#3625 = CARTESIAN_POINT('',(220.98,180.34,30.48));
#3626 = CIRCLE('',#3627,2.54);
#3627 = AXIS2_PLACEMENT_3D('',#3628,#3629,#3630);
#3628 = CARTESIAN_POINT('',(220.98,182.88,30.48));
#3629 = DIRECTION('',(1.,6.070773319254E-17,0.));
#3630 = DIRECTION('',(-6.070773319254E-17,1.,0.));
#3631 = ORIENTED_EDGE('',*,*,#3632,.T.);
#3632 = EDGE_CURVE('',#3624,#3622,#3633,.T.);
#3633 = CIRCLE('',#3634,2.54);
#3634 = AXIS2_PLACEMENT_3D('',#3635,#3636,#3637);
#3635 = CARTESIAN_POINT('',(220.98,182.88,30.48));
#3636 = DIRECTION('',(1.,6.070773319254E-17,0.));
#3637 = DIRECTION('',(-6.070773319254E-17,1.,0.));
#3638 = FACE_BOUND('',#3639,.T.);
#3639 = EDGE_LOOP('',(#3640,#3651));
#3640 = ORIENTED_EDGE('',*,*,#3641,.T.);
#3641 = EDGE_CURVE('',#3642,#3644,#3646,.T.);
#3642 = VERTEX_POINT('',#3643);
#3643 = CARTESIAN_POINT('',(220.98,53.34,20.319999999998));
#3644 = VERTEX_POINT('',#3645);
#3645 = CARTESIAN_POINT('',(220.98,48.26,20.319999999998));
#3646 = CIRCLE('',#3647,2.54);
#3647 = AXIS2_PLACEMENT_3D('',#3648,#3649,#3650);
#3648 = CARTESIAN_POINT('',(220.98,50.8,20.319999999998));
#3649 = DIRECTION('',(1.,6.070773319254E-17,0.));
#3650 = DIRECTION('',(-6.070773319254E-17,1.,0.));
#3651 = ORIENTED_EDGE('',*,*,#3652,.T.);
#3652 = EDGE_CURVE('',#3644,#3642,#3653,.T.);
#3653 = CIRCLE('',#3654,2.54);
#3654 = AXIS2_PLACEMENT_3D('',#3655,#3656,#3657);
#3655 = CARTESIAN_POINT('',(220.98,50.8,20.319999999998));
#3656 = DIRECTION('',(1.,6.070773319254E-17,0.));
#3657 = DIRECTION('',(-6.070773319254E-17,1.,0.));
#3658 = FACE_BOUND('',#3659,.T.);
#3659 = EDGE_LOOP('',(#3660,#3671));
#3660 = ORIENTED_EDGE('',*,*,#3661,.T.);
#3661 = EDGE_CURVE('',#3662,#3664,#3666,.T.);
#3662 = VERTEX_POINT('',#3663);
#3663 = CARTESIAN_POINT('',(220.98,114.3,30.479999999999));
#3664 = VERTEX_POINT('',#3665);
#3665 = CARTESIAN_POINT('',(220.98,109.22,30.479999999999));
#3666 = CIRCLE('',#3667,2.54);
#3667 = AXIS2_PLACEMENT_3D('',#3668,#3669,#3670);
#3668 = CARTESIAN_POINT('',(220.98,111.76,30.479999999999));
#3669 = DIRECTION('',(1.,6.070773319254E-17,0.));
#3670 = DIRECTION('',(-6.070773319254E-17,1.,0.));
#3671 = ORIENTED_EDGE('',*,*,#3672,.T.);
#3672 = EDGE_CURVE('',#3664,#3662,#3673,.T.);
#3673 = CIRCLE('',#3674,2.54);
#3674 = AXIS2_PLACEMENT_3D('',#3675,#3676,#3677);
#3675 = CARTESIAN_POINT('',(220.98,111.76,30.479999999999));
#3676 = DIRECTION('',(1.,6.070773319254E-17,0.));
#3677 = DIRECTION('',(-6.070773319254E-17,1.,0.));
#3678 = FACE_BOUND('',#3679,.T.);
#3679 = EDGE_LOOP('',(#3680,#3691));
#3680 = ORIENTED_EDGE('',*,*,#3681,.T.);
#3681 = EDGE_CURVE('',#3682,#3684,#3686,.T.);
#3682 = VERTEX_POINT('',#3683);
#3683 = CARTESIAN_POINT('',(220.98,124.46,30.479999999999));
#3684 = VERTEX_POINT('',#3685);
#3685 = CARTESIAN_POINT('',(220.98,119.38,30.479999999999));
#3686 = CIRCLE('',#3687,2.54);
#3687 = AXIS2_PLACEMENT_3D('',#3688,#3689,#3690);
#3688 = CARTESIAN_POINT('',(220.98,121.92,30.479999999999));
#3689 = DIRECTION('',(1.,6.070773319254E-17,0.));
#3690 = DIRECTION('',(-6.070773319254E-17,1.,0.));
#3691 = ORIENTED_EDGE('',*,*,#3692,.T.);
#3692 = EDGE_CURVE('',#3684,#3682,#3693,.T.);
#3693 = CIRCLE('',#3694,2.54);
#3694 = AXIS2_PLACEMENT_3D('',#3695,#3696,#3697);
#3695 = CARTESIAN_POINT('',(220.98,121.92,30.479999999999));
#3696 = DIRECTION('',(1.,6.070773319254E-17,0.));
#3697 = DIRECTION('',(-6.070773319254E-17,1.,0.));
#3698 = FACE_BOUND('',#3699,.T.);
#3699 = EDGE_LOOP('',(#3700,#3711));
#3700 = ORIENTED_EDGE('',*,*,#3701,.T.);
#3701 = EDGE_CURVE('',#3702,#3704,#3706,.T.);
#3702 = VERTEX_POINT('',#3703);
#3703 = CARTESIAN_POINT('',(220.98,165.1,20.319999999999));
#3704 = VERTEX_POINT('',#3705);
#3705 = CARTESIAN_POINT('',(220.98,160.02,20.319999999999));
#3706 = CIRCLE('',#3707,2.54);
#3707 = AXIS2_PLACEMENT_3D('',#3708,#3709,#3710);
#3708 = CARTESIAN_POINT('',(220.98,162.56,20.319999999999));
#3709 = DIRECTION('',(1.,6.070773319254E-17,0.));
#3710 = DIRECTION('',(-6.070773319254E-17,1.,0.));
#3711 = ORIENTED_EDGE('',*,*,#3712,.T.);
#3712 = EDGE_CURVE('',#3704,#3702,#3713,.T.);
#3713 = CIRCLE('',#3714,2.54);
#3714 = AXIS2_PLACEMENT_3D('',#3715,#3716,#3717);
#3715 = CARTESIAN_POINT('',(220.98,162.56,20.319999999999));
#3716 = DIRECTION('',(1.,6.070773319254E-17,0.));
#3717 = DIRECTION('',(-6.070773319254E-17,1.,0.));
#3718 = FACE_BOUND('',#3719,.T.);
#3719 = EDGE_LOOP('',(#3720,#3731));
#3720 = ORIENTED_EDGE('',*,*,#3721,.T.);
#3721 = EDGE_CURVE('',#3722,#3724,#3726,.T.);
#3722 = VERTEX_POINT('',#3723);
#3723 = CARTESIAN_POINT('',(220.98,165.1,30.479999999999));
#3724 = VERTEX_POINT('',#3725);
#3725 = CARTESIAN_POINT('',(220.98,160.02,30.479999999999));
#3726 = CIRCLE('',#3727,2.54);
#3727 = AXIS2_PLACEMENT_3D('',#3728,#3729,#3730);
#3728 = CARTESIAN_POINT('',(220.98,162.56,30.479999999999));
#3729 = DIRECTION('',(1.,6.070773319254E-17,0.));
#3730 = DIRECTION('',(-6.070773319254E-17,1.,0.));
#3731 = ORIENTED_EDGE('',*,*,#3732,.T.);
#3732 = EDGE_CURVE('',#3724,#3722,#3733,.T.);
#3733 = CIRCLE('',#3734,2.54);
#3734 = AXIS2_PLACEMENT_3D('',#3735,#3736,#3737);
#3735 = CARTESIAN_POINT('',(220.98,162.56,30.479999999999));
#3736 = DIRECTION('',(1.,6.070773319254E-17,0.));
#3737 = DIRECTION('',(-6.070773319254E-17,1.,0.));
#3738 = FACE_BOUND('',#3739,.T.);
#3739 = EDGE_LOOP('',(#3740,#3751));
#3740 = ORIENTED_EDGE('',*,*,#3741,.T.);
#3741 = EDGE_CURVE('',#3742,#3744,#3746,.T.);
#3742 = VERTEX_POINT('',#3743);
#3743 = CARTESIAN_POINT('',(220.98,154.94,30.479999999999));
#3744 = VERTEX_POINT('',#3745);
#3745 = CARTESIAN_POINT('',(220.98,149.86,30.479999999999));
#3746 = CIRCLE('',#3747,2.54);
#3747 = AXIS2_PLACEMENT_3D('',#3748,#3749,#3750);
#3748 = CARTESIAN_POINT('',(220.98,152.4,30.479999999999));
#3749 = DIRECTION('',(1.,6.070773319254E-17,0.));
#3750 = DIRECTION('',(-6.070773319254E-17,1.,0.));
#3751 = ORIENTED_EDGE('',*,*,#3752,.T.);
#3752 = EDGE_CURVE('',#3744,#3742,#3753,.T.);
#3753 = CIRCLE('',#3754,2.54);
#3754 = AXIS2_PLACEMENT_3D('',#3755,#3756,#3757);
#3755 = CARTESIAN_POINT('',(220.98,152.4,30.479999999999));
#3756 = DIRECTION('',(1.,6.070773319254E-17,0.));
#3757 = DIRECTION('',(-6.070773319254E-17,1.,0.));
#3758 = FACE_BOUND('',#3759,.T.);
#3759 = EDGE_LOOP('',(#3760,#3771));
#3760 = ORIENTED_EDGE('',*,*,#3761,.T.);
#3761 = EDGE_CURVE('',#3762,#3764,#3766,.T.);
#3762 = VERTEX_POINT('',#3763);
#3763 = CARTESIAN_POINT('',(220.98,73.66,30.479999999999));
#3764 = VERTEX_POINT('',#3765);
#3765 = CARTESIAN_POINT('',(220.98,68.58,30.479999999999));
#3766 = CIRCLE('',#3767,2.54);
#3767 = AXIS2_PLACEMENT_3D('',#3768,#3769,#3770);
#3768 = CARTESIAN_POINT('',(220.98,71.12,30.479999999999));
#3769 = DIRECTION('',(1.,6.070773319254E-17,0.));
#3770 = DIRECTION('',(-6.070773319254E-17,1.,0.));
#3771 = ORIENTED_EDGE('',*,*,#3772,.T.);
#3772 = EDGE_CURVE('',#3764,#3762,#3773,.T.);
#3773 = CIRCLE('',#3774,2.54);
#3774 = AXIS2_PLACEMENT_3D('',#3775,#3776,#3777);
#3775 = CARTESIAN_POINT('',(220.98,71.12,30.479999999999));
#3776 = DIRECTION('',(1.,6.070773319254E-17,0.));
#3777 = DIRECTION('',(-6.070773319254E-17,1.,0.));
#3778 = FACE_BOUND('',#3779,.T.);
#3779 = EDGE_LOOP('',(#3780,#3791));
#3780 = ORIENTED_EDGE('',*,*,#3781,.T.);
#3781 = EDGE_CURVE('',#3782,#3784,#3786,.T.);
#3782 = VERTEX_POINT('',#3783);
#3783 = CARTESIAN_POINT('',(220.98,33.02,30.479999999998));
#3784 = VERTEX_POINT('',#3785);
#3785 = CARTESIAN_POINT('',(220.98,27.94,30.479999999998));
#3786 = CIRCLE('',#3787,2.54);
#3787 = AXIS2_PLACEMENT_3D('',#3788,#3789,#3790);
#3788 = CARTESIAN_POINT('',(220.98,30.48,30.479999999998));
#3789 = DIRECTION('',(1.,6.070773319254E-17,0.));
#3790 = DIRECTION('',(-6.070773319254E-17,1.,0.));
#3791 = ORIENTED_EDGE('',*,*,#3792,.T.);
#3792 = EDGE_CURVE('',#3784,#3782,#3793,.T.);
#3793 = CIRCLE('',#3794,2.54);
#3794 = AXIS2_PLACEMENT_3D('',#3795,#3796,#3797);
#3795 = CARTESIAN_POINT('',(220.98,30.48,30.479999999998));
#3796 = DIRECTION('',(1.,6.070773319254E-17,0.));
#3797 = DIRECTION('',(-6.070773319254E-17,1.,0.));
#3798 = FACE_BOUND('',#3799,.T.);
#3799 = EDGE_LOOP('',(#3800,#3811));
#3800 = ORIENTED_EDGE('',*,*,#3801,.T.);
#3801 = EDGE_CURVE('',#3802,#3804,#3806,.T.);
#3802 = VERTEX_POINT('',#3803);
#3803 = CARTESIAN_POINT('',(220.98,33.02,20.319999999998));
#3804 = VERTEX_POINT('',#3805);
#3805 = CARTESIAN_POINT('',(220.98,27.94,20.319999999998));
#3806 = CIRCLE('',#3807,2.54);
#3807 = AXIS2_PLACEMENT_3D('',#3808,#3809,#3810);
#3808 = CARTESIAN_POINT('',(220.98,30.48,20.319999999998));
#3809 = DIRECTION('',(1.,6.070773319254E-17,0.));
#3810 = DIRECTION('',(-6.070773319254E-17,1.,0.));
#3811 = ORIENTED_EDGE('',*,*,#3812,.T.);
#3812 = EDGE_CURVE('',#3804,#3802,#3813,.T.);
#3813 = CIRCLE('',#3814,2.54);
#3814 = AXIS2_PLACEMENT_3D('',#3815,#3816,#3817);
#3815 = CARTESIAN_POINT('',(220.98,30.48,20.319999999998));
#3816 = DIRECTION('',(1.,6.070773319254E-17,0.));
#3817 = DIRECTION('',(-6.070773319254E-17,1.,0.));
#3818 = FACE_BOUND('',#3819,.T.);
#3819 = EDGE_LOOP('',(#3820,#3831));
#3820 = ORIENTED_EDGE('',*,*,#3821,.T.);
#3821 = EDGE_CURVE('',#3822,#3824,#3826,.T.);
#3822 = VERTEX_POINT('',#3823);
#3823 = CARTESIAN_POINT('',(220.98,134.62,30.479999999999));
#3824 = VERTEX_POINT('',#3825);
#3825 = CARTESIAN_POINT('',(220.98,129.54,30.479999999999));
#3826 = CIRCLE('',#3827,2.54);
#3827 = AXIS2_PLACEMENT_3D('',#3828,#3829,#3830);
#3828 = CARTESIAN_POINT('',(220.98,132.08,30.479999999999));
#3829 = DIRECTION('',(1.,6.070773319254E-17,0.));
#3830 = DIRECTION('',(-6.070773319254E-17,1.,0.));
#3831 = ORIENTED_EDGE('',*,*,#3832,.T.);
#3832 = EDGE_CURVE('',#3824,#3822,#3833,.T.);
#3833 = CIRCLE('',#3834,2.54);
#3834 = AXIS2_PLACEMENT_3D('',#3835,#3836,#3837);
#3835 = CARTESIAN_POINT('',(220.98,132.08,30.479999999999));
#3836 = DIRECTION('',(1.,6.070773319254E-17,0.));
#3837 = DIRECTION('',(-6.070773319254E-17,1.,0.));
#3838 = FACE_BOUND('',#3839,.T.);
#3839 = EDGE_LOOP('',(#3840,#3851));
#3840 = ORIENTED_EDGE('',*,*,#3841,.T.);
#3841 = EDGE_CURVE('',#3842,#3844,#3846,.T.);
#3842 = VERTEX_POINT('',#3843);
#3843 = CARTESIAN_POINT('',(220.98,144.78,30.479999999999));
#3844 = VERTEX_POINT('',#3845);
#3845 = CARTESIAN_POINT('',(220.98,139.7,30.479999999999));
#3846 = CIRCLE('',#3847,2.54);
#3847 = AXIS2_PLACEMENT_3D('',#3848,#3849,#3850);
#3848 = CARTESIAN_POINT('',(220.98,142.24,30.479999999999));
#3849 = DIRECTION('',(1.,6.070773319254E-17,0.));
#3850 = DIRECTION('',(-6.070773319254E-17,1.,0.));
#3851 = ORIENTED_EDGE('',*,*,#3852,.T.);
#3852 = EDGE_CURVE('',#3844,#3842,#3853,.T.);
#3853 = CIRCLE('',#3854,2.54);
#3854 = AXIS2_PLACEMENT_3D('',#3855,#3856,#3857);
#3855 = CARTESIAN_POINT('',(220.98,142.24,30.479999999999));
#3856 = DIRECTION('',(1.,6.070773319254E-17,0.));
#3857 = DIRECTION('',(-6.070773319254E-17,1.,0.));
#3858 = FACE_BOUND('',#3859,.T.);
#3859 = EDGE_LOOP('',(#3860,#3871));
#3860 = ORIENTED_EDGE('',*,*,#3861,.T.);
#3861 = EDGE_CURVE('',#3862,#3864,#3866,.T.);
#3862 = VERTEX_POINT('',#3863);
#3863 = CARTESIAN_POINT('',(220.98,154.94,40.639999999999));
#3864 = VERTEX_POINT('',#3865);
#3865 = CARTESIAN_POINT('',(220.98,149.86,40.639999999999));
#3866 = CIRCLE('',#3867,2.54);
#3867 = AXIS2_PLACEMENT_3D('',#3868,#3869,#3870);
#3868 = CARTESIAN_POINT('',(220.98,152.4,40.639999999999));
#3869 = DIRECTION('',(1.,6.070773319254E-17,0.));
#3870 = DIRECTION('',(-6.070773319254E-17,1.,0.));
#3871 = ORIENTED_EDGE('',*,*,#3872,.T.);
#3872 = EDGE_CURVE('',#3864,#3862,#3873,.T.);
#3873 = CIRCLE('',#3874,2.54);
#3874 = AXIS2_PLACEMENT_3D('',#3875,#3876,#3877);
#3875 = CARTESIAN_POINT('',(220.98,152.4,40.639999999999));
#3876 = DIRECTION('',(1.,6.070773319254E-17,0.));
#3877 = DIRECTION('',(-6.070773319254E-17,1.,0.));
#3878 = FACE_BOUND('',#3879,.T.);
#3879 = EDGE_LOOP('',(#3880,#3891));
#3880 = ORIENTED_EDGE('',*,*,#3881,.T.);
#3881 = EDGE_CURVE('',#3882,#3884,#3886,.T.);
#3882 = VERTEX_POINT('',#3883);
#3883 = CARTESIAN_POINT('',(220.98,165.1,40.639999999999));
#3884 = VERTEX_POINT('',#3885);
#3885 = CARTESIAN_POINT('',(220.98,160.02,40.639999999999));
#3886 = CIRCLE('',#3887,2.54);
#3887 = AXIS2_PLACEMENT_3D('',#3888,#3889,#3890);
#3888 = CARTESIAN_POINT('',(220.98,162.56,40.639999999999));
#3889 = DIRECTION('',(1.,6.070773319254E-17,0.));
#3890 = DIRECTION('',(-6.070773319254E-17,1.,0.));
#3891 = ORIENTED_EDGE('',*,*,#3892,.T.);
#3892 = EDGE_CURVE('',#3884,#3882,#3893,.T.);
#3893 = CIRCLE('',#3894,2.54);
#3894 = AXIS2_PLACEMENT_3D('',#3895,#3896,#3897);
#3895 = CARTESIAN_POINT('',(220.98,162.56,40.639999999999));
#3896 = DIRECTION('',(1.,6.070773319254E-17,0.));
#3897 = DIRECTION('',(-6.070773319254E-17,1.,0.));
#3898 = FACE_BOUND('',#3899,.T.);
#3899 = EDGE_LOOP('',(#3900,#3909,#3918));
#3900 = ORIENTED_EDGE('',*,*,#3901,.T.);
#3901 = EDGE_CURVE('',#1137,#3902,#3904,.T.);
#3902 = VERTEX_POINT('',#3903);
#3903 = CARTESIAN_POINT('',(220.98,63.5,10.159999999998));
#3904 = CIRCLE('',#3905,2.54);
#3905 = AXIS2_PLACEMENT_3D('',#3906,#3907,#3908);
#3906 = CARTESIAN_POINT('',(220.98,60.96,10.159999999998));
#3907 = DIRECTION('',(1.,6.070773319254E-17,0.));
#3908 = DIRECTION('',(-6.070773319254E-17,1.,0.));
#3909 = ORIENTED_EDGE('',*,*,#3910,.T.);
#3910 = EDGE_CURVE('',#3902,#3911,#3913,.T.);
#3911 = VERTEX_POINT('',#3912);
#3912 = CARTESIAN_POINT('',(220.98,58.42,10.159999999998));
#3913 = CIRCLE('',#3914,2.54);
#3914 = AXIS2_PLACEMENT_3D('',#3915,#3916,#3917);
#3915 = CARTESIAN_POINT('',(220.98,60.96,10.159999999998));
#3916 = DIRECTION('',(1.,6.070773319254E-17,0.));
#3917 = DIRECTION('',(-6.070773319254E-17,1.,0.));
#3918 = ORIENTED_EDGE('',*,*,#3919,.T.);
#3919 = EDGE_CURVE('',#3911,#1137,#3920,.T.);
#3920 = CIRCLE('',#3921,2.54);
#3921 = AXIS2_PLACEMENT_3D('',#3922,#3923,#3924);
#3922 = CARTESIAN_POINT('',(220.98,60.96,10.159999999998));
#3923 = DIRECTION('',(1.,6.070773319254E-17,0.));
#3924 = DIRECTION('',(-6.070773319254E-17,1.,0.));
#3925 = FACE_BOUND('',#3926,.T.);
#3926 = EDGE_LOOP('',(#3927,#3936,#3945));
#3927 = ORIENTED_EDGE('',*,*,#3928,.T.);
#3928 = EDGE_CURVE('',#1129,#3929,#3931,.T.);
#3929 = VERTEX_POINT('',#3930);
#3930 = CARTESIAN_POINT('',(220.98,53.34,10.159999999998));
#3931 = CIRCLE('',#3932,2.54);
#3932 = AXIS2_PLACEMENT_3D('',#3933,#3934,#3935);
#3933 = CARTESIAN_POINT('',(220.98,50.8,10.159999999998));
#3934 = DIRECTION('',(1.,6.070773319254E-17,0.));
#3935 = DIRECTION('',(-6.070773319254E-17,1.,0.));
#3936 = ORIENTED_EDGE('',*,*,#3937,.T.);
#3937 = EDGE_CURVE('',#3929,#3938,#3940,.T.);
#3938 = VERTEX_POINT('',#3939);
#3939 = CARTESIAN_POINT('',(220.98,48.26,10.159999999998));
#3940 = CIRCLE('',#3941,2.54);
#3941 = AXIS2_PLACEMENT_3D('',#3942,#3943,#3944);
#3942 = CARTESIAN_POINT('',(220.98,50.8,10.159999999998));
#3943 = DIRECTION('',(1.,6.070773319254E-17,0.));
#3944 = DIRECTION('',(-6.070773319254E-17,1.,0.));
#3945 = ORIENTED_EDGE('',*,*,#3946,.T.);
#3946 = EDGE_CURVE('',#3938,#1129,#3947,.T.);
#3947 = CIRCLE('',#3948,2.54);
#3948 = AXIS2_PLACEMENT_3D('',#3949,#3950,#3951);
#3949 = CARTESIAN_POINT('',(220.98,50.8,10.159999999998));
#3950 = DIRECTION('',(1.,6.070773319254E-17,0.));
#3951 = DIRECTION('',(-6.070773319254E-17,1.,0.));
#3952 = FACE_BOUND('',#3953,.T.);
#3953 = EDGE_LOOP('',(#3954,#3963,#3972));
#3954 = ORIENTED_EDGE('',*,*,#3955,.T.);
#3955 = EDGE_CURVE('',#1121,#3956,#3958,.T.);
#3956 = VERTEX_POINT('',#3957);
#3957 = CARTESIAN_POINT('',(220.98,43.18,10.159999999998));
#3958 = CIRCLE('',#3959,2.54);
#3959 = AXIS2_PLACEMENT_3D('',#3960,#3961,#3962);
#3960 = CARTESIAN_POINT('',(220.98,40.64,10.159999999998));
#3961 = DIRECTION('',(1.,6.070773319254E-17,0.));
#3962 = DIRECTION('',(-6.070773319254E-17,1.,0.));
#3963 = ORIENTED_EDGE('',*,*,#3964,.T.);
#3964 = EDGE_CURVE('',#3956,#3965,#3967,.T.);
#3965 = VERTEX_POINT('',#3966);
#3966 = CARTESIAN_POINT('',(220.98,38.1,10.159999999998));
#3967 = CIRCLE('',#3968,2.54);
#3968 = AXIS2_PLACEMENT_3D('',#3969,#3970,#3971);
#3969 = CARTESIAN_POINT('',(220.98,40.64,10.159999999998));
#3970 = DIRECTION('',(1.,6.070773319254E-17,0.));
#3971 = DIRECTION('',(-6.070773319254E-17,1.,0.));
#3972 = ORIENTED_EDGE('',*,*,#3973,.T.);
#3973 = EDGE_CURVE('',#3965,#1121,#3974,.T.);
#3974 = CIRCLE('',#3975,2.54);
#3975 = AXIS2_PLACEMENT_3D('',#3976,#3977,#3978);
#3976 = CARTESIAN_POINT('',(220.98,40.64,10.159999999998));
#3977 = DIRECTION('',(1.,6.070773319254E-17,0.));
#3978 = DIRECTION('',(-6.070773319254E-17,1.,0.));
#3979 = FACE_BOUND('',#3980,.T.);
#3980 = EDGE_LOOP('',(#3981,#3990,#3999));
#3981 = ORIENTED_EDGE('',*,*,#3982,.T.);
#3982 = EDGE_CURVE('',#1113,#3983,#3985,.T.);
#3983 = VERTEX_POINT('',#3984);
#3984 = CARTESIAN_POINT('',(220.98,33.02,10.159999999998));
#3985 = CIRCLE('',#3986,2.54);
#3986 = AXIS2_PLACEMENT_3D('',#3987,#3988,#3989);
#3987 = CARTESIAN_POINT('',(220.98,30.48,10.159999999998));
#3988 = DIRECTION('',(1.,6.070773319254E-17,0.));
#3989 = DIRECTION('',(-6.070773319254E-17,1.,0.));
#3990 = ORIENTED_EDGE('',*,*,#3991,.T.);
#3991 = EDGE_CURVE('',#3983,#3992,#3994,.T.);
#3992 = VERTEX_POINT('',#3993);
#3993 = CARTESIAN_POINT('',(220.98,27.94,10.159999999998));
#3994 = CIRCLE('',#3995,2.54);
#3995 = AXIS2_PLACEMENT_3D('',#3996,#3997,#3998);
#3996 = CARTESIAN_POINT('',(220.98,30.48,10.159999999998));
#3997 = DIRECTION('',(1.,6.070773319254E-17,0.));
#3998 = DIRECTION('',(-6.070773319254E-17,1.,0.));
#3999 = ORIENTED_EDGE('',*,*,#4000,.T.);
#4000 = EDGE_CURVE('',#3992,#1113,#4001,.T.);
#4001 = CIRCLE('',#4002,2.54);
#4002 = AXIS2_PLACEMENT_3D('',#4003,#4004,#4005);
#4003 = CARTESIAN_POINT('',(220.98,30.48,10.159999999998));
#4004 = DIRECTION('',(1.,6.070773319254E-17,0.));
#4005 = DIRECTION('',(-6.070773319254E-17,1.,0.));
#4006 = FACE_BOUND('',#4007,.T.);
#4007 = EDGE_LOOP('',(#4008,#4017,#4026));
#4008 = ORIENTED_EDGE('',*,*,#4009,.T.);
#4009 = EDGE_CURVE('',#1105,#4010,#4012,.T.);
#4010 = VERTEX_POINT('',#4011);
#4011 = CARTESIAN_POINT('',(220.98,22.86,10.159999999998));
#4012 = CIRCLE('',#4013,2.54);
#4013 = AXIS2_PLACEMENT_3D('',#4014,#4015,#4016);
#4014 = CARTESIAN_POINT('',(220.98,20.32,10.159999999998));
#4015 = DIRECTION('',(1.,6.070773319254E-17,0.));
#4016 = DIRECTION('',(-6.070773319254E-17,1.,0.));
#4017 = ORIENTED_EDGE('',*,*,#4018,.T.);
#4018 = EDGE_CURVE('',#4010,#4019,#4021,.T.);
#4019 = VERTEX_POINT('',#4020);
#4020 = CARTESIAN_POINT('',(220.98,17.78,10.159999999998));
#4021 = CIRCLE('',#4022,2.54);
#4022 = AXIS2_PLACEMENT_3D('',#4023,#4024,#4025);
#4023 = CARTESIAN_POINT('',(220.98,20.32,10.159999999998));
#4024 = DIRECTION('',(1.,6.070773319254E-17,0.));
#4025 = DIRECTION('',(-6.070773319254E-17,1.,0.));
#4026 = ORIENTED_EDGE('',*,*,#4027,.T.);
#4027 = EDGE_CURVE('',#4019,#1105,#4028,.T.);
#4028 = CIRCLE('',#4029,2.54);
#4029 = AXIS2_PLACEMENT_3D('',#4030,#4031,#4032);
#4030 = CARTESIAN_POINT('',(220.98,20.32,10.159999999998));
#4031 = DIRECTION('',(1.,6.070773319254E-17,0.));
#4032 = DIRECTION('',(-6.070773319254E-17,1.,0.));
#4033 = FACE_BOUND('',#4034,.T.);
#4034 = EDGE_LOOP('',(#4035,#4044));
#4035 = ORIENTED_EDGE('',*,*,#4036,.T.);
#4036 = EDGE_CURVE('',#1364,#4037,#4039,.T.);
#4037 = VERTEX_POINT('',#4038);
#4038 = CARTESIAN_POINT('',(220.98,12.7,20.319999999998));
#4039 = CIRCLE('',#4040,2.54);
#4040 = AXIS2_PLACEMENT_3D('',#4041,#4042,#4043);
#4041 = CARTESIAN_POINT('',(220.98,10.16,20.319999999998));
#4042 = DIRECTION('',(1.,6.070773319254E-17,0.));
#4043 = DIRECTION('',(-6.070773319254E-17,1.,0.));
#4044 = ORIENTED_EDGE('',*,*,#4045,.T.);
#4045 = EDGE_CURVE('',#4037,#1364,#4046,.T.);
#4046 = CIRCLE('',#4047,2.54);
#4047 = AXIS2_PLACEMENT_3D('',#4048,#4049,#4050);
#4048 = CARTESIAN_POINT('',(220.98,10.16,20.319999999998));
#4049 = DIRECTION('',(1.,6.070773319254E-17,0.));
#4050 = DIRECTION('',(-6.070773319254E-17,1.,0.));
#4051 = FACE_BOUND('',#4052,.T.);
#4052 = EDGE_LOOP('',(#4053,#4062));
#4053 = ORIENTED_EDGE('',*,*,#4054,.T.);
#4054 = EDGE_CURVE('',#1356,#4055,#4057,.T.);
#4055 = VERTEX_POINT('',#4056);
#4056 = CARTESIAN_POINT('',(220.98,12.7,30.479999999998));
#4057 = CIRCLE('',#4058,2.54);
#4058 = AXIS2_PLACEMENT_3D('',#4059,#4060,#4061);
#4059 = CARTESIAN_POINT('',(220.98,10.16,30.479999999998));
#4060 = DIRECTION('',(1.,6.070773319254E-17,0.));
#4061 = DIRECTION('',(-6.070773319254E-17,1.,0.));
#4062 = ORIENTED_EDGE('',*,*,#4063,.T.);
#4063 = EDGE_CURVE('',#4055,#1356,#4064,.T.);
#4064 = CIRCLE('',#4065,2.54);
#4065 = AXIS2_PLACEMENT_3D('',#4066,#4067,#4068);
#4066 = CARTESIAN_POINT('',(220.98,10.16,30.479999999998));
#4067 = DIRECTION('',(1.,6.070773319254E-17,0.));
#4068 = DIRECTION('',(-6.070773319254E-17,1.,0.));
#4069 = FACE_BOUND('',#4070,.T.);
#4070 = EDGE_LOOP('',(#4071,#4080));
#4071 = ORIENTED_EDGE('',*,*,#4072,.T.);
#4072 = EDGE_CURVE('',#1348,#4073,#4075,.T.);
#4073 = VERTEX_POINT('',#4074);
#4074 = CARTESIAN_POINT('',(220.98,12.7,40.639999999998));
#4075 = CIRCLE('',#4076,2.54);
#4076 = AXIS2_PLACEMENT_3D('',#4077,#4078,#4079);
#4077 = CARTESIAN_POINT('',(220.98,10.16,40.639999999998));
#4078 = DIRECTION('',(1.,6.070773319254E-17,0.));
#4079 = DIRECTION('',(-6.070773319254E-17,1.,0.));
#4080 = ORIENTED_EDGE('',*,*,#4081,.T.);
#4081 = EDGE_CURVE('',#4073,#1348,#4082,.T.);
#4082 = CIRCLE('',#4083,2.54);
#4083 = AXIS2_PLACEMENT_3D('',#4084,#4085,#4086);
#4084 = CARTESIAN_POINT('',(220.98,10.16,40.639999999998));
#4085 = DIRECTION('',(1.,6.070773319254E-17,0.));
#4086 = DIRECTION('',(-6.070773319254E-17,1.,0.));
#4087 = FACE_BOUND('',#4088,.T.);
#4088 = EDGE_LOOP('',(#4089,#4098,#4107));
#4089 = ORIENTED_EDGE('',*,*,#4090,.T.);
#4090 = EDGE_CURVE('',#1201,#4091,#4093,.T.);
#4091 = VERTEX_POINT('',#4092);
#4092 = CARTESIAN_POINT('',(220.98,215.9,10.16));
#4093 = CIRCLE('',#4094,2.54);
#4094 = AXIS2_PLACEMENT_3D('',#4095,#4096,#4097);
#4095 = CARTESIAN_POINT('',(220.98,213.36,10.16));
#4096 = DIRECTION('',(1.,6.070773319254E-17,0.));
#4097 = DIRECTION('',(-6.070773319254E-17,1.,0.));
#4098 = ORIENTED_EDGE('',*,*,#4099,.T.);
#4099 = EDGE_CURVE('',#4091,#4100,#4102,.T.);
#4100 = VERTEX_POINT('',#4101);
#4101 = CARTESIAN_POINT('',(220.98,210.82,10.16));
#4102 = CIRCLE('',#4103,2.54);
#4103 = AXIS2_PLACEMENT_3D('',#4104,#4105,#4106);
#4104 = CARTESIAN_POINT('',(220.98,213.36,10.16));
#4105 = DIRECTION('',(1.,6.070773319254E-17,0.));
#4106 = DIRECTION('',(-6.070773319254E-17,1.,0.));
#4107 = ORIENTED_EDGE('',*,*,#4108,.T.);
#4108 = EDGE_CURVE('',#4100,#1201,#4109,.T.);
#4109 = CIRCLE('',#4110,2.54);
#4110 = AXIS2_PLACEMENT_3D('',#4111,#4112,#4113);
#4111 = CARTESIAN_POINT('',(220.98,213.36,10.16));
#4112 = DIRECTION('',(1.,6.070773319254E-17,0.));
#4113 = DIRECTION('',(-6.070773319254E-17,1.,0.));
#4114 = FACE_BOUND('',#4115,.T.);
#4115 = EDGE_LOOP('',(#4116,#4125,#4134));
#4116 = ORIENTED_EDGE('',*,*,#4117,.T.);
#4117 = EDGE_CURVE('',#1193,#4118,#4120,.T.);
#4118 = VERTEX_POINT('',#4119);
#4119 = CARTESIAN_POINT('',(220.98,205.74,10.16));
#4120 = CIRCLE('',#4121,2.54);
#4121 = AXIS2_PLACEMENT_3D('',#4122,#4123,#4124);
#4122 = CARTESIAN_POINT('',(220.98,203.2,10.16));
#4123 = DIRECTION('',(1.,6.070773319254E-17,0.));
#4124 = DIRECTION('',(-6.070773319254E-17,1.,0.));
#4125 = ORIENTED_EDGE('',*,*,#4126,.T.);
#4126 = EDGE_CURVE('',#4118,#4127,#4129,.T.);
#4127 = VERTEX_POINT('',#4128);
#4128 = CARTESIAN_POINT('',(220.98,200.66,10.16));
#4129 = CIRCLE('',#4130,2.54);
#4130 = AXIS2_PLACEMENT_3D('',#4131,#4132,#4133);
#4131 = CARTESIAN_POINT('',(220.98,203.2,10.16));
#4132 = DIRECTION('',(1.,6.070773319254E-17,0.));
#4133 = DIRECTION('',(-6.070773319254E-17,1.,0.));
#4134 = ORIENTED_EDGE('',*,*,#4135,.T.);
#4135 = EDGE_CURVE('',#4127,#1193,#4136,.T.);
#4136 = CIRCLE('',#4137,2.54);
#4137 = AXIS2_PLACEMENT_3D('',#4138,#4139,#4140);
#4138 = CARTESIAN_POINT('',(220.98,203.2,10.16));
#4139 = DIRECTION('',(1.,6.070773319254E-17,0.));
#4140 = DIRECTION('',(-6.070773319254E-17,1.,0.));
#4141 = FACE_BOUND('',#4142,.T.);
#4142 = EDGE_LOOP('',(#4143,#4152,#4161));
#4143 = ORIENTED_EDGE('',*,*,#4144,.T.);
#4144 = EDGE_CURVE('',#1185,#4145,#4147,.T.);
#4145 = VERTEX_POINT('',#4146);
#4146 = CARTESIAN_POINT('',(220.98,195.58,10.16));
#4147 = CIRCLE('',#4148,2.54);
#4148 = AXIS2_PLACEMENT_3D('',#4149,#4150,#4151);
#4149 = CARTESIAN_POINT('',(220.98,193.04,10.16));
#4150 = DIRECTION('',(1.,6.070773319254E-17,0.));
#4151 = DIRECTION('',(-6.070773319254E-17,1.,0.));
#4152 = ORIENTED_EDGE('',*,*,#4153,.T.);
#4153 = EDGE_CURVE('',#4145,#4154,#4156,.T.);
#4154 = VERTEX_POINT('',#4155);
#4155 = CARTESIAN_POINT('',(220.98,190.5,10.16));
#4156 = CIRCLE('',#4157,2.54);
#4157 = AXIS2_PLACEMENT_3D('',#4158,#4159,#4160);
#4158 = CARTESIAN_POINT('',(220.98,193.04,10.16));
#4159 = DIRECTION('',(1.,6.070773319254E-17,0.));
#4160 = DIRECTION('',(-6.070773319254E-17,1.,0.));
#4161 = ORIENTED_EDGE('',*,*,#4162,.T.);
#4162 = EDGE_CURVE('',#4154,#1185,#4163,.T.);
#4163 = CIRCLE('',#4164,2.54);
#4164 = AXIS2_PLACEMENT_3D('',#4165,#4166,#4167);
#4165 = CARTESIAN_POINT('',(220.98,193.04,10.16));
#4166 = DIRECTION('',(1.,6.070773319254E-17,0.));
#4167 = DIRECTION('',(-6.070773319254E-17,1.,0.));
#4168 = FACE_BOUND('',#4169,.T.);
#4169 = EDGE_LOOP('',(#4170,#4179,#4188));
#4170 = ORIENTED_EDGE('',*,*,#4171,.T.);
#4171 = EDGE_CURVE('',#1177,#4172,#4174,.T.);
#4172 = VERTEX_POINT('',#4173);
#4173 = CARTESIAN_POINT('',(220.98,185.42,10.16));
#4174 = CIRCLE('',#4175,2.54);
#4175 = AXIS2_PLACEMENT_3D('',#4176,#4177,#4178);
#4176 = CARTESIAN_POINT('',(220.98,182.88,10.16));
#4177 = DIRECTION('',(1.,6.070773319254E-17,0.));
#4178 = DIRECTION('',(-6.070773319254E-17,1.,0.));
#4179 = ORIENTED_EDGE('',*,*,#4180,.T.);
#4180 = EDGE_CURVE('',#4172,#4181,#4183,.T.);
#4181 = VERTEX_POINT('',#4182);
#4182 = CARTESIAN_POINT('',(220.98,180.34,10.16));
#4183 = CIRCLE('',#4184,2.54);
#4184 = AXIS2_PLACEMENT_3D('',#4185,#4186,#4187);
#4185 = CARTESIAN_POINT('',(220.98,182.88,10.16));
#4186 = DIRECTION('',(1.,6.070773319254E-17,0.));
#4187 = DIRECTION('',(-6.070773319254E-17,1.,0.));
#4188 = ORIENTED_EDGE('',*,*,#4189,.T.);
#4189 = EDGE_CURVE('',#4181,#1177,#4190,.T.);
#4190 = CIRCLE('',#4191,2.54);
#4191 = AXIS2_PLACEMENT_3D('',#4192,#4193,#4194);
#4192 = CARTESIAN_POINT('',(220.98,182.88,10.16));
#4193 = DIRECTION('',(1.,6.070773319254E-17,0.));
#4194 = DIRECTION('',(-6.070773319254E-17,1.,0.));
#4195 = FACE_BOUND('',#4196,.T.);
#4196 = EDGE_LOOP('',(#4197,#4206,#4215));
#4197 = ORIENTED_EDGE('',*,*,#4198,.T.);
#4198 = EDGE_CURVE('',#1169,#4199,#4201,.T.);
#4199 = VERTEX_POINT('',#4200);
#4200 = CARTESIAN_POINT('',(220.98,175.26,10.16));
#4201 = CIRCLE('',#4202,2.54);
#4202 = AXIS2_PLACEMENT_3D('',#4203,#4204,#4205);
#4203 = CARTESIAN_POINT('',(220.98,172.72,10.16));
#4204 = DIRECTION('',(1.,6.070773319254E-17,0.));
#4205 = DIRECTION('',(-6.070773319254E-17,1.,0.));
#4206 = ORIENTED_EDGE('',*,*,#4207,.T.);
#4207 = EDGE_CURVE('',#4199,#4208,#4210,.T.);
#4208 = VERTEX_POINT('',#4209);
#4209 = CARTESIAN_POINT('',(220.98,170.18,10.16));
#4210 = CIRCLE('',#4211,2.54);
#4211 = AXIS2_PLACEMENT_3D('',#4212,#4213,#4214);
#4212 = CARTESIAN_POINT('',(220.98,172.72,10.16));
#4213 = DIRECTION('',(1.,6.070773319254E-17,0.));
#4214 = DIRECTION('',(-6.070773319254E-17,1.,0.));
#4215 = ORIENTED_EDGE('',*,*,#4216,.T.);
#4216 = EDGE_CURVE('',#4208,#1169,#4217,.T.);
#4217 = CIRCLE('',#4218,2.54);
#4218 = AXIS2_PLACEMENT_3D('',#4219,#4220,#4221);
#4219 = CARTESIAN_POINT('',(220.98,172.72,10.16));
#4220 = DIRECTION('',(1.,6.070773319254E-17,0.));
#4221 = DIRECTION('',(-6.070773319254E-17,1.,0.));
#4222 = FACE_BOUND('',#4223,.T.);
#4223 = EDGE_LOOP('',(#4224,#4233,#4242));
#4224 = ORIENTED_EDGE('',*,*,#4225,.T.);
#4225 = EDGE_CURVE('',#1161,#4226,#4228,.T.);
#4226 = VERTEX_POINT('',#4227);
#4227 = CARTESIAN_POINT('',(220.98,165.1,10.159999999999));
#4228 = CIRCLE('',#4229,2.54);
#4229 = AXIS2_PLACEMENT_3D('',#4230,#4231,#4232);
#4230 = CARTESIAN_POINT('',(220.98,162.56,10.159999999999));
#4231 = DIRECTION('',(1.,6.070773319254E-17,0.));
#4232 = DIRECTION('',(-6.070773319254E-17,1.,0.));
#4233 = ORIENTED_EDGE('',*,*,#4234,.T.);
#4234 = EDGE_CURVE('',#4226,#4235,#4237,.T.);
#4235 = VERTEX_POINT('',#4236);
#4236 = CARTESIAN_POINT('',(220.98,160.02,10.159999999999));
#4237 = CIRCLE('',#4238,2.54);
#4238 = AXIS2_PLACEMENT_3D('',#4239,#4240,#4241);
#4239 = CARTESIAN_POINT('',(220.98,162.56,10.159999999999));
#4240 = DIRECTION('',(1.,6.070773319254E-17,0.));
#4241 = DIRECTION('',(-6.070773319254E-17,1.,0.));
#4242 = ORIENTED_EDGE('',*,*,#4243,.T.);
#4243 = EDGE_CURVE('',#4235,#1161,#4244,.T.);
#4244 = CIRCLE('',#4245,2.54);
#4245 = AXIS2_PLACEMENT_3D('',#4246,#4247,#4248);
#4246 = CARTESIAN_POINT('',(220.98,162.56,10.159999999999));
#4247 = DIRECTION('',(1.,6.070773319254E-17,0.));
#4248 = DIRECTION('',(-6.070773319254E-17,1.,0.));
#4249 = FACE_BOUND('',#4250,.T.);
#4250 = EDGE_LOOP('',(#4251,#4260,#4269));
#4251 = ORIENTED_EDGE('',*,*,#4252,.T.);
#4252 = EDGE_CURVE('',#1153,#4253,#4255,.T.);
#4253 = VERTEX_POINT('',#4254);
#4254 = CARTESIAN_POINT('',(220.98,83.82,10.159999999999));
#4255 = CIRCLE('',#4256,2.54);
#4256 = AXIS2_PLACEMENT_3D('',#4257,#4258,#4259);
#4257 = CARTESIAN_POINT('',(220.98,81.28,10.159999999999));
#4258 = DIRECTION('',(1.,6.070773319254E-17,0.));
#4259 = DIRECTION('',(-6.070773319254E-17,1.,0.));
#4260 = ORIENTED_EDGE('',*,*,#4261,.T.);
#4261 = EDGE_CURVE('',#4253,#4262,#4264,.T.);
#4262 = VERTEX_POINT('',#4263);
#4263 = CARTESIAN_POINT('',(220.98,78.74,10.159999999999));
#4264 = CIRCLE('',#4265,2.54);
#4265 = AXIS2_PLACEMENT_3D('',#4266,#4267,#4268);
#4266 = CARTESIAN_POINT('',(220.98,81.28,10.159999999999));
#4267 = DIRECTION('',(1.,6.070773319254E-17,0.));
#4268 = DIRECTION('',(-6.070773319254E-17,1.,0.));
#4269 = ORIENTED_EDGE('',*,*,#4270,.T.);
#4270 = EDGE_CURVE('',#4262,#1153,#4271,.T.);
#4271 = CIRCLE('',#4272,2.54);
#4272 = AXIS2_PLACEMENT_3D('',#4273,#4274,#4275);
#4273 = CARTESIAN_POINT('',(220.98,81.28,10.159999999999));
#4274 = DIRECTION('',(1.,6.070773319254E-17,0.));
#4275 = DIRECTION('',(-6.070773319254E-17,1.,0.));
#4276 = FACE_BOUND('',#4277,.T.);
#4277 = EDGE_LOOP('',(#4278,#4287,#4296));
#4278 = ORIENTED_EDGE('',*,*,#4279,.T.);
#4279 = EDGE_CURVE('',#1145,#4280,#4282,.T.);
#4280 = VERTEX_POINT('',#4281);
#4281 = CARTESIAN_POINT('',(220.98,73.66,10.159999999999));
#4282 = CIRCLE('',#4283,2.54);
#4283 = AXIS2_PLACEMENT_3D('',#4284,#4285,#4286);
#4284 = CARTESIAN_POINT('',(220.98,71.12,10.159999999999));
#4285 = DIRECTION('',(1.,6.070773319254E-17,0.));
#4286 = DIRECTION('',(-6.070773319254E-17,1.,0.));
#4287 = ORIENTED_EDGE('',*,*,#4288,.T.);
#4288 = EDGE_CURVE('',#4280,#4289,#4291,.T.);
#4289 = VERTEX_POINT('',#4290);
#4290 = CARTESIAN_POINT('',(220.98,68.58,10.159999999999));
#4291 = CIRCLE('',#4292,2.54);
#4292 = AXIS2_PLACEMENT_3D('',#4293,#4294,#4295);
#4293 = CARTESIAN_POINT('',(220.98,71.12,10.159999999999));
#4294 = DIRECTION('',(1.,6.070773319254E-17,0.));
#4295 = DIRECTION('',(-6.070773319254E-17,1.,0.));
#4296 = ORIENTED_EDGE('',*,*,#4297,.T.);
#4297 = EDGE_CURVE('',#4289,#1145,#4298,.T.);
#4298 = CIRCLE('',#4299,2.54);
#4299 = AXIS2_PLACEMENT_3D('',#4300,#4301,#4302);
#4300 = CARTESIAN_POINT('',(220.98,71.12,10.159999999999));
#4301 = DIRECTION('',(1.,6.070773319254E-17,0.));
#4302 = DIRECTION('',(-6.070773319254E-17,1.,0.));
#4303 = FACE_BOUND('',#4304,.T.);
#4304 = EDGE_LOOP('',(#4305,#4306,#4307,#4308,#4309,#4310,#4311,#4320,
    #4327,#4328,#4329,#4330,#4331,#4332,#4338,#4339,#4340,#4341,#4342,
    #4343,#4344,#4345));
#4305 = ORIENTED_EDGE('',*,*,#1144,.F.);
#4306 = ORIENTED_EDGE('',*,*,#1136,.F.);
#4307 = ORIENTED_EDGE('',*,*,#1128,.F.);
#4308 = ORIENTED_EDGE('',*,*,#1120,.F.);
#4309 = ORIENTED_EDGE('',*,*,#1112,.F.);
#4310 = ORIENTED_EDGE('',*,*,#1104,.F.);
#4311 = ORIENTED_EDGE('',*,*,#4312,.T.);
#4312 = EDGE_CURVE('',#1097,#4313,#4315,.T.);
#4313 = VERTEX_POINT('',#4314);
#4314 = CARTESIAN_POINT('',(220.98,12.7,10.159999999998));
#4315 = CIRCLE('',#4316,2.54);
#4316 = AXIS2_PLACEMENT_3D('',#4317,#4318,#4319);
#4317 = CARTESIAN_POINT('',(220.98,10.16,10.159999999998));
#4318 = DIRECTION('',(1.,6.070773319254E-17,0.));
#4319 = DIRECTION('',(-6.070773319254E-17,1.,0.));
#4320 = ORIENTED_EDGE('',*,*,#4321,.T.);
#4321 = EDGE_CURVE('',#4313,#1372,#4322,.T.);
#4322 = CIRCLE('',#4323,2.54);
#4323 = AXIS2_PLACEMENT_3D('',#4324,#4325,#4326);
#4324 = CARTESIAN_POINT('',(220.98,10.16,10.159999999998));
#4325 = DIRECTION('',(1.,6.070773319254E-17,0.));
#4326 = DIRECTION('',(-6.070773319254E-17,1.,0.));
#4327 = ORIENTED_EDGE('',*,*,#1371,.F.);
#4328 = ORIENTED_EDGE('',*,*,#1363,.F.);
#4329 = ORIENTED_EDGE('',*,*,#1355,.F.);
#4330 = ORIENTED_EDGE('',*,*,#1347,.F.);
#4331 = ORIENTED_EDGE('',*,*,#816,.T.);
#4332 = ORIENTED_EDGE('',*,*,#4333,.T.);
#4333 = EDGE_CURVE('',#819,#1209,#4334,.T.);
#4334 = LINE('',#4335,#4336);
#4335 = CARTESIAN_POINT('',(220.98,220.98,50.8));
#4336 = VECTOR('',#4337,1.);
#4337 = DIRECTION('',(0.,0.,-1.));
#4338 = ORIENTED_EDGE('',*,*,#1208,.F.);
#4339 = ORIENTED_EDGE('',*,*,#1200,.F.);
#4340 = ORIENTED_EDGE('',*,*,#1192,.F.);
#4341 = ORIENTED_EDGE('',*,*,#1184,.F.);
#4342 = ORIENTED_EDGE('',*,*,#1176,.F.);
#4343 = ORIENTED_EDGE('',*,*,#1168,.F.);
#4344 = ORIENTED_EDGE('',*,*,#1160,.F.);
#4345 = ORIENTED_EDGE('',*,*,#1152,.F.);
#4346 = FACE_BOUND('',#4347,.T.);
#4347 = EDGE_LOOP('',(#4348,#4359));
#4348 = ORIENTED_EDGE('',*,*,#4349,.T.);
#4349 = EDGE_CURVE('',#4350,#4352,#4354,.T.);
#4350 = VERTEX_POINT('',#4351);
#4351 = CARTESIAN_POINT('',(220.98,195.58,40.64));
#4352 = VERTEX_POINT('',#4353);
#4353 = CARTESIAN_POINT('',(220.98,190.5,40.64));
#4354 = CIRCLE('',#4355,2.54);
#4355 = AXIS2_PLACEMENT_3D('',#4356,#4357,#4358);
#4356 = CARTESIAN_POINT('',(220.98,193.04,40.64));
#4357 = DIRECTION('',(1.,6.070773319254E-17,0.));
#4358 = DIRECTION('',(-6.070773319254E-17,1.,0.));
#4359 = ORIENTED_EDGE('',*,*,#4360,.T.);
#4360 = EDGE_CURVE('',#4352,#4350,#4361,.T.);
#4361 = CIRCLE('',#4362,2.54);
#4362 = AXIS2_PLACEMENT_3D('',#4363,#4364,#4365);
#4363 = CARTESIAN_POINT('',(220.98,193.04,40.64));
#4364 = DIRECTION('',(1.,6.070773319254E-17,0.));
#4365 = DIRECTION('',(-6.070773319254E-17,1.,0.));
#4366 = FACE_BOUND('',#4367,.T.);
#4367 = EDGE_LOOP('',(#4368,#4379));
#4368 = ORIENTED_EDGE('',*,*,#4369,.T.);
#4369 = EDGE_CURVE('',#4370,#4372,#4374,.T.);
#4370 = VERTEX_POINT('',#4371);
#4371 = CARTESIAN_POINT('',(220.98,205.74,40.64));
#4372 = VERTEX_POINT('',#4373);
#4373 = CARTESIAN_POINT('',(220.98,200.66,40.64));
#4374 = CIRCLE('',#4375,2.54);
#4375 = AXIS2_PLACEMENT_3D('',#4376,#4377,#4378);
#4376 = CARTESIAN_POINT('',(220.98,203.2,40.64));
#4377 = DIRECTION('',(1.,6.070773319254E-17,0.));
#4378 = DIRECTION('',(-6.070773319254E-17,1.,0.));
#4379 = ORIENTED_EDGE('',*,*,#4380,.T.);
#4380 = EDGE_CURVE('',#4372,#4370,#4381,.T.);
#4381 = CIRCLE('',#4382,2.54);
#4382 = AXIS2_PLACEMENT_3D('',#4383,#4384,#4385);
#4383 = CARTESIAN_POINT('',(220.98,203.2,40.64));
#4384 = DIRECTION('',(1.,6.070773319254E-17,0.));
#4385 = DIRECTION('',(-6.070773319254E-17,1.,0.));
#4386 = FACE_BOUND('',#4387,.T.);
#4387 = EDGE_LOOP('',(#4388,#4399));
#4388 = ORIENTED_EDGE('',*,*,#4389,.T.);
#4389 = EDGE_CURVE('',#4390,#4392,#4394,.T.);
#4390 = VERTEX_POINT('',#4391);
#4391 = CARTESIAN_POINT('',(220.98,93.98,40.639999999999));
#4392 = VERTEX_POINT('',#4393);
#4393 = CARTESIAN_POINT('',(220.98,88.9,40.639999999999));
#4394 = CIRCLE('',#4395,2.54);
#4395 = AXIS2_PLACEMENT_3D('',#4396,#4397,#4398);
#4396 = CARTESIAN_POINT('',(220.98,91.44,40.639999999999));
#4397 = DIRECTION('',(1.,6.070773319254E-17,0.));
#4398 = DIRECTION('',(-6.070773319254E-17,1.,0.));
#4399 = ORIENTED_EDGE('',*,*,#4400,.T.);
#4400 = EDGE_CURVE('',#4392,#4390,#4401,.T.);
#4401 = CIRCLE('',#4402,2.54);
#4402 = AXIS2_PLACEMENT_3D('',#4403,#4404,#4405);
#4403 = CARTESIAN_POINT('',(220.98,91.44,40.639999999999));
#4404 = DIRECTION('',(1.,6.070773319254E-17,0.));
#4405 = DIRECTION('',(-6.070773319254E-17,1.,0.));
#4406 = FACE_BOUND('',#4407,.T.);
#4407 = EDGE_LOOP('',(#4408,#4419));
#4408 = ORIENTED_EDGE('',*,*,#4409,.T.);
#4409 = EDGE_CURVE('',#4410,#4412,#4414,.T.);
#4410 = VERTEX_POINT('',#4411);
#4411 = CARTESIAN_POINT('',(220.98,104.14,40.639999999999));
#4412 = VERTEX_POINT('',#4413);
#4413 = CARTESIAN_POINT('',(220.98,99.06,40.639999999999));
#4414 = CIRCLE('',#4415,2.54);
#4415 = AXIS2_PLACEMENT_3D('',#4416,#4417,#4418);
#4416 = CARTESIAN_POINT('',(220.98,101.6,40.639999999999));
#4417 = DIRECTION('',(1.,6.070773319254E-17,0.));
#4418 = DIRECTION('',(-6.070773319254E-17,1.,0.));
#4419 = ORIENTED_EDGE('',*,*,#4420,.T.);
#4420 = EDGE_CURVE('',#4412,#4410,#4421,.T.);
#4421 = CIRCLE('',#4422,2.54);
#4422 = AXIS2_PLACEMENT_3D('',#4423,#4424,#4425);
#4423 = CARTESIAN_POINT('',(220.98,101.6,40.639999999999));
#4424 = DIRECTION('',(1.,6.070773319254E-17,0.));
#4425 = DIRECTION('',(-6.070773319254E-17,1.,0.));
#4426 = FACE_BOUND('',#4427,.T.);
#4427 = EDGE_LOOP('',(#4428,#4439));
#4428 = ORIENTED_EDGE('',*,*,#4429,.T.);
#4429 = EDGE_CURVE('',#4430,#4432,#4434,.T.);
#4430 = VERTEX_POINT('',#4431);
#4431 = CARTESIAN_POINT('',(220.98,22.86,40.639999999998));
#4432 = VERTEX_POINT('',#4433);
#4433 = CARTESIAN_POINT('',(220.98,17.78,40.639999999998));
#4434 = CIRCLE('',#4435,2.54);
#4435 = AXIS2_PLACEMENT_3D('',#4436,#4437,#4438);
#4436 = CARTESIAN_POINT('',(220.98,20.32,40.639999999998));
#4437 = DIRECTION('',(1.,6.070773319254E-17,0.));
#4438 = DIRECTION('',(-6.070773319254E-17,1.,0.));
#4439 = ORIENTED_EDGE('',*,*,#4440,.T.);
#4440 = EDGE_CURVE('',#4432,#4430,#4441,.T.);
#4441 = CIRCLE('',#4442,2.54);
#4442 = AXIS2_PLACEMENT_3D('',#4443,#4444,#4445);
#4443 = CARTESIAN_POINT('',(220.98,20.32,40.639999999998));
#4444 = DIRECTION('',(1.,6.070773319254E-17,0.));
#4445 = DIRECTION('',(-6.070773319254E-17,1.,0.));
#4446 = FACE_BOUND('',#4447,.T.);
#4447 = EDGE_LOOP('',(#4448,#4459));
#4448 = ORIENTED_EDGE('',*,*,#4449,.T.);
#4449 = EDGE_CURVE('',#4450,#4452,#4454,.T.);
#4450 = VERTEX_POINT('',#4451);
#4451 = CARTESIAN_POINT('',(220.98,53.34,40.639999999998));
#4452 = VERTEX_POINT('',#4453);
#4453 = CARTESIAN_POINT('',(220.98,48.26,40.639999999998));
#4454 = CIRCLE('',#4455,2.54);
#4455 = AXIS2_PLACEMENT_3D('',#4456,#4457,#4458);
#4456 = CARTESIAN_POINT('',(220.98,50.8,40.639999999998));
#4457 = DIRECTION('',(1.,6.070773319254E-17,0.));
#4458 = DIRECTION('',(-6.070773319254E-17,1.,0.));
#4459 = ORIENTED_EDGE('',*,*,#4460,.T.);
#4460 = EDGE_CURVE('',#4452,#4450,#4461,.T.);
#4461 = CIRCLE('',#4462,2.54);
#4462 = AXIS2_PLACEMENT_3D('',#4463,#4464,#4465);
#4463 = CARTESIAN_POINT('',(220.98,50.8,40.639999999998));
#4464 = DIRECTION('',(1.,6.070773319254E-17,0.));
#4465 = DIRECTION('',(-6.070773319254E-17,1.,0.));
#4466 = FACE_BOUND('',#4467,.T.);
#4467 = EDGE_LOOP('',(#4468,#4479));
#4468 = ORIENTED_EDGE('',*,*,#4469,.T.);
#4469 = EDGE_CURVE('',#4470,#4472,#4474,.T.);
#4470 = VERTEX_POINT('',#4471);
#4471 = CARTESIAN_POINT('',(220.98,63.5,40.639999999998));
#4472 = VERTEX_POINT('',#4473);
#4473 = CARTESIAN_POINT('',(220.98,58.42,40.639999999998));
#4474 = CIRCLE('',#4475,2.54);
#4475 = AXIS2_PLACEMENT_3D('',#4476,#4477,#4478);
#4476 = CARTESIAN_POINT('',(220.98,60.96,40.639999999998));
#4477 = DIRECTION('',(1.,6.070773319254E-17,0.));
#4478 = DIRECTION('',(-6.070773319254E-17,1.,0.));
#4479 = ORIENTED_EDGE('',*,*,#4480,.T.);
#4480 = EDGE_CURVE('',#4472,#4470,#4481,.T.);
#4481 = CIRCLE('',#4482,2.54);
#4482 = AXIS2_PLACEMENT_3D('',#4483,#4484,#4485);
#4483 = CARTESIAN_POINT('',(220.98,60.96,40.639999999998));
#4484 = DIRECTION('',(1.,6.070773319254E-17,0.));
#4485 = DIRECTION('',(-6.070773319254E-17,1.,0.));
#4486 = FACE_BOUND('',#4487,.T.);
#4487 = EDGE_LOOP('',(#4488,#4499));
#4488 = ORIENTED_EDGE('',*,*,#4489,.T.);
#4489 = EDGE_CURVE('',#4490,#4492,#4494,.T.);
#4490 = VERTEX_POINT('',#4491);
#4491 = CARTESIAN_POINT('',(220.98,33.02,40.639999999998));
#4492 = VERTEX_POINT('',#4493);
#4493 = CARTESIAN_POINT('',(220.98,27.94,40.639999999998));
#4494 = CIRCLE('',#4495,2.54);
#4495 = AXIS2_PLACEMENT_3D('',#4496,#4497,#4498);
#4496 = CARTESIAN_POINT('',(220.98,30.48,40.639999999998));
#4497 = DIRECTION('',(1.,6.070773319254E-17,0.));
#4498 = DIRECTION('',(-6.070773319254E-17,1.,0.));
#4499 = ORIENTED_EDGE('',*,*,#4500,.T.);
#4500 = EDGE_CURVE('',#4492,#4490,#4501,.T.);
#4501 = CIRCLE('',#4502,2.54);
#4502 = AXIS2_PLACEMENT_3D('',#4503,#4504,#4505);
#4503 = CARTESIAN_POINT('',(220.98,30.48,40.639999999998));
#4504 = DIRECTION('',(1.,6.070773319254E-17,0.));
#4505 = DIRECTION('',(-6.070773319254E-17,1.,0.));
#4506 = FACE_BOUND('',#4507,.T.);
#4507 = EDGE_LOOP('',(#4508,#4519));
#4508 = ORIENTED_EDGE('',*,*,#4509,.T.);
#4509 = EDGE_CURVE('',#4510,#4512,#4514,.T.);
#4510 = VERTEX_POINT('',#4511);
#4511 = CARTESIAN_POINT('',(220.98,43.18,40.639999999998));
#4512 = VERTEX_POINT('',#4513);
#4513 = CARTESIAN_POINT('',(220.98,38.1,40.639999999998));
#4514 = CIRCLE('',#4515,2.54);
#4515 = AXIS2_PLACEMENT_3D('',#4516,#4517,#4518);
#4516 = CARTESIAN_POINT('',(220.98,40.64,40.639999999998));
#4517 = DIRECTION('',(1.,6.070773319254E-17,0.));
#4518 = DIRECTION('',(-6.070773319254E-17,1.,0.));
#4519 = ORIENTED_EDGE('',*,*,#4520,.T.);
#4520 = EDGE_CURVE('',#4512,#4510,#4521,.T.);
#4521 = CIRCLE('',#4522,2.54);
#4522 = AXIS2_PLACEMENT_3D('',#4523,#4524,#4525);
#4523 = CARTESIAN_POINT('',(220.98,40.64,40.639999999998));
#4524 = DIRECTION('',(1.,6.070773319254E-17,0.));
#4525 = DIRECTION('',(-6.070773319254E-17,1.,0.));
#4526 = FACE_BOUND('',#4527,.T.);
#4527 = EDGE_LOOP('',(#4528,#4539));
#4528 = ORIENTED_EDGE('',*,*,#4529,.T.);
#4529 = EDGE_CURVE('',#4530,#4532,#4534,.T.);
#4530 = VERTEX_POINT('',#4531);
#4531 = CARTESIAN_POINT('',(220.98,175.26,40.64));
#4532 = VERTEX_POINT('',#4533);
#4533 = CARTESIAN_POINT('',(220.98,170.18,40.64));
#4534 = CIRCLE('',#4535,2.54);
#4535 = AXIS2_PLACEMENT_3D('',#4536,#4537,#4538);
#4536 = CARTESIAN_POINT('',(220.98,172.72,40.64));
#4537 = DIRECTION('',(1.,6.070773319254E-17,0.));
#4538 = DIRECTION('',(-6.070773319254E-17,1.,0.));
#4539 = ORIENTED_EDGE('',*,*,#4540,.T.);
#4540 = EDGE_CURVE('',#4532,#4530,#4541,.T.);
#4541 = CIRCLE('',#4542,2.54);
#4542 = AXIS2_PLACEMENT_3D('',#4543,#4544,#4545);
#4543 = CARTESIAN_POINT('',(220.98,172.72,40.64));
#4544 = DIRECTION('',(1.,6.070773319254E-17,0.));
#4545 = DIRECTION('',(-6.070773319254E-17,1.,0.));
#4546 = FACE_BOUND('',#4547,.T.);
#4547 = EDGE_LOOP('',(#4548,#4559));
#4548 = ORIENTED_EDGE('',*,*,#4549,.T.);
#4549 = EDGE_CURVE('',#4550,#4552,#4554,.T.);
#4550 = VERTEX_POINT('',#4551);
#4551 = CARTESIAN_POINT('',(220.98,185.42,40.64));
#4552 = VERTEX_POINT('',#4553);
#4553 = CARTESIAN_POINT('',(220.98,180.34,40.64));
#4554 = CIRCLE('',#4555,2.54);
#4555 = AXIS2_PLACEMENT_3D('',#4556,#4557,#4558);
#4556 = CARTESIAN_POINT('',(220.98,182.88,40.64));
#4557 = DIRECTION('',(1.,6.070773319254E-17,0.));
#4558 = DIRECTION('',(-6.070773319254E-17,1.,0.));
#4559 = ORIENTED_EDGE('',*,*,#4560,.T.);
#4560 = EDGE_CURVE('',#4552,#4550,#4561,.T.);
#4561 = CIRCLE('',#4562,2.54);
#4562 = AXIS2_PLACEMENT_3D('',#4563,#4564,#4565);
#4563 = CARTESIAN_POINT('',(220.98,182.88,40.64));
#4564 = DIRECTION('',(1.,6.070773319254E-17,0.));
#4565 = DIRECTION('',(-6.070773319254E-17,1.,0.));
#4566 = FACE_BOUND('',#4567,.T.);
#4567 = EDGE_LOOP('',(#4568,#4579));
#4568 = ORIENTED_EDGE('',*,*,#4569,.T.);
#4569 = EDGE_CURVE('',#4570,#4572,#4574,.T.);
#4570 = VERTEX_POINT('',#4571);
#4571 = CARTESIAN_POINT('',(220.98,195.58,30.48));
#4572 = VERTEX_POINT('',#4573);
#4573 = CARTESIAN_POINT('',(220.98,190.5,30.48));
#4574 = CIRCLE('',#4575,2.54);
#4575 = AXIS2_PLACEMENT_3D('',#4576,#4577,#4578);
#4576 = CARTESIAN_POINT('',(220.98,193.04,30.48));
#4577 = DIRECTION('',(1.,6.070773319254E-17,0.));
#4578 = DIRECTION('',(-6.070773319254E-17,1.,0.));
#4579 = ORIENTED_EDGE('',*,*,#4580,.T.);
#4580 = EDGE_CURVE('',#4572,#4570,#4581,.T.);
#4581 = CIRCLE('',#4582,2.54);
#4582 = AXIS2_PLACEMENT_3D('',#4583,#4584,#4585);
#4583 = CARTESIAN_POINT('',(220.98,193.04,30.48));
#4584 = DIRECTION('',(1.,6.070773319254E-17,0.));
#4585 = DIRECTION('',(-6.070773319254E-17,1.,0.));
#4586 = FACE_BOUND('',#4587,.T.);
#4587 = EDGE_LOOP('',(#4588,#4599));
#4588 = ORIENTED_EDGE('',*,*,#4589,.T.);
#4589 = EDGE_CURVE('',#4590,#4592,#4594,.T.);
#4590 = VERTEX_POINT('',#4591);
#4591 = CARTESIAN_POINT('',(220.98,215.9,30.48));
#4592 = VERTEX_POINT('',#4593);
#4593 = CARTESIAN_POINT('',(220.98,210.82,30.48));
#4594 = CIRCLE('',#4595,2.54);
#4595 = AXIS2_PLACEMENT_3D('',#4596,#4597,#4598);
#4596 = CARTESIAN_POINT('',(220.98,213.36,30.48));
#4597 = DIRECTION('',(1.,6.070773319254E-17,0.));
#4598 = DIRECTION('',(-6.070773319254E-17,1.,0.));
#4599 = ORIENTED_EDGE('',*,*,#4600,.T.);
#4600 = EDGE_CURVE('',#4592,#4590,#4601,.T.);
#4601 = CIRCLE('',#4602,2.54);
#4602 = AXIS2_PLACEMENT_3D('',#4603,#4604,#4605);
#4603 = CARTESIAN_POINT('',(220.98,213.36,30.48));
#4604 = DIRECTION('',(1.,6.070773319254E-17,0.));
#4605 = DIRECTION('',(-6.070773319254E-17,1.,0.));
#4606 = FACE_BOUND('',#4607,.T.);
#4607 = EDGE_LOOP('',(#4608,#4619));
#4608 = ORIENTED_EDGE('',*,*,#4609,.T.);
#4609 = EDGE_CURVE('',#4610,#4612,#4614,.T.);
#4610 = VERTEX_POINT('',#4611);
#4611 = CARTESIAN_POINT('',(220.98,215.9,40.64));
#4612 = VERTEX_POINT('',#4613);
#4613 = CARTESIAN_POINT('',(220.98,210.82,40.64));
#4614 = CIRCLE('',#4615,2.54);
#4615 = AXIS2_PLACEMENT_3D('',#4616,#4617,#4618);
#4616 = CARTESIAN_POINT('',(220.98,213.36,40.64));
#4617 = DIRECTION('',(1.,6.070773319254E-17,0.));
#4618 = DIRECTION('',(-6.070773319254E-17,1.,0.));
#4619 = ORIENTED_EDGE('',*,*,#4620,.T.);
#4620 = EDGE_CURVE('',#4612,#4610,#4621,.T.);
#4621 = CIRCLE('',#4622,2.54);
#4622 = AXIS2_PLACEMENT_3D('',#4623,#4624,#4625);
#4623 = CARTESIAN_POINT('',(220.98,213.36,40.64));
#4624 = DIRECTION('',(1.,6.070773319254E-17,0.));
#4625 = DIRECTION('',(-6.070773319254E-17,1.,0.));
#4626 = FACE_BOUND('',#4627,.T.);
#4627 = EDGE_LOOP('',(#4628,#4639));
#4628 = ORIENTED_EDGE('',*,*,#4629,.T.);
#4629 = EDGE_CURVE('',#4630,#4632,#4634,.T.);
#4630 = VERTEX_POINT('',#4631);
#4631 = CARTESIAN_POINT('',(220.98,215.9,20.32));
#4632 = VERTEX_POINT('',#4633);
#4633 = CARTESIAN_POINT('',(220.98,210.82,20.32));
#4634 = CIRCLE('',#4635,2.54);
#4635 = AXIS2_PLACEMENT_3D('',#4636,#4637,#4638);
#4636 = CARTESIAN_POINT('',(220.98,213.36,20.32));
#4637 = DIRECTION('',(1.,6.070773319254E-17,0.));
#4638 = DIRECTION('',(-6.070773319254E-17,1.,0.));
#4639 = ORIENTED_EDGE('',*,*,#4640,.T.);
#4640 = EDGE_CURVE('',#4632,#4630,#4641,.T.);
#4641 = CIRCLE('',#4642,2.54);
#4642 = AXIS2_PLACEMENT_3D('',#4643,#4644,#4645);
#4643 = CARTESIAN_POINT('',(220.98,213.36,20.32));
#4644 = DIRECTION('',(1.,6.070773319254E-17,0.));
#4645 = DIRECTION('',(-6.070773319254E-17,1.,0.));
#4646 = FACE_BOUND('',#4647,.T.);
#4647 = EDGE_LOOP('',(#4648,#4659));
#4648 = ORIENTED_EDGE('',*,*,#4649,.T.);
#4649 = EDGE_CURVE('',#4650,#4652,#4654,.T.);
#4650 = VERTEX_POINT('',#4651);
#4651 = CARTESIAN_POINT('',(220.98,175.26,30.48));
#4652 = VERTEX_POINT('',#4653);
#4653 = CARTESIAN_POINT('',(220.98,170.18,30.48));
#4654 = CIRCLE('',#4655,2.54);
#4655 = AXIS2_PLACEMENT_3D('',#4656,#4657,#4658);
#4656 = CARTESIAN_POINT('',(220.98,172.72,30.48));
#4657 = DIRECTION('',(1.,6.070773319254E-17,0.));
#4658 = DIRECTION('',(-6.070773319254E-17,1.,0.));
#4659 = ORIENTED_EDGE('',*,*,#4660,.T.);
#4660 = EDGE_CURVE('',#4652,#4650,#4661,.T.);
#4661 = CIRCLE('',#4662,2.54);
#4662 = AXIS2_PLACEMENT_3D('',#4663,#4664,#4665);
#4663 = CARTESIAN_POINT('',(220.98,172.72,30.48));
#4664 = DIRECTION('',(1.,6.070773319254E-17,0.));
#4665 = DIRECTION('',(-6.070773319254E-17,1.,0.));
#4666 = FACE_BOUND('',#4667,.T.);
#4667 = EDGE_LOOP('',(#4668,#4679));
#4668 = ORIENTED_EDGE('',*,*,#4669,.T.);
#4669 = EDGE_CURVE('',#4670,#4672,#4674,.T.);
#4670 = VERTEX_POINT('',#4671);
#4671 = CARTESIAN_POINT('',(220.98,73.66,40.639999999999));
#4672 = VERTEX_POINT('',#4673);
#4673 = CARTESIAN_POINT('',(220.98,68.58,40.639999999999));
#4674 = CIRCLE('',#4675,2.54);
#4675 = AXIS2_PLACEMENT_3D('',#4676,#4677,#4678);
#4676 = CARTESIAN_POINT('',(220.98,71.12,40.639999999999));
#4677 = DIRECTION('',(1.,6.070773319254E-17,0.));
#4678 = DIRECTION('',(-6.070773319254E-17,1.,0.));
#4679 = ORIENTED_EDGE('',*,*,#4680,.T.);
#4680 = EDGE_CURVE('',#4672,#4670,#4681,.T.);
#4681 = CIRCLE('',#4682,2.54);
#4682 = AXIS2_PLACEMENT_3D('',#4683,#4684,#4685);
#4683 = CARTESIAN_POINT('',(220.98,71.12,40.639999999999));
#4684 = DIRECTION('',(1.,6.070773319254E-17,0.));
#4685 = DIRECTION('',(-6.070773319254E-17,1.,0.));
#4686 = FACE_BOUND('',#4687,.T.);
#4687 = EDGE_LOOP('',(#4688,#4699));
#4688 = ORIENTED_EDGE('',*,*,#4689,.T.);
#4689 = EDGE_CURVE('',#4690,#4692,#4694,.T.);
#4690 = VERTEX_POINT('',#4691);
#4691 = CARTESIAN_POINT('',(220.98,83.82,40.639999999999));
#4692 = VERTEX_POINT('',#4693);
#4693 = CARTESIAN_POINT('',(220.98,78.74,40.639999999999));
#4694 = CIRCLE('',#4695,2.54);
#4695 = AXIS2_PLACEMENT_3D('',#4696,#4697,#4698);
#4696 = CARTESIAN_POINT('',(220.98,81.28,40.639999999999));
#4697 = DIRECTION('',(1.,6.070773319254E-17,0.));
#4698 = DIRECTION('',(-6.070773319254E-17,1.,0.));
#4699 = ORIENTED_EDGE('',*,*,#4700,.T.);
#4700 = EDGE_CURVE('',#4692,#4690,#4701,.T.);
#4701 = CIRCLE('',#4702,2.54);
#4702 = AXIS2_PLACEMENT_3D('',#4703,#4704,#4705);
#4703 = CARTESIAN_POINT('',(220.98,81.28,40.639999999999));
#4704 = DIRECTION('',(1.,6.070773319254E-17,0.));
#4705 = DIRECTION('',(-6.070773319254E-17,1.,0.));
#4706 = FACE_BOUND('',#4707,.T.);
#4707 = EDGE_LOOP('',(#4708,#4719));
#4708 = ORIENTED_EDGE('',*,*,#4709,.T.);
#4709 = EDGE_CURVE('',#4710,#4712,#4714,.T.);
#4710 = VERTEX_POINT('',#4711);
#4711 = CARTESIAN_POINT('',(220.98,134.62,40.639999999999));
#4712 = VERTEX_POINT('',#4713);
#4713 = CARTESIAN_POINT('',(220.98,129.54,40.639999999999));
#4714 = CIRCLE('',#4715,2.54);
#4715 = AXIS2_PLACEMENT_3D('',#4716,#4717,#4718);
#4716 = CARTESIAN_POINT('',(220.98,132.08,40.639999999999));
#4717 = DIRECTION('',(1.,6.070773319254E-17,0.));
#4718 = DIRECTION('',(-6.070773319254E-17,1.,0.));
#4719 = ORIENTED_EDGE('',*,*,#4720,.T.);
#4720 = EDGE_CURVE('',#4712,#4710,#4721,.T.);
#4721 = CIRCLE('',#4722,2.54);
#4722 = AXIS2_PLACEMENT_3D('',#4723,#4724,#4725);
#4723 = CARTESIAN_POINT('',(220.98,132.08,40.639999999999));
#4724 = DIRECTION('',(1.,6.070773319254E-17,0.));
#4725 = DIRECTION('',(-6.070773319254E-17,1.,0.));
#4726 = FACE_BOUND('',#4727,.T.);
#4727 = EDGE_LOOP('',(#4728,#4739));
#4728 = ORIENTED_EDGE('',*,*,#4729,.T.);
#4729 = EDGE_CURVE('',#4730,#4732,#4734,.T.);
#4730 = VERTEX_POINT('',#4731);
#4731 = CARTESIAN_POINT('',(220.98,144.78,40.639999999999));
#4732 = VERTEX_POINT('',#4733);
#4733 = CARTESIAN_POINT('',(220.98,139.7,40.639999999999));
#4734 = CIRCLE('',#4735,2.54);
#4735 = AXIS2_PLACEMENT_3D('',#4736,#4737,#4738);
#4736 = CARTESIAN_POINT('',(220.98,142.24,40.639999999999));
#4737 = DIRECTION('',(1.,6.070773319254E-17,0.));
#4738 = DIRECTION('',(-6.070773319254E-17,1.,0.));
#4739 = ORIENTED_EDGE('',*,*,#4740,.T.);
#4740 = EDGE_CURVE('',#4732,#4730,#4741,.T.);
#4741 = CIRCLE('',#4742,2.54);
#4742 = AXIS2_PLACEMENT_3D('',#4743,#4744,#4745);
#4743 = CARTESIAN_POINT('',(220.98,142.24,40.639999999999));
#4744 = DIRECTION('',(1.,6.070773319254E-17,0.));
#4745 = DIRECTION('',(-6.070773319254E-17,1.,0.));
#4746 = FACE_BOUND('',#4747,.T.);
#4747 = EDGE_LOOP('',(#4748,#4759));
#4748 = ORIENTED_EDGE('',*,*,#4749,.T.);
#4749 = EDGE_CURVE('',#4750,#4752,#4754,.T.);
#4750 = VERTEX_POINT('',#4751);
#4751 = CARTESIAN_POINT('',(220.98,114.3,40.639999999999));
#4752 = VERTEX_POINT('',#4753);
#4753 = CARTESIAN_POINT('',(220.98,109.22,40.639999999999));
#4754 = CIRCLE('',#4755,2.54);
#4755 = AXIS2_PLACEMENT_3D('',#4756,#4757,#4758);
#4756 = CARTESIAN_POINT('',(220.98,111.76,40.639999999999));
#4757 = DIRECTION('',(1.,6.070773319254E-17,0.));
#4758 = DIRECTION('',(-6.070773319254E-17,1.,0.));
#4759 = ORIENTED_EDGE('',*,*,#4760,.T.);
#4760 = EDGE_CURVE('',#4752,#4750,#4761,.T.);
#4761 = CIRCLE('',#4762,2.54);
#4762 = AXIS2_PLACEMENT_3D('',#4763,#4764,#4765);
#4763 = CARTESIAN_POINT('',(220.98,111.76,40.639999999999));
#4764 = DIRECTION('',(1.,6.070773319254E-17,0.));
#4765 = DIRECTION('',(-6.070773319254E-17,1.,0.));
#4766 = FACE_BOUND('',#4767,.T.);
#4767 = EDGE_LOOP('',(#4768,#4779));
#4768 = ORIENTED_EDGE('',*,*,#4769,.T.);
#4769 = EDGE_CURVE('',#4770,#4772,#4774,.T.);
#4770 = VERTEX_POINT('',#4771);
#4771 = CARTESIAN_POINT('',(220.98,124.46,40.639999999999));
#4772 = VERTEX_POINT('',#4773);
#4773 = CARTESIAN_POINT('',(220.98,119.38,40.639999999999));
#4774 = CIRCLE('',#4775,2.54);
#4775 = AXIS2_PLACEMENT_3D('',#4776,#4777,#4778);
#4776 = CARTESIAN_POINT('',(220.98,121.92,40.639999999999));
#4777 = DIRECTION('',(1.,6.070773319254E-17,0.));
#4778 = DIRECTION('',(-6.070773319254E-17,1.,0.));
#4779 = ORIENTED_EDGE('',*,*,#4780,.T.);
#4780 = EDGE_CURVE('',#4772,#4770,#4781,.T.);
#4781 = CIRCLE('',#4782,2.54);
#4782 = AXIS2_PLACEMENT_3D('',#4783,#4784,#4785);
#4783 = CARTESIAN_POINT('',(220.98,121.92,40.639999999999));
#4784 = DIRECTION('',(1.,6.070773319254E-17,0.));
#4785 = DIRECTION('',(-6.070773319254E-17,1.,0.));
#4786 = FACE_BOUND('',#4787,.T.);
#4787 = EDGE_LOOP('',(#4788,#4799));
#4788 = ORIENTED_EDGE('',*,*,#4789,.T.);
#4789 = EDGE_CURVE('',#4790,#4792,#4794,.T.);
#4790 = VERTEX_POINT('',#4791);
#4791 = CARTESIAN_POINT('',(220.98,205.74,20.32));
#4792 = VERTEX_POINT('',#4793);
#4793 = CARTESIAN_POINT('',(220.98,200.66,20.32));
#4794 = CIRCLE('',#4795,2.54);
#4795 = AXIS2_PLACEMENT_3D('',#4796,#4797,#4798);
#4796 = CARTESIAN_POINT('',(220.98,203.2,20.32));
#4797 = DIRECTION('',(1.,6.070773319254E-17,0.));
#4798 = DIRECTION('',(-6.070773319254E-17,1.,0.));
#4799 = ORIENTED_EDGE('',*,*,#4800,.T.);
#4800 = EDGE_CURVE('',#4792,#4790,#4801,.T.);
#4801 = CIRCLE('',#4802,2.54);
#4802 = AXIS2_PLACEMENT_3D('',#4803,#4804,#4805);
#4803 = CARTESIAN_POINT('',(220.98,203.2,20.32));
#4804 = DIRECTION('',(1.,6.070773319254E-17,0.));
#4805 = DIRECTION('',(-6.070773319254E-17,1.,0.));
#4806 = FACE_BOUND('',#4807,.T.);
#4807 = EDGE_LOOP('',(#4808,#4819));
#4808 = ORIENTED_EDGE('',*,*,#4809,.T.);
#4809 = EDGE_CURVE('',#4810,#4812,#4814,.T.);
#4810 = VERTEX_POINT('',#4811);
#4811 = CARTESIAN_POINT('',(220.98,205.74,30.48));
#4812 = VERTEX_POINT('',#4813);
#4813 = CARTESIAN_POINT('',(220.98,200.66,30.48));
#4814 = CIRCLE('',#4815,2.54);
#4815 = AXIS2_PLACEMENT_3D('',#4816,#4817,#4818);
#4816 = CARTESIAN_POINT('',(220.98,203.2,30.48));
#4817 = DIRECTION('',(1.,6.070773319254E-17,0.));
#4818 = DIRECTION('',(-6.070773319254E-17,1.,0.));
#4819 = ORIENTED_EDGE('',*,*,#4820,.T.);
#4820 = EDGE_CURVE('',#4812,#4810,#4821,.T.);
#4821 = CIRCLE('',#4822,2.54);
#4822 = AXIS2_PLACEMENT_3D('',#4823,#4824,#4825);
#4823 = CARTESIAN_POINT('',(220.98,203.2,30.48));
#4824 = DIRECTION('',(1.,6.070773319254E-17,0.));
#4825 = DIRECTION('',(-6.070773319254E-17,1.,0.));
#4826 = FACE_BOUND('',#4827,.T.);
#4827 = EDGE_LOOP('',(#4828,#4839));
#4828 = ORIENTED_EDGE('',*,*,#4829,.T.);
#4829 = EDGE_CURVE('',#4830,#4832,#4834,.T.);
#4830 = VERTEX_POINT('',#4831);
#4831 = CARTESIAN_POINT('',(220.98,83.82,30.479999999999));
#4832 = VERTEX_POINT('',#4833);
#4833 = CARTESIAN_POINT('',(220.98,78.74,30.479999999999));
#4834 = CIRCLE('',#4835,2.54);
#4835 = AXIS2_PLACEMENT_3D('',#4836,#4837,#4838);
#4836 = CARTESIAN_POINT('',(220.98,81.28,30.479999999999));
#4837 = DIRECTION('',(1.,6.070773319254E-17,0.));
#4838 = DIRECTION('',(-6.070773319254E-17,1.,0.));
#4839 = ORIENTED_EDGE('',*,*,#4840,.T.);
#4840 = EDGE_CURVE('',#4832,#4830,#4841,.T.);
#4841 = CIRCLE('',#4842,2.54);
#4842 = AXIS2_PLACEMENT_3D('',#4843,#4844,#4845);
#4843 = CARTESIAN_POINT('',(220.98,81.28,30.479999999999));
#4844 = DIRECTION('',(1.,6.070773319254E-17,0.));
#4845 = DIRECTION('',(-6.070773319254E-17,1.,0.));
#4846 = FACE_BOUND('',#4847,.T.);
#4847 = EDGE_LOOP('',(#4848,#4859));
#4848 = ORIENTED_EDGE('',*,*,#4849,.T.);
#4849 = EDGE_CURVE('',#4850,#4852,#4854,.T.);
#4850 = VERTEX_POINT('',#4851);
#4851 = CARTESIAN_POINT('',(220.98,83.82,20.319999999999));
#4852 = VERTEX_POINT('',#4853);
#4853 = CARTESIAN_POINT('',(220.98,78.74,20.319999999999));
#4854 = CIRCLE('',#4855,2.54);
#4855 = AXIS2_PLACEMENT_3D('',#4856,#4857,#4858);
#4856 = CARTESIAN_POINT('',(220.98,81.28,20.319999999999));
#4857 = DIRECTION('',(1.,6.070773319254E-17,0.));
#4858 = DIRECTION('',(-6.070773319254E-17,1.,0.));
#4859 = ORIENTED_EDGE('',*,*,#4860,.T.);
#4860 = EDGE_CURVE('',#4852,#4850,#4861,.T.);
#4861 = CIRCLE('',#4862,2.54);
#4862 = AXIS2_PLACEMENT_3D('',#4863,#4864,#4865);
#4863 = CARTESIAN_POINT('',(220.98,81.28,20.319999999999));
#4864 = DIRECTION('',(1.,6.070773319254E-17,0.));
#4865 = DIRECTION('',(-6.070773319254E-17,1.,0.));
#4866 = FACE_BOUND('',#4867,.T.);
#4867 = EDGE_LOOP('',(#4868,#4879));
#4868 = ORIENTED_EDGE('',*,*,#4869,.T.);
#4869 = EDGE_CURVE('',#4870,#4872,#4874,.T.);
#4870 = VERTEX_POINT('',#4871);
#4871 = CARTESIAN_POINT('',(220.98,104.14,30.479999999999));
#4872 = VERTEX_POINT('',#4873);
#4873 = CARTESIAN_POINT('',(220.98,99.06,30.479999999999));
#4874 = CIRCLE('',#4875,2.54);
#4875 = AXIS2_PLACEMENT_3D('',#4876,#4877,#4878);
#4876 = CARTESIAN_POINT('',(220.98,101.6,30.479999999999));
#4877 = DIRECTION('',(1.,6.070773319254E-17,0.));
#4878 = DIRECTION('',(-6.070773319254E-17,1.,0.));
#4879 = ORIENTED_EDGE('',*,*,#4880,.T.);
#4880 = EDGE_CURVE('',#4872,#4870,#4881,.T.);
#4881 = CIRCLE('',#4882,2.54);
#4882 = AXIS2_PLACEMENT_3D('',#4883,#4884,#4885);
#4883 = CARTESIAN_POINT('',(220.98,101.6,30.479999999999));
#4884 = DIRECTION('',(1.,6.070773319254E-17,0.));
#4885 = DIRECTION('',(-6.070773319254E-17,1.,0.));
#4886 = FACE_BOUND('',#4887,.T.);
#4887 = EDGE_LOOP('',(#4888,#4899));
#4888 = ORIENTED_EDGE('',*,*,#4889,.T.);
#4889 = EDGE_CURVE('',#4890,#4892,#4894,.T.);
#4890 = VERTEX_POINT('',#4891);
#4891 = CARTESIAN_POINT('',(220.98,93.98,30.479999999999));
#4892 = VERTEX_POINT('',#4893);
#4893 = CARTESIAN_POINT('',(220.98,88.9,30.479999999999));
#4894 = CIRCLE('',#4895,2.54);
#4895 = AXIS2_PLACEMENT_3D('',#4896,#4897,#4898);
#4896 = CARTESIAN_POINT('',(220.98,91.44,30.479999999999));
#4897 = DIRECTION('',(1.,6.070773319254E-17,0.));
#4898 = DIRECTION('',(-6.070773319254E-17,1.,0.));
#4899 = ORIENTED_EDGE('',*,*,#4900,.T.);
#4900 = EDGE_CURVE('',#4892,#4890,#4901,.T.);
#4901 = CIRCLE('',#4902,2.54);
#4902 = AXIS2_PLACEMENT_3D('',#4903,#4904,#4905);
#4903 = CARTESIAN_POINT('',(220.98,91.44,30.479999999999));
#4904 = DIRECTION('',(1.,6.070773319254E-17,0.));
#4905 = DIRECTION('',(-6.070773319254E-17,1.,0.));
#4906 = FACE_BOUND('',#4907,.T.);
#4907 = EDGE_LOOP('',(#4908,#4919));
#4908 = ORIENTED_EDGE('',*,*,#4909,.T.);
#4909 = EDGE_CURVE('',#4910,#4912,#4914,.T.);
#4910 = VERTEX_POINT('',#4911);
#4911 = CARTESIAN_POINT('',(220.98,73.66,20.319999999999));
#4912 = VERTEX_POINT('',#4913);
#4913 = CARTESIAN_POINT('',(220.98,68.58,20.319999999999));
#4914 = CIRCLE('',#4915,2.54);
#4915 = AXIS2_PLACEMENT_3D('',#4916,#4917,#4918);
#4916 = CARTESIAN_POINT('',(220.98,71.12,20.319999999999));
#4917 = DIRECTION('',(1.,6.070773319254E-17,0.));
#4918 = DIRECTION('',(-6.070773319254E-17,1.,0.));
#4919 = ORIENTED_EDGE('',*,*,#4920,.T.);
#4920 = EDGE_CURVE('',#4912,#4910,#4921,.T.);
#4921 = CIRCLE('',#4922,2.54);
#4922 = AXIS2_PLACEMENT_3D('',#4923,#4924,#4925);
#4923 = CARTESIAN_POINT('',(220.98,71.12,20.319999999999));
#4924 = DIRECTION('',(1.,6.070773319254E-17,0.));
#4925 = DIRECTION('',(-6.070773319254E-17,1.,0.));
#4926 = FACE_BOUND('',#4927,.T.);
#4927 = EDGE_LOOP('',(#4928,#4938,#4946,#4954));
#4928 = ORIENTED_EDGE('',*,*,#4929,.T.);
#4929 = EDGE_CURVE('',#4930,#4932,#4934,.T.);
#4930 = VERTEX_POINT('',#4931);
#4931 = CARTESIAN_POINT('',(220.98,152.4,22.86));
#4932 = VERTEX_POINT('',#4933);
#4933 = CARTESIAN_POINT('',(220.98,93.98,22.86));
#4934 = LINE('',#4935,#4936);
#4935 = CARTESIAN_POINT('',(220.98,152.4,22.86));
#4936 = VECTOR('',#4937,1.);
#4937 = DIRECTION('',(0.,-1.,-1.187759997245E-16));
#4938 = ORIENTED_EDGE('',*,*,#4939,.T.);
#4939 = EDGE_CURVE('',#4932,#4940,#4942,.T.);
#4940 = VERTEX_POINT('',#4941);
#4941 = CARTESIAN_POINT('',(220.98,93.98,12.7));
#4942 = LINE('',#4943,#4944);
#4943 = CARTESIAN_POINT('',(220.98,93.98,22.86));
#4944 = VECTOR('',#4945,1.);
#4945 = DIRECTION('',(0.,0.,-1.));
#4946 = ORIENTED_EDGE('',*,*,#4947,.T.);
#4947 = EDGE_CURVE('',#4940,#4948,#4950,.T.);
#4948 = VERTEX_POINT('',#4949);
#4949 = CARTESIAN_POINT('',(220.98,152.4,12.7));
#4950 = LINE('',#4951,#4952);
#4951 = CARTESIAN_POINT('',(220.98,152.4,12.7));
#4952 = VECTOR('',#4953,1.);
#4953 = DIRECTION('',(-0.,1.,1.484699996557E-16));
#4954 = ORIENTED_EDGE('',*,*,#4955,.T.);
#4955 = EDGE_CURVE('',#4948,#4930,#4956,.T.);
#4956 = LINE('',#4957,#4958);
#4957 = CARTESIAN_POINT('',(220.98,152.4,22.86));
#4958 = VECTOR('',#4959,1.);
#4959 = DIRECTION('',(-0.,-0.,1.));
#4960 = PLANE('',#4961);
#4961 = AXIS2_PLACEMENT_3D('',#4962,#4963,#4964);
#4962 = CARTESIAN_POINT('',(220.98,228.6,50.8));
#4963 = DIRECTION('',(-1.,-6.070773319254E-17,0.));
#4964 = DIRECTION('',(6.070773319254E-17,-1.,0.));
#4965 = ADVANCED_FACE('',(#4966,#4977),#5063,.T.);
#4966 = FACE_BOUND('',#4967,.T.);
#4967 = EDGE_LOOP('',(#4968,#4969,#4975,#4976));
#4968 = ORIENTED_EDGE('',*,*,#1224,.F.);
#4969 = ORIENTED_EDGE('',*,*,#4970,.F.);
#4970 = EDGE_CURVE('',#842,#1217,#4971,.T.);
#4971 = LINE('',#4972,#4973);
#4972 = CARTESIAN_POINT('',(134.62,220.98,50.8));
#4973 = VECTOR('',#4974,1.);
#4974 = DIRECTION('',(0.,0.,-1.));
#4975 = ORIENTED_EDGE('',*,*,#841,.T.);
#4976 = ORIENTED_EDGE('',*,*,#1288,.T.);
#4977 = FACE_BOUND('',#4978,.T.);
#4978 = EDGE_LOOP('',(#4979,#4990,#4999,#5007,#5016,#5025,#5033,#5041,
    #5049,#5057));
#4979 = ORIENTED_EDGE('',*,*,#4980,.F.);
#4980 = EDGE_CURVE('',#4981,#4983,#4985,.T.);
#4981 = VERTEX_POINT('',#4982);
#4982 = CARTESIAN_POINT('',(134.62,101.854,40.513));
#4983 = VERTEX_POINT('',#4984);
#4984 = CARTESIAN_POINT('',(134.62,100.12357201825,40.));
#4985 = CIRCLE('',#4986,3.175);
#4986 = AXIS2_PLACEMENT_3D('',#4987,#4988,#4989);
#4987 = CARTESIAN_POINT('',(134.62,101.854,37.338));
#4988 = DIRECTION('',(1.,0.,0.));
#4989 = DIRECTION('',(0.,0.,-1.));
#4990 = ORIENTED_EDGE('',*,*,#4991,.F.);
#4991 = EDGE_CURVE('',#4992,#4981,#4994,.T.);
#4992 = VERTEX_POINT('',#4993);
#4993 = CARTESIAN_POINT('',(134.62,103.58442798174,40.));
#4994 = CIRCLE('',#4995,3.175);
#4995 = AXIS2_PLACEMENT_3D('',#4996,#4997,#4998);
#4996 = CARTESIAN_POINT('',(134.62,101.854,37.338));
#4997 = DIRECTION('',(1.,0.,0.));
#4998 = DIRECTION('',(0.,0.,-1.));
#4999 = ORIENTED_EDGE('',*,*,#5000,.F.);
#5000 = EDGE_CURVE('',#5001,#4992,#5003,.T.);
#5001 = VERTEX_POINT('',#5002);
#5002 = CARTESIAN_POINT('',(134.62,170.98957201825,40.));
#5003 = LINE('',#5004,#5005);
#5004 = CARTESIAN_POINT('',(134.62,161.8,40.));
#5005 = VECTOR('',#5006,1.);
#5006 = DIRECTION('',(0.,-1.,0.));
#5007 = ORIENTED_EDGE('',*,*,#5008,.F.);
#5008 = EDGE_CURVE('',#5009,#5001,#5011,.T.);
#5009 = VERTEX_POINT('',#5010);
#5010 = CARTESIAN_POINT('',(134.62,172.72,40.513));
#5011 = CIRCLE('',#5012,3.175);
#5012 = AXIS2_PLACEMENT_3D('',#5013,#5014,#5015);
#5013 = CARTESIAN_POINT('',(134.62,172.72,37.338));
#5014 = DIRECTION('',(1.,0.,0.));
#5015 = DIRECTION('',(0.,0.,-1.));
#5016 = ORIENTED_EDGE('',*,*,#5017,.F.);
#5017 = EDGE_CURVE('',#5018,#5009,#5020,.T.);
#5018 = VERTEX_POINT('',#5019);
#5019 = CARTESIAN_POINT('',(134.62,174.45042798174,40.));
#5020 = CIRCLE('',#5021,3.175);
#5021 = AXIS2_PLACEMENT_3D('',#5022,#5023,#5024);
#5022 = CARTESIAN_POINT('',(134.62,172.72,37.338));
#5023 = DIRECTION('',(1.,0.,0.));
#5024 = DIRECTION('',(0.,0.,-1.));
#5025 = ORIENTED_EDGE('',*,*,#5026,.F.);
#5026 = EDGE_CURVE('',#5027,#5018,#5029,.T.);
#5027 = VERTEX_POINT('',#5028);
#5028 = CARTESIAN_POINT('',(134.62,180.,40.));
#5029 = LINE('',#5030,#5031);
#5030 = CARTESIAN_POINT('',(134.62,161.8,40.));
#5031 = VECTOR('',#5032,1.);
#5032 = DIRECTION('',(0.,-1.,0.));
#5033 = ORIENTED_EDGE('',*,*,#5034,.F.);
#5034 = EDGE_CURVE('',#5035,#5027,#5037,.T.);
#5035 = VERTEX_POINT('',#5036);
#5036 = CARTESIAN_POINT('',(134.62,180.,8.));
#5037 = LINE('',#5038,#5039);
#5038 = CARTESIAN_POINT('',(134.62,180.,29.4));
#5039 = VECTOR('',#5040,1.);
#5040 = DIRECTION('',(0.,0.,1.));
#5041 = ORIENTED_EDGE('',*,*,#5042,.T.);
#5042 = EDGE_CURVE('',#5035,#5043,#5045,.T.);
#5043 = VERTEX_POINT('',#5044);
#5044 = CARTESIAN_POINT('',(134.62,95.,8.));
#5045 = LINE('',#5046,#5047);
#5046 = CARTESIAN_POINT('',(134.62,161.8,8.));
#5047 = VECTOR('',#5048,1.);
#5048 = DIRECTION('',(0.,-1.,0.));
#5049 = ORIENTED_EDGE('',*,*,#5050,.T.);
#5050 = EDGE_CURVE('',#5043,#5051,#5053,.T.);
#5051 = VERTEX_POINT('',#5052);
#5052 = CARTESIAN_POINT('',(134.62,95.,40.));
#5053 = LINE('',#5054,#5055);
#5054 = CARTESIAN_POINT('',(134.62,95.,29.4));
#5055 = VECTOR('',#5056,1.);
#5056 = DIRECTION('',(0.,0.,1.));
#5057 = ORIENTED_EDGE('',*,*,#5058,.F.);
#5058 = EDGE_CURVE('',#4983,#5051,#5059,.T.);
#5059 = LINE('',#5060,#5061);
#5060 = CARTESIAN_POINT('',(134.62,161.8,40.));
#5061 = VECTOR('',#5062,1.);
#5062 = DIRECTION('',(0.,-1.,0.));
#5063 = PLANE('',#5064);
#5064 = AXIS2_PLACEMENT_3D('',#5065,#5066,#5067);
#5065 = CARTESIAN_POINT('',(134.62,228.6,50.8));
#5066 = DIRECTION('',(1.,0.,-0.));
#5067 = DIRECTION('',(-0.,0.,-1.));
#5068 = ADVANCED_FACE('',(#5069,#5089,#5109,#5129),#5135,.T.);
#5069 = FACE_BOUND('',#5070,.T.);
#5070 = EDGE_LOOP('',(#5071,#5082));
#5071 = ORIENTED_EDGE('',*,*,#5072,.F.);
#5072 = EDGE_CURVE('',#5073,#5075,#5077,.T.);
#5073 = VERTEX_POINT('',#5074);
#5074 = CARTESIAN_POINT('',(152.4,220.98,41.275));
#5075 = VERTEX_POINT('',#5076);
#5076 = CARTESIAN_POINT('',(152.4,220.98,34.925));
#5077 = CIRCLE('',#5078,3.175);
#5078 = AXIS2_PLACEMENT_3D('',#5079,#5080,#5081);
#5079 = CARTESIAN_POINT('',(152.4,220.98,38.1));
#5080 = DIRECTION('',(0.,-1.,0.));
#5081 = DIRECTION('',(0.,0.,-1.));
#5082 = ORIENTED_EDGE('',*,*,#5083,.F.);
#5083 = EDGE_CURVE('',#5075,#5073,#5084,.T.);
#5084 = CIRCLE('',#5085,3.175);
#5085 = AXIS2_PLACEMENT_3D('',#5086,#5087,#5088);
#5086 = CARTESIAN_POINT('',(152.4,220.98,38.1));
#5087 = DIRECTION('',(0.,-1.,0.));
#5088 = DIRECTION('',(0.,0.,-1.));
#5089 = FACE_BOUND('',#5090,.T.);
#5090 = EDGE_LOOP('',(#5091,#5102));
#5091 = ORIENTED_EDGE('',*,*,#5092,.F.);
#5092 = EDGE_CURVE('',#5093,#5095,#5097,.T.);
#5093 = VERTEX_POINT('',#5094);
#5094 = CARTESIAN_POINT('',(152.4,220.98,15.875));
#5095 = VERTEX_POINT('',#5096);
#5096 = CARTESIAN_POINT('',(152.4,220.98,9.525));
#5097 = CIRCLE('',#5098,3.175);
#5098 = AXIS2_PLACEMENT_3D('',#5099,#5100,#5101);
#5099 = CARTESIAN_POINT('',(152.4,220.98,12.7));
#5100 = DIRECTION('',(0.,-1.,0.));
#5101 = DIRECTION('',(0.,0.,-1.));
#5102 = ORIENTED_EDGE('',*,*,#5103,.F.);
#5103 = EDGE_CURVE('',#5095,#5093,#5104,.T.);
#5104 = CIRCLE('',#5105,3.175);
#5105 = AXIS2_PLACEMENT_3D('',#5106,#5107,#5108);
#5106 = CARTESIAN_POINT('',(152.4,220.98,12.7));
#5107 = DIRECTION('',(0.,-1.,0.));
#5108 = DIRECTION('',(0.,0.,-1.));
#5109 = FACE_BOUND('',#5110,.T.);
#5110 = EDGE_LOOP('',(#5111,#5122));
#5111 = ORIENTED_EDGE('',*,*,#5112,.F.);
#5112 = EDGE_CURVE('',#5113,#5115,#5117,.T.);
#5113 = VERTEX_POINT('',#5114);
#5114 = CARTESIAN_POINT('',(152.4,220.98,28.575));
#5115 = VERTEX_POINT('',#5116);
#5116 = CARTESIAN_POINT('',(152.4,220.98,22.225));
#5117 = CIRCLE('',#5118,3.175);
#5118 = AXIS2_PLACEMENT_3D('',#5119,#5120,#5121);
#5119 = CARTESIAN_POINT('',(152.4,220.98,25.4));
#5120 = DIRECTION('',(0.,-1.,0.));
#5121 = DIRECTION('',(0.,0.,-1.));
#5122 = ORIENTED_EDGE('',*,*,#5123,.F.);
#5123 = EDGE_CURVE('',#5115,#5113,#5124,.T.);
#5124 = CIRCLE('',#5125,3.175);
#5125 = AXIS2_PLACEMENT_3D('',#5126,#5127,#5128);
#5126 = CARTESIAN_POINT('',(152.4,220.98,25.4));
#5127 = DIRECTION('',(0.,-1.,0.));
#5128 = DIRECTION('',(0.,0.,-1.));
#5129 = FACE_BOUND('',#5130,.T.);
#5130 = EDGE_LOOP('',(#5131,#5132,#5133,#5134));
#5131 = ORIENTED_EDGE('',*,*,#1216,.F.);
#5132 = ORIENTED_EDGE('',*,*,#4333,.F.);
#5133 = ORIENTED_EDGE('',*,*,#849,.T.);
#5134 = ORIENTED_EDGE('',*,*,#4970,.T.);
#5135 = PLANE('',#5136);
#5136 = AXIS2_PLACEMENT_3D('',#5137,#5138,#5139);
#5137 = CARTESIAN_POINT('',(127.,220.98,50.8));
#5138 = DIRECTION('',(0.,-1.,0.));
#5139 = DIRECTION('',(0.,-0.,-1.));
#5140 = ADVANCED_FACE('',(#5141),#5166,.F.);
#5141 = FACE_BOUND('',#5142,.T.);
#5142 = EDGE_LOOP('',(#5143,#5144,#5152,#5160));
#5143 = ORIENTED_EDGE('',*,*,#980,.T.);
#5144 = ORIENTED_EDGE('',*,*,#5145,.F.);
#5145 = EDGE_CURVE('',#5146,#983,#5148,.T.);
#5146 = VERTEX_POINT('',#5147);
#5147 = CARTESIAN_POINT('',(120.65,42.291,11.43));
#5148 = LINE('',#5149,#5150);
#5149 = CARTESIAN_POINT('',(120.65,42.291,11.43));
#5150 = VECTOR('',#5151,1.);
#5151 = DIRECTION('',(-0.,-0.,-1.));
#5152 = ORIENTED_EDGE('',*,*,#5153,.F.);
#5153 = EDGE_CURVE('',#5154,#5146,#5156,.T.);
#5154 = VERTEX_POINT('',#5155);
#5155 = CARTESIAN_POINT('',(63.5,42.291,11.43));
#5156 = LINE('',#5157,#5158);
#5157 = CARTESIAN_POINT('',(63.5,42.291,11.43));
#5158 = VECTOR('',#5159,1.);
#5159 = DIRECTION('',(1.,0.,0.));
#5160 = ORIENTED_EDGE('',*,*,#5161,.T.);
#5161 = EDGE_CURVE('',#5154,#981,#5162,.T.);
#5162 = LINE('',#5163,#5164);
#5163 = CARTESIAN_POINT('',(63.5,42.291,11.43));
#5164 = VECTOR('',#5165,1.);
#5165 = DIRECTION('',(-0.,-0.,-1.));
#5166 = PLANE('',#5167);
#5167 = AXIS2_PLACEMENT_3D('',#5168,#5169,#5170);
#5168 = CARTESIAN_POINT('',(63.5,42.291,11.43));
#5169 = DIRECTION('',(0.,1.,0.));
#5170 = DIRECTION('',(0.,-0.,1.));
#5171 = ADVANCED_FACE('',(#5172),#5190,.F.);
#5172 = FACE_BOUND('',#5173,.T.);
#5173 = EDGE_LOOP('',(#5174,#5175,#5176,#5184));
#5174 = ORIENTED_EDGE('',*,*,#990,.T.);
#5175 = ORIENTED_EDGE('',*,*,#5161,.F.);
#5176 = ORIENTED_EDGE('',*,*,#5177,.F.);
#5177 = EDGE_CURVE('',#5178,#5154,#5180,.T.);
#5178 = VERTEX_POINT('',#5179);
#5179 = CARTESIAN_POINT('',(63.5,89.789,11.43));
#5180 = LINE('',#5181,#5182);
#5181 = CARTESIAN_POINT('',(63.5,42.291,11.43));
#5182 = VECTOR('',#5183,1.);
#5183 = DIRECTION('',(-0.,-1.,-0.));
#5184 = ORIENTED_EDGE('',*,*,#5185,.T.);
#5185 = EDGE_CURVE('',#5178,#991,#5186,.T.);
#5186 = LINE('',#5187,#5188);
#5187 = CARTESIAN_POINT('',(63.5,89.789,11.43));
#5188 = VECTOR('',#5189,1.);
#5189 = DIRECTION('',(-0.,-0.,-1.));
#5190 = PLANE('',#5191);
#5191 = AXIS2_PLACEMENT_3D('',#5192,#5193,#5194);
#5192 = CARTESIAN_POINT('',(63.5,42.291,11.43));
#5193 = DIRECTION('',(1.,0.,0.));
#5194 = DIRECTION('',(0.,0.,-1.));
#5195 = ADVANCED_FACE('',(#5196),#5214,.F.);
#5196 = FACE_BOUND('',#5197,.T.);
#5197 = EDGE_LOOP('',(#5198,#5199,#5200,#5208));
#5198 = ORIENTED_EDGE('',*,*,#998,.T.);
#5199 = ORIENTED_EDGE('',*,*,#5185,.F.);
#5200 = ORIENTED_EDGE('',*,*,#5201,.F.);
#5201 = EDGE_CURVE('',#5202,#5178,#5204,.T.);
#5202 = VERTEX_POINT('',#5203);
#5203 = CARTESIAN_POINT('',(120.65,89.789,11.43));
#5204 = LINE('',#5205,#5206);
#5205 = CARTESIAN_POINT('',(63.5,89.789,11.43));
#5206 = VECTOR('',#5207,1.);
#5207 = DIRECTION('',(-1.,-0.,-0.));
#5208 = ORIENTED_EDGE('',*,*,#5209,.T.);
#5209 = EDGE_CURVE('',#5202,#999,#5210,.T.);
#5210 = LINE('',#5211,#5212);
#5211 = CARTESIAN_POINT('',(120.65,89.789,11.43));
#5212 = VECTOR('',#5213,1.);
#5213 = DIRECTION('',(-0.,-0.,-1.));
#5214 = PLANE('',#5215);
#5215 = AXIS2_PLACEMENT_3D('',#5216,#5217,#5218);
#5216 = CARTESIAN_POINT('',(63.5,89.789,11.43));
#5217 = DIRECTION('',(0.,-1.,0.));
#5218 = DIRECTION('',(0.,-0.,-1.));
#5219 = ADVANCED_FACE('',(#5220),#5231,.F.);
#5220 = FACE_BOUND('',#5221,.T.);
#5221 = EDGE_LOOP('',(#5222,#5223,#5224,#5230));
#5222 = ORIENTED_EDGE('',*,*,#1006,.T.);
#5223 = ORIENTED_EDGE('',*,*,#5209,.F.);
#5224 = ORIENTED_EDGE('',*,*,#5225,.F.);
#5225 = EDGE_CURVE('',#5146,#5202,#5226,.T.);
#5226 = LINE('',#5227,#5228);
#5227 = CARTESIAN_POINT('',(120.65,42.291,11.43));
#5228 = VECTOR('',#5229,1.);
#5229 = DIRECTION('',(0.,1.,0.));
#5230 = ORIENTED_EDGE('',*,*,#5145,.T.);
#5231 = PLANE('',#5232);
#5232 = AXIS2_PLACEMENT_3D('',#5233,#5234,#5235);
#5233 = CARTESIAN_POINT('',(120.65,42.291,11.43));
#5234 = DIRECTION('',(-1.,0.,0.));
#5235 = DIRECTION('',(0.,0.,1.));
#5236 = ADVANCED_FACE('',(#5237),#5263,.T.);
#5237 = FACE_BOUND('',#5238,.T.);
#5238 = EDGE_LOOP('',(#5239,#5247,#5256,#5262));
#5239 = ORIENTED_EDGE('',*,*,#5240,.F.);
#5240 = EDGE_CURVE('',#5241,#1017,#5243,.T.);
#5241 = VERTEX_POINT('',#5242);
#5242 = CARTESIAN_POINT('',(166.751,152.4,12.7));
#5243 = LINE('',#5244,#5245);
#5244 = CARTESIAN_POINT('',(166.751,152.4,12.7));
#5245 = VECTOR('',#5246,1.);
#5246 = DIRECTION('',(-0.,-0.,-1.));
#5247 = ORIENTED_EDGE('',*,*,#5248,.F.);
#5248 = EDGE_CURVE('',#5249,#5241,#5251,.T.);
#5249 = VERTEX_POINT('',#5250);
#5250 = CARTESIAN_POINT('',(160.401,152.4,12.7));
#5251 = CIRCLE('',#5252,3.175);
#5252 = AXIS2_PLACEMENT_3D('',#5253,#5254,#5255);
#5253 = CARTESIAN_POINT('',(163.576,152.4,12.7));
#5254 = DIRECTION('',(0.,0.,1.));
#5255 = DIRECTION('',(1.,0.,-0.));
#5256 = ORIENTED_EDGE('',*,*,#5257,.T.);
#5257 = EDGE_CURVE('',#5249,#1015,#5258,.T.);
#5258 = LINE('',#5259,#5260);
#5259 = CARTESIAN_POINT('',(160.401,152.4,12.7));
#5260 = VECTOR('',#5261,1.);
#5261 = DIRECTION('',(-0.,-0.,-1.));
#5262 = ORIENTED_EDGE('',*,*,#1014,.T.);
#5263 = CYLINDRICAL_SURFACE('',#5264,3.175);
#5264 = AXIS2_PLACEMENT_3D('',#5265,#5266,#5267);
#5265 = CARTESIAN_POINT('',(163.576,152.4,12.7));
#5266 = DIRECTION('',(-0.,-0.,-1.));
#5267 = DIRECTION('',(-1.,0.,0.));
#5268 = ADVANCED_FACE('',(#5269),#5281,.T.);
#5269 = FACE_BOUND('',#5270,.T.);
#5270 = EDGE_LOOP('',(#5271,#5278,#5279,#5280));
#5271 = ORIENTED_EDGE('',*,*,#5272,.F.);
#5272 = EDGE_CURVE('',#5241,#5249,#5273,.T.);
#5273 = CIRCLE('',#5274,3.175);
#5274 = AXIS2_PLACEMENT_3D('',#5275,#5276,#5277);
#5275 = CARTESIAN_POINT('',(163.576,152.4,12.7));
#5276 = DIRECTION('',(0.,0.,1.));
#5277 = DIRECTION('',(1.,0.,-0.));
#5278 = ORIENTED_EDGE('',*,*,#5240,.T.);
#5279 = ORIENTED_EDGE('',*,*,#1025,.T.);
#5280 = ORIENTED_EDGE('',*,*,#5257,.F.);
#5281 = CYLINDRICAL_SURFACE('',#5282,3.175);
#5282 = AXIS2_PLACEMENT_3D('',#5283,#5284,#5285);
#5283 = CARTESIAN_POINT('',(163.576,152.4,12.7));
#5284 = DIRECTION('',(-0.,-0.,-1.));
#5285 = DIRECTION('',(-1.,0.,0.));
#5286 = ADVANCED_FACE('',(#5287),#5313,.T.);
#5287 = FACE_BOUND('',#5288,.T.);
#5288 = EDGE_LOOP('',(#5289,#5297,#5306,#5312));
#5289 = ORIENTED_EDGE('',*,*,#5290,.F.);
#5290 = EDGE_CURVE('',#5291,#1037,#5293,.T.);
#5291 = VERTEX_POINT('',#5292);
#5292 = CARTESIAN_POINT('',(166.751,94.742,12.7));
#5293 = LINE('',#5294,#5295);
#5294 = CARTESIAN_POINT('',(166.751,94.742,12.7));
#5295 = VECTOR('',#5296,1.);
#5296 = DIRECTION('',(-0.,-0.,-1.));
#5297 = ORIENTED_EDGE('',*,*,#5298,.F.);
#5298 = EDGE_CURVE('',#5299,#5291,#5301,.T.);
#5299 = VERTEX_POINT('',#5300);
#5300 = CARTESIAN_POINT('',(160.401,94.742,12.7));
#5301 = CIRCLE('',#5302,3.175);
#5302 = AXIS2_PLACEMENT_3D('',#5303,#5304,#5305);
#5303 = CARTESIAN_POINT('',(163.576,94.742,12.7));
#5304 = DIRECTION('',(0.,0.,1.));
#5305 = DIRECTION('',(1.,0.,-0.));
#5306 = ORIENTED_EDGE('',*,*,#5307,.T.);
#5307 = EDGE_CURVE('',#5299,#1035,#5308,.T.);
#5308 = LINE('',#5309,#5310);
#5309 = CARTESIAN_POINT('',(160.401,94.742,12.7));
#5310 = VECTOR('',#5311,1.);
#5311 = DIRECTION('',(-0.,-0.,-1.));
#5312 = ORIENTED_EDGE('',*,*,#1034,.T.);
#5313 = CYLINDRICAL_SURFACE('',#5314,3.175);
#5314 = AXIS2_PLACEMENT_3D('',#5315,#5316,#5317);
#5315 = CARTESIAN_POINT('',(163.576,94.742,12.7));
#5316 = DIRECTION('',(-0.,-0.,-1.));
#5317 = DIRECTION('',(-1.,0.,0.));
#5318 = ADVANCED_FACE('',(#5319),#5331,.T.);
#5319 = FACE_BOUND('',#5320,.T.);
#5320 = EDGE_LOOP('',(#5321,#5328,#5329,#5330));
#5321 = ORIENTED_EDGE('',*,*,#5322,.F.);
#5322 = EDGE_CURVE('',#5291,#5299,#5323,.T.);
#5323 = CIRCLE('',#5324,3.175);
#5324 = AXIS2_PLACEMENT_3D('',#5325,#5326,#5327);
#5325 = CARTESIAN_POINT('',(163.576,94.742,12.7));
#5326 = DIRECTION('',(0.,0.,1.));
#5327 = DIRECTION('',(1.,0.,-0.));
#5328 = ORIENTED_EDGE('',*,*,#5290,.T.);
#5329 = ORIENTED_EDGE('',*,*,#1045,.T.);
#5330 = ORIENTED_EDGE('',*,*,#5307,.F.);
#5331 = CYLINDRICAL_SURFACE('',#5332,3.175);
#5332 = AXIS2_PLACEMENT_3D('',#5333,#5334,#5335);
#5333 = CARTESIAN_POINT('',(163.576,94.742,12.7));
#5334 = DIRECTION('',(-0.,-0.,-1.));
#5335 = DIRECTION('',(-1.,0.,0.));
#5336 = ADVANCED_FACE('',(#5337),#5363,.T.);
#5337 = FACE_BOUND('',#5338,.T.);
#5338 = EDGE_LOOP('',(#5339,#5347,#5356,#5362));
#5339 = ORIENTED_EDGE('',*,*,#5340,.F.);
#5340 = EDGE_CURVE('',#5341,#1057,#5343,.T.);
#5341 = VERTEX_POINT('',#5342);
#5342 = CARTESIAN_POINT('',(215.265,94.742,12.7));
#5343 = LINE('',#5344,#5345);
#5344 = CARTESIAN_POINT('',(215.265,94.742,12.7));
#5345 = VECTOR('',#5346,1.);
#5346 = DIRECTION('',(-0.,-0.,-1.));
#5347 = ORIENTED_EDGE('',*,*,#5348,.F.);
#5348 = EDGE_CURVE('',#5349,#5341,#5351,.T.);
#5349 = VERTEX_POINT('',#5350);
#5350 = CARTESIAN_POINT('',(208.915,94.742,12.7));
#5351 = CIRCLE('',#5352,3.175);
#5352 = AXIS2_PLACEMENT_3D('',#5353,#5354,#5355);
#5353 = CARTESIAN_POINT('',(212.09,94.742,12.7));
#5354 = DIRECTION('',(0.,0.,1.));
#5355 = DIRECTION('',(1.,0.,-0.));
#5356 = ORIENTED_EDGE('',*,*,#5357,.T.);
#5357 = EDGE_CURVE('',#5349,#1055,#5358,.T.);
#5358 = LINE('',#5359,#5360);
#5359 = CARTESIAN_POINT('',(208.915,94.742,12.7));
#5360 = VECTOR('',#5361,1.);
#5361 = DIRECTION('',(-0.,-0.,-1.));
#5362 = ORIENTED_EDGE('',*,*,#1054,.T.);
#5363 = CYLINDRICAL_SURFACE('',#5364,3.175);
#5364 = AXIS2_PLACEMENT_3D('',#5365,#5366,#5367);
#5365 = CARTESIAN_POINT('',(212.09,94.742,12.7));
#5366 = DIRECTION('',(-0.,-0.,-1.));
#5367 = DIRECTION('',(-1.,0.,0.));
#5368 = ADVANCED_FACE('',(#5369),#5381,.T.);
#5369 = FACE_BOUND('',#5370,.T.);
#5370 = EDGE_LOOP('',(#5371,#5378,#5379,#5380));
#5371 = ORIENTED_EDGE('',*,*,#5372,.F.);
#5372 = EDGE_CURVE('',#5341,#5349,#5373,.T.);
#5373 = CIRCLE('',#5374,3.175);
#5374 = AXIS2_PLACEMENT_3D('',#5375,#5376,#5377);
#5375 = CARTESIAN_POINT('',(212.09,94.742,12.7));
#5376 = DIRECTION('',(0.,0.,1.));
#5377 = DIRECTION('',(1.,0.,-0.));
#5378 = ORIENTED_EDGE('',*,*,#5340,.T.);
#5379 = ORIENTED_EDGE('',*,*,#1065,.T.);
#5380 = ORIENTED_EDGE('',*,*,#5357,.F.);
#5381 = CYLINDRICAL_SURFACE('',#5382,3.175);
#5382 = AXIS2_PLACEMENT_3D('',#5383,#5384,#5385);
#5383 = CARTESIAN_POINT('',(212.09,94.742,12.7));
#5384 = DIRECTION('',(-0.,-0.,-1.));
#5385 = DIRECTION('',(-1.,0.,0.));
#5386 = ADVANCED_FACE('',(#5387),#5413,.T.);
#5387 = FACE_BOUND('',#5388,.T.);
#5388 = EDGE_LOOP('',(#5389,#5397,#5406,#5412));
#5389 = ORIENTED_EDGE('',*,*,#5390,.F.);
#5390 = EDGE_CURVE('',#5391,#1077,#5393,.T.);
#5391 = VERTEX_POINT('',#5392);
#5392 = CARTESIAN_POINT('',(215.265,152.4,12.7));
#5393 = LINE('',#5394,#5395);
#5394 = CARTESIAN_POINT('',(215.265,152.4,12.7));
#5395 = VECTOR('',#5396,1.);
#5396 = DIRECTION('',(-0.,-0.,-1.));
#5397 = ORIENTED_EDGE('',*,*,#5398,.F.);
#5398 = EDGE_CURVE('',#5399,#5391,#5401,.T.);
#5399 = VERTEX_POINT('',#5400);
#5400 = CARTESIAN_POINT('',(208.915,152.4,12.7));
#5401 = CIRCLE('',#5402,3.175);
#5402 = AXIS2_PLACEMENT_3D('',#5403,#5404,#5405);
#5403 = CARTESIAN_POINT('',(212.09,152.4,12.7));
#5404 = DIRECTION('',(0.,0.,1.));
#5405 = DIRECTION('',(1.,0.,-0.));
#5406 = ORIENTED_EDGE('',*,*,#5407,.T.);
#5407 = EDGE_CURVE('',#5399,#1075,#5408,.T.);
#5408 = LINE('',#5409,#5410);
#5409 = CARTESIAN_POINT('',(208.915,152.4,12.7));
#5410 = VECTOR('',#5411,1.);
#5411 = DIRECTION('',(-0.,-0.,-1.));
#5412 = ORIENTED_EDGE('',*,*,#1074,.T.);
#5413 = CYLINDRICAL_SURFACE('',#5414,3.175);
#5414 = AXIS2_PLACEMENT_3D('',#5415,#5416,#5417);
#5415 = CARTESIAN_POINT('',(212.09,152.4,12.7));
#5416 = DIRECTION('',(-0.,-0.,-1.));
#5417 = DIRECTION('',(-1.,0.,0.));
#5418 = ADVANCED_FACE('',(#5419),#5431,.T.);
#5419 = FACE_BOUND('',#5420,.T.);
#5420 = EDGE_LOOP('',(#5421,#5428,#5429,#5430));
#5421 = ORIENTED_EDGE('',*,*,#5422,.F.);
#5422 = EDGE_CURVE('',#5391,#5399,#5423,.T.);
#5423 = CIRCLE('',#5424,3.175);
#5424 = AXIS2_PLACEMENT_3D('',#5425,#5426,#5427);
#5425 = CARTESIAN_POINT('',(212.09,152.4,12.7));
#5426 = DIRECTION('',(0.,0.,1.));
#5427 = DIRECTION('',(1.,0.,-0.));
#5428 = ORIENTED_EDGE('',*,*,#5390,.T.);
#5429 = ORIENTED_EDGE('',*,*,#1085,.T.);
#5430 = ORIENTED_EDGE('',*,*,#5407,.F.);
#5431 = CYLINDRICAL_SURFACE('',#5432,3.175);
#5432 = AXIS2_PLACEMENT_3D('',#5433,#5434,#5435);
#5433 = CARTESIAN_POINT('',(212.09,152.4,12.7));
#5434 = DIRECTION('',(-0.,-0.,-1.));
#5435 = DIRECTION('',(-1.,0.,0.));
#5436 = ADVANCED_FACE('',(#5437),#5448,.T.);
#5437 = FACE_BOUND('',#5438,.T.);
#5438 = EDGE_LOOP('',(#5439,#5446,#5447));
#5439 = ORIENTED_EDGE('',*,*,#5440,.T.);
#5440 = EDGE_CURVE('',#1372,#1097,#5441,.T.);
#5441 = CIRCLE('',#5442,2.54);
#5442 = AXIS2_PLACEMENT_3D('',#5443,#5444,#5445);
#5443 = CARTESIAN_POINT('',(220.98,10.16,10.159999999998));
#5444 = DIRECTION('',(1.,6.070773319254E-17,0.));
#5445 = DIRECTION('',(-6.070773319254E-17,1.,0.));
#5446 = ORIENTED_EDGE('',*,*,#1094,.F.);
#5447 = ORIENTED_EDGE('',*,*,#1379,.F.);
#5448 = PLANE('',#5449);
#5449 = AXIS2_PLACEMENT_3D('',#5450,#5451,#5452);
#5450 = CARTESIAN_POINT('',(220.98,228.6,50.8));
#5451 = DIRECTION('',(-1.,-6.070773319254E-17,0.));
#5452 = DIRECTION('',(6.070773319254E-17,-1.,0.));
#5453 = ADVANCED_FACE('',(#5454),#5479,.F.);
#5454 = FACE_BOUND('',#5455,.T.);
#5455 = EDGE_LOOP('',(#5456,#5457,#5465,#5473));
#5456 = ORIENTED_EDGE('',*,*,#1247,.T.);
#5457 = ORIENTED_EDGE('',*,*,#5458,.F.);
#5458 = EDGE_CURVE('',#5459,#1250,#5461,.T.);
#5459 = VERTEX_POINT('',#5460);
#5460 = CARTESIAN_POINT('',(195.58,12.7,11.43));
#5461 = LINE('',#5462,#5463);
#5462 = CARTESIAN_POINT('',(195.58,12.7,11.43));
#5463 = VECTOR('',#5464,1.);
#5464 = DIRECTION('',(-0.,-0.,-1.));
#5465 = ORIENTED_EDGE('',*,*,#5466,.F.);
#5466 = EDGE_CURVE('',#5467,#5459,#5469,.T.);
#5467 = VERTEX_POINT('',#5468);
#5468 = CARTESIAN_POINT('',(158.75,12.7,11.43));
#5469 = LINE('',#5470,#5471);
#5470 = CARTESIAN_POINT('',(158.75,12.7,11.43));
#5471 = VECTOR('',#5472,1.);
#5472 = DIRECTION('',(1.,0.,0.));
#5473 = ORIENTED_EDGE('',*,*,#5474,.T.);
#5474 = EDGE_CURVE('',#5467,#1248,#5475,.T.);
#5475 = LINE('',#5476,#5477);
#5476 = CARTESIAN_POINT('',(158.75,12.7,11.43));
#5477 = VECTOR('',#5478,1.);
#5478 = DIRECTION('',(-0.,-0.,-1.));
#5479 = PLANE('',#5480);
#5480 = AXIS2_PLACEMENT_3D('',#5481,#5482,#5483);
#5481 = CARTESIAN_POINT('',(158.75,12.7,11.43));
#5482 = DIRECTION('',(0.,1.,0.));
#5483 = DIRECTION('',(0.,-0.,1.));
#5484 = ADVANCED_FACE('',(#5485),#5503,.F.);
#5485 = FACE_BOUND('',#5486,.T.);
#5486 = EDGE_LOOP('',(#5487,#5488,#5489,#5497));
#5487 = ORIENTED_EDGE('',*,*,#1257,.T.);
#5488 = ORIENTED_EDGE('',*,*,#5474,.F.);
#5489 = ORIENTED_EDGE('',*,*,#5490,.F.);
#5490 = EDGE_CURVE('',#5491,#5467,#5493,.T.);
#5491 = VERTEX_POINT('',#5492);
#5492 = CARTESIAN_POINT('',(158.75,77.47,11.43));
#5493 = LINE('',#5494,#5495);
#5494 = CARTESIAN_POINT('',(158.75,12.7,11.43));
#5495 = VECTOR('',#5496,1.);
#5496 = DIRECTION('',(-0.,-1.,-0.));
#5497 = ORIENTED_EDGE('',*,*,#5498,.T.);
#5498 = EDGE_CURVE('',#5491,#1258,#5499,.T.);
#5499 = LINE('',#5500,#5501);
#5500 = CARTESIAN_POINT('',(158.75,77.47,11.43));
#5501 = VECTOR('',#5502,1.);
#5502 = DIRECTION('',(-0.,-0.,-1.));
#5503 = PLANE('',#5504);
#5504 = AXIS2_PLACEMENT_3D('',#5505,#5506,#5507);
#5505 = CARTESIAN_POINT('',(158.75,12.7,11.43));
#5506 = DIRECTION('',(1.,0.,0.));
#5507 = DIRECTION('',(0.,0.,-1.));
#5508 = ADVANCED_FACE('',(#5509),#5527,.F.);
#5509 = FACE_BOUND('',#5510,.T.);
#5510 = EDGE_LOOP('',(#5511,#5512,#5513,#5521));
#5511 = ORIENTED_EDGE('',*,*,#1265,.T.);
#5512 = ORIENTED_EDGE('',*,*,#5498,.F.);
#5513 = ORIENTED_EDGE('',*,*,#5514,.F.);
#5514 = EDGE_CURVE('',#5515,#5491,#5517,.T.);
#5515 = VERTEX_POINT('',#5516);
#5516 = CARTESIAN_POINT('',(195.58,77.47,11.43));
#5517 = LINE('',#5518,#5519);
#5518 = CARTESIAN_POINT('',(158.75,77.47,11.43));
#5519 = VECTOR('',#5520,1.);
#5520 = DIRECTION('',(-1.,-0.,-0.));
#5521 = ORIENTED_EDGE('',*,*,#5522,.T.);
#5522 = EDGE_CURVE('',#5515,#1266,#5523,.T.);
#5523 = LINE('',#5524,#5525);
#5524 = CARTESIAN_POINT('',(195.58,77.47,11.43));
#5525 = VECTOR('',#5526,1.);
#5526 = DIRECTION('',(-0.,-0.,-1.));
#5527 = PLANE('',#5528);
#5528 = AXIS2_PLACEMENT_3D('',#5529,#5530,#5531);
#5529 = CARTESIAN_POINT('',(158.75,77.47,11.43));
#5530 = DIRECTION('',(0.,-1.,0.));
#5531 = DIRECTION('',(0.,-0.,-1.));
#5532 = ADVANCED_FACE('',(#5533),#5544,.F.);
#5533 = FACE_BOUND('',#5534,.T.);
#5534 = EDGE_LOOP('',(#5535,#5536,#5537,#5543));
#5535 = ORIENTED_EDGE('',*,*,#1273,.T.);
#5536 = ORIENTED_EDGE('',*,*,#5522,.F.);
#5537 = ORIENTED_EDGE('',*,*,#5538,.F.);
#5538 = EDGE_CURVE('',#5459,#5515,#5539,.T.);
#5539 = LINE('',#5540,#5541);
#5540 = CARTESIAN_POINT('',(195.58,12.7,11.43));
#5541 = VECTOR('',#5542,1.);
#5542 = DIRECTION('',(0.,1.,0.));
#5543 = ORIENTED_EDGE('',*,*,#5458,.T.);
#5544 = PLANE('',#5545);
#5545 = AXIS2_PLACEMENT_3D('',#5546,#5547,#5548);
#5546 = CARTESIAN_POINT('',(195.58,12.7,11.43));
#5547 = DIRECTION('',(-1.,0.,0.));
#5548 = DIRECTION('',(0.,0.,1.));
#5549 = ADVANCED_FACE('',(#5550),#5566,.F.);
#5550 = FACE_BOUND('',#5551,.F.);
#5551 = EDGE_LOOP('',(#5552,#5553,#5559,#5560));
#5552 = ORIENTED_EDGE('',*,*,#1580,.F.);
#5553 = ORIENTED_EDGE('',*,*,#5554,.F.);
#5554 = EDGE_CURVE('',#5073,#1581,#5555,.T.);
#5555 = LINE('',#5556,#5557);
#5556 = CARTESIAN_POINT('',(152.4,208.28,41.275));
#5557 = VECTOR('',#5558,1.);
#5558 = DIRECTION('',(-0.,1.,-0.));
#5559 = ORIENTED_EDGE('',*,*,#5083,.F.);
#5560 = ORIENTED_EDGE('',*,*,#5561,.T.);
#5561 = EDGE_CURVE('',#5075,#1583,#5562,.T.);
#5562 = LINE('',#5563,#5564);
#5563 = CARTESIAN_POINT('',(152.4,208.28,34.925));
#5564 = VECTOR('',#5565,1.);
#5565 = DIRECTION('',(-0.,1.,-0.));
#5566 = CYLINDRICAL_SURFACE('',#5567,3.175);
#5567 = AXIS2_PLACEMENT_3D('',#5568,#5569,#5570);
#5568 = CARTESIAN_POINT('',(152.4,208.28,38.1));
#5569 = DIRECTION('',(-0.,1.,-0.));
#5570 = DIRECTION('',(0.,0.,1.));
#5571 = ADVANCED_FACE('',(#5572),#5578,.F.);
#5572 = FACE_BOUND('',#5573,.F.);
#5573 = EDGE_LOOP('',(#5574,#5575,#5576,#5577));
#5574 = ORIENTED_EDGE('',*,*,#5554,.T.);
#5575 = ORIENTED_EDGE('',*,*,#1591,.F.);
#5576 = ORIENTED_EDGE('',*,*,#5561,.F.);
#5577 = ORIENTED_EDGE('',*,*,#5072,.F.);
#5578 = CYLINDRICAL_SURFACE('',#5579,3.175);
#5579 = AXIS2_PLACEMENT_3D('',#5580,#5581,#5582);
#5580 = CARTESIAN_POINT('',(152.4,208.28,38.1));
#5581 = DIRECTION('',(-0.,1.,-0.));
#5582 = DIRECTION('',(0.,0.,1.));
#5583 = ADVANCED_FACE('',(#5584),#5600,.F.);
#5584 = FACE_BOUND('',#5585,.F.);
#5585 = EDGE_LOOP('',(#5586,#5587,#5593,#5594));
#5586 = ORIENTED_EDGE('',*,*,#1600,.F.);
#5587 = ORIENTED_EDGE('',*,*,#5588,.F.);
#5588 = EDGE_CURVE('',#5093,#1601,#5589,.T.);
#5589 = LINE('',#5590,#5591);
#5590 = CARTESIAN_POINT('',(152.4,208.28,15.875));
#5591 = VECTOR('',#5592,1.);
#5592 = DIRECTION('',(-0.,1.,-0.));
#5593 = ORIENTED_EDGE('',*,*,#5103,.F.);
#5594 = ORIENTED_EDGE('',*,*,#5595,.T.);
#5595 = EDGE_CURVE('',#5095,#1603,#5596,.T.);
#5596 = LINE('',#5597,#5598);
#5597 = CARTESIAN_POINT('',(152.4,208.28,9.525));
#5598 = VECTOR('',#5599,1.);
#5599 = DIRECTION('',(-0.,1.,-0.));
#5600 = CYLINDRICAL_SURFACE('',#5601,3.175);
#5601 = AXIS2_PLACEMENT_3D('',#5602,#5603,#5604);
#5602 = CARTESIAN_POINT('',(152.4,208.28,12.7));
#5603 = DIRECTION('',(-0.,1.,-0.));
#5604 = DIRECTION('',(0.,0.,1.));
#5605 = ADVANCED_FACE('',(#5606),#5612,.F.);
#5606 = FACE_BOUND('',#5607,.F.);
#5607 = EDGE_LOOP('',(#5608,#5609,#5610,#5611));
#5608 = ORIENTED_EDGE('',*,*,#5588,.T.);
#5609 = ORIENTED_EDGE('',*,*,#1611,.F.);
#5610 = ORIENTED_EDGE('',*,*,#5595,.F.);
#5611 = ORIENTED_EDGE('',*,*,#5092,.F.);
#5612 = CYLINDRICAL_SURFACE('',#5613,3.175);
#5613 = AXIS2_PLACEMENT_3D('',#5614,#5615,#5616);
#5614 = CARTESIAN_POINT('',(152.4,208.28,12.7));
#5615 = DIRECTION('',(-0.,1.,-0.));
#5616 = DIRECTION('',(0.,0.,1.));
#5617 = ADVANCED_FACE('',(#5618),#5634,.F.);
#5618 = FACE_BOUND('',#5619,.F.);
#5619 = EDGE_LOOP('',(#5620,#5621,#5627,#5628));
#5620 = ORIENTED_EDGE('',*,*,#1620,.F.);
#5621 = ORIENTED_EDGE('',*,*,#5622,.F.);
#5622 = EDGE_CURVE('',#5113,#1621,#5623,.T.);
#5623 = LINE('',#5624,#5625);
#5624 = CARTESIAN_POINT('',(152.4,208.28,28.575));
#5625 = VECTOR('',#5626,1.);
#5626 = DIRECTION('',(-0.,1.,-0.));
#5627 = ORIENTED_EDGE('',*,*,#5123,.F.);
#5628 = ORIENTED_EDGE('',*,*,#5629,.T.);
#5629 = EDGE_CURVE('',#5115,#1623,#5630,.T.);
#5630 = LINE('',#5631,#5632);
#5631 = CARTESIAN_POINT('',(152.4,208.28,22.225));
#5632 = VECTOR('',#5633,1.);
#5633 = DIRECTION('',(-0.,1.,-0.));
#5634 = CYLINDRICAL_SURFACE('',#5635,3.175);
#5635 = AXIS2_PLACEMENT_3D('',#5636,#5637,#5638);
#5636 = CARTESIAN_POINT('',(152.4,208.28,25.4));
#5637 = DIRECTION('',(-0.,1.,-0.));
#5638 = DIRECTION('',(0.,0.,1.));
#5639 = ADVANCED_FACE('',(#5640),#5646,.F.);
#5640 = FACE_BOUND('',#5641,.F.);
#5641 = EDGE_LOOP('',(#5642,#5643,#5644,#5645));
#5642 = ORIENTED_EDGE('',*,*,#5622,.T.);
#5643 = ORIENTED_EDGE('',*,*,#1631,.F.);
#5644 = ORIENTED_EDGE('',*,*,#5629,.F.);
#5645 = ORIENTED_EDGE('',*,*,#5112,.F.);
#5646 = CYLINDRICAL_SURFACE('',#5647,3.175);
#5647 = AXIS2_PLACEMENT_3D('',#5648,#5649,#5650);
#5648 = CARTESIAN_POINT('',(152.4,208.28,25.4));
#5649 = DIRECTION('',(-0.,1.,-0.));
#5650 = DIRECTION('',(0.,0.,1.));
#5651 = ADVANCED_FACE('',(#5652),#5668,.F.);
#5652 = FACE_BOUND('',#5653,.F.);
#5653 = EDGE_LOOP('',(#5654,#5655,#5661,#5662));
#5654 = ORIENTED_EDGE('',*,*,#1657,.F.);
#5655 = ORIENTED_EDGE('',*,*,#5656,.F.);
#5656 = EDGE_CURVE('',#3422,#1658,#5657,.T.);
#5657 = LINE('',#5658,#5659);
#5658 = CARTESIAN_POINT('',(220.98,43.18,20.319999999998));
#5659 = VECTOR('',#5660,1.);
#5660 = DIRECTION('',(1.,6.070773319254E-17,-0.));
#5661 = ORIENTED_EDGE('',*,*,#3421,.T.);
#5662 = ORIENTED_EDGE('',*,*,#5663,.T.);
#5663 = EDGE_CURVE('',#3424,#1660,#5664,.T.);
#5664 = LINE('',#5665,#5666);
#5665 = CARTESIAN_POINT('',(220.98,38.1,20.319999999998));
#5666 = VECTOR('',#5667,1.);
#5667 = DIRECTION('',(1.,6.070773319254E-17,-0.));
#5668 = CYLINDRICAL_SURFACE('',#5669,2.54);
#5669 = AXIS2_PLACEMENT_3D('',#5670,#5671,#5672);
#5670 = CARTESIAN_POINT('',(220.98,40.64,20.319999999998));
#5671 = DIRECTION('',(1.,6.070773319254E-17,-0.));
#5672 = DIRECTION('',(-6.070773319254E-17,1.,0.));
#5673 = ADVANCED_FACE('',(#5674),#5680,.F.);
#5674 = FACE_BOUND('',#5675,.F.);
#5675 = EDGE_LOOP('',(#5676,#5677,#5678,#5679));
#5676 = ORIENTED_EDGE('',*,*,#5656,.T.);
#5677 = ORIENTED_EDGE('',*,*,#1668,.F.);
#5678 = ORIENTED_EDGE('',*,*,#5663,.F.);
#5679 = ORIENTED_EDGE('',*,*,#3432,.T.);
#5680 = CYLINDRICAL_SURFACE('',#5681,2.54);
#5681 = AXIS2_PLACEMENT_3D('',#5682,#5683,#5684);
#5682 = CARTESIAN_POINT('',(220.98,40.64,20.319999999998));
#5683 = DIRECTION('',(1.,6.070773319254E-17,-0.));
#5684 = DIRECTION('',(-6.070773319254E-17,1.,0.));
#5685 = ADVANCED_FACE('',(#5686),#5702,.F.);
#5686 = FACE_BOUND('',#5687,.F.);
#5687 = EDGE_LOOP('',(#5688,#5689,#5695,#5696));
#5688 = ORIENTED_EDGE('',*,*,#1677,.F.);
#5689 = ORIENTED_EDGE('',*,*,#5690,.F.);
#5690 = EDGE_CURVE('',#3442,#1678,#5691,.T.);
#5691 = LINE('',#5692,#5693);
#5692 = CARTESIAN_POINT('',(220.98,43.18,30.479999999998));
#5693 = VECTOR('',#5694,1.);
#5694 = DIRECTION('',(1.,6.070773319254E-17,-0.));
#5695 = ORIENTED_EDGE('',*,*,#3441,.T.);
#5696 = ORIENTED_EDGE('',*,*,#5697,.T.);
#5697 = EDGE_CURVE('',#3444,#1680,#5698,.T.);
#5698 = LINE('',#5699,#5700);
#5699 = CARTESIAN_POINT('',(220.98,38.1,30.479999999998));
#5700 = VECTOR('',#5701,1.);
#5701 = DIRECTION('',(1.,6.070773319254E-17,-0.));
#5702 = CYLINDRICAL_SURFACE('',#5703,2.54);
#5703 = AXIS2_PLACEMENT_3D('',#5704,#5705,#5706);
#5704 = CARTESIAN_POINT('',(220.98,40.64,30.479999999998));
#5705 = DIRECTION('',(1.,6.070773319254E-17,-0.));
#5706 = DIRECTION('',(-6.070773319254E-17,1.,0.));
#5707 = ADVANCED_FACE('',(#5708),#5714,.F.);
#5708 = FACE_BOUND('',#5709,.F.);
#5709 = EDGE_LOOP('',(#5710,#5711,#5712,#5713));
#5710 = ORIENTED_EDGE('',*,*,#5690,.T.);
#5711 = ORIENTED_EDGE('',*,*,#1688,.F.);
#5712 = ORIENTED_EDGE('',*,*,#5697,.F.);
#5713 = ORIENTED_EDGE('',*,*,#3452,.T.);
#5714 = CYLINDRICAL_SURFACE('',#5715,2.54);
#5715 = AXIS2_PLACEMENT_3D('',#5716,#5717,#5718);
#5716 = CARTESIAN_POINT('',(220.98,40.64,30.479999999998));
#5717 = DIRECTION('',(1.,6.070773319254E-17,-0.));
#5718 = DIRECTION('',(-6.070773319254E-17,1.,0.));
#5719 = ADVANCED_FACE('',(#5720),#5736,.F.);
#5720 = FACE_BOUND('',#5721,.F.);
#5721 = EDGE_LOOP('',(#5722,#5723,#5729,#5730));
#5722 = ORIENTED_EDGE('',*,*,#1697,.F.);
#5723 = ORIENTED_EDGE('',*,*,#5724,.F.);
#5724 = EDGE_CURVE('',#3462,#1698,#5725,.T.);
#5725 = LINE('',#5726,#5727);
#5726 = CARTESIAN_POINT('',(220.98,63.5,20.319999999998));
#5727 = VECTOR('',#5728,1.);
#5728 = DIRECTION('',(1.,6.070773319254E-17,-0.));
#5729 = ORIENTED_EDGE('',*,*,#3461,.T.);
#5730 = ORIENTED_EDGE('',*,*,#5731,.T.);
#5731 = EDGE_CURVE('',#3464,#1700,#5732,.T.);
#5732 = LINE('',#5733,#5734);
#5733 = CARTESIAN_POINT('',(220.98,58.42,20.319999999998));
#5734 = VECTOR('',#5735,1.);
#5735 = DIRECTION('',(1.,6.070773319254E-17,-0.));
#5736 = CYLINDRICAL_SURFACE('',#5737,2.54);
#5737 = AXIS2_PLACEMENT_3D('',#5738,#5739,#5740);
#5738 = CARTESIAN_POINT('',(220.98,60.96,20.319999999998));
#5739 = DIRECTION('',(1.,6.070773319254E-17,-0.));
#5740 = DIRECTION('',(-6.070773319254E-17,1.,0.));
#5741 = ADVANCED_FACE('',(#5742),#5748,.F.);
#5742 = FACE_BOUND('',#5743,.F.);
#5743 = EDGE_LOOP('',(#5744,#5745,#5746,#5747));
#5744 = ORIENTED_EDGE('',*,*,#5724,.T.);
#5745 = ORIENTED_EDGE('',*,*,#1708,.F.);
#5746 = ORIENTED_EDGE('',*,*,#5731,.F.);
#5747 = ORIENTED_EDGE('',*,*,#3472,.T.);
#5748 = CYLINDRICAL_SURFACE('',#5749,2.54);
#5749 = AXIS2_PLACEMENT_3D('',#5750,#5751,#5752);
#5750 = CARTESIAN_POINT('',(220.98,60.96,20.319999999998));
#5751 = DIRECTION('',(1.,6.070773319254E-17,-0.));
#5752 = DIRECTION('',(-6.070773319254E-17,1.,0.));
#5753 = ADVANCED_FACE('',(#5754),#5770,.F.);
#5754 = FACE_BOUND('',#5755,.F.);
#5755 = EDGE_LOOP('',(#5756,#5757,#5763,#5764));
#5756 = ORIENTED_EDGE('',*,*,#1717,.F.);
#5757 = ORIENTED_EDGE('',*,*,#5758,.F.);
#5758 = EDGE_CURVE('',#3482,#1718,#5759,.T.);
#5759 = LINE('',#5760,#5761);
#5760 = CARTESIAN_POINT('',(220.98,63.5,30.479999999998));
#5761 = VECTOR('',#5762,1.);
#5762 = DIRECTION('',(1.,6.070773319254E-17,-0.));
#5763 = ORIENTED_EDGE('',*,*,#3481,.T.);
#5764 = ORIENTED_EDGE('',*,*,#5765,.T.);
#5765 = EDGE_CURVE('',#3484,#1720,#5766,.T.);
#5766 = LINE('',#5767,#5768);
#5767 = CARTESIAN_POINT('',(220.98,58.42,30.479999999998));
#5768 = VECTOR('',#5769,1.);
#5769 = DIRECTION('',(1.,6.070773319254E-17,-0.));
#5770 = CYLINDRICAL_SURFACE('',#5771,2.54);
#5771 = AXIS2_PLACEMENT_3D('',#5772,#5773,#5774);
#5772 = CARTESIAN_POINT('',(220.98,60.96,30.479999999998));
#5773 = DIRECTION('',(1.,6.070773319254E-17,-0.));
#5774 = DIRECTION('',(-6.070773319254E-17,1.,0.));
#5775 = ADVANCED_FACE('',(#5776),#5782,.F.);
#5776 = FACE_BOUND('',#5777,.F.);
#5777 = EDGE_LOOP('',(#5778,#5779,#5780,#5781));
#5778 = ORIENTED_EDGE('',*,*,#5758,.T.);
#5779 = ORIENTED_EDGE('',*,*,#1728,.F.);
#5780 = ORIENTED_EDGE('',*,*,#5765,.F.);
#5781 = ORIENTED_EDGE('',*,*,#3492,.T.);
#5782 = CYLINDRICAL_SURFACE('',#5783,2.54);
#5783 = AXIS2_PLACEMENT_3D('',#5784,#5785,#5786);
#5784 = CARTESIAN_POINT('',(220.98,60.96,30.479999999998));
#5785 = DIRECTION('',(1.,6.070773319254E-17,-0.));
#5786 = DIRECTION('',(-6.070773319254E-17,1.,0.));
#5787 = ADVANCED_FACE('',(#5788),#5804,.F.);
#5788 = FACE_BOUND('',#5789,.F.);
#5789 = EDGE_LOOP('',(#5790,#5791,#5797,#5798));
#5790 = ORIENTED_EDGE('',*,*,#1737,.F.);
#5791 = ORIENTED_EDGE('',*,*,#5792,.F.);
#5792 = EDGE_CURVE('',#3502,#1738,#5793,.T.);
#5793 = LINE('',#5794,#5795);
#5794 = CARTESIAN_POINT('',(220.98,53.34,30.479999999998));
#5795 = VECTOR('',#5796,1.);
#5796 = DIRECTION('',(1.,6.070773319254E-17,-0.));
#5797 = ORIENTED_EDGE('',*,*,#3501,.T.);
#5798 = ORIENTED_EDGE('',*,*,#5799,.T.);
#5799 = EDGE_CURVE('',#3504,#1740,#5800,.T.);
#5800 = LINE('',#5801,#5802);
#5801 = CARTESIAN_POINT('',(220.98,48.26,30.479999999998));
#5802 = VECTOR('',#5803,1.);
#5803 = DIRECTION('',(1.,6.070773319254E-17,-0.));
#5804 = CYLINDRICAL_SURFACE('',#5805,2.54);
#5805 = AXIS2_PLACEMENT_3D('',#5806,#5807,#5808);
#5806 = CARTESIAN_POINT('',(220.98,50.8,30.479999999998));
#5807 = DIRECTION('',(1.,6.070773319254E-17,-0.));
#5808 = DIRECTION('',(-6.070773319254E-17,1.,0.));
#5809 = ADVANCED_FACE('',(#5810),#5816,.F.);
#5810 = FACE_BOUND('',#5811,.F.);
#5811 = EDGE_LOOP('',(#5812,#5813,#5814,#5815));
#5812 = ORIENTED_EDGE('',*,*,#5792,.T.);
#5813 = ORIENTED_EDGE('',*,*,#1748,.F.);
#5814 = ORIENTED_EDGE('',*,*,#5799,.F.);
#5815 = ORIENTED_EDGE('',*,*,#3512,.T.);
#5816 = CYLINDRICAL_SURFACE('',#5817,2.54);
#5817 = AXIS2_PLACEMENT_3D('',#5818,#5819,#5820);
#5818 = CARTESIAN_POINT('',(220.98,50.8,30.479999999998));
#5819 = DIRECTION('',(1.,6.070773319254E-17,-0.));
#5820 = DIRECTION('',(-6.070773319254E-17,1.,0.));
#5821 = ADVANCED_FACE('',(#5822),#5838,.F.);
#5822 = FACE_BOUND('',#5823,.F.);
#5823 = EDGE_LOOP('',(#5824,#5825,#5831,#5832));
#5824 = ORIENTED_EDGE('',*,*,#1757,.F.);
#5825 = ORIENTED_EDGE('',*,*,#5826,.F.);
#5826 = EDGE_CURVE('',#3902,#1758,#5827,.T.);
#5827 = LINE('',#5828,#5829);
#5828 = CARTESIAN_POINT('',(220.98,63.5,10.159999999998));
#5829 = VECTOR('',#5830,1.);
#5830 = DIRECTION('',(1.,6.070773319254E-17,-0.));
#5831 = ORIENTED_EDGE('',*,*,#3910,.T.);
#5832 = ORIENTED_EDGE('',*,*,#5833,.T.);
#5833 = EDGE_CURVE('',#3911,#1760,#5834,.T.);
#5834 = LINE('',#5835,#5836);
#5835 = CARTESIAN_POINT('',(220.98,58.42,10.159999999998));
#5836 = VECTOR('',#5837,1.);
#5837 = DIRECTION('',(1.,6.070773319254E-17,-0.));
#5838 = CYLINDRICAL_SURFACE('',#5839,2.54);
#5839 = AXIS2_PLACEMENT_3D('',#5840,#5841,#5842);
#5840 = CARTESIAN_POINT('',(220.98,60.96,10.159999999998));
#5841 = DIRECTION('',(1.,6.070773319254E-17,-0.));
#5842 = DIRECTION('',(-6.070773319254E-17,1.,0.));
#5843 = ADVANCED_FACE('',(#5844),#5851,.F.);
#5844 = FACE_BOUND('',#5845,.F.);
#5845 = EDGE_LOOP('',(#5846,#5847,#5848,#5849,#5850));
#5846 = ORIENTED_EDGE('',*,*,#3901,.T.);
#5847 = ORIENTED_EDGE('',*,*,#5826,.T.);
#5848 = ORIENTED_EDGE('',*,*,#1768,.F.);
#5849 = ORIENTED_EDGE('',*,*,#5833,.F.);
#5850 = ORIENTED_EDGE('',*,*,#3919,.T.);
#5851 = CYLINDRICAL_SURFACE('',#5852,2.54);
#5852 = AXIS2_PLACEMENT_3D('',#5853,#5854,#5855);
#5853 = CARTESIAN_POINT('',(220.98,60.96,10.159999999998));
#5854 = DIRECTION('',(1.,6.070773319254E-17,-0.));
#5855 = DIRECTION('',(-6.070773319254E-17,1.,0.));
#5856 = ADVANCED_FACE('',(#5857),#5873,.F.);
#5857 = FACE_BOUND('',#5858,.F.);
#5858 = EDGE_LOOP('',(#5859,#5860,#5866,#5867));
#5859 = ORIENTED_EDGE('',*,*,#1777,.F.);
#5860 = ORIENTED_EDGE('',*,*,#5861,.F.);
#5861 = EDGE_CURVE('',#3522,#1778,#5862,.T.);
#5862 = LINE('',#5863,#5864);
#5863 = CARTESIAN_POINT('',(220.98,22.86,20.319999999998));
#5864 = VECTOR('',#5865,1.);
#5865 = DIRECTION('',(1.,6.070773319254E-17,-0.));
#5866 = ORIENTED_EDGE('',*,*,#3521,.T.);
#5867 = ORIENTED_EDGE('',*,*,#5868,.T.);
#5868 = EDGE_CURVE('',#3524,#1780,#5869,.T.);
#5869 = LINE('',#5870,#5871);
#5870 = CARTESIAN_POINT('',(220.98,17.78,20.319999999998));
#5871 = VECTOR('',#5872,1.);
#5872 = DIRECTION('',(1.,6.070773319254E-17,-0.));
#5873 = CYLINDRICAL_SURFACE('',#5874,2.54);
#5874 = AXIS2_PLACEMENT_3D('',#5875,#5876,#5877);
#5875 = CARTESIAN_POINT('',(220.98,20.32,20.319999999998));
#5876 = DIRECTION('',(1.,6.070773319254E-17,-0.));
#5877 = DIRECTION('',(-6.070773319254E-17,1.,0.));
#5878 = ADVANCED_FACE('',(#5879),#5885,.F.);
#5879 = FACE_BOUND('',#5880,.F.);
#5880 = EDGE_LOOP('',(#5881,#5882,#5883,#5884));
#5881 = ORIENTED_EDGE('',*,*,#5861,.T.);
#5882 = ORIENTED_EDGE('',*,*,#1788,.F.);
#5883 = ORIENTED_EDGE('',*,*,#5868,.F.);
#5884 = ORIENTED_EDGE('',*,*,#3532,.T.);
#5885 = CYLINDRICAL_SURFACE('',#5886,2.54);
#5886 = AXIS2_PLACEMENT_3D('',#5887,#5888,#5889);
#5887 = CARTESIAN_POINT('',(220.98,20.32,20.319999999998));
#5888 = DIRECTION('',(1.,6.070773319254E-17,-0.));
#5889 = DIRECTION('',(-6.070773319254E-17,1.,0.));
#5890 = ADVANCED_FACE('',(#5891),#5907,.F.);
#5891 = FACE_BOUND('',#5892,.F.);
#5892 = EDGE_LOOP('',(#5893,#5894,#5900,#5901));
#5893 = ORIENTED_EDGE('',*,*,#1797,.F.);
#5894 = ORIENTED_EDGE('',*,*,#5895,.F.);
#5895 = EDGE_CURVE('',#3542,#1798,#5896,.T.);
#5896 = LINE('',#5897,#5898);
#5897 = CARTESIAN_POINT('',(220.98,22.86,30.479999999998));
#5898 = VECTOR('',#5899,1.);
#5899 = DIRECTION('',(1.,6.070773319254E-17,-0.));
#5900 = ORIENTED_EDGE('',*,*,#3541,.T.);
#5901 = ORIENTED_EDGE('',*,*,#5902,.T.);
#5902 = EDGE_CURVE('',#3544,#1800,#5903,.T.);
#5903 = LINE('',#5904,#5905);
#5904 = CARTESIAN_POINT('',(220.98,17.78,30.479999999998));
#5905 = VECTOR('',#5906,1.);
#5906 = DIRECTION('',(1.,6.070773319254E-17,-0.));
#5907 = CYLINDRICAL_SURFACE('',#5908,2.54);
#5908 = AXIS2_PLACEMENT_3D('',#5909,#5910,#5911);
#5909 = CARTESIAN_POINT('',(220.98,20.32,30.479999999998));
#5910 = DIRECTION('',(1.,6.070773319254E-17,-0.));
#5911 = DIRECTION('',(-6.070773319254E-17,1.,0.));
#5912 = ADVANCED_FACE('',(#5913),#5919,.F.);
#5913 = FACE_BOUND('',#5914,.F.);
#5914 = EDGE_LOOP('',(#5915,#5916,#5917,#5918));
#5915 = ORIENTED_EDGE('',*,*,#5895,.T.);
#5916 = ORIENTED_EDGE('',*,*,#1808,.F.);
#5917 = ORIENTED_EDGE('',*,*,#5902,.F.);
#5918 = ORIENTED_EDGE('',*,*,#3552,.T.);
#5919 = CYLINDRICAL_SURFACE('',#5920,2.54);
#5920 = AXIS2_PLACEMENT_3D('',#5921,#5922,#5923);
#5921 = CARTESIAN_POINT('',(220.98,20.32,30.479999999998));
#5922 = DIRECTION('',(1.,6.070773319254E-17,-0.));
#5923 = DIRECTION('',(-6.070773319254E-17,1.,0.));
#5924 = ADVANCED_FACE('',(#5925),#5941,.F.);
#5925 = FACE_BOUND('',#5926,.F.);
#5926 = EDGE_LOOP('',(#5927,#5928,#5934,#5935));
#5927 = ORIENTED_EDGE('',*,*,#1817,.F.);
#5928 = ORIENTED_EDGE('',*,*,#5929,.F.);
#5929 = EDGE_CURVE('',#4199,#1818,#5930,.T.);
#5930 = LINE('',#5931,#5932);
#5931 = CARTESIAN_POINT('',(220.98,175.26,10.16));
#5932 = VECTOR('',#5933,1.);
#5933 = DIRECTION('',(1.,6.070773319254E-17,-0.));
#5934 = ORIENTED_EDGE('',*,*,#4207,.T.);
#5935 = ORIENTED_EDGE('',*,*,#5936,.T.);
#5936 = EDGE_CURVE('',#4208,#1820,#5937,.T.);
#5937 = LINE('',#5938,#5939);
#5938 = CARTESIAN_POINT('',(220.98,170.18,10.16));
#5939 = VECTOR('',#5940,1.);
#5940 = DIRECTION('',(1.,6.070773319254E-17,-0.));
#5941 = CYLINDRICAL_SURFACE('',#5942,2.54);
#5942 = AXIS2_PLACEMENT_3D('',#5943,#5944,#5945);
#5943 = CARTESIAN_POINT('',(220.98,172.72,10.16));
#5944 = DIRECTION('',(1.,6.070773319254E-17,-0.));
#5945 = DIRECTION('',(-6.070773319254E-17,1.,0.));
#5946 = ADVANCED_FACE('',(#5947),#5954,.F.);
#5947 = FACE_BOUND('',#5948,.F.);
#5948 = EDGE_LOOP('',(#5949,#5950,#5951,#5952,#5953));
#5949 = ORIENTED_EDGE('',*,*,#4198,.T.);
#5950 = ORIENTED_EDGE('',*,*,#5929,.T.);
#5951 = ORIENTED_EDGE('',*,*,#1828,.F.);
#5952 = ORIENTED_EDGE('',*,*,#5936,.F.);
#5953 = ORIENTED_EDGE('',*,*,#4216,.T.);
#5954 = CYLINDRICAL_SURFACE('',#5955,2.54);
#5955 = AXIS2_PLACEMENT_3D('',#5956,#5957,#5958);
#5956 = CARTESIAN_POINT('',(220.98,172.72,10.16));
#5957 = DIRECTION('',(1.,6.070773319254E-17,-0.));
#5958 = DIRECTION('',(-6.070773319254E-17,1.,0.));
#5959 = ADVANCED_FACE('',(#5960),#5976,.F.);
#5960 = FACE_BOUND('',#5961,.F.);
#5961 = EDGE_LOOP('',(#5962,#5963,#5969,#5970));
#5962 = ORIENTED_EDGE('',*,*,#1837,.F.);
#5963 = ORIENTED_EDGE('',*,*,#5964,.F.);
#5964 = EDGE_CURVE('',#3562,#1838,#5965,.T.);
#5965 = LINE('',#5966,#5967);
#5966 = CARTESIAN_POINT('',(220.98,175.26,20.32));
#5967 = VECTOR('',#5968,1.);
#5968 = DIRECTION('',(1.,6.070773319254E-17,-0.));
#5969 = ORIENTED_EDGE('',*,*,#3561,.T.);
#5970 = ORIENTED_EDGE('',*,*,#5971,.T.);
#5971 = EDGE_CURVE('',#3564,#1840,#5972,.T.);
#5972 = LINE('',#5973,#5974);
#5973 = CARTESIAN_POINT('',(220.98,170.18,20.32));
#5974 = VECTOR('',#5975,1.);
#5975 = DIRECTION('',(1.,6.070773319254E-17,-0.));
#5976 = CYLINDRICAL_SURFACE('',#5977,2.54);
#5977 = AXIS2_PLACEMENT_3D('',#5978,#5979,#5980);
#5978 = CARTESIAN_POINT('',(220.98,172.72,20.32));
#5979 = DIRECTION('',(1.,6.070773319254E-17,-0.));
#5980 = DIRECTION('',(-6.070773319254E-17,1.,0.));
#5981 = ADVANCED_FACE('',(#5982),#5988,.F.);
#5982 = FACE_BOUND('',#5983,.F.);
#5983 = EDGE_LOOP('',(#5984,#5985,#5986,#5987));
#5984 = ORIENTED_EDGE('',*,*,#5964,.T.);
#5985 = ORIENTED_EDGE('',*,*,#1848,.F.);
#5986 = ORIENTED_EDGE('',*,*,#5971,.F.);
#5987 = ORIENTED_EDGE('',*,*,#3572,.T.);
#5988 = CYLINDRICAL_SURFACE('',#5989,2.54);
#5989 = AXIS2_PLACEMENT_3D('',#5990,#5991,#5992);
#5990 = CARTESIAN_POINT('',(220.98,172.72,20.32));
#5991 = DIRECTION('',(1.,6.070773319254E-17,-0.));
#5992 = DIRECTION('',(-6.070773319254E-17,1.,0.));
#5993 = ADVANCED_FACE('',(#5994),#6010,.F.);
#5994 = FACE_BOUND('',#5995,.F.);
#5995 = EDGE_LOOP('',(#5996,#5997,#6003,#6004));
#5996 = ORIENTED_EDGE('',*,*,#1857,.F.);
#5997 = ORIENTED_EDGE('',*,*,#5998,.F.);
#5998 = EDGE_CURVE('',#4145,#1858,#5999,.T.);
#5999 = LINE('',#6000,#6001);
#6000 = CARTESIAN_POINT('',(220.98,195.58,10.16));
#6001 = VECTOR('',#6002,1.);
#6002 = DIRECTION('',(1.,6.070773319254E-17,-0.));
#6003 = ORIENTED_EDGE('',*,*,#4153,.T.);
#6004 = ORIENTED_EDGE('',*,*,#6005,.T.);
#6005 = EDGE_CURVE('',#4154,#1860,#6006,.T.);
#6006 = LINE('',#6007,#6008);
#6007 = CARTESIAN_POINT('',(220.98,190.5,10.16));
#6008 = VECTOR('',#6009,1.);
#6009 = DIRECTION('',(1.,6.070773319254E-17,-0.));
#6010 = CYLINDRICAL_SURFACE('',#6011,2.54);
#6011 = AXIS2_PLACEMENT_3D('',#6012,#6013,#6014);
#6012 = CARTESIAN_POINT('',(220.98,193.04,10.16));
#6013 = DIRECTION('',(1.,6.070773319254E-17,-0.));
#6014 = DIRECTION('',(-6.070773319254E-17,1.,0.));
#6015 = ADVANCED_FACE('',(#6016),#6023,.F.);
#6016 = FACE_BOUND('',#6017,.F.);
#6017 = EDGE_LOOP('',(#6018,#6019,#6020,#6021,#6022));
#6018 = ORIENTED_EDGE('',*,*,#4144,.T.);
#6019 = ORIENTED_EDGE('',*,*,#5998,.T.);
#6020 = ORIENTED_EDGE('',*,*,#1868,.F.);
#6021 = ORIENTED_EDGE('',*,*,#6005,.F.);
#6022 = ORIENTED_EDGE('',*,*,#4162,.T.);
#6023 = CYLINDRICAL_SURFACE('',#6024,2.54);
#6024 = AXIS2_PLACEMENT_3D('',#6025,#6026,#6027);
#6025 = CARTESIAN_POINT('',(220.98,193.04,10.16));
#6026 = DIRECTION('',(1.,6.070773319254E-17,-0.));
#6027 = DIRECTION('',(-6.070773319254E-17,1.,0.));
#6028 = ADVANCED_FACE('',(#6029),#6045,.F.);
#6029 = FACE_BOUND('',#6030,.F.);
#6030 = EDGE_LOOP('',(#6031,#6032,#6038,#6039));
#6031 = ORIENTED_EDGE('',*,*,#1877,.F.);
#6032 = ORIENTED_EDGE('',*,*,#6033,.F.);
#6033 = EDGE_CURVE('',#3582,#1878,#6034,.T.);
#6034 = LINE('',#6035,#6036);
#6035 = CARTESIAN_POINT('',(220.98,195.58,20.32));
#6036 = VECTOR('',#6037,1.);
#6037 = DIRECTION('',(1.,6.070773319254E-17,-0.));
#6038 = ORIENTED_EDGE('',*,*,#3581,.T.);
#6039 = ORIENTED_EDGE('',*,*,#6040,.T.);
#6040 = EDGE_CURVE('',#3584,#1880,#6041,.T.);
#6041 = LINE('',#6042,#6043);
#6042 = CARTESIAN_POINT('',(220.98,190.5,20.32));
#6043 = VECTOR('',#6044,1.);
#6044 = DIRECTION('',(1.,6.070773319254E-17,-0.));
#6045 = CYLINDRICAL_SURFACE('',#6046,2.54);
#6046 = AXIS2_PLACEMENT_3D('',#6047,#6048,#6049);
#6047 = CARTESIAN_POINT('',(220.98,193.04,20.32));
#6048 = DIRECTION('',(1.,6.070773319254E-17,-0.));
#6049 = DIRECTION('',(-6.070773319254E-17,1.,0.));
#6050 = ADVANCED_FACE('',(#6051),#6057,.F.);
#6051 = FACE_BOUND('',#6052,.F.);
#6052 = EDGE_LOOP('',(#6053,#6054,#6055,#6056));
#6053 = ORIENTED_EDGE('',*,*,#6033,.T.);
#6054 = ORIENTED_EDGE('',*,*,#1888,.F.);
#6055 = ORIENTED_EDGE('',*,*,#6040,.F.);
#6056 = ORIENTED_EDGE('',*,*,#3592,.T.);
#6057 = CYLINDRICAL_SURFACE('',#6058,2.54);
#6058 = AXIS2_PLACEMENT_3D('',#6059,#6060,#6061);
#6059 = CARTESIAN_POINT('',(220.98,193.04,20.32));
#6060 = DIRECTION('',(1.,6.070773319254E-17,-0.));
#6061 = DIRECTION('',(-6.070773319254E-17,1.,0.));
#6062 = ADVANCED_FACE('',(#6063),#6079,.F.);
#6063 = FACE_BOUND('',#6064,.F.);
#6064 = EDGE_LOOP('',(#6065,#6066,#6072,#6073));
#6065 = ORIENTED_EDGE('',*,*,#1897,.F.);
#6066 = ORIENTED_EDGE('',*,*,#6067,.F.);
#6067 = EDGE_CURVE('',#3602,#1898,#6068,.T.);
#6068 = LINE('',#6069,#6070);
#6069 = CARTESIAN_POINT('',(220.98,185.42,20.32));
#6070 = VECTOR('',#6071,1.);
#6071 = DIRECTION('',(1.,6.070773319254E-17,-0.));
#6072 = ORIENTED_EDGE('',*,*,#3601,.T.);
#6073 = ORIENTED_EDGE('',*,*,#6074,.T.);
#6074 = EDGE_CURVE('',#3604,#1900,#6075,.T.);
#6075 = LINE('',#6076,#6077);
#6076 = CARTESIAN_POINT('',(220.98,180.34,20.32));
#6077 = VECTOR('',#6078,1.);
#6078 = DIRECTION('',(1.,6.070773319254E-17,-0.));
#6079 = CYLINDRICAL_SURFACE('',#6080,2.54);
#6080 = AXIS2_PLACEMENT_3D('',#6081,#6082,#6083);
#6081 = CARTESIAN_POINT('',(220.98,182.88,20.32));
#6082 = DIRECTION('',(1.,6.070773319254E-17,-0.));
#6083 = DIRECTION('',(-6.070773319254E-17,1.,0.));
#6084 = ADVANCED_FACE('',(#6085),#6091,.F.);
#6085 = FACE_BOUND('',#6086,.F.);
#6086 = EDGE_LOOP('',(#6087,#6088,#6089,#6090));
#6087 = ORIENTED_EDGE('',*,*,#6067,.T.);
#6088 = ORIENTED_EDGE('',*,*,#1908,.F.);
#6089 = ORIENTED_EDGE('',*,*,#6074,.F.);
#6090 = ORIENTED_EDGE('',*,*,#3612,.T.);
#6091 = CYLINDRICAL_SURFACE('',#6092,2.54);
#6092 = AXIS2_PLACEMENT_3D('',#6093,#6094,#6095);
#6093 = CARTESIAN_POINT('',(220.98,182.88,20.32));
#6094 = DIRECTION('',(1.,6.070773319254E-17,-0.));
#6095 = DIRECTION('',(-6.070773319254E-17,1.,0.));
#6096 = ADVANCED_FACE('',(#6097),#6113,.F.);
#6097 = FACE_BOUND('',#6098,.F.);
#6098 = EDGE_LOOP('',(#6099,#6100,#6106,#6107));
#6099 = ORIENTED_EDGE('',*,*,#1917,.F.);
#6100 = ORIENTED_EDGE('',*,*,#6101,.F.);
#6101 = EDGE_CURVE('',#3622,#1918,#6102,.T.);
#6102 = LINE('',#6103,#6104);
#6103 = CARTESIAN_POINT('',(220.98,185.42,30.48));
#6104 = VECTOR('',#6105,1.);
#6105 = DIRECTION('',(1.,6.070773319254E-17,-0.));
#6106 = ORIENTED_EDGE('',*,*,#3621,.T.);
#6107 = ORIENTED_EDGE('',*,*,#6108,.T.);
#6108 = EDGE_CURVE('',#3624,#1920,#6109,.T.);
#6109 = LINE('',#6110,#6111);
#6110 = CARTESIAN_POINT('',(220.98,180.34,30.48));
#6111 = VECTOR('',#6112,1.);
#6112 = DIRECTION('',(1.,6.070773319254E-17,-0.));
#6113 = CYLINDRICAL_SURFACE('',#6114,2.54);
#6114 = AXIS2_PLACEMENT_3D('',#6115,#6116,#6117);
#6115 = CARTESIAN_POINT('',(220.98,182.88,30.48));
#6116 = DIRECTION('',(1.,6.070773319254E-17,-0.));
#6117 = DIRECTION('',(-6.070773319254E-17,1.,0.));
#6118 = ADVANCED_FACE('',(#6119),#6125,.F.);
#6119 = FACE_BOUND('',#6120,.F.);
#6120 = EDGE_LOOP('',(#6121,#6122,#6123,#6124));
#6121 = ORIENTED_EDGE('',*,*,#6101,.T.);
#6122 = ORIENTED_EDGE('',*,*,#1928,.F.);
#6123 = ORIENTED_EDGE('',*,*,#6108,.F.);
#6124 = ORIENTED_EDGE('',*,*,#3632,.T.);
#6125 = CYLINDRICAL_SURFACE('',#6126,2.54);
#6126 = AXIS2_PLACEMENT_3D('',#6127,#6128,#6129);
#6127 = CARTESIAN_POINT('',(220.98,182.88,30.48));
#6128 = DIRECTION('',(1.,6.070773319254E-17,-0.));
#6129 = DIRECTION('',(-6.070773319254E-17,1.,0.));
#6130 = ADVANCED_FACE('',(#6131),#6147,.F.);
#6131 = FACE_BOUND('',#6132,.F.);
#6132 = EDGE_LOOP('',(#6133,#6134,#6140,#6141));
#6133 = ORIENTED_EDGE('',*,*,#1937,.F.);
#6134 = ORIENTED_EDGE('',*,*,#6135,.F.);
#6135 = EDGE_CURVE('',#3929,#1938,#6136,.T.);
#6136 = LINE('',#6137,#6138);
#6137 = CARTESIAN_POINT('',(220.98,53.34,10.159999999998));
#6138 = VECTOR('',#6139,1.);
#6139 = DIRECTION('',(1.,6.070773319254E-17,-0.));
#6140 = ORIENTED_EDGE('',*,*,#3937,.T.);
#6141 = ORIENTED_EDGE('',*,*,#6142,.T.);
#6142 = EDGE_CURVE('',#3938,#1940,#6143,.T.);
#6143 = LINE('',#6144,#6145);
#6144 = CARTESIAN_POINT('',(220.98,48.26,10.159999999998));
#6145 = VECTOR('',#6146,1.);
#6146 = DIRECTION('',(1.,6.070773319254E-17,-0.));
#6147 = CYLINDRICAL_SURFACE('',#6148,2.54);
#6148 = AXIS2_PLACEMENT_3D('',#6149,#6150,#6151);
#6149 = CARTESIAN_POINT('',(220.98,50.8,10.159999999998));
#6150 = DIRECTION('',(1.,6.070773319254E-17,-0.));
#6151 = DIRECTION('',(-6.070773319254E-17,1.,0.));
#6152 = ADVANCED_FACE('',(#6153),#6160,.F.);
#6153 = FACE_BOUND('',#6154,.F.);
#6154 = EDGE_LOOP('',(#6155,#6156,#6157,#6158,#6159));
#6155 = ORIENTED_EDGE('',*,*,#3928,.T.);
#6156 = ORIENTED_EDGE('',*,*,#6135,.T.);
#6157 = ORIENTED_EDGE('',*,*,#1948,.F.);
#6158 = ORIENTED_EDGE('',*,*,#6142,.F.);
#6159 = ORIENTED_EDGE('',*,*,#3946,.T.);
#6160 = CYLINDRICAL_SURFACE('',#6161,2.54);
#6161 = AXIS2_PLACEMENT_3D('',#6162,#6163,#6164);
#6162 = CARTESIAN_POINT('',(220.98,50.8,10.159999999998));
#6163 = DIRECTION('',(1.,6.070773319254E-17,-0.));
#6164 = DIRECTION('',(-6.070773319254E-17,1.,0.));
#6165 = ADVANCED_FACE('',(#6166),#6182,.F.);
#6166 = FACE_BOUND('',#6167,.F.);
#6167 = EDGE_LOOP('',(#6168,#6169,#6175,#6176));
#6168 = ORIENTED_EDGE('',*,*,#1957,.F.);
#6169 = ORIENTED_EDGE('',*,*,#6170,.F.);
#6170 = EDGE_CURVE('',#3642,#1958,#6171,.T.);
#6171 = LINE('',#6172,#6173);
#6172 = CARTESIAN_POINT('',(220.98,53.34,20.319999999998));
#6173 = VECTOR('',#6174,1.);
#6174 = DIRECTION('',(1.,6.070773319254E-17,-0.));
#6175 = ORIENTED_EDGE('',*,*,#3641,.T.);
#6176 = ORIENTED_EDGE('',*,*,#6177,.T.);
#6177 = EDGE_CURVE('',#3644,#1960,#6178,.T.);
#6178 = LINE('',#6179,#6180);
#6179 = CARTESIAN_POINT('',(220.98,48.26,20.319999999998));
#6180 = VECTOR('',#6181,1.);
#6181 = DIRECTION('',(1.,6.070773319254E-17,-0.));
#6182 = CYLINDRICAL_SURFACE('',#6183,2.54);
#6183 = AXIS2_PLACEMENT_3D('',#6184,#6185,#6186);
#6184 = CARTESIAN_POINT('',(220.98,50.8,20.319999999998));
#6185 = DIRECTION('',(1.,6.070773319254E-17,-0.));
#6186 = DIRECTION('',(-6.070773319254E-17,1.,0.));
#6187 = ADVANCED_FACE('',(#6188),#6194,.F.);
#6188 = FACE_BOUND('',#6189,.F.);
#6189 = EDGE_LOOP('',(#6190,#6191,#6192,#6193));
#6190 = ORIENTED_EDGE('',*,*,#6170,.T.);
#6191 = ORIENTED_EDGE('',*,*,#1968,.F.);
#6192 = ORIENTED_EDGE('',*,*,#6177,.F.);
#6193 = ORIENTED_EDGE('',*,*,#3652,.T.);
#6194 = CYLINDRICAL_SURFACE('',#6195,2.54);
#6195 = AXIS2_PLACEMENT_3D('',#6196,#6197,#6198);
#6196 = CARTESIAN_POINT('',(220.98,50.8,20.319999999998));
#6197 = DIRECTION('',(1.,6.070773319254E-17,-0.));
#6198 = DIRECTION('',(-6.070773319254E-17,1.,0.));
#6199 = ADVANCED_FACE('',(#6200),#6216,.F.);
#6200 = FACE_BOUND('',#6201,.F.);
#6201 = EDGE_LOOP('',(#6202,#6203,#6209,#6210));
#6202 = ORIENTED_EDGE('',*,*,#1977,.F.);
#6203 = ORIENTED_EDGE('',*,*,#6204,.F.);
#6204 = EDGE_CURVE('',#3662,#1978,#6205,.T.);
#6205 = LINE('',#6206,#6207);
#6206 = CARTESIAN_POINT('',(220.98,114.3,30.479999999999));
#6207 = VECTOR('',#6208,1.);
#6208 = DIRECTION('',(1.,6.070773319254E-17,-0.));
#6209 = ORIENTED_EDGE('',*,*,#3661,.T.);
#6210 = ORIENTED_EDGE('',*,*,#6211,.T.);
#6211 = EDGE_CURVE('',#3664,#1980,#6212,.T.);
#6212 = LINE('',#6213,#6214);
#6213 = CARTESIAN_POINT('',(220.98,109.22,30.479999999999));
#6214 = VECTOR('',#6215,1.);
#6215 = DIRECTION('',(1.,6.070773319254E-17,-0.));
#6216 = CYLINDRICAL_SURFACE('',#6217,2.54);
#6217 = AXIS2_PLACEMENT_3D('',#6218,#6219,#6220);
#6218 = CARTESIAN_POINT('',(220.98,111.76,30.479999999999));
#6219 = DIRECTION('',(1.,6.070773319254E-17,-0.));
#6220 = DIRECTION('',(-6.070773319254E-17,1.,0.));
#6221 = ADVANCED_FACE('',(#6222),#6228,.F.);
#6222 = FACE_BOUND('',#6223,.F.);
#6223 = EDGE_LOOP('',(#6224,#6225,#6226,#6227));
#6224 = ORIENTED_EDGE('',*,*,#6204,.T.);
#6225 = ORIENTED_EDGE('',*,*,#1988,.F.);
#6226 = ORIENTED_EDGE('',*,*,#6211,.F.);
#6227 = ORIENTED_EDGE('',*,*,#3672,.T.);
#6228 = CYLINDRICAL_SURFACE('',#6229,2.54);
#6229 = AXIS2_PLACEMENT_3D('',#6230,#6231,#6232);
#6230 = CARTESIAN_POINT('',(220.98,111.76,30.479999999999));
#6231 = DIRECTION('',(1.,6.070773319254E-17,-0.));
#6232 = DIRECTION('',(-6.070773319254E-17,1.,0.));
#6233 = ADVANCED_FACE('',(#6234),#6250,.F.);
#6234 = FACE_BOUND('',#6235,.F.);
#6235 = EDGE_LOOP('',(#6236,#6237,#6243,#6244));
#6236 = ORIENTED_EDGE('',*,*,#1997,.F.);
#6237 = ORIENTED_EDGE('',*,*,#6238,.F.);
#6238 = EDGE_CURVE('',#3682,#1998,#6239,.T.);
#6239 = LINE('',#6240,#6241);
#6240 = CARTESIAN_POINT('',(220.98,124.46,30.479999999999));
#6241 = VECTOR('',#6242,1.);
#6242 = DIRECTION('',(1.,6.070773319254E-17,-0.));
#6243 = ORIENTED_EDGE('',*,*,#3681,.T.);
#6244 = ORIENTED_EDGE('',*,*,#6245,.T.);
#6245 = EDGE_CURVE('',#3684,#2000,#6246,.T.);
#6246 = LINE('',#6247,#6248);
#6247 = CARTESIAN_POINT('',(220.98,119.38,30.479999999999));
#6248 = VECTOR('',#6249,1.);
#6249 = DIRECTION('',(1.,6.070773319254E-17,-0.));
#6250 = CYLINDRICAL_SURFACE('',#6251,2.54);
#6251 = AXIS2_PLACEMENT_3D('',#6252,#6253,#6254);
#6252 = CARTESIAN_POINT('',(220.98,121.92,30.479999999999));
#6253 = DIRECTION('',(1.,6.070773319254E-17,-0.));
#6254 = DIRECTION('',(-6.070773319254E-17,1.,0.));
#6255 = ADVANCED_FACE('',(#6256),#6262,.F.);
#6256 = FACE_BOUND('',#6257,.F.);
#6257 = EDGE_LOOP('',(#6258,#6259,#6260,#6261));
#6258 = ORIENTED_EDGE('',*,*,#6238,.T.);
#6259 = ORIENTED_EDGE('',*,*,#2008,.F.);
#6260 = ORIENTED_EDGE('',*,*,#6245,.F.);
#6261 = ORIENTED_EDGE('',*,*,#3692,.T.);
#6262 = CYLINDRICAL_SURFACE('',#6263,2.54);
#6263 = AXIS2_PLACEMENT_3D('',#6264,#6265,#6266);
#6264 = CARTESIAN_POINT('',(220.98,121.92,30.479999999999));
#6265 = DIRECTION('',(1.,6.070773319254E-17,-0.));
#6266 = DIRECTION('',(-6.070773319254E-17,1.,0.));
#6267 = ADVANCED_FACE('',(#6268),#6284,.F.);
#6268 = FACE_BOUND('',#6269,.F.);
#6269 = EDGE_LOOP('',(#6270,#6271,#6277,#6278));
#6270 = ORIENTED_EDGE('',*,*,#2017,.F.);
#6271 = ORIENTED_EDGE('',*,*,#6272,.F.);
#6272 = EDGE_CURVE('',#3702,#2018,#6273,.T.);
#6273 = LINE('',#6274,#6275);
#6274 = CARTESIAN_POINT('',(220.98,165.1,20.319999999999));
#6275 = VECTOR('',#6276,1.);
#6276 = DIRECTION('',(1.,6.070773319254E-17,-0.));
#6277 = ORIENTED_EDGE('',*,*,#3701,.T.);
#6278 = ORIENTED_EDGE('',*,*,#6279,.T.);
#6279 = EDGE_CURVE('',#3704,#2020,#6280,.T.);
#6280 = LINE('',#6281,#6282);
#6281 = CARTESIAN_POINT('',(220.98,160.02,20.319999999999));
#6282 = VECTOR('',#6283,1.);
#6283 = DIRECTION('',(1.,6.070773319254E-17,-0.));
#6284 = CYLINDRICAL_SURFACE('',#6285,2.54);
#6285 = AXIS2_PLACEMENT_3D('',#6286,#6287,#6288);
#6286 = CARTESIAN_POINT('',(220.98,162.56,20.319999999999));
#6287 = DIRECTION('',(1.,6.070773319254E-17,-0.));
#6288 = DIRECTION('',(-6.070773319254E-17,1.,0.));
#6289 = ADVANCED_FACE('',(#6290),#6296,.F.);
#6290 = FACE_BOUND('',#6291,.F.);
#6291 = EDGE_LOOP('',(#6292,#6293,#6294,#6295));
#6292 = ORIENTED_EDGE('',*,*,#6272,.T.);
#6293 = ORIENTED_EDGE('',*,*,#2028,.F.);
#6294 = ORIENTED_EDGE('',*,*,#6279,.F.);
#6295 = ORIENTED_EDGE('',*,*,#3712,.T.);
#6296 = CYLINDRICAL_SURFACE('',#6297,2.54);
#6297 = AXIS2_PLACEMENT_3D('',#6298,#6299,#6300);
#6298 = CARTESIAN_POINT('',(220.98,162.56,20.319999999999));
#6299 = DIRECTION('',(1.,6.070773319254E-17,-0.));
#6300 = DIRECTION('',(-6.070773319254E-17,1.,0.));
#6301 = ADVANCED_FACE('',(#6302),#6318,.F.);
#6302 = FACE_BOUND('',#6303,.F.);
#6303 = EDGE_LOOP('',(#6304,#6305,#6311,#6312));
#6304 = ORIENTED_EDGE('',*,*,#2037,.F.);
#6305 = ORIENTED_EDGE('',*,*,#6306,.F.);
#6306 = EDGE_CURVE('',#3722,#2038,#6307,.T.);
#6307 = LINE('',#6308,#6309);
#6308 = CARTESIAN_POINT('',(220.98,165.1,30.479999999999));
#6309 = VECTOR('',#6310,1.);
#6310 = DIRECTION('',(1.,6.070773319254E-17,-0.));
#6311 = ORIENTED_EDGE('',*,*,#3721,.T.);
#6312 = ORIENTED_EDGE('',*,*,#6313,.T.);
#6313 = EDGE_CURVE('',#3724,#2040,#6314,.T.);
#6314 = LINE('',#6315,#6316);
#6315 = CARTESIAN_POINT('',(220.98,160.02,30.479999999999));
#6316 = VECTOR('',#6317,1.);
#6317 = DIRECTION('',(1.,6.070773319254E-17,-0.));
#6318 = CYLINDRICAL_SURFACE('',#6319,2.54);
#6319 = AXIS2_PLACEMENT_3D('',#6320,#6321,#6322);
#6320 = CARTESIAN_POINT('',(220.98,162.56,30.479999999999));
#6321 = DIRECTION('',(1.,6.070773319254E-17,-0.));
#6322 = DIRECTION('',(-6.070773319254E-17,1.,0.));
#6323 = ADVANCED_FACE('',(#6324),#6330,.F.);
#6324 = FACE_BOUND('',#6325,.F.);
#6325 = EDGE_LOOP('',(#6326,#6327,#6328,#6329));
#6326 = ORIENTED_EDGE('',*,*,#6306,.T.);
#6327 = ORIENTED_EDGE('',*,*,#2048,.F.);
#6328 = ORIENTED_EDGE('',*,*,#6313,.F.);
#6329 = ORIENTED_EDGE('',*,*,#3732,.T.);
#6330 = CYLINDRICAL_SURFACE('',#6331,2.54);
#6331 = AXIS2_PLACEMENT_3D('',#6332,#6333,#6334);
#6332 = CARTESIAN_POINT('',(220.98,162.56,30.479999999999));
#6333 = DIRECTION('',(1.,6.070773319254E-17,-0.));
#6334 = DIRECTION('',(-6.070773319254E-17,1.,0.));
#6335 = ADVANCED_FACE('',(#6336),#6352,.F.);
#6336 = FACE_BOUND('',#6337,.F.);
#6337 = EDGE_LOOP('',(#6338,#6339,#6345,#6346));
#6338 = ORIENTED_EDGE('',*,*,#2057,.F.);
#6339 = ORIENTED_EDGE('',*,*,#6340,.F.);
#6340 = EDGE_CURVE('',#3742,#2058,#6341,.T.);
#6341 = LINE('',#6342,#6343);
#6342 = CARTESIAN_POINT('',(220.98,154.94,30.479999999999));
#6343 = VECTOR('',#6344,1.);
#6344 = DIRECTION('',(1.,6.070773319254E-17,-0.));
#6345 = ORIENTED_EDGE('',*,*,#3741,.T.);
#6346 = ORIENTED_EDGE('',*,*,#6347,.T.);
#6347 = EDGE_CURVE('',#3744,#2060,#6348,.T.);
#6348 = LINE('',#6349,#6350);
#6349 = CARTESIAN_POINT('',(220.98,149.86,30.479999999999));
#6350 = VECTOR('',#6351,1.);
#6351 = DIRECTION('',(1.,6.070773319254E-17,-0.));
#6352 = CYLINDRICAL_SURFACE('',#6353,2.54);
#6353 = AXIS2_PLACEMENT_3D('',#6354,#6355,#6356);
#6354 = CARTESIAN_POINT('',(220.98,152.4,30.479999999999));
#6355 = DIRECTION('',(1.,6.070773319254E-17,-0.));
#6356 = DIRECTION('',(-6.070773319254E-17,1.,0.));
#6357 = ADVANCED_FACE('',(#6358),#6364,.F.);
#6358 = FACE_BOUND('',#6359,.F.);
#6359 = EDGE_LOOP('',(#6360,#6361,#6362,#6363));
#6360 = ORIENTED_EDGE('',*,*,#6340,.T.);
#6361 = ORIENTED_EDGE('',*,*,#2068,.F.);
#6362 = ORIENTED_EDGE('',*,*,#6347,.F.);
#6363 = ORIENTED_EDGE('',*,*,#3752,.T.);
#6364 = CYLINDRICAL_SURFACE('',#6365,2.54);
#6365 = AXIS2_PLACEMENT_3D('',#6366,#6367,#6368);
#6366 = CARTESIAN_POINT('',(220.98,152.4,30.479999999999));
#6367 = DIRECTION('',(1.,6.070773319254E-17,-0.));
#6368 = DIRECTION('',(-6.070773319254E-17,1.,0.));
#6369 = ADVANCED_FACE('',(#6370),#6386,.F.);
#6370 = FACE_BOUND('',#6371,.F.);
#6371 = EDGE_LOOP('',(#6372,#6373,#6379,#6380));
#6372 = ORIENTED_EDGE('',*,*,#2077,.F.);
#6373 = ORIENTED_EDGE('',*,*,#6374,.F.);
#6374 = EDGE_CURVE('',#4226,#2078,#6375,.T.);
#6375 = LINE('',#6376,#6377);
#6376 = CARTESIAN_POINT('',(220.98,165.1,10.159999999999));
#6377 = VECTOR('',#6378,1.);
#6378 = DIRECTION('',(1.,6.070773319254E-17,-0.));
#6379 = ORIENTED_EDGE('',*,*,#4234,.T.);
#6380 = ORIENTED_EDGE('',*,*,#6381,.T.);
#6381 = EDGE_CURVE('',#4235,#2080,#6382,.T.);
#6382 = LINE('',#6383,#6384);
#6383 = CARTESIAN_POINT('',(220.98,160.02,10.159999999999));
#6384 = VECTOR('',#6385,1.);
#6385 = DIRECTION('',(1.,6.070773319254E-17,-0.));
#6386 = CYLINDRICAL_SURFACE('',#6387,2.54);
#6387 = AXIS2_PLACEMENT_3D('',#6388,#6389,#6390);
#6388 = CARTESIAN_POINT('',(220.98,162.56,10.159999999999));
#6389 = DIRECTION('',(1.,6.070773319254E-17,-0.));
#6390 = DIRECTION('',(-6.070773319254E-17,1.,0.));
#6391 = ADVANCED_FACE('',(#6392),#6399,.F.);
#6392 = FACE_BOUND('',#6393,.F.);
#6393 = EDGE_LOOP('',(#6394,#6395,#6396,#6397,#6398));
#6394 = ORIENTED_EDGE('',*,*,#4225,.T.);
#6395 = ORIENTED_EDGE('',*,*,#6374,.T.);
#6396 = ORIENTED_EDGE('',*,*,#2088,.F.);
#6397 = ORIENTED_EDGE('',*,*,#6381,.F.);
#6398 = ORIENTED_EDGE('',*,*,#4243,.T.);
#6399 = CYLINDRICAL_SURFACE('',#6400,2.54);
#6400 = AXIS2_PLACEMENT_3D('',#6401,#6402,#6403);
#6401 = CARTESIAN_POINT('',(220.98,162.56,10.159999999999));
#6402 = DIRECTION('',(1.,6.070773319254E-17,-0.));
#6403 = DIRECTION('',(-6.070773319254E-17,1.,0.));
#6404 = ADVANCED_FACE('',(#6405),#6421,.F.);
#6405 = FACE_BOUND('',#6406,.F.);
#6406 = EDGE_LOOP('',(#6407,#6408,#6414,#6415));
#6407 = ORIENTED_EDGE('',*,*,#2097,.F.);
#6408 = ORIENTED_EDGE('',*,*,#6409,.F.);
#6409 = EDGE_CURVE('',#3762,#2098,#6410,.T.);
#6410 = LINE('',#6411,#6412);
#6411 = CARTESIAN_POINT('',(220.98,73.66,30.479999999999));
#6412 = VECTOR('',#6413,1.);
#6413 = DIRECTION('',(1.,6.070773319254E-17,-0.));
#6414 = ORIENTED_EDGE('',*,*,#3761,.T.);
#6415 = ORIENTED_EDGE('',*,*,#6416,.T.);
#6416 = EDGE_CURVE('',#3764,#2100,#6417,.T.);
#6417 = LINE('',#6418,#6419);
#6418 = CARTESIAN_POINT('',(220.98,68.58,30.479999999999));
#6419 = VECTOR('',#6420,1.);
#6420 = DIRECTION('',(1.,6.070773319254E-17,-0.));
#6421 = CYLINDRICAL_SURFACE('',#6422,2.54);
#6422 = AXIS2_PLACEMENT_3D('',#6423,#6424,#6425);
#6423 = CARTESIAN_POINT('',(220.98,71.12,30.479999999999));
#6424 = DIRECTION('',(1.,6.070773319254E-17,-0.));
#6425 = DIRECTION('',(-6.070773319254E-17,1.,0.));
#6426 = ADVANCED_FACE('',(#6427),#6433,.F.);
#6427 = FACE_BOUND('',#6428,.F.);
#6428 = EDGE_LOOP('',(#6429,#6430,#6431,#6432));
#6429 = ORIENTED_EDGE('',*,*,#6409,.T.);
#6430 = ORIENTED_EDGE('',*,*,#2108,.F.);
#6431 = ORIENTED_EDGE('',*,*,#6416,.F.);
#6432 = ORIENTED_EDGE('',*,*,#3772,.T.);
#6433 = CYLINDRICAL_SURFACE('',#6434,2.54);
#6434 = AXIS2_PLACEMENT_3D('',#6435,#6436,#6437);
#6435 = CARTESIAN_POINT('',(220.98,71.12,30.479999999999));
#6436 = DIRECTION('',(1.,6.070773319254E-17,-0.));
#6437 = DIRECTION('',(-6.070773319254E-17,1.,0.));
#6438 = ADVANCED_FACE('',(#6439),#6455,.F.);
#6439 = FACE_BOUND('',#6440,.F.);
#6440 = EDGE_LOOP('',(#6441,#6442,#6448,#6449));
#6441 = ORIENTED_EDGE('',*,*,#2117,.F.);
#6442 = ORIENTED_EDGE('',*,*,#6443,.F.);
#6443 = EDGE_CURVE('',#4253,#2118,#6444,.T.);
#6444 = LINE('',#6445,#6446);
#6445 = CARTESIAN_POINT('',(220.98,83.82,10.159999999999));
#6446 = VECTOR('',#6447,1.);
#6447 = DIRECTION('',(1.,6.070773319254E-17,-0.));
#6448 = ORIENTED_EDGE('',*,*,#4261,.T.);
#6449 = ORIENTED_EDGE('',*,*,#6450,.T.);
#6450 = EDGE_CURVE('',#4262,#2120,#6451,.T.);
#6451 = LINE('',#6452,#6453);
#6452 = CARTESIAN_POINT('',(220.98,78.74,10.159999999999));
#6453 = VECTOR('',#6454,1.);
#6454 = DIRECTION('',(1.,6.070773319254E-17,-0.));
#6455 = CYLINDRICAL_SURFACE('',#6456,2.54);
#6456 = AXIS2_PLACEMENT_3D('',#6457,#6458,#6459);
#6457 = CARTESIAN_POINT('',(220.98,81.28,10.159999999999));
#6458 = DIRECTION('',(1.,6.070773319254E-17,-0.));
#6459 = DIRECTION('',(-6.070773319254E-17,1.,0.));
#6460 = ADVANCED_FACE('',(#6461),#6468,.F.);
#6461 = FACE_BOUND('',#6462,.F.);
#6462 = EDGE_LOOP('',(#6463,#6464,#6465,#6466,#6467));
#6463 = ORIENTED_EDGE('',*,*,#4252,.T.);
#6464 = ORIENTED_EDGE('',*,*,#6443,.T.);
#6465 = ORIENTED_EDGE('',*,*,#2128,.F.);
#6466 = ORIENTED_EDGE('',*,*,#6450,.F.);
#6467 = ORIENTED_EDGE('',*,*,#4270,.T.);
#6468 = CYLINDRICAL_SURFACE('',#6469,2.54);
#6469 = AXIS2_PLACEMENT_3D('',#6470,#6471,#6472);
#6470 = CARTESIAN_POINT('',(220.98,81.28,10.159999999999));
#6471 = DIRECTION('',(1.,6.070773319254E-17,-0.));
#6472 = DIRECTION('',(-6.070773319254E-17,1.,0.));
#6473 = ADVANCED_FACE('',(#6474),#6490,.F.);
#6474 = FACE_BOUND('',#6475,.F.);
#6475 = EDGE_LOOP('',(#6476,#6477,#6483,#6484));
#6476 = ORIENTED_EDGE('',*,*,#2137,.F.);
#6477 = ORIENTED_EDGE('',*,*,#6478,.F.);
#6478 = EDGE_CURVE('',#4055,#2138,#6479,.T.);
#6479 = LINE('',#6480,#6481);
#6480 = CARTESIAN_POINT('',(220.98,12.7,30.479999999998));
#6481 = VECTOR('',#6482,1.);
#6482 = DIRECTION('',(1.,6.070773319254E-17,-0.));
#6483 = ORIENTED_EDGE('',*,*,#4063,.T.);
#6484 = ORIENTED_EDGE('',*,*,#6485,.T.);
#6485 = EDGE_CURVE('',#1356,#2140,#6486,.T.);
#6486 = LINE('',#6487,#6488);
#6487 = CARTESIAN_POINT('',(220.98,7.62,30.479999999998));
#6488 = VECTOR('',#6489,1.);
#6489 = DIRECTION('',(1.,6.070773319254E-17,-0.));
#6490 = CYLINDRICAL_SURFACE('',#6491,2.54);
#6491 = AXIS2_PLACEMENT_3D('',#6492,#6493,#6494);
#6492 = CARTESIAN_POINT('',(220.98,10.16,30.479999999998));
#6493 = DIRECTION('',(1.,6.070773319254E-17,-0.));
#6494 = DIRECTION('',(-6.070773319254E-17,1.,0.));
#6495 = ADVANCED_FACE('',(#6496),#6502,.F.);
#6496 = FACE_BOUND('',#6497,.F.);
#6497 = EDGE_LOOP('',(#6498,#6499,#6500,#6501));
#6498 = ORIENTED_EDGE('',*,*,#6478,.T.);
#6499 = ORIENTED_EDGE('',*,*,#2148,.F.);
#6500 = ORIENTED_EDGE('',*,*,#6485,.F.);
#6501 = ORIENTED_EDGE('',*,*,#4054,.T.);
#6502 = CYLINDRICAL_SURFACE('',#6503,2.54);
#6503 = AXIS2_PLACEMENT_3D('',#6504,#6505,#6506);
#6504 = CARTESIAN_POINT('',(220.98,10.16,30.479999999998));
#6505 = DIRECTION('',(1.,6.070773319254E-17,-0.));
#6506 = DIRECTION('',(-6.070773319254E-17,1.,0.));
#6507 = ADVANCED_FACE('',(#6508),#6524,.F.);
#6508 = FACE_BOUND('',#6509,.F.);
#6509 = EDGE_LOOP('',(#6510,#6511,#6517,#6518));
#6510 = ORIENTED_EDGE('',*,*,#2157,.F.);
#6511 = ORIENTED_EDGE('',*,*,#6512,.F.);
#6512 = EDGE_CURVE('',#4010,#2158,#6513,.T.);
#6513 = LINE('',#6514,#6515);
#6514 = CARTESIAN_POINT('',(220.98,22.86,10.159999999998));
#6515 = VECTOR('',#6516,1.);
#6516 = DIRECTION('',(1.,6.070773319254E-17,-0.));
#6517 = ORIENTED_EDGE('',*,*,#4018,.T.);
#6518 = ORIENTED_EDGE('',*,*,#6519,.T.);
#6519 = EDGE_CURVE('',#4019,#2160,#6520,.T.);
#6520 = LINE('',#6521,#6522);
#6521 = CARTESIAN_POINT('',(220.98,17.78,10.159999999998));
#6522 = VECTOR('',#6523,1.);
#6523 = DIRECTION('',(1.,6.070773319254E-17,-0.));
#6524 = CYLINDRICAL_SURFACE('',#6525,2.54);
#6525 = AXIS2_PLACEMENT_3D('',#6526,#6527,#6528);
#6526 = CARTESIAN_POINT('',(220.98,20.32,10.159999999998));
#6527 = DIRECTION('',(1.,6.070773319254E-17,-0.));
#6528 = DIRECTION('',(-6.070773319254E-17,1.,0.));
#6529 = ADVANCED_FACE('',(#6530),#6537,.F.);
#6530 = FACE_BOUND('',#6531,.F.);
#6531 = EDGE_LOOP('',(#6532,#6533,#6534,#6535,#6536));
#6532 = ORIENTED_EDGE('',*,*,#4009,.T.);
#6533 = ORIENTED_EDGE('',*,*,#6512,.T.);
#6534 = ORIENTED_EDGE('',*,*,#2168,.F.);
#6535 = ORIENTED_EDGE('',*,*,#6519,.F.);
#6536 = ORIENTED_EDGE('',*,*,#4027,.T.);
#6537 = CYLINDRICAL_SURFACE('',#6538,2.54);
#6538 = AXIS2_PLACEMENT_3D('',#6539,#6540,#6541);
#6539 = CARTESIAN_POINT('',(220.98,20.32,10.159999999998));
#6540 = DIRECTION('',(1.,6.070773319254E-17,-0.));
#6541 = DIRECTION('',(-6.070773319254E-17,1.,0.));
#6542 = ADVANCED_FACE('',(#6543),#6559,.F.);
#6543 = FACE_BOUND('',#6544,.F.);
#6544 = EDGE_LOOP('',(#6545,#6546,#6552,#6553));
#6545 = ORIENTED_EDGE('',*,*,#2177,.F.);
#6546 = ORIENTED_EDGE('',*,*,#6547,.F.);
#6547 = EDGE_CURVE('',#3782,#2178,#6548,.T.);
#6548 = LINE('',#6549,#6550);
#6549 = CARTESIAN_POINT('',(220.98,33.02,30.479999999998));
#6550 = VECTOR('',#6551,1.);
#6551 = DIRECTION('',(1.,6.070773319254E-17,-0.));
#6552 = ORIENTED_EDGE('',*,*,#3781,.T.);
#6553 = ORIENTED_EDGE('',*,*,#6554,.T.);
#6554 = EDGE_CURVE('',#3784,#2180,#6555,.T.);
#6555 = LINE('',#6556,#6557);
#6556 = CARTESIAN_POINT('',(220.98,27.94,30.479999999998));
#6557 = VECTOR('',#6558,1.);
#6558 = DIRECTION('',(1.,6.070773319254E-17,-0.));
#6559 = CYLINDRICAL_SURFACE('',#6560,2.54);
#6560 = AXIS2_PLACEMENT_3D('',#6561,#6562,#6563);
#6561 = CARTESIAN_POINT('',(220.98,30.48,30.479999999998));
#6562 = DIRECTION('',(1.,6.070773319254E-17,-0.));
#6563 = DIRECTION('',(-6.070773319254E-17,1.,0.));
#6564 = ADVANCED_FACE('',(#6565),#6571,.F.);
#6565 = FACE_BOUND('',#6566,.F.);
#6566 = EDGE_LOOP('',(#6567,#6568,#6569,#6570));
#6567 = ORIENTED_EDGE('',*,*,#6547,.T.);
#6568 = ORIENTED_EDGE('',*,*,#2188,.F.);
#6569 = ORIENTED_EDGE('',*,*,#6554,.F.);
#6570 = ORIENTED_EDGE('',*,*,#3792,.T.);
#6571 = CYLINDRICAL_SURFACE('',#6572,2.54);
#6572 = AXIS2_PLACEMENT_3D('',#6573,#6574,#6575);
#6573 = CARTESIAN_POINT('',(220.98,30.48,30.479999999998));
#6574 = DIRECTION('',(1.,6.070773319254E-17,-0.));
#6575 = DIRECTION('',(-6.070773319254E-17,1.,0.));
#6576 = ADVANCED_FACE('',(#6577),#6593,.F.);
#6577 = FACE_BOUND('',#6578,.F.);
#6578 = EDGE_LOOP('',(#6579,#6580,#6586,#6587));
#6579 = ORIENTED_EDGE('',*,*,#2197,.F.);
#6580 = ORIENTED_EDGE('',*,*,#6581,.F.);
#6581 = EDGE_CURVE('',#3956,#2198,#6582,.T.);
#6582 = LINE('',#6583,#6584);
#6583 = CARTESIAN_POINT('',(220.98,43.18,10.159999999998));
#6584 = VECTOR('',#6585,1.);
#6585 = DIRECTION('',(1.,6.070773319254E-17,-0.));
#6586 = ORIENTED_EDGE('',*,*,#3964,.T.);
#6587 = ORIENTED_EDGE('',*,*,#6588,.T.);
#6588 = EDGE_CURVE('',#3965,#2200,#6589,.T.);
#6589 = LINE('',#6590,#6591);
#6590 = CARTESIAN_POINT('',(220.98,38.1,10.159999999998));
#6591 = VECTOR('',#6592,1.);
#6592 = DIRECTION('',(1.,6.070773319254E-17,-0.));
#6593 = CYLINDRICAL_SURFACE('',#6594,2.54);
#6594 = AXIS2_PLACEMENT_3D('',#6595,#6596,#6597);
#6595 = CARTESIAN_POINT('',(220.98,40.64,10.159999999998));
#6596 = DIRECTION('',(1.,6.070773319254E-17,-0.));
#6597 = DIRECTION('',(-6.070773319254E-17,1.,0.));
#6598 = ADVANCED_FACE('',(#6599),#6606,.F.);
#6599 = FACE_BOUND('',#6600,.F.);
#6600 = EDGE_LOOP('',(#6601,#6602,#6603,#6604,#6605));
#6601 = ORIENTED_EDGE('',*,*,#3955,.T.);
#6602 = ORIENTED_EDGE('',*,*,#6581,.T.);
#6603 = ORIENTED_EDGE('',*,*,#2208,.F.);
#6604 = ORIENTED_EDGE('',*,*,#6588,.F.);
#6605 = ORIENTED_EDGE('',*,*,#3973,.T.);
#6606 = CYLINDRICAL_SURFACE('',#6607,2.54);
#6607 = AXIS2_PLACEMENT_3D('',#6608,#6609,#6610);
#6608 = CARTESIAN_POINT('',(220.98,40.64,10.159999999998));
#6609 = DIRECTION('',(1.,6.070773319254E-17,-0.));
#6610 = DIRECTION('',(-6.070773319254E-17,1.,0.));
#6611 = ADVANCED_FACE('',(#6612),#6628,.F.);
#6612 = FACE_BOUND('',#6613,.F.);
#6613 = EDGE_LOOP('',(#6614,#6615,#6621,#6622));
#6614 = ORIENTED_EDGE('',*,*,#2217,.F.);
#6615 = ORIENTED_EDGE('',*,*,#6616,.F.);
#6616 = EDGE_CURVE('',#3983,#2218,#6617,.T.);
#6617 = LINE('',#6618,#6619);
#6618 = CARTESIAN_POINT('',(220.98,33.02,10.159999999998));
#6619 = VECTOR('',#6620,1.);
#6620 = DIRECTION('',(1.,6.070773319254E-17,-0.));
#6621 = ORIENTED_EDGE('',*,*,#3991,.T.);
#6622 = ORIENTED_EDGE('',*,*,#6623,.T.);
#6623 = EDGE_CURVE('',#3992,#2220,#6624,.T.);
#6624 = LINE('',#6625,#6626);
#6625 = CARTESIAN_POINT('',(220.98,27.94,10.159999999998));
#6626 = VECTOR('',#6627,1.);
#6627 = DIRECTION('',(1.,6.070773319254E-17,-0.));
#6628 = CYLINDRICAL_SURFACE('',#6629,2.54);
#6629 = AXIS2_PLACEMENT_3D('',#6630,#6631,#6632);
#6630 = CARTESIAN_POINT('',(220.98,30.48,10.159999999998));
#6631 = DIRECTION('',(1.,6.070773319254E-17,-0.));
#6632 = DIRECTION('',(-6.070773319254E-17,1.,0.));
#6633 = ADVANCED_FACE('',(#6634),#6641,.F.);
#6634 = FACE_BOUND('',#6635,.F.);
#6635 = EDGE_LOOP('',(#6636,#6637,#6638,#6639,#6640));
#6636 = ORIENTED_EDGE('',*,*,#3982,.T.);
#6637 = ORIENTED_EDGE('',*,*,#6616,.T.);
#6638 = ORIENTED_EDGE('',*,*,#2228,.F.);
#6639 = ORIENTED_EDGE('',*,*,#6623,.F.);
#6640 = ORIENTED_EDGE('',*,*,#4000,.T.);
#6641 = CYLINDRICAL_SURFACE('',#6642,2.54);
#6642 = AXIS2_PLACEMENT_3D('',#6643,#6644,#6645);
#6643 = CARTESIAN_POINT('',(220.98,30.48,10.159999999998));
#6644 = DIRECTION('',(1.,6.070773319254E-17,-0.));
#6645 = DIRECTION('',(-6.070773319254E-17,1.,0.));
#6646 = ADVANCED_FACE('',(#6647),#6663,.F.);
#6647 = FACE_BOUND('',#6648,.F.);
#6648 = EDGE_LOOP('',(#6649,#6650,#6656,#6657));
#6649 = ORIENTED_EDGE('',*,*,#2237,.F.);
#6650 = ORIENTED_EDGE('',*,*,#6651,.F.);
#6651 = EDGE_CURVE('',#3802,#2238,#6652,.T.);
#6652 = LINE('',#6653,#6654);
#6653 = CARTESIAN_POINT('',(220.98,33.02,20.319999999998));
#6654 = VECTOR('',#6655,1.);
#6655 = DIRECTION('',(1.,6.070773319254E-17,-0.));
#6656 = ORIENTED_EDGE('',*,*,#3801,.T.);
#6657 = ORIENTED_EDGE('',*,*,#6658,.T.);
#6658 = EDGE_CURVE('',#3804,#2240,#6659,.T.);
#6659 = LINE('',#6660,#6661);
#6660 = CARTESIAN_POINT('',(220.98,27.94,20.319999999998));
#6661 = VECTOR('',#6662,1.);
#6662 = DIRECTION('',(1.,6.070773319254E-17,-0.));
#6663 = CYLINDRICAL_SURFACE('',#6664,2.54);
#6664 = AXIS2_PLACEMENT_3D('',#6665,#6666,#6667);
#6665 = CARTESIAN_POINT('',(220.98,30.48,20.319999999998));
#6666 = DIRECTION('',(1.,6.070773319254E-17,-0.));
#6667 = DIRECTION('',(-6.070773319254E-17,1.,0.));
#6668 = ADVANCED_FACE('',(#6669),#6675,.F.);
#6669 = FACE_BOUND('',#6670,.F.);
#6670 = EDGE_LOOP('',(#6671,#6672,#6673,#6674));
#6671 = ORIENTED_EDGE('',*,*,#6651,.T.);
#6672 = ORIENTED_EDGE('',*,*,#2248,.F.);
#6673 = ORIENTED_EDGE('',*,*,#6658,.F.);
#6674 = ORIENTED_EDGE('',*,*,#3812,.T.);
#6675 = CYLINDRICAL_SURFACE('',#6676,2.54);
#6676 = AXIS2_PLACEMENT_3D('',#6677,#6678,#6679);
#6677 = CARTESIAN_POINT('',(220.98,30.48,20.319999999998));
#6678 = DIRECTION('',(1.,6.070773319254E-17,-0.));
#6679 = DIRECTION('',(-6.070773319254E-17,1.,0.));
#6680 = ADVANCED_FACE('',(#6681),#6697,.F.);
#6681 = FACE_BOUND('',#6682,.F.);
#6682 = EDGE_LOOP('',(#6683,#6684,#6690,#6691));
#6683 = ORIENTED_EDGE('',*,*,#2257,.F.);
#6684 = ORIENTED_EDGE('',*,*,#6685,.F.);
#6685 = EDGE_CURVE('',#3822,#2258,#6686,.T.);
#6686 = LINE('',#6687,#6688);
#6687 = CARTESIAN_POINT('',(220.98,134.62,30.479999999999));
#6688 = VECTOR('',#6689,1.);
#6689 = DIRECTION('',(1.,6.070773319254E-17,-0.));
#6690 = ORIENTED_EDGE('',*,*,#3821,.T.);
#6691 = ORIENTED_EDGE('',*,*,#6692,.T.);
#6692 = EDGE_CURVE('',#3824,#2260,#6693,.T.);
#6693 = LINE('',#6694,#6695);
#6694 = CARTESIAN_POINT('',(220.98,129.54,30.479999999999));
#6695 = VECTOR('',#6696,1.);
#6696 = DIRECTION('',(1.,6.070773319254E-17,-0.));
#6697 = CYLINDRICAL_SURFACE('',#6698,2.54);
#6698 = AXIS2_PLACEMENT_3D('',#6699,#6700,#6701);
#6699 = CARTESIAN_POINT('',(220.98,132.08,30.479999999999));
#6700 = DIRECTION('',(1.,6.070773319254E-17,-0.));
#6701 = DIRECTION('',(-6.070773319254E-17,1.,0.));
#6702 = ADVANCED_FACE('',(#6703),#6709,.F.);
#6703 = FACE_BOUND('',#6704,.F.);
#6704 = EDGE_LOOP('',(#6705,#6706,#6707,#6708));
#6705 = ORIENTED_EDGE('',*,*,#6685,.T.);
#6706 = ORIENTED_EDGE('',*,*,#2268,.F.);
#6707 = ORIENTED_EDGE('',*,*,#6692,.F.);
#6708 = ORIENTED_EDGE('',*,*,#3832,.T.);
#6709 = CYLINDRICAL_SURFACE('',#6710,2.54);
#6710 = AXIS2_PLACEMENT_3D('',#6711,#6712,#6713);
#6711 = CARTESIAN_POINT('',(220.98,132.08,30.479999999999));
#6712 = DIRECTION('',(1.,6.070773319254E-17,-0.));
#6713 = DIRECTION('',(-6.070773319254E-17,1.,0.));
#6714 = ADVANCED_FACE('',(#6715),#6731,.F.);
#6715 = FACE_BOUND('',#6716,.F.);
#6716 = EDGE_LOOP('',(#6717,#6718,#6724,#6725));
#6717 = ORIENTED_EDGE('',*,*,#2277,.F.);
#6718 = ORIENTED_EDGE('',*,*,#6719,.F.);
#6719 = EDGE_CURVE('',#3842,#2278,#6720,.T.);
#6720 = LINE('',#6721,#6722);
#6721 = CARTESIAN_POINT('',(220.98,144.78,30.479999999999));
#6722 = VECTOR('',#6723,1.);
#6723 = DIRECTION('',(1.,6.070773319254E-17,-0.));
#6724 = ORIENTED_EDGE('',*,*,#3841,.T.);
#6725 = ORIENTED_EDGE('',*,*,#6726,.T.);
#6726 = EDGE_CURVE('',#3844,#2280,#6727,.T.);
#6727 = LINE('',#6728,#6729);
#6728 = CARTESIAN_POINT('',(220.98,139.7,30.479999999999));
#6729 = VECTOR('',#6730,1.);
#6730 = DIRECTION('',(1.,6.070773319254E-17,-0.));
#6731 = CYLINDRICAL_SURFACE('',#6732,2.54);
#6732 = AXIS2_PLACEMENT_3D('',#6733,#6734,#6735);
#6733 = CARTESIAN_POINT('',(220.98,142.24,30.479999999999));
#6734 = DIRECTION('',(1.,6.070773319254E-17,-0.));
#6735 = DIRECTION('',(-6.070773319254E-17,1.,0.));
#6736 = ADVANCED_FACE('',(#6737),#6743,.F.);
#6737 = FACE_BOUND('',#6738,.F.);
#6738 = EDGE_LOOP('',(#6739,#6740,#6741,#6742));
#6739 = ORIENTED_EDGE('',*,*,#6719,.T.);
#6740 = ORIENTED_EDGE('',*,*,#2288,.F.);
#6741 = ORIENTED_EDGE('',*,*,#6726,.F.);
#6742 = ORIENTED_EDGE('',*,*,#3852,.T.);
#6743 = CYLINDRICAL_SURFACE('',#6744,2.54);
#6744 = AXIS2_PLACEMENT_3D('',#6745,#6746,#6747);
#6745 = CARTESIAN_POINT('',(220.98,142.24,30.479999999999));
#6746 = DIRECTION('',(1.,6.070773319254E-17,-0.));
#6747 = DIRECTION('',(-6.070773319254E-17,1.,0.));
#6748 = ADVANCED_FACE('',(#6749),#6765,.F.);
#6749 = FACE_BOUND('',#6750,.F.);
#6750 = EDGE_LOOP('',(#6751,#6752,#6758,#6759));
#6751 = ORIENTED_EDGE('',*,*,#2297,.F.);
#6752 = ORIENTED_EDGE('',*,*,#6753,.F.);
#6753 = EDGE_CURVE('',#3862,#2298,#6754,.T.);
#6754 = LINE('',#6755,#6756);
#6755 = CARTESIAN_POINT('',(220.98,154.94,40.639999999999));
#6756 = VECTOR('',#6757,1.);
#6757 = DIRECTION('',(1.,6.070773319254E-17,-0.));
#6758 = ORIENTED_EDGE('',*,*,#3861,.T.);
#6759 = ORIENTED_EDGE('',*,*,#6760,.T.);
#6760 = EDGE_CURVE('',#3864,#2300,#6761,.T.);
#6761 = LINE('',#6762,#6763);
#6762 = CARTESIAN_POINT('',(220.98,149.86,40.639999999999));
#6763 = VECTOR('',#6764,1.);
#6764 = DIRECTION('',(1.,6.070773319254E-17,-0.));
#6765 = CYLINDRICAL_SURFACE('',#6766,2.54);
#6766 = AXIS2_PLACEMENT_3D('',#6767,#6768,#6769);
#6767 = CARTESIAN_POINT('',(220.98,152.4,40.639999999999));
#6768 = DIRECTION('',(1.,6.070773319254E-17,-0.));
#6769 = DIRECTION('',(-6.070773319254E-17,1.,0.));
#6770 = ADVANCED_FACE('',(#6771),#6777,.F.);
#6771 = FACE_BOUND('',#6772,.F.);
#6772 = EDGE_LOOP('',(#6773,#6774,#6775,#6776));
#6773 = ORIENTED_EDGE('',*,*,#6753,.T.);
#6774 = ORIENTED_EDGE('',*,*,#2308,.F.);
#6775 = ORIENTED_EDGE('',*,*,#6760,.F.);
#6776 = ORIENTED_EDGE('',*,*,#3872,.T.);
#6777 = CYLINDRICAL_SURFACE('',#6778,2.54);
#6778 = AXIS2_PLACEMENT_3D('',#6779,#6780,#6781);
#6779 = CARTESIAN_POINT('',(220.98,152.4,40.639999999999));
#6780 = DIRECTION('',(1.,6.070773319254E-17,-0.));
#6781 = DIRECTION('',(-6.070773319254E-17,1.,0.));
#6782 = ADVANCED_FACE('',(#6783),#6799,.F.);
#6783 = FACE_BOUND('',#6784,.F.);
#6784 = EDGE_LOOP('',(#6785,#6786,#6792,#6793));
#6785 = ORIENTED_EDGE('',*,*,#2317,.F.);
#6786 = ORIENTED_EDGE('',*,*,#6787,.F.);
#6787 = EDGE_CURVE('',#3882,#2318,#6788,.T.);
#6788 = LINE('',#6789,#6790);
#6789 = CARTESIAN_POINT('',(220.98,165.1,40.639999999999));
#6790 = VECTOR('',#6791,1.);
#6791 = DIRECTION('',(1.,6.070773319254E-17,-0.));
#6792 = ORIENTED_EDGE('',*,*,#3881,.T.);
#6793 = ORIENTED_EDGE('',*,*,#6794,.T.);
#6794 = EDGE_CURVE('',#3884,#2320,#6795,.T.);
#6795 = LINE('',#6796,#6797);
#6796 = CARTESIAN_POINT('',(220.98,160.02,40.639999999999));
#6797 = VECTOR('',#6798,1.);
#6798 = DIRECTION('',(1.,6.070773319254E-17,-0.));
#6799 = CYLINDRICAL_SURFACE('',#6800,2.54);
#6800 = AXIS2_PLACEMENT_3D('',#6801,#6802,#6803);
#6801 = CARTESIAN_POINT('',(220.98,162.56,40.639999999999));
#6802 = DIRECTION('',(1.,6.070773319254E-17,-0.));
#6803 = DIRECTION('',(-6.070773319254E-17,1.,0.));
#6804 = ADVANCED_FACE('',(#6805),#6811,.F.);
#6805 = FACE_BOUND('',#6806,.F.);
#6806 = EDGE_LOOP('',(#6807,#6808,#6809,#6810));
#6807 = ORIENTED_EDGE('',*,*,#6787,.T.);
#6808 = ORIENTED_EDGE('',*,*,#2328,.F.);
#6809 = ORIENTED_EDGE('',*,*,#6794,.F.);
#6810 = ORIENTED_EDGE('',*,*,#3892,.T.);
#6811 = CYLINDRICAL_SURFACE('',#6812,2.54);
#6812 = AXIS2_PLACEMENT_3D('',#6813,#6814,#6815);
#6813 = CARTESIAN_POINT('',(220.98,162.56,40.639999999999));
#6814 = DIRECTION('',(1.,6.070773319254E-17,-0.));
#6815 = DIRECTION('',(-6.070773319254E-17,1.,0.));
#6816 = ADVANCED_FACE('',(#6817),#6833,.F.);
#6817 = FACE_BOUND('',#6818,.F.);
#6818 = EDGE_LOOP('',(#6819,#6820,#6826,#6827));
#6819 = ORIENTED_EDGE('',*,*,#2337,.F.);
#6820 = ORIENTED_EDGE('',*,*,#6821,.F.);
#6821 = EDGE_CURVE('',#4313,#2338,#6822,.T.);
#6822 = LINE('',#6823,#6824);
#6823 = CARTESIAN_POINT('',(220.98,12.7,10.159999999998));
#6824 = VECTOR('',#6825,1.);
#6825 = DIRECTION('',(1.,6.070773319254E-17,-0.));
#6826 = ORIENTED_EDGE('',*,*,#4321,.T.);
#6827 = ORIENTED_EDGE('',*,*,#6828,.T.);
#6828 = EDGE_CURVE('',#1372,#2340,#6829,.T.);
#6829 = LINE('',#6830,#6831);
#6830 = CARTESIAN_POINT('',(220.98,7.62,10.159999999998));
#6831 = VECTOR('',#6832,1.);
#6832 = DIRECTION('',(1.,6.070773319254E-17,-0.));
#6833 = CYLINDRICAL_SURFACE('',#6834,2.54);
#6834 = AXIS2_PLACEMENT_3D('',#6835,#6836,#6837);
#6835 = CARTESIAN_POINT('',(220.98,10.16,10.159999999998));
#6836 = DIRECTION('',(1.,6.070773319254E-17,-0.));
#6837 = DIRECTION('',(-6.070773319254E-17,1.,0.));
#6838 = ADVANCED_FACE('',(#6839),#6846,.F.);
#6839 = FACE_BOUND('',#6840,.F.);
#6840 = EDGE_LOOP('',(#6841,#6842,#6843,#6844,#6845));
#6841 = ORIENTED_EDGE('',*,*,#4312,.T.);
#6842 = ORIENTED_EDGE('',*,*,#6821,.T.);
#6843 = ORIENTED_EDGE('',*,*,#2348,.F.);
#6844 = ORIENTED_EDGE('',*,*,#6828,.F.);
#6845 = ORIENTED_EDGE('',*,*,#5440,.T.);
#6846 = CYLINDRICAL_SURFACE('',#6847,2.54);
#6847 = AXIS2_PLACEMENT_3D('',#6848,#6849,#6850);
#6848 = CARTESIAN_POINT('',(220.98,10.16,10.159999999998));
#6849 = DIRECTION('',(1.,6.070773319254E-17,-0.));
#6850 = DIRECTION('',(-6.070773319254E-17,1.,0.));
#6851 = ADVANCED_FACE('',(#6852),#6868,.F.);
#6852 = FACE_BOUND('',#6853,.F.);
#6853 = EDGE_LOOP('',(#6854,#6855,#6861,#6862));
#6854 = ORIENTED_EDGE('',*,*,#2357,.F.);
#6855 = ORIENTED_EDGE('',*,*,#6856,.F.);
#6856 = EDGE_CURVE('',#4037,#2358,#6857,.T.);
#6857 = LINE('',#6858,#6859);
#6858 = CARTESIAN_POINT('',(220.98,12.7,20.319999999998));
#6859 = VECTOR('',#6860,1.);
#6860 = DIRECTION('',(1.,6.070773319254E-17,-0.));
#6861 = ORIENTED_EDGE('',*,*,#4045,.T.);
#6862 = ORIENTED_EDGE('',*,*,#6863,.T.);
#6863 = EDGE_CURVE('',#1364,#2360,#6864,.T.);
#6864 = LINE('',#6865,#6866);
#6865 = CARTESIAN_POINT('',(220.98,7.62,20.319999999998));
#6866 = VECTOR('',#6867,1.);
#6867 = DIRECTION('',(1.,6.070773319254E-17,-0.));
#6868 = CYLINDRICAL_SURFACE('',#6869,2.54);
#6869 = AXIS2_PLACEMENT_3D('',#6870,#6871,#6872);
#6870 = CARTESIAN_POINT('',(220.98,10.16,20.319999999998));
#6871 = DIRECTION('',(1.,6.070773319254E-17,-0.));
#6872 = DIRECTION('',(-6.070773319254E-17,1.,0.));
#6873 = ADVANCED_FACE('',(#6874),#6880,.F.);
#6874 = FACE_BOUND('',#6875,.F.);
#6875 = EDGE_LOOP('',(#6876,#6877,#6878,#6879));
#6876 = ORIENTED_EDGE('',*,*,#6856,.T.);
#6877 = ORIENTED_EDGE('',*,*,#2368,.F.);
#6878 = ORIENTED_EDGE('',*,*,#6863,.F.);
#6879 = ORIENTED_EDGE('',*,*,#4036,.T.);
#6880 = CYLINDRICAL_SURFACE('',#6881,2.54);
#6881 = AXIS2_PLACEMENT_3D('',#6882,#6883,#6884);
#6882 = CARTESIAN_POINT('',(220.98,10.16,20.319999999998));
#6883 = DIRECTION('',(1.,6.070773319254E-17,-0.));
#6884 = DIRECTION('',(-6.070773319254E-17,1.,0.));
#6885 = ADVANCED_FACE('',(#6886),#6902,.F.);
#6886 = FACE_BOUND('',#6887,.F.);
#6887 = EDGE_LOOP('',(#6888,#6889,#6895,#6896));
#6888 = ORIENTED_EDGE('',*,*,#2377,.F.);
#6889 = ORIENTED_EDGE('',*,*,#6890,.F.);
#6890 = EDGE_CURVE('',#4350,#2378,#6891,.T.);
#6891 = LINE('',#6892,#6893);
#6892 = CARTESIAN_POINT('',(220.98,195.58,40.64));
#6893 = VECTOR('',#6894,1.);
#6894 = DIRECTION('',(1.,6.070773319254E-17,-0.));
#6895 = ORIENTED_EDGE('',*,*,#4349,.T.);
#6896 = ORIENTED_EDGE('',*,*,#6897,.T.);
#6897 = EDGE_CURVE('',#4352,#2380,#6898,.T.);
#6898 = LINE('',#6899,#6900);
#6899 = CARTESIAN_POINT('',(220.98,190.5,40.64));
#6900 = VECTOR('',#6901,1.);
#6901 = DIRECTION('',(1.,6.070773319254E-17,-0.));
#6902 = CYLINDRICAL_SURFACE('',#6903,2.54);
#6903 = AXIS2_PLACEMENT_3D('',#6904,#6905,#6906);
#6904 = CARTESIAN_POINT('',(220.98,193.04,40.64));
#6905 = DIRECTION('',(1.,6.070773319254E-17,-0.));
#6906 = DIRECTION('',(-6.070773319254E-17,1.,0.));
#6907 = ADVANCED_FACE('',(#6908),#6914,.F.);
#6908 = FACE_BOUND('',#6909,.F.);
#6909 = EDGE_LOOP('',(#6910,#6911,#6912,#6913));
#6910 = ORIENTED_EDGE('',*,*,#6890,.T.);
#6911 = ORIENTED_EDGE('',*,*,#2388,.F.);
#6912 = ORIENTED_EDGE('',*,*,#6897,.F.);
#6913 = ORIENTED_EDGE('',*,*,#4360,.T.);
#6914 = CYLINDRICAL_SURFACE('',#6915,2.54);
#6915 = AXIS2_PLACEMENT_3D('',#6916,#6917,#6918);
#6916 = CARTESIAN_POINT('',(220.98,193.04,40.64));
#6917 = DIRECTION('',(1.,6.070773319254E-17,-0.));
#6918 = DIRECTION('',(-6.070773319254E-17,1.,0.));
#6919 = ADVANCED_FACE('',(#6920),#6936,.F.);
#6920 = FACE_BOUND('',#6921,.F.);
#6921 = EDGE_LOOP('',(#6922,#6923,#6929,#6930));
#6922 = ORIENTED_EDGE('',*,*,#2397,.F.);
#6923 = ORIENTED_EDGE('',*,*,#6924,.F.);
#6924 = EDGE_CURVE('',#4370,#2398,#6925,.T.);
#6925 = LINE('',#6926,#6927);
#6926 = CARTESIAN_POINT('',(220.98,205.74,40.64));
#6927 = VECTOR('',#6928,1.);
#6928 = DIRECTION('',(1.,6.070773319254E-17,-0.));
#6929 = ORIENTED_EDGE('',*,*,#4369,.T.);
#6930 = ORIENTED_EDGE('',*,*,#6931,.T.);
#6931 = EDGE_CURVE('',#4372,#2400,#6932,.T.);
#6932 = LINE('',#6933,#6934);
#6933 = CARTESIAN_POINT('',(220.98,200.66,40.64));
#6934 = VECTOR('',#6935,1.);
#6935 = DIRECTION('',(1.,6.070773319254E-17,-0.));
#6936 = CYLINDRICAL_SURFACE('',#6937,2.54);
#6937 = AXIS2_PLACEMENT_3D('',#6938,#6939,#6940);
#6938 = CARTESIAN_POINT('',(220.98,203.2,40.64));
#6939 = DIRECTION('',(1.,6.070773319254E-17,-0.));
#6940 = DIRECTION('',(-6.070773319254E-17,1.,0.));
#6941 = ADVANCED_FACE('',(#6942),#6948,.F.);
#6942 = FACE_BOUND('',#6943,.F.);
#6943 = EDGE_LOOP('',(#6944,#6945,#6946,#6947));
#6944 = ORIENTED_EDGE('',*,*,#6924,.T.);
#6945 = ORIENTED_EDGE('',*,*,#2408,.F.);
#6946 = ORIENTED_EDGE('',*,*,#6931,.F.);
#6947 = ORIENTED_EDGE('',*,*,#4380,.T.);
#6948 = CYLINDRICAL_SURFACE('',#6949,2.54);
#6949 = AXIS2_PLACEMENT_3D('',#6950,#6951,#6952);
#6950 = CARTESIAN_POINT('',(220.98,203.2,40.64));
#6951 = DIRECTION('',(1.,6.070773319254E-17,-0.));
#6952 = DIRECTION('',(-6.070773319254E-17,1.,0.));
#6953 = ADVANCED_FACE('',(#6954),#6970,.F.);
#6954 = FACE_BOUND('',#6955,.F.);
#6955 = EDGE_LOOP('',(#6956,#6957,#6963,#6964));
#6956 = ORIENTED_EDGE('',*,*,#2417,.F.);
#6957 = ORIENTED_EDGE('',*,*,#6958,.F.);
#6958 = EDGE_CURVE('',#4390,#2418,#6959,.T.);
#6959 = LINE('',#6960,#6961);
#6960 = CARTESIAN_POINT('',(220.98,93.98,40.639999999999));
#6961 = VECTOR('',#6962,1.);
#6962 = DIRECTION('',(1.,6.070773319254E-17,-0.));
#6963 = ORIENTED_EDGE('',*,*,#4389,.T.);
#6964 = ORIENTED_EDGE('',*,*,#6965,.T.);
#6965 = EDGE_CURVE('',#4392,#2420,#6966,.T.);
#6966 = LINE('',#6967,#6968);
#6967 = CARTESIAN_POINT('',(220.98,88.9,40.639999999999));
#6968 = VECTOR('',#6969,1.);
#6969 = DIRECTION('',(1.,6.070773319254E-17,-0.));
#6970 = CYLINDRICAL_SURFACE('',#6971,2.54);
#6971 = AXIS2_PLACEMENT_3D('',#6972,#6973,#6974);
#6972 = CARTESIAN_POINT('',(220.98,91.44,40.639999999999));
#6973 = DIRECTION('',(1.,6.070773319254E-17,-0.));
#6974 = DIRECTION('',(-6.070773319254E-17,1.,0.));
#6975 = ADVANCED_FACE('',(#6976),#6982,.F.);
#6976 = FACE_BOUND('',#6977,.F.);
#6977 = EDGE_LOOP('',(#6978,#6979,#6980,#6981));
#6978 = ORIENTED_EDGE('',*,*,#6958,.T.);
#6979 = ORIENTED_EDGE('',*,*,#2428,.F.);
#6980 = ORIENTED_EDGE('',*,*,#6965,.F.);
#6981 = ORIENTED_EDGE('',*,*,#4400,.T.);
#6982 = CYLINDRICAL_SURFACE('',#6983,2.54);
#6983 = AXIS2_PLACEMENT_3D('',#6984,#6985,#6986);
#6984 = CARTESIAN_POINT('',(220.98,91.44,40.639999999999));
#6985 = DIRECTION('',(1.,6.070773319254E-17,-0.));
#6986 = DIRECTION('',(-6.070773319254E-17,1.,0.));
#6987 = ADVANCED_FACE('',(#6988),#7004,.F.);
#6988 = FACE_BOUND('',#6989,.F.);
#6989 = EDGE_LOOP('',(#6990,#6991,#6997,#6998));
#6990 = ORIENTED_EDGE('',*,*,#2437,.F.);
#6991 = ORIENTED_EDGE('',*,*,#6992,.F.);
#6992 = EDGE_CURVE('',#4410,#2438,#6993,.T.);
#6993 = LINE('',#6994,#6995);
#6994 = CARTESIAN_POINT('',(220.98,104.14,40.639999999999));
#6995 = VECTOR('',#6996,1.);
#6996 = DIRECTION('',(1.,6.070773319254E-17,-0.));
#6997 = ORIENTED_EDGE('',*,*,#4409,.T.);
#6998 = ORIENTED_EDGE('',*,*,#6999,.T.);
#6999 = EDGE_CURVE('',#4412,#2440,#7000,.T.);
#7000 = LINE('',#7001,#7002);
#7001 = CARTESIAN_POINT('',(220.98,99.06,40.639999999999));
#7002 = VECTOR('',#7003,1.);
#7003 = DIRECTION('',(1.,6.070773319254E-17,-0.));
#7004 = CYLINDRICAL_SURFACE('',#7005,2.54);
#7005 = AXIS2_PLACEMENT_3D('',#7006,#7007,#7008);
#7006 = CARTESIAN_POINT('',(220.98,101.6,40.639999999999));
#7007 = DIRECTION('',(1.,6.070773319254E-17,-0.));
#7008 = DIRECTION('',(-6.070773319254E-17,1.,0.));
#7009 = ADVANCED_FACE('',(#7010),#7016,.F.);
#7010 = FACE_BOUND('',#7011,.F.);
#7011 = EDGE_LOOP('',(#7012,#7013,#7014,#7015));
#7012 = ORIENTED_EDGE('',*,*,#6992,.T.);
#7013 = ORIENTED_EDGE('',*,*,#2448,.F.);
#7014 = ORIENTED_EDGE('',*,*,#6999,.F.);
#7015 = ORIENTED_EDGE('',*,*,#4420,.T.);
#7016 = CYLINDRICAL_SURFACE('',#7017,2.54);
#7017 = AXIS2_PLACEMENT_3D('',#7018,#7019,#7020);
#7018 = CARTESIAN_POINT('',(220.98,101.6,40.639999999999));
#7019 = DIRECTION('',(1.,6.070773319254E-17,-0.));
#7020 = DIRECTION('',(-6.070773319254E-17,1.,0.));
#7021 = ADVANCED_FACE('',(#7022),#7038,.F.);
#7022 = FACE_BOUND('',#7023,.F.);
#7023 = EDGE_LOOP('',(#7024,#7025,#7031,#7032));
#7024 = ORIENTED_EDGE('',*,*,#2457,.F.);
#7025 = ORIENTED_EDGE('',*,*,#7026,.F.);
#7026 = EDGE_CURVE('',#4073,#2458,#7027,.T.);
#7027 = LINE('',#7028,#7029);
#7028 = CARTESIAN_POINT('',(220.98,12.7,40.639999999998));
#7029 = VECTOR('',#7030,1.);
#7030 = DIRECTION('',(1.,6.070773319254E-17,-0.));
#7031 = ORIENTED_EDGE('',*,*,#4081,.T.);
#7032 = ORIENTED_EDGE('',*,*,#7033,.T.);
#7033 = EDGE_CURVE('',#1348,#2460,#7034,.T.);
#7034 = LINE('',#7035,#7036);
#7035 = CARTESIAN_POINT('',(220.98,7.62,40.639999999998));
#7036 = VECTOR('',#7037,1.);
#7037 = DIRECTION('',(1.,6.070773319254E-17,-0.));
#7038 = CYLINDRICAL_SURFACE('',#7039,2.54);
#7039 = AXIS2_PLACEMENT_3D('',#7040,#7041,#7042);
#7040 = CARTESIAN_POINT('',(220.98,10.16,40.639999999998));
#7041 = DIRECTION('',(1.,6.070773319254E-17,-0.));
#7042 = DIRECTION('',(-6.070773319254E-17,1.,0.));
#7043 = ADVANCED_FACE('',(#7044),#7050,.F.);
#7044 = FACE_BOUND('',#7045,.F.);
#7045 = EDGE_LOOP('',(#7046,#7047,#7048,#7049));
#7046 = ORIENTED_EDGE('',*,*,#7026,.T.);
#7047 = ORIENTED_EDGE('',*,*,#2468,.F.);
#7048 = ORIENTED_EDGE('',*,*,#7033,.F.);
#7049 = ORIENTED_EDGE('',*,*,#4072,.T.);
#7050 = CYLINDRICAL_SURFACE('',#7051,2.54);
#7051 = AXIS2_PLACEMENT_3D('',#7052,#7053,#7054);
#7052 = CARTESIAN_POINT('',(220.98,10.16,40.639999999998));
#7053 = DIRECTION('',(1.,6.070773319254E-17,-0.));
#7054 = DIRECTION('',(-6.070773319254E-17,1.,0.));
#7055 = ADVANCED_FACE('',(#7056),#7072,.F.);
#7056 = FACE_BOUND('',#7057,.F.);
#7057 = EDGE_LOOP('',(#7058,#7059,#7065,#7066));
#7058 = ORIENTED_EDGE('',*,*,#2477,.F.);
#7059 = ORIENTED_EDGE('',*,*,#7060,.F.);
#7060 = EDGE_CURVE('',#4430,#2478,#7061,.T.);
#7061 = LINE('',#7062,#7063);
#7062 = CARTESIAN_POINT('',(220.98,22.86,40.639999999998));
#7063 = VECTOR('',#7064,1.);
#7064 = DIRECTION('',(1.,6.070773319254E-17,-0.));
#7065 = ORIENTED_EDGE('',*,*,#4429,.T.);
#7066 = ORIENTED_EDGE('',*,*,#7067,.T.);
#7067 = EDGE_CURVE('',#4432,#2480,#7068,.T.);
#7068 = LINE('',#7069,#7070);
#7069 = CARTESIAN_POINT('',(220.98,17.78,40.639999999998));
#7070 = VECTOR('',#7071,1.);
#7071 = DIRECTION('',(1.,6.070773319254E-17,-0.));
#7072 = CYLINDRICAL_SURFACE('',#7073,2.54);
#7073 = AXIS2_PLACEMENT_3D('',#7074,#7075,#7076);
#7074 = CARTESIAN_POINT('',(220.98,20.32,40.639999999998));
#7075 = DIRECTION('',(1.,6.070773319254E-17,-0.));
#7076 = DIRECTION('',(-6.070773319254E-17,1.,0.));
#7077 = ADVANCED_FACE('',(#7078),#7084,.F.);
#7078 = FACE_BOUND('',#7079,.F.);
#7079 = EDGE_LOOP('',(#7080,#7081,#7082,#7083));
#7080 = ORIENTED_EDGE('',*,*,#7060,.T.);
#7081 = ORIENTED_EDGE('',*,*,#2488,.F.);
#7082 = ORIENTED_EDGE('',*,*,#7067,.F.);
#7083 = ORIENTED_EDGE('',*,*,#4440,.T.);
#7084 = CYLINDRICAL_SURFACE('',#7085,2.54);
#7085 = AXIS2_PLACEMENT_3D('',#7086,#7087,#7088);
#7086 = CARTESIAN_POINT('',(220.98,20.32,40.639999999998));
#7087 = DIRECTION('',(1.,6.070773319254E-17,-0.));
#7088 = DIRECTION('',(-6.070773319254E-17,1.,0.));
#7089 = ADVANCED_FACE('',(#7090),#7106,.F.);
#7090 = FACE_BOUND('',#7091,.F.);
#7091 = EDGE_LOOP('',(#7092,#7093,#7099,#7100));
#7092 = ORIENTED_EDGE('',*,*,#2497,.F.);
#7093 = ORIENTED_EDGE('',*,*,#7094,.F.);
#7094 = EDGE_CURVE('',#4450,#2498,#7095,.T.);
#7095 = LINE('',#7096,#7097);
#7096 = CARTESIAN_POINT('',(220.98,53.34,40.639999999998));
#7097 = VECTOR('',#7098,1.);
#7098 = DIRECTION('',(1.,6.070773319254E-17,-0.));
#7099 = ORIENTED_EDGE('',*,*,#4449,.T.);
#7100 = ORIENTED_EDGE('',*,*,#7101,.T.);
#7101 = EDGE_CURVE('',#4452,#2500,#7102,.T.);
#7102 = LINE('',#7103,#7104);
#7103 = CARTESIAN_POINT('',(220.98,48.26,40.639999999998));
#7104 = VECTOR('',#7105,1.);
#7105 = DIRECTION('',(1.,6.070773319254E-17,-0.));
#7106 = CYLINDRICAL_SURFACE('',#7107,2.54);
#7107 = AXIS2_PLACEMENT_3D('',#7108,#7109,#7110);
#7108 = CARTESIAN_POINT('',(220.98,50.8,40.639999999998));
#7109 = DIRECTION('',(1.,6.070773319254E-17,-0.));
#7110 = DIRECTION('',(-6.070773319254E-17,1.,0.));
#7111 = ADVANCED_FACE('',(#7112),#7118,.F.);
#7112 = FACE_BOUND('',#7113,.F.);
#7113 = EDGE_LOOP('',(#7114,#7115,#7116,#7117));
#7114 = ORIENTED_EDGE('',*,*,#7094,.T.);
#7115 = ORIENTED_EDGE('',*,*,#2508,.F.);
#7116 = ORIENTED_EDGE('',*,*,#7101,.F.);
#7117 = ORIENTED_EDGE('',*,*,#4460,.T.);
#7118 = CYLINDRICAL_SURFACE('',#7119,2.54);
#7119 = AXIS2_PLACEMENT_3D('',#7120,#7121,#7122);
#7120 = CARTESIAN_POINT('',(220.98,50.8,40.639999999998));
#7121 = DIRECTION('',(1.,6.070773319254E-17,-0.));
#7122 = DIRECTION('',(-6.070773319254E-17,1.,0.));
#7123 = ADVANCED_FACE('',(#7124),#7140,.F.);
#7124 = FACE_BOUND('',#7125,.F.);
#7125 = EDGE_LOOP('',(#7126,#7127,#7133,#7134));
#7126 = ORIENTED_EDGE('',*,*,#2517,.F.);
#7127 = ORIENTED_EDGE('',*,*,#7128,.F.);
#7128 = EDGE_CURVE('',#4470,#2518,#7129,.T.);
#7129 = LINE('',#7130,#7131);
#7130 = CARTESIAN_POINT('',(220.98,63.5,40.639999999998));
#7131 = VECTOR('',#7132,1.);
#7132 = DIRECTION('',(1.,6.070773319254E-17,-0.));
#7133 = ORIENTED_EDGE('',*,*,#4469,.T.);
#7134 = ORIENTED_EDGE('',*,*,#7135,.T.);
#7135 = EDGE_CURVE('',#4472,#2520,#7136,.T.);
#7136 = LINE('',#7137,#7138);
#7137 = CARTESIAN_POINT('',(220.98,58.42,40.639999999998));
#7138 = VECTOR('',#7139,1.);
#7139 = DIRECTION('',(1.,6.070773319254E-17,-0.));
#7140 = CYLINDRICAL_SURFACE('',#7141,2.54);
#7141 = AXIS2_PLACEMENT_3D('',#7142,#7143,#7144);
#7142 = CARTESIAN_POINT('',(220.98,60.96,40.639999999998));
#7143 = DIRECTION('',(1.,6.070773319254E-17,-0.));
#7144 = DIRECTION('',(-6.070773319254E-17,1.,0.));
#7145 = ADVANCED_FACE('',(#7146),#7152,.F.);
#7146 = FACE_BOUND('',#7147,.F.);
#7147 = EDGE_LOOP('',(#7148,#7149,#7150,#7151));
#7148 = ORIENTED_EDGE('',*,*,#7128,.T.);
#7149 = ORIENTED_EDGE('',*,*,#2528,.F.);
#7150 = ORIENTED_EDGE('',*,*,#7135,.F.);
#7151 = ORIENTED_EDGE('',*,*,#4480,.T.);
#7152 = CYLINDRICAL_SURFACE('',#7153,2.54);
#7153 = AXIS2_PLACEMENT_3D('',#7154,#7155,#7156);
#7154 = CARTESIAN_POINT('',(220.98,60.96,40.639999999998));
#7155 = DIRECTION('',(1.,6.070773319254E-17,-0.));
#7156 = DIRECTION('',(-6.070773319254E-17,1.,0.));
#7157 = ADVANCED_FACE('',(#7158),#7174,.F.);
#7158 = FACE_BOUND('',#7159,.F.);
#7159 = EDGE_LOOP('',(#7160,#7161,#7167,#7168));
#7160 = ORIENTED_EDGE('',*,*,#2537,.F.);
#7161 = ORIENTED_EDGE('',*,*,#7162,.F.);
#7162 = EDGE_CURVE('',#4490,#2538,#7163,.T.);
#7163 = LINE('',#7164,#7165);
#7164 = CARTESIAN_POINT('',(220.98,33.02,40.639999999998));
#7165 = VECTOR('',#7166,1.);
#7166 = DIRECTION('',(1.,6.070773319254E-17,-0.));
#7167 = ORIENTED_EDGE('',*,*,#4489,.T.);
#7168 = ORIENTED_EDGE('',*,*,#7169,.T.);
#7169 = EDGE_CURVE('',#4492,#2540,#7170,.T.);
#7170 = LINE('',#7171,#7172);
#7171 = CARTESIAN_POINT('',(220.98,27.94,40.639999999998));
#7172 = VECTOR('',#7173,1.);
#7173 = DIRECTION('',(1.,6.070773319254E-17,-0.));
#7174 = CYLINDRICAL_SURFACE('',#7175,2.54);
#7175 = AXIS2_PLACEMENT_3D('',#7176,#7177,#7178);
#7176 = CARTESIAN_POINT('',(220.98,30.48,40.639999999998));
#7177 = DIRECTION('',(1.,6.070773319254E-17,-0.));
#7178 = DIRECTION('',(-6.070773319254E-17,1.,0.));
#7179 = ADVANCED_FACE('',(#7180),#7186,.F.);
#7180 = FACE_BOUND('',#7181,.F.);
#7181 = EDGE_LOOP('',(#7182,#7183,#7184,#7185));
#7182 = ORIENTED_EDGE('',*,*,#7162,.T.);
#7183 = ORIENTED_EDGE('',*,*,#2548,.F.);
#7184 = ORIENTED_EDGE('',*,*,#7169,.F.);
#7185 = ORIENTED_EDGE('',*,*,#4500,.T.);
#7186 = CYLINDRICAL_SURFACE('',#7187,2.54);
#7187 = AXIS2_PLACEMENT_3D('',#7188,#7189,#7190);
#7188 = CARTESIAN_POINT('',(220.98,30.48,40.639999999998));
#7189 = DIRECTION('',(1.,6.070773319254E-17,-0.));
#7190 = DIRECTION('',(-6.070773319254E-17,1.,0.));
#7191 = ADVANCED_FACE('',(#7192),#7208,.F.);
#7192 = FACE_BOUND('',#7193,.F.);
#7193 = EDGE_LOOP('',(#7194,#7195,#7201,#7202));
#7194 = ORIENTED_EDGE('',*,*,#2557,.F.);
#7195 = ORIENTED_EDGE('',*,*,#7196,.F.);
#7196 = EDGE_CURVE('',#4510,#2558,#7197,.T.);
#7197 = LINE('',#7198,#7199);
#7198 = CARTESIAN_POINT('',(220.98,43.18,40.639999999998));
#7199 = VECTOR('',#7200,1.);
#7200 = DIRECTION('',(1.,6.070773319254E-17,-0.));
#7201 = ORIENTED_EDGE('',*,*,#4509,.T.);
#7202 = ORIENTED_EDGE('',*,*,#7203,.T.);
#7203 = EDGE_CURVE('',#4512,#2560,#7204,.T.);
#7204 = LINE('',#7205,#7206);
#7205 = CARTESIAN_POINT('',(220.98,38.1,40.639999999998));
#7206 = VECTOR('',#7207,1.);
#7207 = DIRECTION('',(1.,6.070773319254E-17,-0.));
#7208 = CYLINDRICAL_SURFACE('',#7209,2.54);
#7209 = AXIS2_PLACEMENT_3D('',#7210,#7211,#7212);
#7210 = CARTESIAN_POINT('',(220.98,40.64,40.639999999998));
#7211 = DIRECTION('',(1.,6.070773319254E-17,-0.));
#7212 = DIRECTION('',(-6.070773319254E-17,1.,0.));
#7213 = ADVANCED_FACE('',(#7214),#7220,.F.);
#7214 = FACE_BOUND('',#7215,.F.);
#7215 = EDGE_LOOP('',(#7216,#7217,#7218,#7219));
#7216 = ORIENTED_EDGE('',*,*,#7196,.T.);
#7217 = ORIENTED_EDGE('',*,*,#2568,.F.);
#7218 = ORIENTED_EDGE('',*,*,#7203,.F.);
#7219 = ORIENTED_EDGE('',*,*,#4520,.T.);
#7220 = CYLINDRICAL_SURFACE('',#7221,2.54);
#7221 = AXIS2_PLACEMENT_3D('',#7222,#7223,#7224);
#7222 = CARTESIAN_POINT('',(220.98,40.64,40.639999999998));
#7223 = DIRECTION('',(1.,6.070773319254E-17,-0.));
#7224 = DIRECTION('',(-6.070773319254E-17,1.,0.));
#7225 = ADVANCED_FACE('',(#7226),#7242,.F.);
#7226 = FACE_BOUND('',#7227,.F.);
#7227 = EDGE_LOOP('',(#7228,#7229,#7235,#7236));
#7228 = ORIENTED_EDGE('',*,*,#2577,.F.);
#7229 = ORIENTED_EDGE('',*,*,#7230,.F.);
#7230 = EDGE_CURVE('',#4530,#2578,#7231,.T.);
#7231 = LINE('',#7232,#7233);
#7232 = CARTESIAN_POINT('',(220.98,175.26,40.64));
#7233 = VECTOR('',#7234,1.);
#7234 = DIRECTION('',(1.,6.070773319254E-17,-0.));
#7235 = ORIENTED_EDGE('',*,*,#4529,.T.);
#7236 = ORIENTED_EDGE('',*,*,#7237,.T.);
#7237 = EDGE_CURVE('',#4532,#2580,#7238,.T.);
#7238 = LINE('',#7239,#7240);
#7239 = CARTESIAN_POINT('',(220.98,170.18,40.64));
#7240 = VECTOR('',#7241,1.);
#7241 = DIRECTION('',(1.,6.070773319254E-17,-0.));
#7242 = CYLINDRICAL_SURFACE('',#7243,2.54);
#7243 = AXIS2_PLACEMENT_3D('',#7244,#7245,#7246);
#7244 = CARTESIAN_POINT('',(220.98,172.72,40.64));
#7245 = DIRECTION('',(1.,6.070773319254E-17,-0.));
#7246 = DIRECTION('',(-6.070773319254E-17,1.,0.));
#7247 = ADVANCED_FACE('',(#7248),#7254,.F.);
#7248 = FACE_BOUND('',#7249,.F.);
#7249 = EDGE_LOOP('',(#7250,#7251,#7252,#7253));
#7250 = ORIENTED_EDGE('',*,*,#7230,.T.);
#7251 = ORIENTED_EDGE('',*,*,#2588,.F.);
#7252 = ORIENTED_EDGE('',*,*,#7237,.F.);
#7253 = ORIENTED_EDGE('',*,*,#4540,.T.);
#7254 = CYLINDRICAL_SURFACE('',#7255,2.54);
#7255 = AXIS2_PLACEMENT_3D('',#7256,#7257,#7258);
#7256 = CARTESIAN_POINT('',(220.98,172.72,40.64));
#7257 = DIRECTION('',(1.,6.070773319254E-17,-0.));
#7258 = DIRECTION('',(-6.070773319254E-17,1.,0.));
#7259 = ADVANCED_FACE('',(#7260),#7276,.F.);
#7260 = FACE_BOUND('',#7261,.F.);
#7261 = EDGE_LOOP('',(#7262,#7263,#7269,#7270));
#7262 = ORIENTED_EDGE('',*,*,#2597,.F.);
#7263 = ORIENTED_EDGE('',*,*,#7264,.F.);
#7264 = EDGE_CURVE('',#4550,#2598,#7265,.T.);
#7265 = LINE('',#7266,#7267);
#7266 = CARTESIAN_POINT('',(220.98,185.42,40.64));
#7267 = VECTOR('',#7268,1.);
#7268 = DIRECTION('',(1.,6.070773319254E-17,-0.));
#7269 = ORIENTED_EDGE('',*,*,#4549,.T.);
#7270 = ORIENTED_EDGE('',*,*,#7271,.T.);
#7271 = EDGE_CURVE('',#4552,#2600,#7272,.T.);
#7272 = LINE('',#7273,#7274);
#7273 = CARTESIAN_POINT('',(220.98,180.34,40.64));
#7274 = VECTOR('',#7275,1.);
#7275 = DIRECTION('',(1.,6.070773319254E-17,-0.));
#7276 = CYLINDRICAL_SURFACE('',#7277,2.54);
#7277 = AXIS2_PLACEMENT_3D('',#7278,#7279,#7280);
#7278 = CARTESIAN_POINT('',(220.98,182.88,40.64));
#7279 = DIRECTION('',(1.,6.070773319254E-17,-0.));
#7280 = DIRECTION('',(-6.070773319254E-17,1.,0.));
#7281 = ADVANCED_FACE('',(#7282),#7288,.F.);
#7282 = FACE_BOUND('',#7283,.F.);
#7283 = EDGE_LOOP('',(#7284,#7285,#7286,#7287));
#7284 = ORIENTED_EDGE('',*,*,#7264,.T.);
#7285 = ORIENTED_EDGE('',*,*,#2608,.F.);
#7286 = ORIENTED_EDGE('',*,*,#7271,.F.);
#7287 = ORIENTED_EDGE('',*,*,#4560,.T.);
#7288 = CYLINDRICAL_SURFACE('',#7289,2.54);
#7289 = AXIS2_PLACEMENT_3D('',#7290,#7291,#7292);
#7290 = CARTESIAN_POINT('',(220.98,182.88,40.64));
#7291 = DIRECTION('',(1.,6.070773319254E-17,-0.));
#7292 = DIRECTION('',(-6.070773319254E-17,1.,0.));
#7293 = ADVANCED_FACE('',(#7294),#7310,.F.);
#7294 = FACE_BOUND('',#7295,.F.);
#7295 = EDGE_LOOP('',(#7296,#7297,#7303,#7304));
#7296 = ORIENTED_EDGE('',*,*,#2617,.F.);
#7297 = ORIENTED_EDGE('',*,*,#7298,.F.);
#7298 = EDGE_CURVE('',#4570,#2618,#7299,.T.);
#7299 = LINE('',#7300,#7301);
#7300 = CARTESIAN_POINT('',(220.98,195.58,30.48));
#7301 = VECTOR('',#7302,1.);
#7302 = DIRECTION('',(1.,6.070773319254E-17,-0.));
#7303 = ORIENTED_EDGE('',*,*,#4569,.T.);
#7304 = ORIENTED_EDGE('',*,*,#7305,.T.);
#7305 = EDGE_CURVE('',#4572,#2620,#7306,.T.);
#7306 = LINE('',#7307,#7308);
#7307 = CARTESIAN_POINT('',(220.98,190.5,30.48));
#7308 = VECTOR('',#7309,1.);
#7309 = DIRECTION('',(1.,6.070773319254E-17,-0.));
#7310 = CYLINDRICAL_SURFACE('',#7311,2.54);
#7311 = AXIS2_PLACEMENT_3D('',#7312,#7313,#7314);
#7312 = CARTESIAN_POINT('',(220.98,193.04,30.48));
#7313 = DIRECTION('',(1.,6.070773319254E-17,-0.));
#7314 = DIRECTION('',(-6.070773319254E-17,1.,0.));
#7315 = ADVANCED_FACE('',(#7316),#7322,.F.);
#7316 = FACE_BOUND('',#7317,.F.);
#7317 = EDGE_LOOP('',(#7318,#7319,#7320,#7321));
#7318 = ORIENTED_EDGE('',*,*,#7298,.T.);
#7319 = ORIENTED_EDGE('',*,*,#2628,.F.);
#7320 = ORIENTED_EDGE('',*,*,#7305,.F.);
#7321 = ORIENTED_EDGE('',*,*,#4580,.T.);
#7322 = CYLINDRICAL_SURFACE('',#7323,2.54);
#7323 = AXIS2_PLACEMENT_3D('',#7324,#7325,#7326);
#7324 = CARTESIAN_POINT('',(220.98,193.04,30.48));
#7325 = DIRECTION('',(1.,6.070773319254E-17,-0.));
#7326 = DIRECTION('',(-6.070773319254E-17,1.,0.));
#7327 = ADVANCED_FACE('',(#7328),#7344,.F.);
#7328 = FACE_BOUND('',#7329,.F.);
#7329 = EDGE_LOOP('',(#7330,#7331,#7337,#7338));
#7330 = ORIENTED_EDGE('',*,*,#2637,.F.);
#7331 = ORIENTED_EDGE('',*,*,#7332,.F.);
#7332 = EDGE_CURVE('',#4118,#2638,#7333,.T.);
#7333 = LINE('',#7334,#7335);
#7334 = CARTESIAN_POINT('',(220.98,205.74,10.16));
#7335 = VECTOR('',#7336,1.);
#7336 = DIRECTION('',(1.,6.070773319254E-17,-0.));
#7337 = ORIENTED_EDGE('',*,*,#4126,.T.);
#7338 = ORIENTED_EDGE('',*,*,#7339,.T.);
#7339 = EDGE_CURVE('',#4127,#2640,#7340,.T.);
#7340 = LINE('',#7341,#7342);
#7341 = CARTESIAN_POINT('',(220.98,200.66,10.16));
#7342 = VECTOR('',#7343,1.);
#7343 = DIRECTION('',(1.,6.070773319254E-17,-0.));
#7344 = CYLINDRICAL_SURFACE('',#7345,2.54);
#7345 = AXIS2_PLACEMENT_3D('',#7346,#7347,#7348);
#7346 = CARTESIAN_POINT('',(220.98,203.2,10.16));
#7347 = DIRECTION('',(1.,6.070773319254E-17,-0.));
#7348 = DIRECTION('',(-6.070773319254E-17,1.,0.));
#7349 = ADVANCED_FACE('',(#7350),#7357,.F.);
#7350 = FACE_BOUND('',#7351,.F.);
#7351 = EDGE_LOOP('',(#7352,#7353,#7354,#7355,#7356));
#7352 = ORIENTED_EDGE('',*,*,#4117,.T.);
#7353 = ORIENTED_EDGE('',*,*,#7332,.T.);
#7354 = ORIENTED_EDGE('',*,*,#2648,.F.);
#7355 = ORIENTED_EDGE('',*,*,#7339,.F.);
#7356 = ORIENTED_EDGE('',*,*,#4135,.T.);
#7357 = CYLINDRICAL_SURFACE('',#7358,2.54);
#7358 = AXIS2_PLACEMENT_3D('',#7359,#7360,#7361);
#7359 = CARTESIAN_POINT('',(220.98,203.2,10.16));
#7360 = DIRECTION('',(1.,6.070773319254E-17,-0.));
#7361 = DIRECTION('',(-6.070773319254E-17,1.,0.));
#7362 = ADVANCED_FACE('',(#7363),#7379,.F.);
#7363 = FACE_BOUND('',#7364,.F.);
#7364 = EDGE_LOOP('',(#7365,#7366,#7372,#7373));
#7365 = ORIENTED_EDGE('',*,*,#2657,.F.);
#7366 = ORIENTED_EDGE('',*,*,#7367,.F.);
#7367 = EDGE_CURVE('',#4590,#2658,#7368,.T.);
#7368 = LINE('',#7369,#7370);
#7369 = CARTESIAN_POINT('',(220.98,215.9,30.48));
#7370 = VECTOR('',#7371,1.);
#7371 = DIRECTION('',(1.,6.070773319254E-17,-0.));
#7372 = ORIENTED_EDGE('',*,*,#4589,.T.);
#7373 = ORIENTED_EDGE('',*,*,#7374,.T.);
#7374 = EDGE_CURVE('',#4592,#2660,#7375,.T.);
#7375 = LINE('',#7376,#7377);
#7376 = CARTESIAN_POINT('',(220.98,210.82,30.48));
#7377 = VECTOR('',#7378,1.);
#7378 = DIRECTION('',(1.,6.070773319254E-17,-0.));
#7379 = CYLINDRICAL_SURFACE('',#7380,2.54);
#7380 = AXIS2_PLACEMENT_3D('',#7381,#7382,#7383);
#7381 = CARTESIAN_POINT('',(220.98,213.36,30.48));
#7382 = DIRECTION('',(1.,6.070773319254E-17,-0.));
#7383 = DIRECTION('',(-6.070773319254E-17,1.,0.));
#7384 = ADVANCED_FACE('',(#7385),#7391,.F.);
#7385 = FACE_BOUND('',#7386,.F.);
#7386 = EDGE_LOOP('',(#7387,#7388,#7389,#7390));
#7387 = ORIENTED_EDGE('',*,*,#7367,.T.);
#7388 = ORIENTED_EDGE('',*,*,#2668,.F.);
#7389 = ORIENTED_EDGE('',*,*,#7374,.F.);
#7390 = ORIENTED_EDGE('',*,*,#4600,.T.);
#7391 = CYLINDRICAL_SURFACE('',#7392,2.54);
#7392 = AXIS2_PLACEMENT_3D('',#7393,#7394,#7395);
#7393 = CARTESIAN_POINT('',(220.98,213.36,30.48));
#7394 = DIRECTION('',(1.,6.070773319254E-17,-0.));
#7395 = DIRECTION('',(-6.070773319254E-17,1.,0.));
#7396 = ADVANCED_FACE('',(#7397),#7413,.F.);
#7397 = FACE_BOUND('',#7398,.F.);
#7398 = EDGE_LOOP('',(#7399,#7400,#7406,#7407));
#7399 = ORIENTED_EDGE('',*,*,#2677,.F.);
#7400 = ORIENTED_EDGE('',*,*,#7401,.F.);
#7401 = EDGE_CURVE('',#4610,#2678,#7402,.T.);
#7402 = LINE('',#7403,#7404);
#7403 = CARTESIAN_POINT('',(220.98,215.9,40.64));
#7404 = VECTOR('',#7405,1.);
#7405 = DIRECTION('',(1.,6.070773319254E-17,-0.));
#7406 = ORIENTED_EDGE('',*,*,#4609,.T.);
#7407 = ORIENTED_EDGE('',*,*,#7408,.T.);
#7408 = EDGE_CURVE('',#4612,#2680,#7409,.T.);
#7409 = LINE('',#7410,#7411);
#7410 = CARTESIAN_POINT('',(220.98,210.82,40.64));
#7411 = VECTOR('',#7412,1.);
#7412 = DIRECTION('',(1.,6.070773319254E-17,-0.));
#7413 = CYLINDRICAL_SURFACE('',#7414,2.54);
#7414 = AXIS2_PLACEMENT_3D('',#7415,#7416,#7417);
#7415 = CARTESIAN_POINT('',(220.98,213.36,40.64));
#7416 = DIRECTION('',(1.,6.070773319254E-17,-0.));
#7417 = DIRECTION('',(-6.070773319254E-17,1.,0.));
#7418 = ADVANCED_FACE('',(#7419),#7425,.F.);
#7419 = FACE_BOUND('',#7420,.F.);
#7420 = EDGE_LOOP('',(#7421,#7422,#7423,#7424));
#7421 = ORIENTED_EDGE('',*,*,#7401,.T.);
#7422 = ORIENTED_EDGE('',*,*,#2688,.F.);
#7423 = ORIENTED_EDGE('',*,*,#7408,.F.);
#7424 = ORIENTED_EDGE('',*,*,#4620,.T.);
#7425 = CYLINDRICAL_SURFACE('',#7426,2.54);
#7426 = AXIS2_PLACEMENT_3D('',#7427,#7428,#7429);
#7427 = CARTESIAN_POINT('',(220.98,213.36,40.64));
#7428 = DIRECTION('',(1.,6.070773319254E-17,-0.));
#7429 = DIRECTION('',(-6.070773319254E-17,1.,0.));
#7430 = ADVANCED_FACE('',(#7431),#7447,.F.);
#7431 = FACE_BOUND('',#7432,.F.);
#7432 = EDGE_LOOP('',(#7433,#7434,#7440,#7441));
#7433 = ORIENTED_EDGE('',*,*,#2697,.F.);
#7434 = ORIENTED_EDGE('',*,*,#7435,.F.);
#7435 = EDGE_CURVE('',#4091,#2698,#7436,.T.);
#7436 = LINE('',#7437,#7438);
#7437 = CARTESIAN_POINT('',(220.98,215.9,10.16));
#7438 = VECTOR('',#7439,1.);
#7439 = DIRECTION('',(1.,6.070773319254E-17,-0.));
#7440 = ORIENTED_EDGE('',*,*,#4099,.T.);
#7441 = ORIENTED_EDGE('',*,*,#7442,.T.);
#7442 = EDGE_CURVE('',#4100,#2700,#7443,.T.);
#7443 = LINE('',#7444,#7445);
#7444 = CARTESIAN_POINT('',(220.98,210.82,10.16));
#7445 = VECTOR('',#7446,1.);
#7446 = DIRECTION('',(1.,6.070773319254E-17,-0.));
#7447 = CYLINDRICAL_SURFACE('',#7448,2.54);
#7448 = AXIS2_PLACEMENT_3D('',#7449,#7450,#7451);
#7449 = CARTESIAN_POINT('',(220.98,213.36,10.16));
#7450 = DIRECTION('',(1.,6.070773319254E-17,-0.));
#7451 = DIRECTION('',(-6.070773319254E-17,1.,0.));
#7452 = ADVANCED_FACE('',(#7453),#7460,.F.);
#7453 = FACE_BOUND('',#7454,.F.);
#7454 = EDGE_LOOP('',(#7455,#7456,#7457,#7458,#7459));
#7455 = ORIENTED_EDGE('',*,*,#4090,.T.);
#7456 = ORIENTED_EDGE('',*,*,#7435,.T.);
#7457 = ORIENTED_EDGE('',*,*,#2708,.F.);
#7458 = ORIENTED_EDGE('',*,*,#7442,.F.);
#7459 = ORIENTED_EDGE('',*,*,#4108,.T.);
#7460 = CYLINDRICAL_SURFACE('',#7461,2.54);
#7461 = AXIS2_PLACEMENT_3D('',#7462,#7463,#7464);
#7462 = CARTESIAN_POINT('',(220.98,213.36,10.16));
#7463 = DIRECTION('',(1.,6.070773319254E-17,-0.));
#7464 = DIRECTION('',(-6.070773319254E-17,1.,0.));
#7465 = ADVANCED_FACE('',(#7466),#7482,.F.);
#7466 = FACE_BOUND('',#7467,.F.);
#7467 = EDGE_LOOP('',(#7468,#7469,#7475,#7476));
#7468 = ORIENTED_EDGE('',*,*,#2717,.F.);
#7469 = ORIENTED_EDGE('',*,*,#7470,.F.);
#7470 = EDGE_CURVE('',#4630,#2718,#7471,.T.);
#7471 = LINE('',#7472,#7473);
#7472 = CARTESIAN_POINT('',(220.98,215.9,20.32));
#7473 = VECTOR('',#7474,1.);
#7474 = DIRECTION('',(1.,6.070773319254E-17,-0.));
#7475 = ORIENTED_EDGE('',*,*,#4629,.T.);
#7476 = ORIENTED_EDGE('',*,*,#7477,.T.);
#7477 = EDGE_CURVE('',#4632,#2720,#7478,.T.);
#7478 = LINE('',#7479,#7480);
#7479 = CARTESIAN_POINT('',(220.98,210.82,20.32));
#7480 = VECTOR('',#7481,1.);
#7481 = DIRECTION('',(1.,6.070773319254E-17,-0.));
#7482 = CYLINDRICAL_SURFACE('',#7483,2.54);
#7483 = AXIS2_PLACEMENT_3D('',#7484,#7485,#7486);
#7484 = CARTESIAN_POINT('',(220.98,213.36,20.32));
#7485 = DIRECTION('',(1.,6.070773319254E-17,-0.));
#7486 = DIRECTION('',(-6.070773319254E-17,1.,0.));
#7487 = ADVANCED_FACE('',(#7488),#7494,.F.);
#7488 = FACE_BOUND('',#7489,.F.);
#7489 = EDGE_LOOP('',(#7490,#7491,#7492,#7493));
#7490 = ORIENTED_EDGE('',*,*,#7470,.T.);
#7491 = ORIENTED_EDGE('',*,*,#2728,.F.);
#7492 = ORIENTED_EDGE('',*,*,#7477,.F.);
#7493 = ORIENTED_EDGE('',*,*,#4640,.T.);
#7494 = CYLINDRICAL_SURFACE('',#7495,2.54);
#7495 = AXIS2_PLACEMENT_3D('',#7496,#7497,#7498);
#7496 = CARTESIAN_POINT('',(220.98,213.36,20.32));
#7497 = DIRECTION('',(1.,6.070773319254E-17,-0.));
#7498 = DIRECTION('',(-6.070773319254E-17,1.,0.));
#7499 = ADVANCED_FACE('',(#7500),#7516,.F.);
#7500 = FACE_BOUND('',#7501,.F.);
#7501 = EDGE_LOOP('',(#7502,#7503,#7509,#7510));
#7502 = ORIENTED_EDGE('',*,*,#2737,.F.);
#7503 = ORIENTED_EDGE('',*,*,#7504,.F.);
#7504 = EDGE_CURVE('',#4650,#2738,#7505,.T.);
#7505 = LINE('',#7506,#7507);
#7506 = CARTESIAN_POINT('',(220.98,175.26,30.48));
#7507 = VECTOR('',#7508,1.);
#7508 = DIRECTION('',(1.,6.070773319254E-17,-0.));
#7509 = ORIENTED_EDGE('',*,*,#4649,.T.);
#7510 = ORIENTED_EDGE('',*,*,#7511,.T.);
#7511 = EDGE_CURVE('',#4652,#2740,#7512,.T.);
#7512 = LINE('',#7513,#7514);
#7513 = CARTESIAN_POINT('',(220.98,170.18,30.48));
#7514 = VECTOR('',#7515,1.);
#7515 = DIRECTION('',(1.,6.070773319254E-17,-0.));
#7516 = CYLINDRICAL_SURFACE('',#7517,2.54);
#7517 = AXIS2_PLACEMENT_3D('',#7518,#7519,#7520);
#7518 = CARTESIAN_POINT('',(220.98,172.72,30.48));
#7519 = DIRECTION('',(1.,6.070773319254E-17,-0.));
#7520 = DIRECTION('',(-6.070773319254E-17,1.,0.));
#7521 = ADVANCED_FACE('',(#7522),#7528,.F.);
#7522 = FACE_BOUND('',#7523,.F.);
#7523 = EDGE_LOOP('',(#7524,#7525,#7526,#7527));
#7524 = ORIENTED_EDGE('',*,*,#7504,.T.);
#7525 = ORIENTED_EDGE('',*,*,#2748,.F.);
#7526 = ORIENTED_EDGE('',*,*,#7511,.F.);
#7527 = ORIENTED_EDGE('',*,*,#4660,.T.);
#7528 = CYLINDRICAL_SURFACE('',#7529,2.54);
#7529 = AXIS2_PLACEMENT_3D('',#7530,#7531,#7532);
#7530 = CARTESIAN_POINT('',(220.98,172.72,30.48));
#7531 = DIRECTION('',(1.,6.070773319254E-17,-0.));
#7532 = DIRECTION('',(-6.070773319254E-17,1.,0.));
#7533 = ADVANCED_FACE('',(#7534),#7550,.F.);
#7534 = FACE_BOUND('',#7535,.F.);
#7535 = EDGE_LOOP('',(#7536,#7537,#7543,#7544));
#7536 = ORIENTED_EDGE('',*,*,#2757,.F.);
#7537 = ORIENTED_EDGE('',*,*,#7538,.F.);
#7538 = EDGE_CURVE('',#4172,#2758,#7539,.T.);
#7539 = LINE('',#7540,#7541);
#7540 = CARTESIAN_POINT('',(220.98,185.42,10.16));
#7541 = VECTOR('',#7542,1.);
#7542 = DIRECTION('',(1.,6.070773319254E-17,-0.));
#7543 = ORIENTED_EDGE('',*,*,#4180,.T.);
#7544 = ORIENTED_EDGE('',*,*,#7545,.T.);
#7545 = EDGE_CURVE('',#4181,#2760,#7546,.T.);
#7546 = LINE('',#7547,#7548);
#7547 = CARTESIAN_POINT('',(220.98,180.34,10.16));
#7548 = VECTOR('',#7549,1.);
#7549 = DIRECTION('',(1.,6.070773319254E-17,-0.));
#7550 = CYLINDRICAL_SURFACE('',#7551,2.54);
#7551 = AXIS2_PLACEMENT_3D('',#7552,#7553,#7554);
#7552 = CARTESIAN_POINT('',(220.98,182.88,10.16));
#7553 = DIRECTION('',(1.,6.070773319254E-17,-0.));
#7554 = DIRECTION('',(-6.070773319254E-17,1.,0.));
#7555 = ADVANCED_FACE('',(#7556),#7563,.F.);
#7556 = FACE_BOUND('',#7557,.F.);
#7557 = EDGE_LOOP('',(#7558,#7559,#7560,#7561,#7562));
#7558 = ORIENTED_EDGE('',*,*,#4171,.T.);
#7559 = ORIENTED_EDGE('',*,*,#7538,.T.);
#7560 = ORIENTED_EDGE('',*,*,#2768,.F.);
#7561 = ORIENTED_EDGE('',*,*,#7545,.F.);
#7562 = ORIENTED_EDGE('',*,*,#4189,.T.);
#7563 = CYLINDRICAL_SURFACE('',#7564,2.54);
#7564 = AXIS2_PLACEMENT_3D('',#7565,#7566,#7567);
#7565 = CARTESIAN_POINT('',(220.98,182.88,10.16));
#7566 = DIRECTION('',(1.,6.070773319254E-17,-0.));
#7567 = DIRECTION('',(-6.070773319254E-17,1.,0.));
#7568 = ADVANCED_FACE('',(#7569),#7585,.F.);
#7569 = FACE_BOUND('',#7570,.F.);
#7570 = EDGE_LOOP('',(#7571,#7572,#7578,#7579));
#7571 = ORIENTED_EDGE('',*,*,#2777,.F.);
#7572 = ORIENTED_EDGE('',*,*,#7573,.F.);
#7573 = EDGE_CURVE('',#4670,#2778,#7574,.T.);
#7574 = LINE('',#7575,#7576);
#7575 = CARTESIAN_POINT('',(220.98,73.66,40.639999999999));
#7576 = VECTOR('',#7577,1.);
#7577 = DIRECTION('',(1.,6.070773319254E-17,-0.));
#7578 = ORIENTED_EDGE('',*,*,#4669,.T.);
#7579 = ORIENTED_EDGE('',*,*,#7580,.T.);
#7580 = EDGE_CURVE('',#4672,#2780,#7581,.T.);
#7581 = LINE('',#7582,#7583);
#7582 = CARTESIAN_POINT('',(220.98,68.58,40.639999999999));
#7583 = VECTOR('',#7584,1.);
#7584 = DIRECTION('',(1.,6.070773319254E-17,-0.));
#7585 = CYLINDRICAL_SURFACE('',#7586,2.54);
#7586 = AXIS2_PLACEMENT_3D('',#7587,#7588,#7589);
#7587 = CARTESIAN_POINT('',(220.98,71.12,40.639999999999));
#7588 = DIRECTION('',(1.,6.070773319254E-17,-0.));
#7589 = DIRECTION('',(-6.070773319254E-17,1.,0.));
#7590 = ADVANCED_FACE('',(#7591),#7597,.F.);
#7591 = FACE_BOUND('',#7592,.F.);
#7592 = EDGE_LOOP('',(#7593,#7594,#7595,#7596));
#7593 = ORIENTED_EDGE('',*,*,#7573,.T.);
#7594 = ORIENTED_EDGE('',*,*,#2788,.F.);
#7595 = ORIENTED_EDGE('',*,*,#7580,.F.);
#7596 = ORIENTED_EDGE('',*,*,#4680,.T.);
#7597 = CYLINDRICAL_SURFACE('',#7598,2.54);
#7598 = AXIS2_PLACEMENT_3D('',#7599,#7600,#7601);
#7599 = CARTESIAN_POINT('',(220.98,71.12,40.639999999999));
#7600 = DIRECTION('',(1.,6.070773319254E-17,-0.));
#7601 = DIRECTION('',(-6.070773319254E-17,1.,0.));
#7602 = ADVANCED_FACE('',(#7603),#7619,.F.);
#7603 = FACE_BOUND('',#7604,.F.);
#7604 = EDGE_LOOP('',(#7605,#7606,#7612,#7613));
#7605 = ORIENTED_EDGE('',*,*,#2797,.F.);
#7606 = ORIENTED_EDGE('',*,*,#7607,.F.);
#7607 = EDGE_CURVE('',#4690,#2798,#7608,.T.);
#7608 = LINE('',#7609,#7610);
#7609 = CARTESIAN_POINT('',(220.98,83.82,40.639999999999));
#7610 = VECTOR('',#7611,1.);
#7611 = DIRECTION('',(1.,6.070773319254E-17,-0.));
#7612 = ORIENTED_EDGE('',*,*,#4689,.T.);
#7613 = ORIENTED_EDGE('',*,*,#7614,.T.);
#7614 = EDGE_CURVE('',#4692,#2800,#7615,.T.);
#7615 = LINE('',#7616,#7617);
#7616 = CARTESIAN_POINT('',(220.98,78.74,40.639999999999));
#7617 = VECTOR('',#7618,1.);
#7618 = DIRECTION('',(1.,6.070773319254E-17,-0.));
#7619 = CYLINDRICAL_SURFACE('',#7620,2.54);
#7620 = AXIS2_PLACEMENT_3D('',#7621,#7622,#7623);
#7621 = CARTESIAN_POINT('',(220.98,81.28,40.639999999999));
#7622 = DIRECTION('',(1.,6.070773319254E-17,-0.));
#7623 = DIRECTION('',(-6.070773319254E-17,1.,0.));
#7624 = ADVANCED_FACE('',(#7625),#7631,.F.);
#7625 = FACE_BOUND('',#7626,.F.);
#7626 = EDGE_LOOP('',(#7627,#7628,#7629,#7630));
#7627 = ORIENTED_EDGE('',*,*,#7607,.T.);
#7628 = ORIENTED_EDGE('',*,*,#2808,.F.);
#7629 = ORIENTED_EDGE('',*,*,#7614,.F.);
#7630 = ORIENTED_EDGE('',*,*,#4700,.T.);
#7631 = CYLINDRICAL_SURFACE('',#7632,2.54);
#7632 = AXIS2_PLACEMENT_3D('',#7633,#7634,#7635);
#7633 = CARTESIAN_POINT('',(220.98,81.28,40.639999999999));
#7634 = DIRECTION('',(1.,6.070773319254E-17,-0.));
#7635 = DIRECTION('',(-6.070773319254E-17,1.,0.));
#7636 = ADVANCED_FACE('',(#7637),#7653,.F.);
#7637 = FACE_BOUND('',#7638,.F.);
#7638 = EDGE_LOOP('',(#7639,#7640,#7646,#7647));
#7639 = ORIENTED_EDGE('',*,*,#2817,.F.);
#7640 = ORIENTED_EDGE('',*,*,#7641,.F.);
#7641 = EDGE_CURVE('',#4710,#2818,#7642,.T.);
#7642 = LINE('',#7643,#7644);
#7643 = CARTESIAN_POINT('',(220.98,134.62,40.639999999999));
#7644 = VECTOR('',#7645,1.);
#7645 = DIRECTION('',(1.,6.070773319254E-17,-0.));
#7646 = ORIENTED_EDGE('',*,*,#4709,.T.);
#7647 = ORIENTED_EDGE('',*,*,#7648,.T.);
#7648 = EDGE_CURVE('',#4712,#2820,#7649,.T.);
#7649 = LINE('',#7650,#7651);
#7650 = CARTESIAN_POINT('',(220.98,129.54,40.639999999999));
#7651 = VECTOR('',#7652,1.);
#7652 = DIRECTION('',(1.,6.070773319254E-17,-0.));
#7653 = CYLINDRICAL_SURFACE('',#7654,2.54);
#7654 = AXIS2_PLACEMENT_3D('',#7655,#7656,#7657);
#7655 = CARTESIAN_POINT('',(220.98,132.08,40.639999999999));
#7656 = DIRECTION('',(1.,6.070773319254E-17,-0.));
#7657 = DIRECTION('',(-6.070773319254E-17,1.,0.));
#7658 = ADVANCED_FACE('',(#7659),#7665,.F.);
#7659 = FACE_BOUND('',#7660,.F.);
#7660 = EDGE_LOOP('',(#7661,#7662,#7663,#7664));
#7661 = ORIENTED_EDGE('',*,*,#7641,.T.);
#7662 = ORIENTED_EDGE('',*,*,#2828,.F.);
#7663 = ORIENTED_EDGE('',*,*,#7648,.F.);
#7664 = ORIENTED_EDGE('',*,*,#4720,.T.);
#7665 = CYLINDRICAL_SURFACE('',#7666,2.54);
#7666 = AXIS2_PLACEMENT_3D('',#7667,#7668,#7669);
#7667 = CARTESIAN_POINT('',(220.98,132.08,40.639999999999));
#7668 = DIRECTION('',(1.,6.070773319254E-17,-0.));
#7669 = DIRECTION('',(-6.070773319254E-17,1.,0.));
#7670 = ADVANCED_FACE('',(#7671),#7687,.F.);
#7671 = FACE_BOUND('',#7672,.F.);
#7672 = EDGE_LOOP('',(#7673,#7674,#7680,#7681));
#7673 = ORIENTED_EDGE('',*,*,#2837,.F.);
#7674 = ORIENTED_EDGE('',*,*,#7675,.F.);
#7675 = EDGE_CURVE('',#4730,#2838,#7676,.T.);
#7676 = LINE('',#7677,#7678);
#7677 = CARTESIAN_POINT('',(220.98,144.78,40.639999999999));
#7678 = VECTOR('',#7679,1.);
#7679 = DIRECTION('',(1.,6.070773319254E-17,-0.));
#7680 = ORIENTED_EDGE('',*,*,#4729,.T.);
#7681 = ORIENTED_EDGE('',*,*,#7682,.T.);
#7682 = EDGE_CURVE('',#4732,#2840,#7683,.T.);
#7683 = LINE('',#7684,#7685);
#7684 = CARTESIAN_POINT('',(220.98,139.7,40.639999999999));
#7685 = VECTOR('',#7686,1.);
#7686 = DIRECTION('',(1.,6.070773319254E-17,-0.));
#7687 = CYLINDRICAL_SURFACE('',#7688,2.54);
#7688 = AXIS2_PLACEMENT_3D('',#7689,#7690,#7691);
#7689 = CARTESIAN_POINT('',(220.98,142.24,40.639999999999));
#7690 = DIRECTION('',(1.,6.070773319254E-17,-0.));
#7691 = DIRECTION('',(-6.070773319254E-17,1.,0.));
#7692 = ADVANCED_FACE('',(#7693),#7699,.F.);
#7693 = FACE_BOUND('',#7694,.F.);
#7694 = EDGE_LOOP('',(#7695,#7696,#7697,#7698));
#7695 = ORIENTED_EDGE('',*,*,#7675,.T.);
#7696 = ORIENTED_EDGE('',*,*,#2848,.F.);
#7697 = ORIENTED_EDGE('',*,*,#7682,.F.);
#7698 = ORIENTED_EDGE('',*,*,#4740,.T.);
#7699 = CYLINDRICAL_SURFACE('',#7700,2.54);
#7700 = AXIS2_PLACEMENT_3D('',#7701,#7702,#7703);
#7701 = CARTESIAN_POINT('',(220.98,142.24,40.639999999999));
#7702 = DIRECTION('',(1.,6.070773319254E-17,-0.));
#7703 = DIRECTION('',(-6.070773319254E-17,1.,0.));
#7704 = ADVANCED_FACE('',(#7705),#7721,.F.);
#7705 = FACE_BOUND('',#7706,.F.);
#7706 = EDGE_LOOP('',(#7707,#7708,#7714,#7715));
#7707 = ORIENTED_EDGE('',*,*,#2857,.F.);
#7708 = ORIENTED_EDGE('',*,*,#7709,.F.);
#7709 = EDGE_CURVE('',#4750,#2858,#7710,.T.);
#7710 = LINE('',#7711,#7712);
#7711 = CARTESIAN_POINT('',(220.98,114.3,40.639999999999));
#7712 = VECTOR('',#7713,1.);
#7713 = DIRECTION('',(1.,6.070773319254E-17,-0.));
#7714 = ORIENTED_EDGE('',*,*,#4749,.T.);
#7715 = ORIENTED_EDGE('',*,*,#7716,.T.);
#7716 = EDGE_CURVE('',#4752,#2860,#7717,.T.);
#7717 = LINE('',#7718,#7719);
#7718 = CARTESIAN_POINT('',(220.98,109.22,40.639999999999));
#7719 = VECTOR('',#7720,1.);
#7720 = DIRECTION('',(1.,6.070773319254E-17,-0.));
#7721 = CYLINDRICAL_SURFACE('',#7722,2.54);
#7722 = AXIS2_PLACEMENT_3D('',#7723,#7724,#7725);
#7723 = CARTESIAN_POINT('',(220.98,111.76,40.639999999999));
#7724 = DIRECTION('',(1.,6.070773319254E-17,-0.));
#7725 = DIRECTION('',(-6.070773319254E-17,1.,0.));
#7726 = ADVANCED_FACE('',(#7727),#7733,.F.);
#7727 = FACE_BOUND('',#7728,.F.);
#7728 = EDGE_LOOP('',(#7729,#7730,#7731,#7732));
#7729 = ORIENTED_EDGE('',*,*,#7709,.T.);
#7730 = ORIENTED_EDGE('',*,*,#2868,.F.);
#7731 = ORIENTED_EDGE('',*,*,#7716,.F.);
#7732 = ORIENTED_EDGE('',*,*,#4760,.T.);
#7733 = CYLINDRICAL_SURFACE('',#7734,2.54);
#7734 = AXIS2_PLACEMENT_3D('',#7735,#7736,#7737);
#7735 = CARTESIAN_POINT('',(220.98,111.76,40.639999999999));
#7736 = DIRECTION('',(1.,6.070773319254E-17,-0.));
#7737 = DIRECTION('',(-6.070773319254E-17,1.,0.));
#7738 = ADVANCED_FACE('',(#7739),#7755,.F.);
#7739 = FACE_BOUND('',#7740,.F.);
#7740 = EDGE_LOOP('',(#7741,#7742,#7748,#7749));
#7741 = ORIENTED_EDGE('',*,*,#2877,.F.);
#7742 = ORIENTED_EDGE('',*,*,#7743,.F.);
#7743 = EDGE_CURVE('',#4770,#2878,#7744,.T.);
#7744 = LINE('',#7745,#7746);
#7745 = CARTESIAN_POINT('',(220.98,124.46,40.639999999999));
#7746 = VECTOR('',#7747,1.);
#7747 = DIRECTION('',(1.,6.070773319254E-17,-0.));
#7748 = ORIENTED_EDGE('',*,*,#4769,.T.);
#7749 = ORIENTED_EDGE('',*,*,#7750,.T.);
#7750 = EDGE_CURVE('',#4772,#2880,#7751,.T.);
#7751 = LINE('',#7752,#7753);
#7752 = CARTESIAN_POINT('',(220.98,119.38,40.639999999999));
#7753 = VECTOR('',#7754,1.);
#7754 = DIRECTION('',(1.,6.070773319254E-17,-0.));
#7755 = CYLINDRICAL_SURFACE('',#7756,2.54);
#7756 = AXIS2_PLACEMENT_3D('',#7757,#7758,#7759);
#7757 = CARTESIAN_POINT('',(220.98,121.92,40.639999999999));
#7758 = DIRECTION('',(1.,6.070773319254E-17,-0.));
#7759 = DIRECTION('',(-6.070773319254E-17,1.,0.));
#7760 = ADVANCED_FACE('',(#7761),#7767,.F.);
#7761 = FACE_BOUND('',#7762,.F.);
#7762 = EDGE_LOOP('',(#7763,#7764,#7765,#7766));
#7763 = ORIENTED_EDGE('',*,*,#7743,.T.);
#7764 = ORIENTED_EDGE('',*,*,#2888,.F.);
#7765 = ORIENTED_EDGE('',*,*,#7750,.F.);
#7766 = ORIENTED_EDGE('',*,*,#4780,.T.);
#7767 = CYLINDRICAL_SURFACE('',#7768,2.54);
#7768 = AXIS2_PLACEMENT_3D('',#7769,#7770,#7771);
#7769 = CARTESIAN_POINT('',(220.98,121.92,40.639999999999));
#7770 = DIRECTION('',(1.,6.070773319254E-17,-0.));
#7771 = DIRECTION('',(-6.070773319254E-17,1.,0.));
#7772 = ADVANCED_FACE('',(#7773),#7789,.F.);
#7773 = FACE_BOUND('',#7774,.F.);
#7774 = EDGE_LOOP('',(#7775,#7776,#7782,#7783));
#7775 = ORIENTED_EDGE('',*,*,#2897,.F.);
#7776 = ORIENTED_EDGE('',*,*,#7777,.F.);
#7777 = EDGE_CURVE('',#4790,#2898,#7778,.T.);
#7778 = LINE('',#7779,#7780);
#7779 = CARTESIAN_POINT('',(220.98,205.74,20.32));
#7780 = VECTOR('',#7781,1.);
#7781 = DIRECTION('',(1.,6.070773319254E-17,-0.));
#7782 = ORIENTED_EDGE('',*,*,#4789,.T.);
#7783 = ORIENTED_EDGE('',*,*,#7784,.T.);
#7784 = EDGE_CURVE('',#4792,#2900,#7785,.T.);
#7785 = LINE('',#7786,#7787);
#7786 = CARTESIAN_POINT('',(220.98,200.66,20.32));
#7787 = VECTOR('',#7788,1.);
#7788 = DIRECTION('',(1.,6.070773319254E-17,-0.));
#7789 = CYLINDRICAL_SURFACE('',#7790,2.54);
#7790 = AXIS2_PLACEMENT_3D('',#7791,#7792,#7793);
#7791 = CARTESIAN_POINT('',(220.98,203.2,20.32));
#7792 = DIRECTION('',(1.,6.070773319254E-17,-0.));
#7793 = DIRECTION('',(-6.070773319254E-17,1.,0.));
#7794 = ADVANCED_FACE('',(#7795),#7801,.F.);
#7795 = FACE_BOUND('',#7796,.F.);
#7796 = EDGE_LOOP('',(#7797,#7798,#7799,#7800));
#7797 = ORIENTED_EDGE('',*,*,#7777,.T.);
#7798 = ORIENTED_EDGE('',*,*,#2908,.F.);
#7799 = ORIENTED_EDGE('',*,*,#7784,.F.);
#7800 = ORIENTED_EDGE('',*,*,#4800,.T.);
#7801 = CYLINDRICAL_SURFACE('',#7802,2.54);
#7802 = AXIS2_PLACEMENT_3D('',#7803,#7804,#7805);
#7803 = CARTESIAN_POINT('',(220.98,203.2,20.32));
#7804 = DIRECTION('',(1.,6.070773319254E-17,-0.));
#7805 = DIRECTION('',(-6.070773319254E-17,1.,0.));
#7806 = ADVANCED_FACE('',(#7807),#7823,.F.);
#7807 = FACE_BOUND('',#7808,.F.);
#7808 = EDGE_LOOP('',(#7809,#7810,#7816,#7817));
#7809 = ORIENTED_EDGE('',*,*,#2917,.F.);
#7810 = ORIENTED_EDGE('',*,*,#7811,.F.);
#7811 = EDGE_CURVE('',#4810,#2918,#7812,.T.);
#7812 = LINE('',#7813,#7814);
#7813 = CARTESIAN_POINT('',(220.98,205.74,30.48));
#7814 = VECTOR('',#7815,1.);
#7815 = DIRECTION('',(1.,6.070773319254E-17,-0.));
#7816 = ORIENTED_EDGE('',*,*,#4809,.T.);
#7817 = ORIENTED_EDGE('',*,*,#7818,.T.);
#7818 = EDGE_CURVE('',#4812,#2920,#7819,.T.);
#7819 = LINE('',#7820,#7821);
#7820 = CARTESIAN_POINT('',(220.98,200.66,30.48));
#7821 = VECTOR('',#7822,1.);
#7822 = DIRECTION('',(1.,6.070773319254E-17,-0.));
#7823 = CYLINDRICAL_SURFACE('',#7824,2.54);
#7824 = AXIS2_PLACEMENT_3D('',#7825,#7826,#7827);
#7825 = CARTESIAN_POINT('',(220.98,203.2,30.48));
#7826 = DIRECTION('',(1.,6.070773319254E-17,-0.));
#7827 = DIRECTION('',(-6.070773319254E-17,1.,0.));
#7828 = ADVANCED_FACE('',(#7829),#7835,.F.);
#7829 = FACE_BOUND('',#7830,.F.);
#7830 = EDGE_LOOP('',(#7831,#7832,#7833,#7834));
#7831 = ORIENTED_EDGE('',*,*,#7811,.T.);
#7832 = ORIENTED_EDGE('',*,*,#2928,.F.);
#7833 = ORIENTED_EDGE('',*,*,#7818,.F.);
#7834 = ORIENTED_EDGE('',*,*,#4820,.T.);
#7835 = CYLINDRICAL_SURFACE('',#7836,2.54);
#7836 = AXIS2_PLACEMENT_3D('',#7837,#7838,#7839);
#7837 = CARTESIAN_POINT('',(220.98,203.2,30.48));
#7838 = DIRECTION('',(1.,6.070773319254E-17,-0.));
#7839 = DIRECTION('',(-6.070773319254E-17,1.,0.));
#7840 = ADVANCED_FACE('',(#7841),#7857,.F.);
#7841 = FACE_BOUND('',#7842,.F.);
#7842 = EDGE_LOOP('',(#7843,#7844,#7850,#7851));
#7843 = ORIENTED_EDGE('',*,*,#2937,.F.);
#7844 = ORIENTED_EDGE('',*,*,#7845,.F.);
#7845 = EDGE_CURVE('',#4830,#2938,#7846,.T.);
#7846 = LINE('',#7847,#7848);
#7847 = CARTESIAN_POINT('',(220.98,83.82,30.479999999999));
#7848 = VECTOR('',#7849,1.);
#7849 = DIRECTION('',(1.,6.070773319254E-17,-0.));
#7850 = ORIENTED_EDGE('',*,*,#4829,.T.);
#7851 = ORIENTED_EDGE('',*,*,#7852,.T.);
#7852 = EDGE_CURVE('',#4832,#2940,#7853,.T.);
#7853 = LINE('',#7854,#7855);
#7854 = CARTESIAN_POINT('',(220.98,78.74,30.479999999999));
#7855 = VECTOR('',#7856,1.);
#7856 = DIRECTION('',(1.,6.070773319254E-17,-0.));
#7857 = CYLINDRICAL_SURFACE('',#7858,2.54);
#7858 = AXIS2_PLACEMENT_3D('',#7859,#7860,#7861);
#7859 = CARTESIAN_POINT('',(220.98,81.28,30.479999999999));
#7860 = DIRECTION('',(1.,6.070773319254E-17,-0.));
#7861 = DIRECTION('',(-6.070773319254E-17,1.,0.));
#7862 = ADVANCED_FACE('',(#7863),#7869,.F.);
#7863 = FACE_BOUND('',#7864,.F.);
#7864 = EDGE_LOOP('',(#7865,#7866,#7867,#7868));
#7865 = ORIENTED_EDGE('',*,*,#7845,.T.);
#7866 = ORIENTED_EDGE('',*,*,#2948,.F.);
#7867 = ORIENTED_EDGE('',*,*,#7852,.F.);
#7868 = ORIENTED_EDGE('',*,*,#4840,.T.);
#7869 = CYLINDRICAL_SURFACE('',#7870,2.54);
#7870 = AXIS2_PLACEMENT_3D('',#7871,#7872,#7873);
#7871 = CARTESIAN_POINT('',(220.98,81.28,30.479999999999));
#7872 = DIRECTION('',(1.,6.070773319254E-17,-0.));
#7873 = DIRECTION('',(-6.070773319254E-17,1.,0.));
#7874 = ADVANCED_FACE('',(#7875),#7891,.F.);
#7875 = FACE_BOUND('',#7876,.F.);
#7876 = EDGE_LOOP('',(#7877,#7878,#7884,#7885));
#7877 = ORIENTED_EDGE('',*,*,#2957,.F.);
#7878 = ORIENTED_EDGE('',*,*,#7879,.F.);
#7879 = EDGE_CURVE('',#4850,#2958,#7880,.T.);
#7880 = LINE('',#7881,#7882);
#7881 = CARTESIAN_POINT('',(220.98,83.82,20.319999999999));
#7882 = VECTOR('',#7883,1.);
#7883 = DIRECTION('',(1.,6.070773319254E-17,-0.));
#7884 = ORIENTED_EDGE('',*,*,#4849,.T.);
#7885 = ORIENTED_EDGE('',*,*,#7886,.T.);
#7886 = EDGE_CURVE('',#4852,#2960,#7887,.T.);
#7887 = LINE('',#7888,#7889);
#7888 = CARTESIAN_POINT('',(220.98,78.74,20.319999999999));
#7889 = VECTOR('',#7890,1.);
#7890 = DIRECTION('',(1.,6.070773319254E-17,-0.));
#7891 = CYLINDRICAL_SURFACE('',#7892,2.54);
#7892 = AXIS2_PLACEMENT_3D('',#7893,#7894,#7895);
#7893 = CARTESIAN_POINT('',(220.98,81.28,20.319999999999));
#7894 = DIRECTION('',(1.,6.070773319254E-17,-0.));
#7895 = DIRECTION('',(-6.070773319254E-17,1.,0.));
#7896 = ADVANCED_FACE('',(#7897),#7903,.F.);
#7897 = FACE_BOUND('',#7898,.F.);
#7898 = EDGE_LOOP('',(#7899,#7900,#7901,#7902));
#7899 = ORIENTED_EDGE('',*,*,#7879,.T.);
#7900 = ORIENTED_EDGE('',*,*,#2968,.F.);
#7901 = ORIENTED_EDGE('',*,*,#7886,.F.);
#7902 = ORIENTED_EDGE('',*,*,#4860,.T.);
#7903 = CYLINDRICAL_SURFACE('',#7904,2.54);
#7904 = AXIS2_PLACEMENT_3D('',#7905,#7906,#7907);
#7905 = CARTESIAN_POINT('',(220.98,81.28,20.319999999999));
#7906 = DIRECTION('',(1.,6.070773319254E-17,-0.));
#7907 = DIRECTION('',(-6.070773319254E-17,1.,0.));
#7908 = ADVANCED_FACE('',(#7909),#7925,.F.);
#7909 = FACE_BOUND('',#7910,.F.);
#7910 = EDGE_LOOP('',(#7911,#7912,#7918,#7919));
#7911 = ORIENTED_EDGE('',*,*,#2977,.F.);
#7912 = ORIENTED_EDGE('',*,*,#7913,.F.);
#7913 = EDGE_CURVE('',#4870,#2978,#7914,.T.);
#7914 = LINE('',#7915,#7916);
#7915 = CARTESIAN_POINT('',(220.98,104.14,30.479999999999));
#7916 = VECTOR('',#7917,1.);
#7917 = DIRECTION('',(1.,6.070773319254E-17,-0.));
#7918 = ORIENTED_EDGE('',*,*,#4869,.T.);
#7919 = ORIENTED_EDGE('',*,*,#7920,.T.);
#7920 = EDGE_CURVE('',#4872,#2980,#7921,.T.);
#7921 = LINE('',#7922,#7923);
#7922 = CARTESIAN_POINT('',(220.98,99.06,30.479999999999));
#7923 = VECTOR('',#7924,1.);
#7924 = DIRECTION('',(1.,6.070773319254E-17,-0.));
#7925 = CYLINDRICAL_SURFACE('',#7926,2.54);
#7926 = AXIS2_PLACEMENT_3D('',#7927,#7928,#7929);
#7927 = CARTESIAN_POINT('',(220.98,101.6,30.479999999999));
#7928 = DIRECTION('',(1.,6.070773319254E-17,-0.));
#7929 = DIRECTION('',(-6.070773319254E-17,1.,0.));
#7930 = ADVANCED_FACE('',(#7931),#7937,.F.);
#7931 = FACE_BOUND('',#7932,.F.);
#7932 = EDGE_LOOP('',(#7933,#7934,#7935,#7936));
#7933 = ORIENTED_EDGE('',*,*,#7913,.T.);
#7934 = ORIENTED_EDGE('',*,*,#2988,.F.);
#7935 = ORIENTED_EDGE('',*,*,#7920,.F.);
#7936 = ORIENTED_EDGE('',*,*,#4880,.T.);
#7937 = CYLINDRICAL_SURFACE('',#7938,2.54);
#7938 = AXIS2_PLACEMENT_3D('',#7939,#7940,#7941);
#7939 = CARTESIAN_POINT('',(220.98,101.6,30.479999999999));
#7940 = DIRECTION('',(1.,6.070773319254E-17,-0.));
#7941 = DIRECTION('',(-6.070773319254E-17,1.,0.));
#7942 = ADVANCED_FACE('',(#7943),#7959,.F.);
#7943 = FACE_BOUND('',#7944,.F.);
#7944 = EDGE_LOOP('',(#7945,#7946,#7952,#7953));
#7945 = ORIENTED_EDGE('',*,*,#2997,.F.);
#7946 = ORIENTED_EDGE('',*,*,#7947,.F.);
#7947 = EDGE_CURVE('',#4890,#2998,#7948,.T.);
#7948 = LINE('',#7949,#7950);
#7949 = CARTESIAN_POINT('',(220.98,93.98,30.479999999999));
#7950 = VECTOR('',#7951,1.);
#7951 = DIRECTION('',(1.,6.070773319254E-17,-0.));
#7952 = ORIENTED_EDGE('',*,*,#4889,.T.);
#7953 = ORIENTED_EDGE('',*,*,#7954,.T.);
#7954 = EDGE_CURVE('',#4892,#3000,#7955,.T.);
#7955 = LINE('',#7956,#7957);
#7956 = CARTESIAN_POINT('',(220.98,88.9,30.479999999999));
#7957 = VECTOR('',#7958,1.);
#7958 = DIRECTION('',(1.,6.070773319254E-17,-0.));
#7959 = CYLINDRICAL_SURFACE('',#7960,2.54);
#7960 = AXIS2_PLACEMENT_3D('',#7961,#7962,#7963);
#7961 = CARTESIAN_POINT('',(220.98,91.44,30.479999999999));
#7962 = DIRECTION('',(1.,6.070773319254E-17,-0.));
#7963 = DIRECTION('',(-6.070773319254E-17,1.,0.));
#7964 = ADVANCED_FACE('',(#7965),#7971,.F.);
#7965 = FACE_BOUND('',#7966,.F.);
#7966 = EDGE_LOOP('',(#7967,#7968,#7969,#7970));
#7967 = ORIENTED_EDGE('',*,*,#7947,.T.);
#7968 = ORIENTED_EDGE('',*,*,#3008,.F.);
#7969 = ORIENTED_EDGE('',*,*,#7954,.F.);
#7970 = ORIENTED_EDGE('',*,*,#4900,.T.);
#7971 = CYLINDRICAL_SURFACE('',#7972,2.54);
#7972 = AXIS2_PLACEMENT_3D('',#7973,#7974,#7975);
#7973 = CARTESIAN_POINT('',(220.98,91.44,30.479999999999));
#7974 = DIRECTION('',(1.,6.070773319254E-17,-0.));
#7975 = DIRECTION('',(-6.070773319254E-17,1.,0.));
#7976 = ADVANCED_FACE('',(#7977),#7993,.F.);
#7977 = FACE_BOUND('',#7978,.F.);
#7978 = EDGE_LOOP('',(#7979,#7980,#7986,#7987));
#7979 = ORIENTED_EDGE('',*,*,#3017,.F.);
#7980 = ORIENTED_EDGE('',*,*,#7981,.F.);
#7981 = EDGE_CURVE('',#4910,#3018,#7982,.T.);
#7982 = LINE('',#7983,#7984);
#7983 = CARTESIAN_POINT('',(220.98,73.66,20.319999999999));
#7984 = VECTOR('',#7985,1.);
#7985 = DIRECTION('',(1.,6.070773319254E-17,-0.));
#7986 = ORIENTED_EDGE('',*,*,#4909,.T.);
#7987 = ORIENTED_EDGE('',*,*,#7988,.T.);
#7988 = EDGE_CURVE('',#4912,#3020,#7989,.T.);
#7989 = LINE('',#7990,#7991);
#7990 = CARTESIAN_POINT('',(220.98,68.58,20.319999999999));
#7991 = VECTOR('',#7992,1.);
#7992 = DIRECTION('',(1.,6.070773319254E-17,-0.));
#7993 = CYLINDRICAL_SURFACE('',#7994,2.54);
#7994 = AXIS2_PLACEMENT_3D('',#7995,#7996,#7997);
#7995 = CARTESIAN_POINT('',(220.98,71.12,20.319999999999));
#7996 = DIRECTION('',(1.,6.070773319254E-17,-0.));
#7997 = DIRECTION('',(-6.070773319254E-17,1.,0.));
#7998 = ADVANCED_FACE('',(#7999),#8005,.F.);
#7999 = FACE_BOUND('',#8000,.F.);
#8000 = EDGE_LOOP('',(#8001,#8002,#8003,#8004));
#8001 = ORIENTED_EDGE('',*,*,#7981,.T.);
#8002 = ORIENTED_EDGE('',*,*,#3028,.F.);
#8003 = ORIENTED_EDGE('',*,*,#7988,.F.);
#8004 = ORIENTED_EDGE('',*,*,#4920,.T.);
#8005 = CYLINDRICAL_SURFACE('',#8006,2.54);
#8006 = AXIS2_PLACEMENT_3D('',#8007,#8008,#8009);
#8007 = CARTESIAN_POINT('',(220.98,71.12,20.319999999999));
#8008 = DIRECTION('',(1.,6.070773319254E-17,-0.));
#8009 = DIRECTION('',(-6.070773319254E-17,1.,0.));
#8010 = ADVANCED_FACE('',(#8011),#8027,.F.);
#8011 = FACE_BOUND('',#8012,.F.);
#8012 = EDGE_LOOP('',(#8013,#8014,#8020,#8021));
#8013 = ORIENTED_EDGE('',*,*,#3037,.F.);
#8014 = ORIENTED_EDGE('',*,*,#8015,.F.);
#8015 = EDGE_CURVE('',#4280,#3038,#8016,.T.);
#8016 = LINE('',#8017,#8018);
#8017 = CARTESIAN_POINT('',(220.98,73.66,10.159999999999));
#8018 = VECTOR('',#8019,1.);
#8019 = DIRECTION('',(1.,6.070773319254E-17,-0.));
#8020 = ORIENTED_EDGE('',*,*,#4288,.T.);
#8021 = ORIENTED_EDGE('',*,*,#8022,.T.);
#8022 = EDGE_CURVE('',#4289,#3040,#8023,.T.);
#8023 = LINE('',#8024,#8025);
#8024 = CARTESIAN_POINT('',(220.98,68.58,10.159999999999));
#8025 = VECTOR('',#8026,1.);
#8026 = DIRECTION('',(1.,6.070773319254E-17,-0.));
#8027 = CYLINDRICAL_SURFACE('',#8028,2.54);
#8028 = AXIS2_PLACEMENT_3D('',#8029,#8030,#8031);
#8029 = CARTESIAN_POINT('',(220.98,71.12,10.159999999999));
#8030 = DIRECTION('',(1.,6.070773319254E-17,-0.));
#8031 = DIRECTION('',(-6.070773319254E-17,1.,0.));
#8032 = ADVANCED_FACE('',(#8033),#8040,.F.);
#8033 = FACE_BOUND('',#8034,.F.);
#8034 = EDGE_LOOP('',(#8035,#8036,#8037,#8038,#8039));
#8035 = ORIENTED_EDGE('',*,*,#4279,.T.);
#8036 = ORIENTED_EDGE('',*,*,#8015,.T.);
#8037 = ORIENTED_EDGE('',*,*,#3048,.F.);
#8038 = ORIENTED_EDGE('',*,*,#8022,.F.);
#8039 = ORIENTED_EDGE('',*,*,#4297,.T.);
#8040 = CYLINDRICAL_SURFACE('',#8041,2.54);
#8041 = AXIS2_PLACEMENT_3D('',#8042,#8043,#8044);
#8042 = CARTESIAN_POINT('',(220.98,71.12,10.159999999999));
#8043 = DIRECTION('',(1.,6.070773319254E-17,-0.));
#8044 = DIRECTION('',(-6.070773319254E-17,1.,0.));
#8045 = ADVANCED_FACE('',(#8046),#8062,.F.);
#8046 = FACE_BOUND('',#8047,.T.);
#8047 = EDGE_LOOP('',(#8048,#8049,#8055,#8056));
#8048 = ORIENTED_EDGE('',*,*,#3057,.T.);
#8049 = ORIENTED_EDGE('',*,*,#8050,.F.);
#8050 = EDGE_CURVE('',#4940,#3060,#8051,.T.);
#8051 = LINE('',#8052,#8053);
#8052 = CARTESIAN_POINT('',(220.98,93.98,12.7));
#8053 = VECTOR('',#8054,1.);
#8054 = DIRECTION('',(1.,6.070773319254E-17,-0.));
#8055 = ORIENTED_EDGE('',*,*,#4939,.F.);
#8056 = ORIENTED_EDGE('',*,*,#8057,.T.);
#8057 = EDGE_CURVE('',#4932,#3058,#8058,.T.);
#8058 = LINE('',#8059,#8060);
#8059 = CARTESIAN_POINT('',(220.98,93.98,22.86));
#8060 = VECTOR('',#8061,1.);
#8061 = DIRECTION('',(1.,6.070773319254E-17,-0.));
#8062 = PLANE('',#8063);
#8063 = AXIS2_PLACEMENT_3D('',#8064,#8065,#8066);
#8064 = CARTESIAN_POINT('',(220.98,93.98,22.86));
#8065 = DIRECTION('',(6.070773319254E-17,-1.,0.));
#8066 = DIRECTION('',(1.,6.070773319254E-17,0.));
#8067 = ADVANCED_FACE('',(#8068),#8079,.F.);
#8068 = FACE_BOUND('',#8069,.T.);
#8069 = EDGE_LOOP('',(#8070,#8071,#8072,#8073));
#8070 = ORIENTED_EDGE('',*,*,#3067,.T.);
#8071 = ORIENTED_EDGE('',*,*,#8057,.F.);
#8072 = ORIENTED_EDGE('',*,*,#4929,.F.);
#8073 = ORIENTED_EDGE('',*,*,#8074,.T.);
#8074 = EDGE_CURVE('',#4930,#3068,#8075,.T.);
#8075 = LINE('',#8076,#8077);
#8076 = CARTESIAN_POINT('',(220.98,152.4,22.86));
#8077 = VECTOR('',#8078,1.);
#8078 = DIRECTION('',(1.,6.070773319254E-17,-0.));
#8079 = PLANE('',#8080);
#8080 = AXIS2_PLACEMENT_3D('',#8081,#8082,#8083);
#8081 = CARTESIAN_POINT('',(220.98,152.4,22.86));
#8082 = DIRECTION('',(7.210621700954E-33,-1.187759997245E-16,1.));
#8083 = DIRECTION('',(0.,-1.,-1.187759997245E-16));
#8084 = ADVANCED_FACE('',(#8085),#8096,.F.);
#8085 = FACE_BOUND('',#8086,.T.);
#8086 = EDGE_LOOP('',(#8087,#8088,#8089,#8090));
#8087 = ORIENTED_EDGE('',*,*,#3075,.T.);
#8088 = ORIENTED_EDGE('',*,*,#8074,.F.);
#8089 = ORIENTED_EDGE('',*,*,#4955,.F.);
#8090 = ORIENTED_EDGE('',*,*,#8091,.T.);
#8091 = EDGE_CURVE('',#4948,#3076,#8092,.T.);
#8092 = LINE('',#8093,#8094);
#8093 = CARTESIAN_POINT('',(220.98,152.4,12.7));
#8094 = VECTOR('',#8095,1.);
#8095 = DIRECTION('',(1.,6.070773319254E-17,-0.));
#8096 = PLANE('',#8097);
#8097 = AXIS2_PLACEMENT_3D('',#8098,#8099,#8100);
#8098 = CARTESIAN_POINT('',(220.98,152.4,22.86));
#8099 = DIRECTION('',(-6.070773319254E-17,1.,0.));
#8100 = DIRECTION('',(-1.,-6.070773319254E-17,0.));
#8101 = ADVANCED_FACE('',(#8102),#8108,.F.);
#8102 = FACE_BOUND('',#8103,.T.);
#8103 = EDGE_LOOP('',(#8104,#8105,#8106,#8107));
#8104 = ORIENTED_EDGE('',*,*,#3083,.T.);
#8105 = ORIENTED_EDGE('',*,*,#8091,.F.);
#8106 = ORIENTED_EDGE('',*,*,#4947,.F.);
#8107 = ORIENTED_EDGE('',*,*,#8050,.T.);
#8108 = PLANE('',#8109);
#8109 = AXIS2_PLACEMENT_3D('',#8110,#8111,#8112);
#8110 = CARTESIAN_POINT('',(220.98,152.4,12.7));
#8111 = DIRECTION('',(-9.013277126193E-33,1.484699996557E-16,-1.));
#8112 = DIRECTION('',(0.,1.,1.484699996557E-16));
#8113 = ADVANCED_FACE('',(#8114),#8118,.T.);
#8114 = FACE_BOUND('',#8115,.T.);
#8115 = EDGE_LOOP('',(#8116,#8117));
#8116 = ORIENTED_EDGE('',*,*,#3180,.T.);
#8117 = ORIENTED_EDGE('',*,*,#3206,.T.);
#8118 = PLANE('',#8119);
#8119 = AXIS2_PLACEMENT_3D('',#8120,#8121,#8122);
#8120 = CARTESIAN_POINT('',(3.81,3.81,47.498));
#8121 = DIRECTION('',(0.,0.,1.));
#8122 = DIRECTION('',(1.,0.,-0.));
#8123 = ADVANCED_FACE('',(#8124),#8128,.T.);
#8124 = FACE_BOUND('',#8125,.T.);
#8125 = EDGE_LOOP('',(#8126,#8127));
#8126 = ORIENTED_EDGE('',*,*,#3230,.T.);
#8127 = ORIENTED_EDGE('',*,*,#3256,.T.);
#8128 = PLANE('',#8129);
#8129 = AXIS2_PLACEMENT_3D('',#8130,#8131,#8132);
#8130 = CARTESIAN_POINT('',(3.81,97.79,47.498));
#8131 = DIRECTION('',(0.,0.,1.));
#8132 = DIRECTION('',(1.,0.,-0.));
#8133 = ADVANCED_FACE('',(#8134),#8138,.T.);
#8134 = FACE_BOUND('',#8135,.T.);
#8135 = EDGE_LOOP('',(#8136,#8137));
#8136 = ORIENTED_EDGE('',*,*,#3280,.T.);
#8137 = ORIENTED_EDGE('',*,*,#3306,.T.);
#8138 = PLANE('',#8139);
#8139 = AXIS2_PLACEMENT_3D('',#8140,#8141,#8142);
#8140 = CARTESIAN_POINT('',(130.81,219.71,47.498));
#8141 = DIRECTION('',(0.,0.,1.));
#8142 = DIRECTION('',(1.,0.,-0.));
#8143 = ADVANCED_FACE('',(#8144),#8148,.T.);
#8144 = FACE_BOUND('',#8145,.T.);
#8145 = EDGE_LOOP('',(#8146,#8147));
#8146 = ORIENTED_EDGE('',*,*,#3330,.T.);
#8147 = ORIENTED_EDGE('',*,*,#3356,.T.);
#8148 = PLANE('',#8149);
#8149 = AXIS2_PLACEMENT_3D('',#8150,#8151,#8152);
#8150 = CARTESIAN_POINT('',(224.79,219.71,47.498));
#8151 = DIRECTION('',(0.,0.,1.));
#8152 = DIRECTION('',(1.,0.,-0.));
#8153 = ADVANCED_FACE('',(#8154),#8158,.T.);
#8154 = FACE_BOUND('',#8155,.T.);
#8155 = EDGE_LOOP('',(#8156,#8157));
#8156 = ORIENTED_EDGE('',*,*,#3380,.T.);
#8157 = ORIENTED_EDGE('',*,*,#3406,.T.);
#8158 = PLANE('',#8159);
#8159 = AXIS2_PLACEMENT_3D('',#8160,#8161,#8162);
#8160 = CARTESIAN_POINT('',(224.79,3.81,47.498));
#8161 = DIRECTION('',(0.,0.,1.));
#8162 = DIRECTION('',(1.,0.,-0.));
#8163 = ADVANCED_FACE('',(#8164),#8190,.T.);
#8164 = FACE_BOUND('',#8165,.T.);
#8165 = EDGE_LOOP('',(#8166,#8174,#8183,#8189));
#8166 = ORIENTED_EDGE('',*,*,#8167,.F.);
#8167 = EDGE_CURVE('',#8168,#4983,#8170,.T.);
#8168 = VERTEX_POINT('',#8169);
#8169 = CARTESIAN_POINT('',(138.43,100.12357201825,40.));
#8170 = LINE('',#8171,#8172);
#8171 = CARTESIAN_POINT('',(138.43,100.12357201825,40.));
#8172 = VECTOR('',#8173,1.);
#8173 = DIRECTION('',(-1.,0.,0.));
#8174 = ORIENTED_EDGE('',*,*,#8175,.T.);
#8175 = EDGE_CURVE('',#8168,#8176,#8178,.T.);
#8176 = VERTEX_POINT('',#8177);
#8177 = CARTESIAN_POINT('',(138.43,101.854,40.513));
#8178 = CIRCLE('',#8179,3.175);
#8179 = AXIS2_PLACEMENT_3D('',#8180,#8181,#8182);
#8180 = CARTESIAN_POINT('',(138.43,101.854,37.338));
#8181 = DIRECTION('',(-1.,0.,0.));
#8182 = DIRECTION('',(0.,0.,1.));
#8183 = ORIENTED_EDGE('',*,*,#8184,.T.);
#8184 = EDGE_CURVE('',#8176,#4981,#8185,.T.);
#8185 = LINE('',#8186,#8187);
#8186 = CARTESIAN_POINT('',(138.43,101.854,40.513));
#8187 = VECTOR('',#8188,1.);
#8188 = DIRECTION('',(-1.,0.,0.));
#8189 = ORIENTED_EDGE('',*,*,#4980,.T.);
#8190 = CYLINDRICAL_SURFACE('',#8191,3.175);
#8191 = AXIS2_PLACEMENT_3D('',#8192,#8193,#8194);
#8192 = CARTESIAN_POINT('',(138.43,101.854,37.338));
#8193 = DIRECTION('',(-1.,0.,0.));
#8194 = DIRECTION('',(0.,0.,1.));
#8195 = ADVANCED_FACE('',(#8196),#8260,.F.);
#8196 = FACE_BOUND('',#8197,.F.);
#8197 = EDGE_LOOP('',(#8198,#8206,#8214,#8220,#8221,#8222,#8230,#8236,
    #8237,#8245,#8253,#8259));
#8198 = ORIENTED_EDGE('',*,*,#8199,.F.);
#8199 = EDGE_CURVE('',#8200,#5027,#8202,.T.);
#8200 = VERTEX_POINT('',#8201);
#8201 = CARTESIAN_POINT('',(134.61,180.,40.));
#8202 = LINE('',#8203,#8204);
#8203 = CARTESIAN_POINT('',(134.61,180.,40.));
#8204 = VECTOR('',#8205,1.);
#8205 = DIRECTION('',(1.,0.,-0.));
#8206 = ORIENTED_EDGE('',*,*,#8207,.F.);
#8207 = EDGE_CURVE('',#8208,#8200,#8210,.T.);
#8208 = VERTEX_POINT('',#8209);
#8209 = CARTESIAN_POINT('',(134.61,95.,40.));
#8210 = LINE('',#8211,#8212);
#8211 = CARTESIAN_POINT('',(134.61,95.,40.));
#8212 = VECTOR('',#8213,1.);
#8213 = DIRECTION('',(-0.,1.,0.));
#8214 = ORIENTED_EDGE('',*,*,#8215,.T.);
#8215 = EDGE_CURVE('',#8208,#5051,#8216,.T.);
#8216 = LINE('',#8217,#8218);
#8217 = CARTESIAN_POINT('',(134.61,95.,40.));
#8218 = VECTOR('',#8219,1.);
#8219 = DIRECTION('',(1.,0.,-0.));
#8220 = ORIENTED_EDGE('',*,*,#5058,.F.);
#8221 = ORIENTED_EDGE('',*,*,#8167,.F.);
#8222 = ORIENTED_EDGE('',*,*,#8223,.T.);
#8223 = EDGE_CURVE('',#8168,#8224,#8226,.T.);
#8224 = VERTEX_POINT('',#8225);
#8225 = CARTESIAN_POINT('',(138.43,103.58442798174,40.));
#8226 = LINE('',#8227,#8228);
#8227 = CARTESIAN_POINT('',(138.43,98.427,40.));
#8228 = VECTOR('',#8229,1.);
#8229 = DIRECTION('',(0.,1.,-0.));
#8230 = ORIENTED_EDGE('',*,*,#8231,.T.);
#8231 = EDGE_CURVE('',#8224,#4992,#8232,.T.);
#8232 = LINE('',#8233,#8234);
#8233 = CARTESIAN_POINT('',(138.43,103.58442798174,40.));
#8234 = VECTOR('',#8235,1.);
#8235 = DIRECTION('',(-1.,0.,0.));
#8236 = ORIENTED_EDGE('',*,*,#5000,.F.);
#8237 = ORIENTED_EDGE('',*,*,#8238,.F.);
#8238 = EDGE_CURVE('',#8239,#5001,#8241,.T.);
#8239 = VERTEX_POINT('',#8240);
#8240 = CARTESIAN_POINT('',(138.43,170.98957201825,40.));
#8241 = LINE('',#8242,#8243);
#8242 = CARTESIAN_POINT('',(138.43,170.98957201825,40.));
#8243 = VECTOR('',#8244,1.);
#8244 = DIRECTION('',(-1.,0.,0.));
#8245 = ORIENTED_EDGE('',*,*,#8246,.T.);
#8246 = EDGE_CURVE('',#8239,#8247,#8249,.T.);
#8247 = VERTEX_POINT('',#8248);
#8248 = CARTESIAN_POINT('',(138.43,174.45042798174,40.));
#8249 = LINE('',#8250,#8251);
#8250 = CARTESIAN_POINT('',(138.43,133.86,40.));
#8251 = VECTOR('',#8252,1.);
#8252 = DIRECTION('',(0.,1.,-0.));
#8253 = ORIENTED_EDGE('',*,*,#8254,.T.);
#8254 = EDGE_CURVE('',#8247,#5018,#8255,.T.);
#8255 = LINE('',#8256,#8257);
#8256 = CARTESIAN_POINT('',(138.43,174.45042798174,40.));
#8257 = VECTOR('',#8258,1.);
#8258 = DIRECTION('',(-1.,0.,0.));
#8259 = ORIENTED_EDGE('',*,*,#5026,.F.);
#8260 = PLANE('',#8261);
#8261 = AXIS2_PLACEMENT_3D('',#8262,#8263,#8264);
#8262 = CARTESIAN_POINT('',(134.61,95.,40.));
#8263 = DIRECTION('',(0.,0.,1.));
#8264 = DIRECTION('',(1.,0.,-0.));
#8265 = ADVANCED_FACE('',(#8266),#8284,.T.);
#8266 = FACE_BOUND('',#8267,.T.);
#8267 = EDGE_LOOP('',(#8268,#8276,#8282,#8283));
#8268 = ORIENTED_EDGE('',*,*,#8269,.F.);
#8269 = EDGE_CURVE('',#8270,#5043,#8272,.T.);
#8270 = VERTEX_POINT('',#8271);
#8271 = CARTESIAN_POINT('',(134.61,95.,8.));
#8272 = LINE('',#8273,#8274);
#8273 = CARTESIAN_POINT('',(134.61,95.,8.));
#8274 = VECTOR('',#8275,1.);
#8275 = DIRECTION('',(1.,0.,-0.));
#8276 = ORIENTED_EDGE('',*,*,#8277,.T.);
#8277 = EDGE_CURVE('',#8270,#8208,#8278,.T.);
#8278 = LINE('',#8279,#8280);
#8279 = CARTESIAN_POINT('',(134.61,95.,8.));
#8280 = VECTOR('',#8281,1.);
#8281 = DIRECTION('',(0.,0.,1.));
#8282 = ORIENTED_EDGE('',*,*,#8215,.T.);
#8283 = ORIENTED_EDGE('',*,*,#5050,.F.);
#8284 = PLANE('',#8285);
#8285 = AXIS2_PLACEMENT_3D('',#8286,#8287,#8288);
#8286 = CARTESIAN_POINT('',(134.61,95.,8.));
#8287 = DIRECTION('',(-0.,1.,0.));
#8288 = DIRECTION('',(0.,0.,1.));
#8289 = ADVANCED_FACE('',(#8290),#8308,.T.);
#8290 = FACE_BOUND('',#8291,.T.);
#8291 = EDGE_LOOP('',(#8292,#8300,#8306,#8307));
#8292 = ORIENTED_EDGE('',*,*,#8293,.F.);
#8293 = EDGE_CURVE('',#8294,#5035,#8296,.T.);
#8294 = VERTEX_POINT('',#8295);
#8295 = CARTESIAN_POINT('',(134.61,180.,8.));
#8296 = LINE('',#8297,#8298);
#8297 = CARTESIAN_POINT('',(134.61,180.,8.));
#8298 = VECTOR('',#8299,1.);
#8299 = DIRECTION('',(1.,0.,-0.));
#8300 = ORIENTED_EDGE('',*,*,#8301,.F.);
#8301 = EDGE_CURVE('',#8270,#8294,#8302,.T.);
#8302 = LINE('',#8303,#8304);
#8303 = CARTESIAN_POINT('',(134.61,95.,8.));
#8304 = VECTOR('',#8305,1.);
#8305 = DIRECTION('',(-0.,1.,0.));
#8306 = ORIENTED_EDGE('',*,*,#8269,.T.);
#8307 = ORIENTED_EDGE('',*,*,#5042,.F.);
#8308 = PLANE('',#8309);
#8309 = AXIS2_PLACEMENT_3D('',#8310,#8311,#8312);
#8310 = CARTESIAN_POINT('',(134.61,95.,8.));
#8311 = DIRECTION('',(0.,0.,1.));
#8312 = DIRECTION('',(1.,0.,-0.));
#8313 = ADVANCED_FACE('',(#8314),#8325,.F.);
#8314 = FACE_BOUND('',#8315,.F.);
#8315 = EDGE_LOOP('',(#8316,#8317,#8323,#8324));
#8316 = ORIENTED_EDGE('',*,*,#8293,.F.);
#8317 = ORIENTED_EDGE('',*,*,#8318,.T.);
#8318 = EDGE_CURVE('',#8294,#8200,#8319,.T.);
#8319 = LINE('',#8320,#8321);
#8320 = CARTESIAN_POINT('',(134.61,180.,8.));
#8321 = VECTOR('',#8322,1.);
#8322 = DIRECTION('',(0.,0.,1.));
#8323 = ORIENTED_EDGE('',*,*,#8199,.T.);
#8324 = ORIENTED_EDGE('',*,*,#5034,.F.);
#8325 = PLANE('',#8326);
#8326 = AXIS2_PLACEMENT_3D('',#8327,#8328,#8329);
#8327 = CARTESIAN_POINT('',(134.61,180.,8.));
#8328 = DIRECTION('',(-0.,1.,0.));
#8329 = DIRECTION('',(0.,0.,1.));
#8330 = ADVANCED_FACE('',(#8331),#8350,.T.);
#8331 = FACE_BOUND('',#8332,.T.);
#8332 = EDGE_LOOP('',(#8333,#8341,#8348,#8349));
#8333 = ORIENTED_EDGE('',*,*,#8334,.F.);
#8334 = EDGE_CURVE('',#8335,#5009,#8337,.T.);
#8335 = VERTEX_POINT('',#8336);
#8336 = CARTESIAN_POINT('',(138.43,172.72,40.513));
#8337 = LINE('',#8338,#8339);
#8338 = CARTESIAN_POINT('',(138.43,172.72,40.513));
#8339 = VECTOR('',#8340,1.);
#8340 = DIRECTION('',(-1.,0.,0.));
#8341 = ORIENTED_EDGE('',*,*,#8342,.T.);
#8342 = EDGE_CURVE('',#8335,#8247,#8343,.T.);
#8343 = CIRCLE('',#8344,3.175);
#8344 = AXIS2_PLACEMENT_3D('',#8345,#8346,#8347);
#8345 = CARTESIAN_POINT('',(138.43,172.72,37.338));
#8346 = DIRECTION('',(-1.,0.,0.));
#8347 = DIRECTION('',(0.,0.,1.));
#8348 = ORIENTED_EDGE('',*,*,#8254,.T.);
#8349 = ORIENTED_EDGE('',*,*,#5017,.T.);
#8350 = CYLINDRICAL_SURFACE('',#8351,3.175);
#8351 = AXIS2_PLACEMENT_3D('',#8352,#8353,#8354);
#8352 = CARTESIAN_POINT('',(138.43,172.72,37.338));
#8353 = DIRECTION('',(-1.,0.,0.));
#8354 = DIRECTION('',(0.,0.,1.));
#8355 = ADVANCED_FACE('',(#8356),#8368,.T.);
#8356 = FACE_BOUND('',#8357,.T.);
#8357 = EDGE_LOOP('',(#8358,#8359,#8366,#8367));
#8358 = ORIENTED_EDGE('',*,*,#8238,.F.);
#8359 = ORIENTED_EDGE('',*,*,#8360,.T.);
#8360 = EDGE_CURVE('',#8239,#8335,#8361,.T.);
#8361 = CIRCLE('',#8362,3.175);
#8362 = AXIS2_PLACEMENT_3D('',#8363,#8364,#8365);
#8363 = CARTESIAN_POINT('',(138.43,172.72,37.338));
#8364 = DIRECTION('',(-1.,0.,0.));
#8365 = DIRECTION('',(0.,0.,1.));
#8366 = ORIENTED_EDGE('',*,*,#8334,.T.);
#8367 = ORIENTED_EDGE('',*,*,#5008,.T.);
#8368 = CYLINDRICAL_SURFACE('',#8369,3.175);
#8369 = AXIS2_PLACEMENT_3D('',#8370,#8371,#8372);
#8370 = CARTESIAN_POINT('',(138.43,172.72,37.338));
#8371 = DIRECTION('',(-1.,0.,0.));
#8372 = DIRECTION('',(0.,0.,1.));
#8373 = ADVANCED_FACE('',(#8374),#8386,.T.);
#8374 = FACE_BOUND('',#8375,.T.);
#8375 = EDGE_LOOP('',(#8376,#8377,#8384,#8385));
#8376 = ORIENTED_EDGE('',*,*,#8184,.F.);
#8377 = ORIENTED_EDGE('',*,*,#8378,.T.);
#8378 = EDGE_CURVE('',#8176,#8224,#8379,.T.);
#8379 = CIRCLE('',#8380,3.175);
#8380 = AXIS2_PLACEMENT_3D('',#8381,#8382,#8383);
#8381 = CARTESIAN_POINT('',(138.43,101.854,37.338));
#8382 = DIRECTION('',(-1.,0.,0.));
#8383 = DIRECTION('',(0.,0.,1.));
#8384 = ORIENTED_EDGE('',*,*,#8231,.T.);
#8385 = ORIENTED_EDGE('',*,*,#4991,.T.);
#8386 = CYLINDRICAL_SURFACE('',#8387,3.175);
#8387 = AXIS2_PLACEMENT_3D('',#8388,#8389,#8390);
#8388 = CARTESIAN_POINT('',(138.43,101.854,37.338));
#8389 = DIRECTION('',(-1.,0.,0.));
#8390 = DIRECTION('',(0.,0.,1.));
#8391 = ADVANCED_FACE('',(#8392,#8398),#8432,.F.);
#8392 = FACE_BOUND('',#8393,.T.);
#8393 = EDGE_LOOP('',(#8394,#8395,#8396,#8397));
#8394 = ORIENTED_EDGE('',*,*,#5177,.T.);
#8395 = ORIENTED_EDGE('',*,*,#5153,.T.);
#8396 = ORIENTED_EDGE('',*,*,#5225,.T.);
#8397 = ORIENTED_EDGE('',*,*,#5201,.T.);
#8398 = FACE_BOUND('',#8399,.T.);
#8399 = EDGE_LOOP('',(#8400,#8410,#8418,#8426));
#8400 = ORIENTED_EDGE('',*,*,#8401,.F.);
#8401 = EDGE_CURVE('',#8402,#8404,#8406,.T.);
#8402 = VERTEX_POINT('',#8403);
#8403 = CARTESIAN_POINT('',(66.04,87.249,11.43));
#8404 = VERTEX_POINT('',#8405);
#8405 = CARTESIAN_POINT('',(66.04,44.831,11.43));
#8406 = LINE('',#8407,#8408);
#8407 = CARTESIAN_POINT('',(66.04,87.249,11.43));
#8408 = VECTOR('',#8409,1.);
#8409 = DIRECTION('',(0.,-1.,0.));
#8410 = ORIENTED_EDGE('',*,*,#8411,.F.);
#8411 = EDGE_CURVE('',#8412,#8402,#8414,.T.);
#8412 = VERTEX_POINT('',#8413);
#8413 = CARTESIAN_POINT('',(118.11,87.249,11.43));
#8414 = LINE('',#8415,#8416);
#8415 = CARTESIAN_POINT('',(66.04,87.249,11.43));
#8416 = VECTOR('',#8417,1.);
#8417 = DIRECTION('',(-1.,-0.,-0.));
#8418 = ORIENTED_EDGE('',*,*,#8419,.F.);
#8419 = EDGE_CURVE('',#8420,#8412,#8422,.T.);
#8420 = VERTEX_POINT('',#8421);
#8421 = CARTESIAN_POINT('',(118.11,44.831,11.43));
#8422 = LINE('',#8423,#8424);
#8423 = CARTESIAN_POINT('',(118.11,87.249,11.43));
#8424 = VECTOR('',#8425,1.);
#8425 = DIRECTION('',(-6.543348487819E-16,1.,-0.));
#8426 = ORIENTED_EDGE('',*,*,#8427,.F.);
#8427 = EDGE_CURVE('',#8404,#8420,#8428,.T.);
#8428 = LINE('',#8429,#8430);
#8429 = CARTESIAN_POINT('',(66.04,44.831,11.43));
#8430 = VECTOR('',#8431,1.);
#8431 = DIRECTION('',(1.,0.,0.));
#8432 = PLANE('',#8433);
#8433 = AXIS2_PLACEMENT_3D('',#8434,#8435,#8436);
#8434 = CARTESIAN_POINT('',(283.21,-101.6,11.43));
#8435 = DIRECTION('',(0.,0.,-1.));
#8436 = DIRECTION('',(-1.,0.,-0.));
#8437 = ADVANCED_FACE('',(#8438,#8442),#8462,.T.);
#8438 = FACE_BOUND('',#8439,.T.);
#8439 = EDGE_LOOP('',(#8440,#8441));
#8440 = ORIENTED_EDGE('',*,*,#5248,.T.);
#8441 = ORIENTED_EDGE('',*,*,#5272,.T.);
#8442 = FACE_BOUND('',#8443,.T.);
#8443 = EDGE_LOOP('',(#8444,#8455));
#8444 = ORIENTED_EDGE('',*,*,#8445,.F.);
#8445 = EDGE_CURVE('',#8446,#8448,#8450,.T.);
#8446 = VERTEX_POINT('',#8447);
#8447 = CARTESIAN_POINT('',(161.8234,152.4,12.7));
#8448 = VERTEX_POINT('',#8449);
#8449 = CARTESIAN_POINT('',(165.3286,152.4,12.7));
#8450 = CIRCLE('',#8451,1.7526);
#8451 = AXIS2_PLACEMENT_3D('',#8452,#8453,#8454);
#8452 = CARTESIAN_POINT('',(163.576,152.4,12.7));
#8453 = DIRECTION('',(0.,0.,1.));
#8454 = DIRECTION('',(1.,0.,-0.));
#8455 = ORIENTED_EDGE('',*,*,#8456,.F.);
#8456 = EDGE_CURVE('',#8448,#8446,#8457,.T.);
#8457 = CIRCLE('',#8458,1.7526);
#8458 = AXIS2_PLACEMENT_3D('',#8459,#8460,#8461);
#8459 = CARTESIAN_POINT('',(163.576,152.4,12.7));
#8460 = DIRECTION('',(0.,0.,1.));
#8461 = DIRECTION('',(1.,0.,-0.));
#8462 = PLANE('',#8463);
#8463 = AXIS2_PLACEMENT_3D('',#8464,#8465,#8466);
#8464 = CARTESIAN_POINT('',(163.576,152.4,12.7));
#8465 = DIRECTION('',(0.,0.,1.));
#8466 = DIRECTION('',(1.,0.,-0.));
#8467 = ADVANCED_FACE('',(#8468,#8472),#8492,.T.);
#8468 = FACE_BOUND('',#8469,.T.);
#8469 = EDGE_LOOP('',(#8470,#8471));
#8470 = ORIENTED_EDGE('',*,*,#5298,.T.);
#8471 = ORIENTED_EDGE('',*,*,#5322,.T.);
#8472 = FACE_BOUND('',#8473,.T.);
#8473 = EDGE_LOOP('',(#8474,#8485));
#8474 = ORIENTED_EDGE('',*,*,#8475,.F.);
#8475 = EDGE_CURVE('',#8476,#8478,#8480,.T.);
#8476 = VERTEX_POINT('',#8477);
#8477 = CARTESIAN_POINT('',(161.8234,94.742,12.7));
#8478 = VERTEX_POINT('',#8479);
#8479 = CARTESIAN_POINT('',(165.3286,94.742,12.7));
#8480 = CIRCLE('',#8481,1.7526);
#8481 = AXIS2_PLACEMENT_3D('',#8482,#8483,#8484);
#8482 = CARTESIAN_POINT('',(163.576,94.742,12.7));
#8483 = DIRECTION('',(0.,0.,1.));
#8484 = DIRECTION('',(1.,0.,-0.));
#8485 = ORIENTED_EDGE('',*,*,#8486,.F.);
#8486 = EDGE_CURVE('',#8478,#8476,#8487,.T.);
#8487 = CIRCLE('',#8488,1.7526);
#8488 = AXIS2_PLACEMENT_3D('',#8489,#8490,#8491);
#8489 = CARTESIAN_POINT('',(163.576,94.742,12.7));
#8490 = DIRECTION('',(0.,0.,1.));
#8491 = DIRECTION('',(1.,0.,-0.));
#8492 = PLANE('',#8493);
#8493 = AXIS2_PLACEMENT_3D('',#8494,#8495,#8496);
#8494 = CARTESIAN_POINT('',(163.576,94.742,12.7));
#8495 = DIRECTION('',(0.,0.,1.));
#8496 = DIRECTION('',(1.,0.,-0.));
#8497 = ADVANCED_FACE('',(#8498,#8502),#8522,.T.);
#8498 = FACE_BOUND('',#8499,.T.);
#8499 = EDGE_LOOP('',(#8500,#8501));
#8500 = ORIENTED_EDGE('',*,*,#5348,.T.);
#8501 = ORIENTED_EDGE('',*,*,#5372,.T.);
#8502 = FACE_BOUND('',#8503,.T.);
#8503 = EDGE_LOOP('',(#8504,#8515));
#8504 = ORIENTED_EDGE('',*,*,#8505,.F.);
#8505 = EDGE_CURVE('',#8506,#8508,#8510,.T.);
#8506 = VERTEX_POINT('',#8507);
#8507 = CARTESIAN_POINT('',(210.3374,94.742,12.7));
#8508 = VERTEX_POINT('',#8509);
#8509 = CARTESIAN_POINT('',(213.8426,94.742,12.7));
#8510 = CIRCLE('',#8511,1.7526);
#8511 = AXIS2_PLACEMENT_3D('',#8512,#8513,#8514);
#8512 = CARTESIAN_POINT('',(212.09,94.742,12.7));
#8513 = DIRECTION('',(0.,0.,1.));
#8514 = DIRECTION('',(1.,0.,-0.));
#8515 = ORIENTED_EDGE('',*,*,#8516,.F.);
#8516 = EDGE_CURVE('',#8508,#8506,#8517,.T.);
#8517 = CIRCLE('',#8518,1.7526);
#8518 = AXIS2_PLACEMENT_3D('',#8519,#8520,#8521);
#8519 = CARTESIAN_POINT('',(212.09,94.742,12.7));
#8520 = DIRECTION('',(0.,0.,1.));
#8521 = DIRECTION('',(1.,0.,-0.));
#8522 = PLANE('',#8523);
#8523 = AXIS2_PLACEMENT_3D('',#8524,#8525,#8526);
#8524 = CARTESIAN_POINT('',(212.09,94.742,12.7));
#8525 = DIRECTION('',(0.,0.,1.));
#8526 = DIRECTION('',(1.,0.,-0.));
#8527 = ADVANCED_FACE('',(#8528,#8532),#8552,.T.);
#8528 = FACE_BOUND('',#8529,.T.);
#8529 = EDGE_LOOP('',(#8530,#8531));
#8530 = ORIENTED_EDGE('',*,*,#5398,.T.);
#8531 = ORIENTED_EDGE('',*,*,#5422,.T.);
#8532 = FACE_BOUND('',#8533,.T.);
#8533 = EDGE_LOOP('',(#8534,#8545));
#8534 = ORIENTED_EDGE('',*,*,#8535,.F.);
#8535 = EDGE_CURVE('',#8536,#8538,#8540,.T.);
#8536 = VERTEX_POINT('',#8537);
#8537 = CARTESIAN_POINT('',(210.3374,152.4,12.7));
#8538 = VERTEX_POINT('',#8539);
#8539 = CARTESIAN_POINT('',(213.8426,152.4,12.7));
#8540 = CIRCLE('',#8541,1.7526);
#8541 = AXIS2_PLACEMENT_3D('',#8542,#8543,#8544);
#8542 = CARTESIAN_POINT('',(212.09,152.4,12.7));
#8543 = DIRECTION('',(0.,0.,1.));
#8544 = DIRECTION('',(1.,0.,-0.));
#8545 = ORIENTED_EDGE('',*,*,#8546,.F.);
#8546 = EDGE_CURVE('',#8538,#8536,#8547,.T.);
#8547 = CIRCLE('',#8548,1.7526);
#8548 = AXIS2_PLACEMENT_3D('',#8549,#8550,#8551);
#8549 = CARTESIAN_POINT('',(212.09,152.4,12.7));
#8550 = DIRECTION('',(0.,0.,1.));
#8551 = DIRECTION('',(1.,0.,-0.));
#8552 = PLANE('',#8553);
#8553 = AXIS2_PLACEMENT_3D('',#8554,#8555,#8556);
#8554 = CARTESIAN_POINT('',(212.09,152.4,12.7));
#8555 = DIRECTION('',(0.,0.,1.));
#8556 = DIRECTION('',(1.,0.,-0.));
#8557 = ADVANCED_FACE('',(#8558,#8564),#8598,.F.);
#8558 = FACE_BOUND('',#8559,.T.);
#8559 = EDGE_LOOP('',(#8560,#8561,#8562,#8563));
#8560 = ORIENTED_EDGE('',*,*,#5490,.T.);
#8561 = ORIENTED_EDGE('',*,*,#5466,.T.);
#8562 = ORIENTED_EDGE('',*,*,#5538,.T.);
#8563 = ORIENTED_EDGE('',*,*,#5514,.T.);
#8564 = FACE_BOUND('',#8565,.T.);
#8565 = EDGE_LOOP('',(#8566,#8576,#8584,#8592));
#8566 = ORIENTED_EDGE('',*,*,#8567,.F.);
#8567 = EDGE_CURVE('',#8568,#8570,#8572,.T.);
#8568 = VERTEX_POINT('',#8569);
#8569 = CARTESIAN_POINT('',(161.29,74.93,11.43));
#8570 = VERTEX_POINT('',#8571);
#8571 = CARTESIAN_POINT('',(161.29,15.24,11.43));
#8572 = LINE('',#8573,#8574);
#8573 = CARTESIAN_POINT('',(161.29,74.93,11.43));
#8574 = VECTOR('',#8575,1.);
#8575 = DIRECTION('',(0.,-1.,0.));
#8576 = ORIENTED_EDGE('',*,*,#8577,.F.);
#8577 = EDGE_CURVE('',#8578,#8568,#8580,.T.);
#8578 = VERTEX_POINT('',#8579);
#8579 = CARTESIAN_POINT('',(193.04,74.93,11.43));
#8580 = LINE('',#8581,#8582);
#8581 = CARTESIAN_POINT('',(161.29,74.93,11.43));
#8582 = VECTOR('',#8583,1.);
#8583 = DIRECTION('',(-1.,8.741913579726E-16,-0.));
#8584 = ORIENTED_EDGE('',*,*,#8585,.F.);
#8585 = EDGE_CURVE('',#8586,#8578,#8588,.T.);
#8586 = VERTEX_POINT('',#8587);
#8587 = CARTESIAN_POINT('',(193.04,15.24,11.43));
#8588 = LINE('',#8589,#8590);
#8589 = CARTESIAN_POINT('',(193.04,74.93,11.43));
#8590 = VECTOR('',#8591,1.);
#8591 = DIRECTION('',(-2.324977015884E-16,1.,-0.));
#8592 = ORIENTED_EDGE('',*,*,#8593,.F.);
#8593 = EDGE_CURVE('',#8570,#8586,#8594,.T.);
#8594 = LINE('',#8595,#8596);
#8595 = CARTESIAN_POINT('',(161.29,15.24,11.43));
#8596 = VECTOR('',#8597,1.);
#8597 = DIRECTION('',(1.,0.,0.));
#8598 = PLANE('',#8599);
#8599 = AXIS2_PLACEMENT_3D('',#8600,#8601,#8602);
#8600 = CARTESIAN_POINT('',(283.21,-101.6,11.43));
#8601 = DIRECTION('',(0.,0.,-1.));
#8602 = DIRECTION('',(-1.,0.,-0.));
#8603 = ADVANCED_FACE('',(#8604),#8609,.F.);
#8604 = FACE_BOUND('',#8605,.F.);
#8605 = EDGE_LOOP('',(#8606,#8607,#8608));
#8606 = ORIENTED_EDGE('',*,*,#8175,.T.);
#8607 = ORIENTED_EDGE('',*,*,#8378,.T.);
#8608 = ORIENTED_EDGE('',*,*,#8223,.F.);
#8609 = PLANE('',#8610);
#8610 = AXIS2_PLACEMENT_3D('',#8611,#8612,#8613);
#8611 = CARTESIAN_POINT('',(138.43,101.854,37.338));
#8612 = DIRECTION('',(-1.,0.,0.));
#8613 = DIRECTION('',(0.,0.,1.));
#8614 = ADVANCED_FACE('',(#8615),#8620,.F.);
#8615 = FACE_BOUND('',#8616,.F.);
#8616 = EDGE_LOOP('',(#8617,#8618,#8619));
#8617 = ORIENTED_EDGE('',*,*,#8360,.T.);
#8618 = ORIENTED_EDGE('',*,*,#8342,.T.);
#8619 = ORIENTED_EDGE('',*,*,#8246,.F.);
#8620 = PLANE('',#8621);
#8621 = AXIS2_PLACEMENT_3D('',#8622,#8623,#8624);
#8622 = CARTESIAN_POINT('',(138.43,172.72,37.338));
#8623 = DIRECTION('',(-1.,0.,0.));
#8624 = DIRECTION('',(0.,0.,1.));
#8625 = ADVANCED_FACE('',(#8626),#8632,.T.);
#8626 = FACE_BOUND('',#8627,.T.);
#8627 = EDGE_LOOP('',(#8628,#8629,#8630,#8631));
#8628 = ORIENTED_EDGE('',*,*,#8277,.F.);
#8629 = ORIENTED_EDGE('',*,*,#8301,.T.);
#8630 = ORIENTED_EDGE('',*,*,#8318,.T.);
#8631 = ORIENTED_EDGE('',*,*,#8207,.F.);
#8632 = PLANE('',#8633);
#8633 = AXIS2_PLACEMENT_3D('',#8634,#8635,#8636);
#8634 = CARTESIAN_POINT('',(134.61,95.,8.));
#8635 = DIRECTION('',(1.,0.,-0.));
#8636 = DIRECTION('',(0.,0.,1.));
#8637 = ADVANCED_FACE('',(#8638),#8663,.T.);
#8638 = FACE_BOUND('',#8639,.T.);
#8639 = EDGE_LOOP('',(#8640,#8650,#8656,#8657));
#8640 = ORIENTED_EDGE('',*,*,#8641,.F.);
#8641 = EDGE_CURVE('',#8642,#8644,#8646,.T.);
#8642 = VERTEX_POINT('',#8643);
#8643 = CARTESIAN_POINT('',(66.04,87.249,7.62));
#8644 = VERTEX_POINT('',#8645);
#8645 = CARTESIAN_POINT('',(66.04,44.831,7.62));
#8646 = LINE('',#8647,#8648);
#8647 = CARTESIAN_POINT('',(66.04,87.249,7.62));
#8648 = VECTOR('',#8649,1.);
#8649 = DIRECTION('',(0.,-1.,0.));
#8650 = ORIENTED_EDGE('',*,*,#8651,.F.);
#8651 = EDGE_CURVE('',#8402,#8642,#8652,.T.);
#8652 = LINE('',#8653,#8654);
#8653 = CARTESIAN_POINT('',(66.04,87.249,11.43));
#8654 = VECTOR('',#8655,1.);
#8655 = DIRECTION('',(-0.,-0.,-1.));
#8656 = ORIENTED_EDGE('',*,*,#8401,.T.);
#8657 = ORIENTED_EDGE('',*,*,#8658,.T.);
#8658 = EDGE_CURVE('',#8404,#8644,#8659,.T.);
#8659 = LINE('',#8660,#8661);
#8660 = CARTESIAN_POINT('',(66.04,44.831,11.43));
#8661 = VECTOR('',#8662,1.);
#8662 = DIRECTION('',(-0.,-0.,-1.));
#8663 = PLANE('',#8664);
#8664 = AXIS2_PLACEMENT_3D('',#8665,#8666,#8667);
#8665 = CARTESIAN_POINT('',(66.04,87.249,11.43));
#8666 = DIRECTION('',(1.,0.,-0.));
#8667 = DIRECTION('',(-0.,0.,-1.));
#8668 = ADVANCED_FACE('',(#8669),#8687,.T.);
#8669 = FACE_BOUND('',#8670,.T.);
#8670 = EDGE_LOOP('',(#8671,#8679,#8685,#8686));
#8671 = ORIENTED_EDGE('',*,*,#8672,.F.);
#8672 = EDGE_CURVE('',#8673,#8642,#8675,.T.);
#8673 = VERTEX_POINT('',#8674);
#8674 = CARTESIAN_POINT('',(118.11,87.249,7.62));
#8675 = LINE('',#8676,#8677);
#8676 = CARTESIAN_POINT('',(66.04,87.249,7.62));
#8677 = VECTOR('',#8678,1.);
#8678 = DIRECTION('',(-1.,-0.,-0.));
#8679 = ORIENTED_EDGE('',*,*,#8680,.F.);
#8680 = EDGE_CURVE('',#8412,#8673,#8681,.T.);
#8681 = LINE('',#8682,#8683);
#8682 = CARTESIAN_POINT('',(118.11,87.249,11.43));
#8683 = VECTOR('',#8684,1.);
#8684 = DIRECTION('',(-0.,-0.,-1.));
#8685 = ORIENTED_EDGE('',*,*,#8411,.T.);
#8686 = ORIENTED_EDGE('',*,*,#8651,.T.);
#8687 = PLANE('',#8688);
#8688 = AXIS2_PLACEMENT_3D('',#8689,#8690,#8691);
#8689 = CARTESIAN_POINT('',(66.04,87.249,11.43));
#8690 = DIRECTION('',(0.,-1.,0.));
#8691 = DIRECTION('',(0.,-0.,-1.));
#8692 = ADVANCED_FACE('',(#8693),#8711,.T.);
#8693 = FACE_BOUND('',#8694,.T.);
#8694 = EDGE_LOOP('',(#8695,#8703,#8709,#8710));
#8695 = ORIENTED_EDGE('',*,*,#8696,.F.);
#8696 = EDGE_CURVE('',#8697,#8673,#8699,.T.);
#8697 = VERTEX_POINT('',#8698);
#8698 = CARTESIAN_POINT('',(118.11,44.831,7.62));
#8699 = LINE('',#8700,#8701);
#8700 = CARTESIAN_POINT('',(118.11,87.249,7.62));
#8701 = VECTOR('',#8702,1.);
#8702 = DIRECTION('',(-6.543348487819E-16,1.,-0.));
#8703 = ORIENTED_EDGE('',*,*,#8704,.F.);
#8704 = EDGE_CURVE('',#8420,#8697,#8705,.T.);
#8705 = LINE('',#8706,#8707);
#8706 = CARTESIAN_POINT('',(118.11,44.831,11.43));
#8707 = VECTOR('',#8708,1.);
#8708 = DIRECTION('',(-0.,-0.,-1.));
#8709 = ORIENTED_EDGE('',*,*,#8419,.T.);
#8710 = ORIENTED_EDGE('',*,*,#8680,.T.);
#8711 = PLANE('',#8712);
#8712 = AXIS2_PLACEMENT_3D('',#8713,#8714,#8715);
#8713 = CARTESIAN_POINT('',(118.11,87.249,11.43));
#8714 = DIRECTION('',(-1.,-6.543348487819E-16,0.));
#8715 = DIRECTION('',(6.543348487819E-16,-1.,0.));
#8716 = ADVANCED_FACE('',(#8717),#8728,.T.);
#8717 = FACE_BOUND('',#8718,.T.);
#8718 = EDGE_LOOP('',(#8719,#8725,#8726,#8727));
#8719 = ORIENTED_EDGE('',*,*,#8720,.F.);
#8720 = EDGE_CURVE('',#8644,#8697,#8721,.T.);
#8721 = LINE('',#8722,#8723);
#8722 = CARTESIAN_POINT('',(66.04,44.831,7.62));
#8723 = VECTOR('',#8724,1.);
#8724 = DIRECTION('',(1.,0.,0.));
#8725 = ORIENTED_EDGE('',*,*,#8658,.F.);
#8726 = ORIENTED_EDGE('',*,*,#8427,.T.);
#8727 = ORIENTED_EDGE('',*,*,#8704,.T.);
#8728 = PLANE('',#8729);
#8729 = AXIS2_PLACEMENT_3D('',#8730,#8731,#8732);
#8730 = CARTESIAN_POINT('',(66.04,44.831,11.43));
#8731 = DIRECTION('',(0.,1.,0.));
#8732 = DIRECTION('',(0.,-0.,1.));
#8733 = ADVANCED_FACE('',(#8734),#8760,.F.);
#8734 = FACE_BOUND('',#8735,.F.);
#8735 = EDGE_LOOP('',(#8736,#8744,#8753,#8759));
#8736 = ORIENTED_EDGE('',*,*,#8737,.T.);
#8737 = EDGE_CURVE('',#8446,#8738,#8740,.T.);
#8738 = VERTEX_POINT('',#8739);
#8739 = CARTESIAN_POINT('',(161.8234,152.4,7.62));
#8740 = LINE('',#8741,#8742);
#8741 = CARTESIAN_POINT('',(161.8234,152.4,12.7));
#8742 = VECTOR('',#8743,1.);
#8743 = DIRECTION('',(-0.,-0.,-1.));
#8744 = ORIENTED_EDGE('',*,*,#8745,.F.);
#8745 = EDGE_CURVE('',#8746,#8738,#8748,.T.);
#8746 = VERTEX_POINT('',#8747);
#8747 = CARTESIAN_POINT('',(165.3286,152.4,7.62));
#8748 = CIRCLE('',#8749,1.7526);
#8749 = AXIS2_PLACEMENT_3D('',#8750,#8751,#8752);
#8750 = CARTESIAN_POINT('',(163.576,152.4,7.62));
#8751 = DIRECTION('',(0.,0.,-1.));
#8752 = DIRECTION('',(1.,0.,0.));
#8753 = ORIENTED_EDGE('',*,*,#8754,.F.);
#8754 = EDGE_CURVE('',#8448,#8746,#8755,.T.);
#8755 = LINE('',#8756,#8757);
#8756 = CARTESIAN_POINT('',(165.3286,152.4,12.7));
#8757 = VECTOR('',#8758,1.);
#8758 = DIRECTION('',(-0.,-0.,-1.));
#8759 = ORIENTED_EDGE('',*,*,#8445,.F.);
#8760 = CYLINDRICAL_SURFACE('',#8761,1.7526);
#8761 = AXIS2_PLACEMENT_3D('',#8762,#8763,#8764);
#8762 = CARTESIAN_POINT('',(163.576,152.4,12.7));
#8763 = DIRECTION('',(-0.,-0.,-1.));
#8764 = DIRECTION('',(-1.,0.,0.));
#8765 = ADVANCED_FACE('',(#8766),#8778,.F.);
#8766 = FACE_BOUND('',#8767,.F.);
#8767 = EDGE_LOOP('',(#8768,#8775,#8776,#8777));
#8768 = ORIENTED_EDGE('',*,*,#8769,.F.);
#8769 = EDGE_CURVE('',#8738,#8746,#8770,.T.);
#8770 = CIRCLE('',#8771,1.7526);
#8771 = AXIS2_PLACEMENT_3D('',#8772,#8773,#8774);
#8772 = CARTESIAN_POINT('',(163.576,152.4,7.62));
#8773 = DIRECTION('',(0.,0.,-1.));
#8774 = DIRECTION('',(1.,0.,0.));
#8775 = ORIENTED_EDGE('',*,*,#8737,.F.);
#8776 = ORIENTED_EDGE('',*,*,#8456,.F.);
#8777 = ORIENTED_EDGE('',*,*,#8754,.T.);
#8778 = CYLINDRICAL_SURFACE('',#8779,1.7526);
#8779 = AXIS2_PLACEMENT_3D('',#8780,#8781,#8782);
#8780 = CARTESIAN_POINT('',(163.576,152.4,12.7));
#8781 = DIRECTION('',(-0.,-0.,-1.));
#8782 = DIRECTION('',(-1.,0.,0.));
#8783 = ADVANCED_FACE('',(#8784),#8810,.F.);
#8784 = FACE_BOUND('',#8785,.F.);
#8785 = EDGE_LOOP('',(#8786,#8794,#8803,#8809));
#8786 = ORIENTED_EDGE('',*,*,#8787,.T.);
#8787 = EDGE_CURVE('',#8476,#8788,#8790,.T.);
#8788 = VERTEX_POINT('',#8789);
#8789 = CARTESIAN_POINT('',(161.8234,94.742,7.62));
#8790 = LINE('',#8791,#8792);
#8791 = CARTESIAN_POINT('',(161.8234,94.742,12.7));
#8792 = VECTOR('',#8793,1.);
#8793 = DIRECTION('',(-0.,-0.,-1.));
#8794 = ORIENTED_EDGE('',*,*,#8795,.F.);
#8795 = EDGE_CURVE('',#8796,#8788,#8798,.T.);
#8796 = VERTEX_POINT('',#8797);
#8797 = CARTESIAN_POINT('',(165.3286,94.742,7.62));
#8798 = CIRCLE('',#8799,1.7526);
#8799 = AXIS2_PLACEMENT_3D('',#8800,#8801,#8802);
#8800 = CARTESIAN_POINT('',(163.576,94.742,7.62));
#8801 = DIRECTION('',(0.,0.,-1.));
#8802 = DIRECTION('',(1.,0.,0.));
#8803 = ORIENTED_EDGE('',*,*,#8804,.F.);
#8804 = EDGE_CURVE('',#8478,#8796,#8805,.T.);
#8805 = LINE('',#8806,#8807);
#8806 = CARTESIAN_POINT('',(165.3286,94.742,12.7));
#8807 = VECTOR('',#8808,1.);
#8808 = DIRECTION('',(-0.,-0.,-1.));
#8809 = ORIENTED_EDGE('',*,*,#8475,.F.);
#8810 = CYLINDRICAL_SURFACE('',#8811,1.7526);
#8811 = AXIS2_PLACEMENT_3D('',#8812,#8813,#8814);
#8812 = CARTESIAN_POINT('',(163.576,94.742,12.7));
#8813 = DIRECTION('',(-0.,-0.,-1.));
#8814 = DIRECTION('',(-1.,0.,0.));
#8815 = ADVANCED_FACE('',(#8816),#8828,.F.);
#8816 = FACE_BOUND('',#8817,.F.);
#8817 = EDGE_LOOP('',(#8818,#8825,#8826,#8827));
#8818 = ORIENTED_EDGE('',*,*,#8819,.F.);
#8819 = EDGE_CURVE('',#8788,#8796,#8820,.T.);
#8820 = CIRCLE('',#8821,1.7526);
#8821 = AXIS2_PLACEMENT_3D('',#8822,#8823,#8824);
#8822 = CARTESIAN_POINT('',(163.576,94.742,7.62));
#8823 = DIRECTION('',(0.,0.,-1.));
#8824 = DIRECTION('',(1.,0.,0.));
#8825 = ORIENTED_EDGE('',*,*,#8787,.F.);
#8826 = ORIENTED_EDGE('',*,*,#8486,.F.);
#8827 = ORIENTED_EDGE('',*,*,#8804,.T.);
#8828 = CYLINDRICAL_SURFACE('',#8829,1.7526);
#8829 = AXIS2_PLACEMENT_3D('',#8830,#8831,#8832);
#8830 = CARTESIAN_POINT('',(163.576,94.742,12.7));
#8831 = DIRECTION('',(-0.,-0.,-1.));
#8832 = DIRECTION('',(-1.,0.,0.));
#8833 = ADVANCED_FACE('',(#8834),#8860,.F.);
#8834 = FACE_BOUND('',#8835,.F.);
#8835 = EDGE_LOOP('',(#8836,#8844,#8853,#8859));
#8836 = ORIENTED_EDGE('',*,*,#8837,.T.);
#8837 = EDGE_CURVE('',#8506,#8838,#8840,.T.);
#8838 = VERTEX_POINT('',#8839);
#8839 = CARTESIAN_POINT('',(210.3374,94.742,7.62));
#8840 = LINE('',#8841,#8842);
#8841 = CARTESIAN_POINT('',(210.3374,94.742,12.7));
#8842 = VECTOR('',#8843,1.);
#8843 = DIRECTION('',(-0.,-0.,-1.));
#8844 = ORIENTED_EDGE('',*,*,#8845,.F.);
#8845 = EDGE_CURVE('',#8846,#8838,#8848,.T.);
#8846 = VERTEX_POINT('',#8847);
#8847 = CARTESIAN_POINT('',(213.8426,94.742,7.62));
#8848 = CIRCLE('',#8849,1.7526);
#8849 = AXIS2_PLACEMENT_3D('',#8850,#8851,#8852);
#8850 = CARTESIAN_POINT('',(212.09,94.742,7.62));
#8851 = DIRECTION('',(0.,0.,-1.));
#8852 = DIRECTION('',(1.,0.,0.));
#8853 = ORIENTED_EDGE('',*,*,#8854,.F.);
#8854 = EDGE_CURVE('',#8508,#8846,#8855,.T.);
#8855 = LINE('',#8856,#8857);
#8856 = CARTESIAN_POINT('',(213.8426,94.742,12.7));
#8857 = VECTOR('',#8858,1.);
#8858 = DIRECTION('',(-0.,-0.,-1.));
#8859 = ORIENTED_EDGE('',*,*,#8505,.F.);
#8860 = CYLINDRICAL_SURFACE('',#8861,1.7526);
#8861 = AXIS2_PLACEMENT_3D('',#8862,#8863,#8864);
#8862 = CARTESIAN_POINT('',(212.09,94.742,12.7));
#8863 = DIRECTION('',(-0.,-0.,-1.));
#8864 = DIRECTION('',(-1.,0.,0.));
#8865 = ADVANCED_FACE('',(#8866),#8878,.F.);
#8866 = FACE_BOUND('',#8867,.F.);
#8867 = EDGE_LOOP('',(#8868,#8875,#8876,#8877));
#8868 = ORIENTED_EDGE('',*,*,#8869,.F.);
#8869 = EDGE_CURVE('',#8838,#8846,#8870,.T.);
#8870 = CIRCLE('',#8871,1.7526);
#8871 = AXIS2_PLACEMENT_3D('',#8872,#8873,#8874);
#8872 = CARTESIAN_POINT('',(212.09,94.742,7.62));
#8873 = DIRECTION('',(0.,0.,-1.));
#8874 = DIRECTION('',(1.,0.,0.));
#8875 = ORIENTED_EDGE('',*,*,#8837,.F.);
#8876 = ORIENTED_EDGE('',*,*,#8516,.F.);
#8877 = ORIENTED_EDGE('',*,*,#8854,.T.);
#8878 = CYLINDRICAL_SURFACE('',#8879,1.7526);
#8879 = AXIS2_PLACEMENT_3D('',#8880,#8881,#8882);
#8880 = CARTESIAN_POINT('',(212.09,94.742,12.7));
#8881 = DIRECTION('',(-0.,-0.,-1.));
#8882 = DIRECTION('',(-1.,0.,0.));
#8883 = ADVANCED_FACE('',(#8884),#8910,.F.);
#8884 = FACE_BOUND('',#8885,.F.);
#8885 = EDGE_LOOP('',(#8886,#8894,#8903,#8909));
#8886 = ORIENTED_EDGE('',*,*,#8887,.T.);
#8887 = EDGE_CURVE('',#8536,#8888,#8890,.T.);
#8888 = VERTEX_POINT('',#8889);
#8889 = CARTESIAN_POINT('',(210.3374,152.4,7.62));
#8890 = LINE('',#8891,#8892);
#8891 = CARTESIAN_POINT('',(210.3374,152.4,12.7));
#8892 = VECTOR('',#8893,1.);
#8893 = DIRECTION('',(-0.,-0.,-1.));
#8894 = ORIENTED_EDGE('',*,*,#8895,.F.);
#8895 = EDGE_CURVE('',#8896,#8888,#8898,.T.);
#8896 = VERTEX_POINT('',#8897);
#8897 = CARTESIAN_POINT('',(213.8426,152.4,7.62));
#8898 = CIRCLE('',#8899,1.7526);
#8899 = AXIS2_PLACEMENT_3D('',#8900,#8901,#8902);
#8900 = CARTESIAN_POINT('',(212.09,152.4,7.62));
#8901 = DIRECTION('',(0.,0.,-1.));
#8902 = DIRECTION('',(1.,0.,0.));
#8903 = ORIENTED_EDGE('',*,*,#8904,.F.);
#8904 = EDGE_CURVE('',#8538,#8896,#8905,.T.);
#8905 = LINE('',#8906,#8907);
#8906 = CARTESIAN_POINT('',(213.8426,152.4,12.7));
#8907 = VECTOR('',#8908,1.);
#8908 = DIRECTION('',(-0.,-0.,-1.));
#8909 = ORIENTED_EDGE('',*,*,#8535,.F.);
#8910 = CYLINDRICAL_SURFACE('',#8911,1.7526);
#8911 = AXIS2_PLACEMENT_3D('',#8912,#8913,#8914);
#8912 = CARTESIAN_POINT('',(212.09,152.4,12.7));
#8913 = DIRECTION('',(-0.,-0.,-1.));
#8914 = DIRECTION('',(-1.,0.,0.));
#8915 = ADVANCED_FACE('',(#8916),#8928,.F.);
#8916 = FACE_BOUND('',#8917,.F.);
#8917 = EDGE_LOOP('',(#8918,#8925,#8926,#8927));
#8918 = ORIENTED_EDGE('',*,*,#8919,.F.);
#8919 = EDGE_CURVE('',#8888,#8896,#8920,.T.);
#8920 = CIRCLE('',#8921,1.7526);
#8921 = AXIS2_PLACEMENT_3D('',#8922,#8923,#8924);
#8922 = CARTESIAN_POINT('',(212.09,152.4,7.62));
#8923 = DIRECTION('',(0.,0.,-1.));
#8924 = DIRECTION('',(1.,0.,0.));
#8925 = ORIENTED_EDGE('',*,*,#8887,.F.);
#8926 = ORIENTED_EDGE('',*,*,#8546,.F.);
#8927 = ORIENTED_EDGE('',*,*,#8904,.T.);
#8928 = CYLINDRICAL_SURFACE('',#8929,1.7526);
#8929 = AXIS2_PLACEMENT_3D('',#8930,#8931,#8932);
#8930 = CARTESIAN_POINT('',(212.09,152.4,12.7));
#8931 = DIRECTION('',(-0.,-0.,-1.));
#8932 = DIRECTION('',(-1.,0.,0.));
#8933 = ADVANCED_FACE('',(#8934),#8959,.T.);
#8934 = FACE_BOUND('',#8935,.T.);
#8935 = EDGE_LOOP('',(#8936,#8946,#8952,#8953));
#8936 = ORIENTED_EDGE('',*,*,#8937,.F.);
#8937 = EDGE_CURVE('',#8938,#8940,#8942,.T.);
#8938 = VERTEX_POINT('',#8939);
#8939 = CARTESIAN_POINT('',(161.29,74.93,7.62));
#8940 = VERTEX_POINT('',#8941);
#8941 = CARTESIAN_POINT('',(161.29,15.24,7.62));
#8942 = LINE('',#8943,#8944);
#8943 = CARTESIAN_POINT('',(161.29,74.93,7.62));
#8944 = VECTOR('',#8945,1.);
#8945 = DIRECTION('',(0.,-1.,0.));
#8946 = ORIENTED_EDGE('',*,*,#8947,.F.);
#8947 = EDGE_CURVE('',#8568,#8938,#8948,.T.);
#8948 = LINE('',#8949,#8950);
#8949 = CARTESIAN_POINT('',(161.29,74.93,11.43));
#8950 = VECTOR('',#8951,1.);
#8951 = DIRECTION('',(-0.,-0.,-1.));
#8952 = ORIENTED_EDGE('',*,*,#8567,.T.);
#8953 = ORIENTED_EDGE('',*,*,#8954,.T.);
#8954 = EDGE_CURVE('',#8570,#8940,#8955,.T.);
#8955 = LINE('',#8956,#8957);
#8956 = CARTESIAN_POINT('',(161.29,15.24,11.43));
#8957 = VECTOR('',#8958,1.);
#8958 = DIRECTION('',(-0.,-0.,-1.));
#8959 = PLANE('',#8960);
#8960 = AXIS2_PLACEMENT_3D('',#8961,#8962,#8963);
#8961 = CARTESIAN_POINT('',(161.29,74.93,11.43));
#8962 = DIRECTION('',(1.,0.,-0.));
#8963 = DIRECTION('',(-0.,0.,-1.));
#8964 = ADVANCED_FACE('',(#8965),#8983,.T.);
#8965 = FACE_BOUND('',#8966,.T.);
#8966 = EDGE_LOOP('',(#8967,#8975,#8981,#8982));
#8967 = ORIENTED_EDGE('',*,*,#8968,.F.);
#8968 = EDGE_CURVE('',#8969,#8938,#8971,.T.);
#8969 = VERTEX_POINT('',#8970);
#8970 = CARTESIAN_POINT('',(193.04,74.93,7.62));
#8971 = LINE('',#8972,#8973);
#8972 = CARTESIAN_POINT('',(161.29,74.93,7.62));
#8973 = VECTOR('',#8974,1.);
#8974 = DIRECTION('',(-1.,8.741913579726E-16,-0.));
#8975 = ORIENTED_EDGE('',*,*,#8976,.F.);
#8976 = EDGE_CURVE('',#8578,#8969,#8977,.T.);
#8977 = LINE('',#8978,#8979);
#8978 = CARTESIAN_POINT('',(193.04,74.93,11.43));
#8979 = VECTOR('',#8980,1.);
#8980 = DIRECTION('',(-0.,-0.,-1.));
#8981 = ORIENTED_EDGE('',*,*,#8577,.T.);
#8982 = ORIENTED_EDGE('',*,*,#8947,.T.);
#8983 = PLANE('',#8984);
#8984 = AXIS2_PLACEMENT_3D('',#8985,#8986,#8987);
#8985 = CARTESIAN_POINT('',(161.29,74.93,11.43));
#8986 = DIRECTION('',(-8.741913579726E-16,-1.,0.));
#8987 = DIRECTION('',(1.,-8.741913579726E-16,0.));
#8988 = ADVANCED_FACE('',(#8989),#9007,.T.);
#8989 = FACE_BOUND('',#8990,.T.);
#8990 = EDGE_LOOP('',(#8991,#8999,#9005,#9006));
#8991 = ORIENTED_EDGE('',*,*,#8992,.F.);
#8992 = EDGE_CURVE('',#8993,#8969,#8995,.T.);
#8993 = VERTEX_POINT('',#8994);
#8994 = CARTESIAN_POINT('',(193.04,15.24,7.62));
#8995 = LINE('',#8996,#8997);
#8996 = CARTESIAN_POINT('',(193.04,74.93,7.62));
#8997 = VECTOR('',#8998,1.);
#8998 = DIRECTION('',(-2.324977015884E-16,1.,-0.));
#8999 = ORIENTED_EDGE('',*,*,#9000,.F.);
#9000 = EDGE_CURVE('',#8586,#8993,#9001,.T.);
#9001 = LINE('',#9002,#9003);
#9002 = CARTESIAN_POINT('',(193.04,15.24,11.43));
#9003 = VECTOR('',#9004,1.);
#9004 = DIRECTION('',(-0.,-0.,-1.));
#9005 = ORIENTED_EDGE('',*,*,#8585,.T.);
#9006 = ORIENTED_EDGE('',*,*,#8976,.T.);
#9007 = PLANE('',#9008);
#9008 = AXIS2_PLACEMENT_3D('',#9009,#9010,#9011);
#9009 = CARTESIAN_POINT('',(193.04,74.93,11.43));
#9010 = DIRECTION('',(-1.,-2.324977015884E-16,0.));
#9011 = DIRECTION('',(2.324977015884E-16,-1.,0.));
#9012 = ADVANCED_FACE('',(#9013),#9024,.T.);
#9013 = FACE_BOUND('',#9014,.T.);
#9014 = EDGE_LOOP('',(#9015,#9021,#9022,#9023));
#9015 = ORIENTED_EDGE('',*,*,#9016,.F.);
#9016 = EDGE_CURVE('',#8940,#8993,#9017,.T.);
#9017 = LINE('',#9018,#9019);
#9018 = CARTESIAN_POINT('',(161.29,15.24,7.62));
#9019 = VECTOR('',#9020,1.);
#9020 = DIRECTION('',(1.,0.,0.));
#9021 = ORIENTED_EDGE('',*,*,#8954,.F.);
#9022 = ORIENTED_EDGE('',*,*,#8593,.T.);
#9023 = ORIENTED_EDGE('',*,*,#9000,.T.);
#9024 = PLANE('',#9025);
#9025 = AXIS2_PLACEMENT_3D('',#9026,#9027,#9028);
#9026 = CARTESIAN_POINT('',(161.29,15.24,11.43));
#9027 = DIRECTION('',(0.,1.,0.));
#9028 = DIRECTION('',(0.,-0.,1.));
#9029 = ADVANCED_FACE('',(#9030),#9036,.T.);
#9030 = FACE_BOUND('',#9031,.T.);
#9031 = EDGE_LOOP('',(#9032,#9033,#9034,#9035));
#9032 = ORIENTED_EDGE('',*,*,#8641,.T.);
#9033 = ORIENTED_EDGE('',*,*,#8720,.T.);
#9034 = ORIENTED_EDGE('',*,*,#8696,.T.);
#9035 = ORIENTED_EDGE('',*,*,#8672,.T.);
#9036 = PLANE('',#9037);
#9037 = AXIS2_PLACEMENT_3D('',#9038,#9039,#9040);
#9038 = CARTESIAN_POINT('',(283.21,-101.6,7.62));
#9039 = DIRECTION('',(-0.,0.,1.));
#9040 = DIRECTION('',(1.,0.,0.));
#9041 = ADVANCED_FACE('',(#9042),#9046,.T.);
#9042 = FACE_BOUND('',#9043,.T.);
#9043 = EDGE_LOOP('',(#9044,#9045));
#9044 = ORIENTED_EDGE('',*,*,#8769,.F.);
#9045 = ORIENTED_EDGE('',*,*,#8745,.F.);
#9046 = PLANE('',#9047);
#9047 = AXIS2_PLACEMENT_3D('',#9048,#9049,#9050);
#9048 = CARTESIAN_POINT('',(283.21,-101.6,7.62));
#9049 = DIRECTION('',(-0.,0.,1.));
#9050 = DIRECTION('',(1.,0.,0.));
#9051 = ADVANCED_FACE('',(#9052),#9056,.T.);
#9052 = FACE_BOUND('',#9053,.T.);
#9053 = EDGE_LOOP('',(#9054,#9055));
#9054 = ORIENTED_EDGE('',*,*,#8819,.F.);
#9055 = ORIENTED_EDGE('',*,*,#8795,.F.);
#9056 = PLANE('',#9057);
#9057 = AXIS2_PLACEMENT_3D('',#9058,#9059,#9060);
#9058 = CARTESIAN_POINT('',(283.21,-101.6,7.62));
#9059 = DIRECTION('',(-0.,0.,1.));
#9060 = DIRECTION('',(1.,0.,0.));
#9061 = ADVANCED_FACE('',(#9062),#9066,.T.);
#9062 = FACE_BOUND('',#9063,.T.);
#9063 = EDGE_LOOP('',(#9064,#9065));
#9064 = ORIENTED_EDGE('',*,*,#8869,.F.);
#9065 = ORIENTED_EDGE('',*,*,#8845,.F.);
#9066 = PLANE('',#9067);
#9067 = AXIS2_PLACEMENT_3D('',#9068,#9069,#9070);
#9068 = CARTESIAN_POINT('',(283.21,-101.6,7.62));
#9069 = DIRECTION('',(-0.,0.,1.));
#9070 = DIRECTION('',(1.,0.,0.));
#9071 = ADVANCED_FACE('',(#9072),#9076,.T.);
#9072 = FACE_BOUND('',#9073,.T.);
#9073 = EDGE_LOOP('',(#9074,#9075));
#9074 = ORIENTED_EDGE('',*,*,#8919,.F.);
#9075 = ORIENTED_EDGE('',*,*,#8895,.F.);
#9076 = PLANE('',#9077);
#9077 = AXIS2_PLACEMENT_3D('',#9078,#9079,#9080);
#9078 = CARTESIAN_POINT('',(283.21,-101.6,7.62));
#9079 = DIRECTION('',(-0.,0.,1.));
#9080 = DIRECTION('',(1.,0.,0.));
#9081 = ADVANCED_FACE('',(#9082),#9088,.T.);
#9082 = FACE_BOUND('',#9083,.T.);
#9083 = EDGE_LOOP('',(#9084,#9085,#9086,#9087));
#9084 = ORIENTED_EDGE('',*,*,#8937,.T.);
#9085 = ORIENTED_EDGE('',*,*,#9016,.T.);
#9086 = ORIENTED_EDGE('',*,*,#8992,.T.);
#9087 = ORIENTED_EDGE('',*,*,#8968,.T.);
#9088 = PLANE('',#9089);
#9089 = AXIS2_PLACEMENT_3D('',#9090,#9091,#9092);
#9090 = CARTESIAN_POINT('',(283.21,-101.6,7.62));
#9091 = DIRECTION('',(-0.,0.,1.));
#9092 = DIRECTION('',(1.,0.,0.));
#9093 = ( GEOMETRIC_REPRESENTATION_CONTEXT(3) 
GLOBAL_UNCERTAINTY_ASSIGNED_CONTEXT((#9097)) 
GLOBAL_UNIT_ASSIGNED_CONTEXT((#9094,#9095,#9096)) REPRESENTATION_CONTEXT
('Context #1','3D Context with UNIT and UNCERTAINTY') );
#9094 = ( LENGTH_UNIT() NAMED_UNIT(*) SI_UNIT(.MILLI.,.METRE.) );
#9095 = ( NAMED_UNIT(*) PLANE_ANGLE_UNIT() SI_UNIT($,.RADIAN.) );
#9096 = ( NAMED_UNIT(*) SI_UNIT($,.STERADIAN.) SOLID_ANGLE_UNIT() );
#9097 = UNCERTAINTY_MEASURE_WITH_UNIT(LENGTH_MEASURE(1.E-07),#9094,
  'distance_accuracy_value','confusion accuracy');
#9098 = PRODUCT_RELATED_PRODUCT_CATEGORY('part',$,(#7));
ENDSEC;
END-ISO-10303-21;
