ISO-10303-21;
HEADER;
FILE_DESCRIPTION(('FreeCAD Model'),'2;1');
FILE_NAME('Open CASCADE Shape Model','2026-05-24T21:55:09',('FreeCAD'),(
    'FreeCAD'),'Open CASCADE STEP processor 7.8','FreeCAD','Unknown');
FILE_SCHEMA(('AUTOMOTIVE_DESIGN { 1 0 10303 214 1 1 1 1 }'));
ENDSEC;
DATA;
#1 = APPLICATION_PROTOCOL_DEFINITION('international standard',
  'automotive_design',2000,#2);
#2 = APPLICATION_CONTEXT(
  'core data for automotive mechanical design processes');
#3 = SHAPE_DEFINITION_REPRESENTATION(#4,#10);
#4 = PRODUCT_DEFINITION_SHAPE('','',#5);
#5 = PRODUCT_DEFINITION('design','',#6,#9);
#6 = PRODUCT_DEFINITION_FORMATION('','',#7);
#7 = PRODUCT('Open CASCADE STEP translator 7.8 1',
  'Open CASCADE STEP translator 7.8 1','',(#8));
#8 = PRODUCT_CONTEXT('',#2,'mechanical');
#9 = PRODUCT_DEFINITION_CONTEXT('part definition',#2,'design');
#10 = ADVANCED_BREP_SHAPE_REPRESENTATION('',(#11,#15),#4294);
#11 = AXIS2_PLACEMENT_3D('',#12,#13,#14);
#12 = CARTESIAN_POINT('',(0.,0.,0.));
#13 = DIRECTION('',(0.,0.,1.));
#14 = DIRECTION('',(1.,0.,-0.));
#15 = MANIFOLD_SOLID_BREP('',#16);
#16 = CLOSED_SHELL('',(#17,#57,#252,#283,#469,#657,#708,#732,#763,#787,
    #811,#828,#859,#883,#907,#931,#955,#979,#1003,#1027,#1051,#1075,
    #1099,#1123,#1147,#1171,#1195,#1212,#1236,#1253,#1368,#1403,#1447,
    #1540,#1575,#1713,#1757,#1820,#1842,#1859,#1876,#1888,#1919,#1943,
    #1967,#1991,#2015,#2039,#2063,#2087,#2111,#2135,#2159,#2183,#2207,
    #2231,#2255,#2272,#2284,#2306,#2323,#2340,#2357,#2374,#2391,#2408,
    #2425,#2442,#2459,#2471,#2483,#2501,#2530,#2542,#2567,#2603,#2615,
    #2771,#2788,#2800,#2817,#2835,#2864,#2876,#2893,#2911,#2949,#2966,
    #2997,#3073,#3149,#3166,#3178,#3195,#3212,#3229,#3246,#3263,#3280,
    #3297,#3309,#3334,#3359,#3384,#3409,#3458,#3482,#3506,#3560,#3584,
    #3608,#3625,#3650,#3687,#3699,#3711,#3723,#3750,#3777,#3797,#3817,
    #3837,#3857,#3894,#3914,#3924,#3944,#3954,#3979,#4004,#4029,#4054,
    #4079,#4104,#4129,#4154,#4179,#4204,#4213,#4222,#4231,#4240,#4249,
    #4258,#4267,#4276,#4285));
#17 = ADVANCED_FACE('',(#18),#52,.F.);
#18 = FACE_BOUND('',#19,.F.);
#19 = EDGE_LOOP('',(#20,#30,#38,#46));
#20 = ORIENTED_EDGE('',*,*,#21,.F.);
#21 = EDGE_CURVE('',#22,#24,#26,.T.);
#22 = VERTEX_POINT('',#23);
#23 = CARTESIAN_POINT('',(-1.110223024625E-16,0.,1.));
#24 = VERTEX_POINT('',#25);
#25 = CARTESIAN_POINT('',(0.,0.,57.5));
#26 = LINE('',#27,#28);
#27 = CARTESIAN_POINT('',(0.,0.,0.));
#28 = VECTOR('',#29,1.);
#29 = DIRECTION('',(0.,0.,1.));
#30 = ORIENTED_EDGE('',*,*,#31,.T.);
#31 = EDGE_CURVE('',#22,#32,#34,.T.);
#32 = VERTEX_POINT('',#33);
#33 = CARTESIAN_POINT('',(-1.110223024625E-16,86.,1.));
#34 = LINE('',#35,#36);
#35 = CARTESIAN_POINT('',(0.,0.,1.));
#36 = VECTOR('',#37,1.);
#37 = DIRECTION('',(-0.,1.,0.));
#38 = ORIENTED_EDGE('',*,*,#39,.T.);
#39 = EDGE_CURVE('',#32,#40,#42,.T.);
#40 = VERTEX_POINT('',#41);
#41 = CARTESIAN_POINT('',(0.,86.,57.5));
#42 = LINE('',#43,#44);
#43 = CARTESIAN_POINT('',(0.,86.,0.));
#44 = VECTOR('',#45,1.);
#45 = DIRECTION('',(0.,0.,1.));
#46 = ORIENTED_EDGE('',*,*,#47,.F.);
#47 = EDGE_CURVE('',#24,#40,#48,.T.);
#48 = LINE('',#49,#50);
#49 = CARTESIAN_POINT('',(0.,0.,57.5));
#50 = VECTOR('',#51,1.);
#51 = DIRECTION('',(-0.,1.,0.));
#52 = PLANE('',#53);
#53 = AXIS2_PLACEMENT_3D('',#54,#55,#56);
#54 = CARTESIAN_POINT('',(0.,0.,0.));
#55 = DIRECTION('',(1.,0.,-0.));
#56 = DIRECTION('',(0.,0.,1.));
#57 = ADVANCED_FACE('',(#58,#83,#117),#247,.F.);
#58 = FACE_BOUND('',#59,.F.);
#59 = EDGE_LOOP('',(#60,#70,#76,#77));
#60 = ORIENTED_EDGE('',*,*,#61,.F.);
#61 = EDGE_CURVE('',#62,#64,#66,.T.);
#62 = VERTEX_POINT('',#63);
#63 = CARTESIAN_POINT('',(116.,-1.110223024625E-16,1.));
#64 = VERTEX_POINT('',#65);
#65 = CARTESIAN_POINT('',(116.,0.,57.5));
#66 = LINE('',#67,#68);
#67 = CARTESIAN_POINT('',(116.,0.,0.));
#68 = VECTOR('',#69,1.);
#69 = DIRECTION('',(0.,0.,1.));
#70 = ORIENTED_EDGE('',*,*,#71,.F.);
#71 = EDGE_CURVE('',#22,#62,#72,.T.);
#72 = LINE('',#73,#74);
#73 = CARTESIAN_POINT('',(0.,0.,1.));
#74 = VECTOR('',#75,1.);
#75 = DIRECTION('',(1.,0.,-0.));
#76 = ORIENTED_EDGE('',*,*,#21,.T.);
#77 = ORIENTED_EDGE('',*,*,#78,.T.);
#78 = EDGE_CURVE('',#24,#64,#79,.T.);
#79 = LINE('',#80,#81);
#80 = CARTESIAN_POINT('',(0.,0.,57.5));
#81 = VECTOR('',#82,1.);
#82 = DIRECTION('',(1.,0.,-0.));
#83 = FACE_BOUND('',#84,.F.);
#84 = EDGE_LOOP('',(#85,#95,#103,#111));
#85 = ORIENTED_EDGE('',*,*,#86,.F.);
#86 = EDGE_CURVE('',#87,#89,#91,.T.);
#87 = VERTEX_POINT('',#88);
#88 = CARTESIAN_POINT('',(30.4,0.,24.));
#89 = VERTEX_POINT('',#90);
#90 = CARTESIAN_POINT('',(94.9,0.,24.));
#91 = LINE('',#92,#93);
#92 = CARTESIAN_POINT('',(15.2,0.,24.));
#93 = VECTOR('',#94,1.);
#94 = DIRECTION('',(1.,0.,-0.));
#95 = ORIENTED_EDGE('',*,*,#96,.T.);
#96 = EDGE_CURVE('',#87,#97,#99,.T.);
#97 = VERTEX_POINT('',#98);
#98 = CARTESIAN_POINT('',(30.4,0.,15.));
#99 = LINE('',#100,#101);
#100 = CARTESIAN_POINT('',(30.4,0.,7.5));
#101 = VECTOR('',#102,1.);
#102 = DIRECTION('',(-0.,0.,-1.));
#103 = ORIENTED_EDGE('',*,*,#104,.T.);
#104 = EDGE_CURVE('',#97,#105,#107,.T.);
#105 = VERTEX_POINT('',#106);
#106 = CARTESIAN_POINT('',(94.9,0.,15.));
#107 = LINE('',#108,#109);
#108 = CARTESIAN_POINT('',(15.2,0.,15.));
#109 = VECTOR('',#110,1.);
#110 = DIRECTION('',(1.,0.,-0.));
#111 = ORIENTED_EDGE('',*,*,#112,.F.);
#112 = EDGE_CURVE('',#89,#105,#113,.T.);
#113 = LINE('',#114,#115);
#114 = CARTESIAN_POINT('',(94.9,0.,7.5));
#115 = VECTOR('',#116,1.);
#116 = DIRECTION('',(-0.,0.,-1.));
#117 = FACE_BOUND('',#118,.F.);
#118 = EDGE_LOOP('',(#119,#129,#137,#145,#153,#161,#169,#177,#185,#193,
    #201,#209,#217,#225,#233,#241));
#119 = ORIENTED_EDGE('',*,*,#120,.F.);
#120 = EDGE_CURVE('',#121,#123,#125,.T.);
#121 = VERTEX_POINT('',#122);
#122 = CARTESIAN_POINT('',(8.2,0.,43.5));
#123 = VERTEX_POINT('',#124);
#124 = CARTESIAN_POINT('',(31.4,0.,43.5));
#125 = LINE('',#126,#127);
#126 = CARTESIAN_POINT('',(4.1,0.,43.5));
#127 = VECTOR('',#128,1.);
#128 = DIRECTION('',(1.,0.,-0.));
#129 = ORIENTED_EDGE('',*,*,#130,.T.);
#130 = EDGE_CURVE('',#121,#131,#133,.T.);
#131 = VERTEX_POINT('',#132);
#132 = CARTESIAN_POINT('',(8.2,0.,41.5));
#133 = LINE('',#134,#135);
#134 = CARTESIAN_POINT('',(8.2,0.,20.75));
#135 = VECTOR('',#136,1.);
#136 = DIRECTION('',(-0.,0.,-1.));
#137 = ORIENTED_EDGE('',*,*,#138,.T.);
#138 = EDGE_CURVE('',#131,#139,#141,.T.);
#139 = VERTEX_POINT('',#140);
#140 = CARTESIAN_POINT('',(31.4,0.,41.5));
#141 = LINE('',#142,#143);
#142 = CARTESIAN_POINT('',(4.1,0.,41.5));
#143 = VECTOR('',#144,1.);
#144 = DIRECTION('',(1.,0.,-0.));
#145 = ORIENTED_EDGE('',*,*,#146,.T.);
#146 = EDGE_CURVE('',#139,#147,#149,.T.);
#147 = VERTEX_POINT('',#148);
#148 = CARTESIAN_POINT('',(38.2,0.,41.5));
#149 = LINE('',#150,#151);
#150 = CARTESIAN_POINT('',(4.1,0.,41.5));
#151 = VECTOR('',#152,1.);
#152 = DIRECTION('',(1.,0.,-0.));
#153 = ORIENTED_EDGE('',*,*,#154,.T.);
#154 = EDGE_CURVE('',#147,#155,#157,.T.);
#155 = VERTEX_POINT('',#156);
#156 = CARTESIAN_POINT('',(54.6,0.,41.5));
#157 = LINE('',#158,#159);
#158 = CARTESIAN_POINT('',(15.7,0.,41.5));
#159 = VECTOR('',#160,1.);
#160 = DIRECTION('',(1.,0.,-0.));
#161 = ORIENTED_EDGE('',*,*,#162,.T.);
#162 = EDGE_CURVE('',#155,#163,#165,.T.);
#163 = VERTEX_POINT('',#164);
#164 = CARTESIAN_POINT('',(61.4,0.,41.5));
#165 = LINE('',#166,#167);
#166 = CARTESIAN_POINT('',(15.7,0.,41.5));
#167 = VECTOR('',#168,1.);
#168 = DIRECTION('',(1.,0.,-0.));
#169 = ORIENTED_EDGE('',*,*,#170,.T.);
#170 = EDGE_CURVE('',#163,#171,#173,.T.);
#171 = VERTEX_POINT('',#172);
#172 = CARTESIAN_POINT('',(77.8,0.,41.5));
#173 = LINE('',#174,#175);
#174 = CARTESIAN_POINT('',(27.3,0.,41.5));
#175 = VECTOR('',#176,1.);
#176 = DIRECTION('',(1.,0.,-0.));
#177 = ORIENTED_EDGE('',*,*,#178,.T.);
#178 = EDGE_CURVE('',#171,#179,#181,.T.);
#179 = VERTEX_POINT('',#180);
#180 = CARTESIAN_POINT('',(84.6,0.,41.5));
#181 = LINE('',#182,#183);
#182 = CARTESIAN_POINT('',(27.3,0.,41.5));
#183 = VECTOR('',#184,1.);
#184 = DIRECTION('',(1.,0.,-0.));
#185 = ORIENTED_EDGE('',*,*,#186,.T.);
#186 = EDGE_CURVE('',#179,#187,#189,.T.);
#187 = VERTEX_POINT('',#188);
#188 = CARTESIAN_POINT('',(107.8,0.,41.5));
#189 = LINE('',#190,#191);
#190 = CARTESIAN_POINT('',(38.9,0.,41.5));
#191 = VECTOR('',#192,1.);
#192 = DIRECTION('',(1.,0.,-0.));
#193 = ORIENTED_EDGE('',*,*,#194,.F.);
#194 = EDGE_CURVE('',#195,#187,#197,.T.);
#195 = VERTEX_POINT('',#196);
#196 = CARTESIAN_POINT('',(107.8,0.,43.5));
#197 = LINE('',#198,#199);
#198 = CARTESIAN_POINT('',(107.8,0.,20.75));
#199 = VECTOR('',#200,1.);
#200 = DIRECTION('',(-0.,0.,-1.));
#201 = ORIENTED_EDGE('',*,*,#202,.F.);
#202 = EDGE_CURVE('',#203,#195,#205,.T.);
#203 = VERTEX_POINT('',#204);
#204 = CARTESIAN_POINT('',(84.6,0.,43.5));
#205 = LINE('',#206,#207);
#206 = CARTESIAN_POINT('',(38.9,0.,43.5));
#207 = VECTOR('',#208,1.);
#208 = DIRECTION('',(1.,0.,-0.));
#209 = ORIENTED_EDGE('',*,*,#210,.F.);
#210 = EDGE_CURVE('',#211,#203,#213,.T.);
#211 = VERTEX_POINT('',#212);
#212 = CARTESIAN_POINT('',(77.8,0.,43.5));
#213 = LINE('',#214,#215);
#214 = CARTESIAN_POINT('',(27.3,0.,43.5));
#215 = VECTOR('',#216,1.);
#216 = DIRECTION('',(1.,0.,-0.));
#217 = ORIENTED_EDGE('',*,*,#218,.F.);
#218 = EDGE_CURVE('',#219,#211,#221,.T.);
#219 = VERTEX_POINT('',#220);
#220 = CARTESIAN_POINT('',(61.4,0.,43.5));
#221 = LINE('',#222,#223);
#222 = CARTESIAN_POINT('',(27.3,0.,43.5));
#223 = VECTOR('',#224,1.);
#224 = DIRECTION('',(1.,0.,-0.));
#225 = ORIENTED_EDGE('',*,*,#226,.F.);
#226 = EDGE_CURVE('',#227,#219,#229,.T.);
#227 = VERTEX_POINT('',#228);
#228 = CARTESIAN_POINT('',(54.6,0.,43.5));
#229 = LINE('',#230,#231);
#230 = CARTESIAN_POINT('',(15.7,0.,43.5));
#231 = VECTOR('',#232,1.);
#232 = DIRECTION('',(1.,0.,-0.));
#233 = ORIENTED_EDGE('',*,*,#234,.F.);
#234 = EDGE_CURVE('',#235,#227,#237,.T.);
#235 = VERTEX_POINT('',#236);
#236 = CARTESIAN_POINT('',(38.2,0.,43.5));
#237 = LINE('',#238,#239);
#238 = CARTESIAN_POINT('',(15.7,0.,43.5));
#239 = VECTOR('',#240,1.);
#240 = DIRECTION('',(1.,0.,-0.));
#241 = ORIENTED_EDGE('',*,*,#242,.F.);
#242 = EDGE_CURVE('',#123,#235,#243,.T.);
#243 = LINE('',#244,#245);
#244 = CARTESIAN_POINT('',(4.1,0.,43.5));
#245 = VECTOR('',#246,1.);
#246 = DIRECTION('',(1.,0.,-0.));
#247 = PLANE('',#248);
#248 = AXIS2_PLACEMENT_3D('',#249,#250,#251);
#249 = CARTESIAN_POINT('',(0.,0.,0.));
#250 = DIRECTION('',(-0.,1.,0.));
#251 = DIRECTION('',(0.,0.,1.));
#252 = ADVANCED_FACE('',(#253),#278,.T.);
#253 = FACE_BOUND('',#254,.T.);
#254 = EDGE_LOOP('',(#255,#263,#264,#272));
#255 = ORIENTED_EDGE('',*,*,#256,.F.);
#256 = EDGE_CURVE('',#22,#257,#259,.T.);
#257 = VERTEX_POINT('',#258);
#258 = CARTESIAN_POINT('',(1.,1.,-1.110223024625E-16));
#259 = LINE('',#260,#261);
#260 = CARTESIAN_POINT('',(0.333333333333,0.333333333333,0.666666666667)
  );
#261 = VECTOR('',#262,1.);
#262 = DIRECTION('',(0.57735026919,0.57735026919,-0.57735026919));
#263 = ORIENTED_EDGE('',*,*,#31,.T.);
#264 = ORIENTED_EDGE('',*,*,#265,.T.);
#265 = EDGE_CURVE('',#32,#266,#268,.T.);
#266 = VERTEX_POINT('',#267);
#267 = CARTESIAN_POINT('',(1.,85.,-1.110223024625E-16));
#268 = LINE('',#269,#270);
#269 = CARTESIAN_POINT('',(14.666666666667,71.333333333333,
    -13.66666666666));
#270 = VECTOR('',#271,1.);
#271 = DIRECTION('',(0.57735026919,-0.57735026919,-0.57735026919));
#272 = ORIENTED_EDGE('',*,*,#273,.F.);
#273 = EDGE_CURVE('',#257,#266,#274,.T.);
#274 = LINE('',#275,#276);
#275 = CARTESIAN_POINT('',(1.,0.,0.));
#276 = VECTOR('',#277,1.);
#277 = DIRECTION('',(-0.,1.,0.));
#278 = PLANE('',#279);
#279 = AXIS2_PLACEMENT_3D('',#280,#281,#282);
#280 = CARTESIAN_POINT('',(0.5,0.,0.5));
#281 = DIRECTION('',(-0.707106781187,0.,-0.707106781187));
#282 = DIRECTION('',(0.,1.,0.));
#283 = ADVANCED_FACE('',(#284,#302),#464,.T.);
#284 = FACE_BOUND('',#285,.T.);
#285 = EDGE_LOOP('',(#286,#287,#288,#296));
#286 = ORIENTED_EDGE('',*,*,#47,.F.);
#287 = ORIENTED_EDGE('',*,*,#78,.T.);
#288 = ORIENTED_EDGE('',*,*,#289,.T.);
#289 = EDGE_CURVE('',#64,#290,#292,.T.);
#290 = VERTEX_POINT('',#291);
#291 = CARTESIAN_POINT('',(116.,86.,57.5));
#292 = LINE('',#293,#294);
#293 = CARTESIAN_POINT('',(116.,0.,57.5));
#294 = VECTOR('',#295,1.);
#295 = DIRECTION('',(-0.,1.,0.));
#296 = ORIENTED_EDGE('',*,*,#297,.F.);
#297 = EDGE_CURVE('',#40,#290,#298,.T.);
#298 = LINE('',#299,#300);
#299 = CARTESIAN_POINT('',(0.,86.,57.5));
#300 = VECTOR('',#301,1.);
#301 = DIRECTION('',(1.,0.,-0.));
#302 = FACE_BOUND('',#303,.T.);
#303 = EDGE_LOOP('',(#304,#314,#322,#330,#338,#346,#354,#362,#370,#378,
    #386,#394,#402,#410,#418,#426,#434,#442,#450,#458));
#304 = ORIENTED_EDGE('',*,*,#305,.T.);
#305 = EDGE_CURVE('',#306,#308,#310,.T.);
#306 = VERTEX_POINT('',#307);
#307 = CARTESIAN_POINT('',(114.,2.,57.5));
#308 = VERTEX_POINT('',#309);
#309 = CARTESIAN_POINT('',(113.64575131106,2.,57.5));
#310 = LINE('',#311,#312);
#311 = CARTESIAN_POINT('',(1.,2.,57.5));
#312 = VECTOR('',#313,1.);
#313 = DIRECTION('',(-1.,-0.,0.));
#314 = ORIENTED_EDGE('',*,*,#315,.T.);
#315 = EDGE_CURVE('',#308,#316,#318,.T.);
#316 = VERTEX_POINT('',#317);
#317 = CARTESIAN_POINT('',(108.35424868893,2.,57.5));
#318 = LINE('',#319,#320);
#319 = CARTESIAN_POINT('',(1.,2.,57.5));
#320 = VECTOR('',#321,1.);
#321 = DIRECTION('',(-1.,-0.,0.));
#322 = ORIENTED_EDGE('',*,*,#323,.T.);
#323 = EDGE_CURVE('',#316,#324,#326,.T.);
#324 = VERTEX_POINT('',#325);
#325 = CARTESIAN_POINT('',(7.645751311064,2.,57.5));
#326 = LINE('',#327,#328);
#327 = CARTESIAN_POINT('',(1.,2.,57.5));
#328 = VECTOR('',#329,1.);
#329 = DIRECTION('',(-1.,-0.,0.));
#330 = ORIENTED_EDGE('',*,*,#331,.T.);
#331 = EDGE_CURVE('',#324,#332,#334,.T.);
#332 = VERTEX_POINT('',#333);
#333 = CARTESIAN_POINT('',(2.354248688935,2.,57.5));
#334 = LINE('',#335,#336);
#335 = CARTESIAN_POINT('',(1.,2.,57.5));
#336 = VECTOR('',#337,1.);
#337 = DIRECTION('',(-1.,-0.,0.));
#338 = ORIENTED_EDGE('',*,*,#339,.T.);
#339 = EDGE_CURVE('',#332,#340,#342,.T.);
#340 = VERTEX_POINT('',#341);
#341 = CARTESIAN_POINT('',(2.,2.,57.5));
#342 = LINE('',#343,#344);
#343 = CARTESIAN_POINT('',(1.,2.,57.5));
#344 = VECTOR('',#345,1.);
#345 = DIRECTION('',(-1.,-0.,0.));
#346 = ORIENTED_EDGE('',*,*,#347,.T.);
#347 = EDGE_CURVE('',#340,#348,#350,.T.);
#348 = VERTEX_POINT('',#349);
#349 = CARTESIAN_POINT('',(2.,2.354248688935,57.5));
#350 = LINE('',#351,#352);
#351 = CARTESIAN_POINT('',(2.,1.,57.5));
#352 = VECTOR('',#353,1.);
#353 = DIRECTION('',(-0.,1.,0.));
#354 = ORIENTED_EDGE('',*,*,#355,.T.);
#355 = EDGE_CURVE('',#348,#356,#358,.T.);
#356 = VERTEX_POINT('',#357);
#357 = CARTESIAN_POINT('',(2.,7.645751311065,57.5));
#358 = LINE('',#359,#360);
#359 = CARTESIAN_POINT('',(2.,1.,57.5));
#360 = VECTOR('',#361,1.);
#361 = DIRECTION('',(-0.,1.,0.));
#362 = ORIENTED_EDGE('',*,*,#363,.T.);
#363 = EDGE_CURVE('',#356,#364,#366,.T.);
#364 = VERTEX_POINT('',#365);
#365 = CARTESIAN_POINT('',(2.,78.354248688935,57.5));
#366 = LINE('',#367,#368);
#367 = CARTESIAN_POINT('',(2.,1.,57.5));
#368 = VECTOR('',#369,1.);
#369 = DIRECTION('',(-0.,1.,0.));
#370 = ORIENTED_EDGE('',*,*,#371,.T.);
#371 = EDGE_CURVE('',#364,#372,#374,.T.);
#372 = VERTEX_POINT('',#373);
#373 = CARTESIAN_POINT('',(2.,83.645751311065,57.5));
#374 = LINE('',#375,#376);
#375 = CARTESIAN_POINT('',(2.,1.,57.5));
#376 = VECTOR('',#377,1.);
#377 = DIRECTION('',(-0.,1.,0.));
#378 = ORIENTED_EDGE('',*,*,#379,.T.);
#379 = EDGE_CURVE('',#372,#380,#382,.T.);
#380 = VERTEX_POINT('',#381);
#381 = CARTESIAN_POINT('',(2.,84.,57.5));
#382 = LINE('',#383,#384);
#383 = CARTESIAN_POINT('',(2.,1.,57.5));
#384 = VECTOR('',#385,1.);
#385 = DIRECTION('',(-0.,1.,0.));
#386 = ORIENTED_EDGE('',*,*,#387,.F.);
#387 = EDGE_CURVE('',#388,#380,#390,.T.);
#388 = VERTEX_POINT('',#389);
#389 = CARTESIAN_POINT('',(2.354248688935,84.,57.5));
#390 = LINE('',#391,#392);
#391 = CARTESIAN_POINT('',(1.,84.,57.5));
#392 = VECTOR('',#393,1.);
#393 = DIRECTION('',(-1.,-0.,0.));
#394 = ORIENTED_EDGE('',*,*,#395,.F.);
#395 = EDGE_CURVE('',#396,#388,#398,.T.);
#396 = VERTEX_POINT('',#397);
#397 = CARTESIAN_POINT('',(7.645751311064,84.,57.5));
#398 = LINE('',#399,#400);
#399 = CARTESIAN_POINT('',(1.,84.,57.5));
#400 = VECTOR('',#401,1.);
#401 = DIRECTION('',(-1.,-0.,0.));
#402 = ORIENTED_EDGE('',*,*,#403,.F.);
#403 = EDGE_CURVE('',#404,#396,#406,.T.);
#404 = VERTEX_POINT('',#405);
#405 = CARTESIAN_POINT('',(108.35424868893,84.,57.5));
#406 = LINE('',#407,#408);
#407 = CARTESIAN_POINT('',(1.,84.,57.5));
#408 = VECTOR('',#409,1.);
#409 = DIRECTION('',(-1.,-0.,0.));
#410 = ORIENTED_EDGE('',*,*,#411,.F.);
#411 = EDGE_CURVE('',#412,#404,#414,.T.);
#412 = VERTEX_POINT('',#413);
#413 = CARTESIAN_POINT('',(113.64575131106,84.,57.5));
#414 = LINE('',#415,#416);
#415 = CARTESIAN_POINT('',(1.,84.,57.5));
#416 = VECTOR('',#417,1.);
#417 = DIRECTION('',(-1.,-0.,0.));
#418 = ORIENTED_EDGE('',*,*,#419,.F.);
#419 = EDGE_CURVE('',#420,#412,#422,.T.);
#420 = VERTEX_POINT('',#421);
#421 = CARTESIAN_POINT('',(114.,84.,57.5));
#422 = LINE('',#423,#424);
#423 = CARTESIAN_POINT('',(1.,84.,57.5));
#424 = VECTOR('',#425,1.);
#425 = DIRECTION('',(-1.,-0.,0.));
#426 = ORIENTED_EDGE('',*,*,#427,.F.);
#427 = EDGE_CURVE('',#428,#420,#430,.T.);
#428 = VERTEX_POINT('',#429);
#429 = CARTESIAN_POINT('',(114.,83.645751311065,57.5));
#430 = LINE('',#431,#432);
#431 = CARTESIAN_POINT('',(114.,1.,57.5));
#432 = VECTOR('',#433,1.);
#433 = DIRECTION('',(-0.,1.,0.));
#434 = ORIENTED_EDGE('',*,*,#435,.F.);
#435 = EDGE_CURVE('',#436,#428,#438,.T.);
#436 = VERTEX_POINT('',#437);
#437 = CARTESIAN_POINT('',(114.,78.354248688935,57.5));
#438 = LINE('',#439,#440);
#439 = CARTESIAN_POINT('',(114.,1.,57.5));
#440 = VECTOR('',#441,1.);
#441 = DIRECTION('',(-0.,1.,0.));
#442 = ORIENTED_EDGE('',*,*,#443,.F.);
#443 = EDGE_CURVE('',#444,#436,#446,.T.);
#444 = VERTEX_POINT('',#445);
#445 = CARTESIAN_POINT('',(114.,7.645751311065,57.5));
#446 = LINE('',#447,#448);
#447 = CARTESIAN_POINT('',(114.,1.,57.5));
#448 = VECTOR('',#449,1.);
#449 = DIRECTION('',(-0.,1.,0.));
#450 = ORIENTED_EDGE('',*,*,#451,.F.);
#451 = EDGE_CURVE('',#452,#444,#454,.T.);
#452 = VERTEX_POINT('',#453);
#453 = CARTESIAN_POINT('',(114.,2.354248688935,57.5));
#454 = LINE('',#455,#456);
#455 = CARTESIAN_POINT('',(114.,1.,57.5));
#456 = VECTOR('',#457,1.);
#457 = DIRECTION('',(-0.,1.,0.));
#458 = ORIENTED_EDGE('',*,*,#459,.F.);
#459 = EDGE_CURVE('',#306,#452,#460,.T.);
#460 = LINE('',#461,#462);
#461 = CARTESIAN_POINT('',(114.,1.,57.5));
#462 = VECTOR('',#463,1.);
#463 = DIRECTION('',(-0.,1.,0.));
#464 = PLANE('',#465);
#465 = AXIS2_PLACEMENT_3D('',#466,#467,#468);
#466 = CARTESIAN_POINT('',(0.,0.,57.5));
#467 = DIRECTION('',(0.,0.,1.));
#468 = DIRECTION('',(1.,0.,-0.));
#469 = ADVANCED_FACE('',(#470,#488,#522),#652,.T.);
#470 = FACE_BOUND('',#471,.T.);
#471 = EDGE_LOOP('',(#472,#480,#486,#487));
#472 = ORIENTED_EDGE('',*,*,#473,.F.);
#473 = EDGE_CURVE('',#474,#290,#476,.T.);
#474 = VERTEX_POINT('',#475);
#475 = CARTESIAN_POINT('',(116.,86.,1.));
#476 = LINE('',#477,#478);
#477 = CARTESIAN_POINT('',(116.,86.,0.));
#478 = VECTOR('',#479,1.);
#479 = DIRECTION('',(0.,0.,1.));
#480 = ORIENTED_EDGE('',*,*,#481,.F.);
#481 = EDGE_CURVE('',#32,#474,#482,.T.);
#482 = LINE('',#483,#484);
#483 = CARTESIAN_POINT('',(0.,86.,1.));
#484 = VECTOR('',#485,1.);
#485 = DIRECTION('',(1.,0.,-0.));
#486 = ORIENTED_EDGE('',*,*,#39,.T.);
#487 = ORIENTED_EDGE('',*,*,#297,.T.);
#488 = FACE_BOUND('',#489,.T.);
#489 = EDGE_LOOP('',(#490,#500,#508,#516));
#490 = ORIENTED_EDGE('',*,*,#491,.F.);
#491 = EDGE_CURVE('',#492,#494,#496,.T.);
#492 = VERTEX_POINT('',#493);
#493 = CARTESIAN_POINT('',(51.9,86.,22.));
#494 = VERTEX_POINT('',#495);
#495 = CARTESIAN_POINT('',(69.9,86.,22.));
#496 = LINE('',#497,#498);
#497 = CARTESIAN_POINT('',(25.95,86.,22.));
#498 = VECTOR('',#499,1.);
#499 = DIRECTION('',(1.,0.,-0.));
#500 = ORIENTED_EDGE('',*,*,#501,.T.);
#501 = EDGE_CURVE('',#492,#502,#504,.T.);
#502 = VERTEX_POINT('',#503);
#503 = CARTESIAN_POINT('',(51.9,86.,14.));
#504 = LINE('',#505,#506);
#505 = CARTESIAN_POINT('',(51.9,86.,7.));
#506 = VECTOR('',#507,1.);
#507 = DIRECTION('',(-0.,0.,-1.));
#508 = ORIENTED_EDGE('',*,*,#509,.T.);
#509 = EDGE_CURVE('',#502,#510,#512,.T.);
#510 = VERTEX_POINT('',#511);
#511 = CARTESIAN_POINT('',(69.9,86.,14.));
#512 = LINE('',#513,#514);
#513 = CARTESIAN_POINT('',(25.95,86.,14.));
#514 = VECTOR('',#515,1.);
#515 = DIRECTION('',(1.,0.,-0.));
#516 = ORIENTED_EDGE('',*,*,#517,.F.);
#517 = EDGE_CURVE('',#494,#510,#518,.T.);
#518 = LINE('',#519,#520);
#519 = CARTESIAN_POINT('',(69.9,86.,7.));
#520 = VECTOR('',#521,1.);
#521 = DIRECTION('',(-0.,0.,-1.));
#522 = FACE_BOUND('',#523,.T.);
#523 = EDGE_LOOP('',(#524,#534,#542,#550,#558,#566,#574,#582,#590,#598,
    #606,#614,#622,#630,#638,#646));
#524 = ORIENTED_EDGE('',*,*,#525,.F.);
#525 = EDGE_CURVE('',#526,#528,#530,.T.);
#526 = VERTEX_POINT('',#527);
#527 = CARTESIAN_POINT('',(8.2,86.,43.5));
#528 = VERTEX_POINT('',#529);
#529 = CARTESIAN_POINT('',(31.4,86.,43.5));
#530 = LINE('',#531,#532);
#531 = CARTESIAN_POINT('',(4.1,86.,43.5));
#532 = VECTOR('',#533,1.);
#533 = DIRECTION('',(1.,0.,-0.));
#534 = ORIENTED_EDGE('',*,*,#535,.T.);
#535 = EDGE_CURVE('',#526,#536,#538,.T.);
#536 = VERTEX_POINT('',#537);
#537 = CARTESIAN_POINT('',(8.2,86.,41.5));
#538 = LINE('',#539,#540);
#539 = CARTESIAN_POINT('',(8.2,86.,20.75));
#540 = VECTOR('',#541,1.);
#541 = DIRECTION('',(-0.,0.,-1.));
#542 = ORIENTED_EDGE('',*,*,#543,.T.);
#543 = EDGE_CURVE('',#536,#544,#546,.T.);
#544 = VERTEX_POINT('',#545);
#545 = CARTESIAN_POINT('',(31.4,86.,41.5));
#546 = LINE('',#547,#548);
#547 = CARTESIAN_POINT('',(4.1,86.,41.5));
#548 = VECTOR('',#549,1.);
#549 = DIRECTION('',(1.,0.,-0.));
#550 = ORIENTED_EDGE('',*,*,#551,.T.);
#551 = EDGE_CURVE('',#544,#552,#554,.T.);
#552 = VERTEX_POINT('',#553);
#553 = CARTESIAN_POINT('',(38.2,86.,41.5));
#554 = LINE('',#555,#556);
#555 = CARTESIAN_POINT('',(4.1,86.,41.5));
#556 = VECTOR('',#557,1.);
#557 = DIRECTION('',(1.,0.,-0.));
#558 = ORIENTED_EDGE('',*,*,#559,.T.);
#559 = EDGE_CURVE('',#552,#560,#562,.T.);
#560 = VERTEX_POINT('',#561);
#561 = CARTESIAN_POINT('',(54.6,86.,41.5));
#562 = LINE('',#563,#564);
#563 = CARTESIAN_POINT('',(15.7,86.,41.5));
#564 = VECTOR('',#565,1.);
#565 = DIRECTION('',(1.,0.,-0.));
#566 = ORIENTED_EDGE('',*,*,#567,.T.);
#567 = EDGE_CURVE('',#560,#568,#570,.T.);
#568 = VERTEX_POINT('',#569);
#569 = CARTESIAN_POINT('',(61.4,86.,41.5));
#570 = LINE('',#571,#572);
#571 = CARTESIAN_POINT('',(15.7,86.,41.5));
#572 = VECTOR('',#573,1.);
#573 = DIRECTION('',(1.,0.,-0.));
#574 = ORIENTED_EDGE('',*,*,#575,.T.);
#575 = EDGE_CURVE('',#568,#576,#578,.T.);
#576 = VERTEX_POINT('',#577);
#577 = CARTESIAN_POINT('',(77.8,86.,41.5));
#578 = LINE('',#579,#580);
#579 = CARTESIAN_POINT('',(27.3,86.,41.5));
#580 = VECTOR('',#581,1.);
#581 = DIRECTION('',(1.,0.,-0.));
#582 = ORIENTED_EDGE('',*,*,#583,.T.);
#583 = EDGE_CURVE('',#576,#584,#586,.T.);
#584 = VERTEX_POINT('',#585);
#585 = CARTESIAN_POINT('',(84.6,86.,41.5));
#586 = LINE('',#587,#588);
#587 = CARTESIAN_POINT('',(27.3,86.,41.5));
#588 = VECTOR('',#589,1.);
#589 = DIRECTION('',(1.,0.,-0.));
#590 = ORIENTED_EDGE('',*,*,#591,.T.);
#591 = EDGE_CURVE('',#584,#592,#594,.T.);
#592 = VERTEX_POINT('',#593);
#593 = CARTESIAN_POINT('',(107.8,86.,41.5));
#594 = LINE('',#595,#596);
#595 = CARTESIAN_POINT('',(38.9,86.,41.5));
#596 = VECTOR('',#597,1.);
#597 = DIRECTION('',(1.,0.,-0.));
#598 = ORIENTED_EDGE('',*,*,#599,.F.);
#599 = EDGE_CURVE('',#600,#592,#602,.T.);
#600 = VERTEX_POINT('',#601);
#601 = CARTESIAN_POINT('',(107.8,86.,43.5));
#602 = LINE('',#603,#604);
#603 = CARTESIAN_POINT('',(107.8,86.,20.75));
#604 = VECTOR('',#605,1.);
#605 = DIRECTION('',(-0.,0.,-1.));
#606 = ORIENTED_EDGE('',*,*,#607,.F.);
#607 = EDGE_CURVE('',#608,#600,#610,.T.);
#608 = VERTEX_POINT('',#609);
#609 = CARTESIAN_POINT('',(84.6,86.,43.5));
#610 = LINE('',#611,#612);
#611 = CARTESIAN_POINT('',(38.9,86.,43.5));
#612 = VECTOR('',#613,1.);
#613 = DIRECTION('',(1.,0.,-0.));
#614 = ORIENTED_EDGE('',*,*,#615,.F.);
#615 = EDGE_CURVE('',#616,#608,#618,.T.);
#616 = VERTEX_POINT('',#617);
#617 = CARTESIAN_POINT('',(77.8,86.,43.5));
#618 = LINE('',#619,#620);
#619 = CARTESIAN_POINT('',(27.3,86.,43.5));
#620 = VECTOR('',#621,1.);
#621 = DIRECTION('',(1.,0.,-0.));
#622 = ORIENTED_EDGE('',*,*,#623,.F.);
#623 = EDGE_CURVE('',#624,#616,#626,.T.);
#624 = VERTEX_POINT('',#625);
#625 = CARTESIAN_POINT('',(61.4,86.,43.5));
#626 = LINE('',#627,#628);
#627 = CARTESIAN_POINT('',(27.3,86.,43.5));
#628 = VECTOR('',#629,1.);
#629 = DIRECTION('',(1.,0.,-0.));
#630 = ORIENTED_EDGE('',*,*,#631,.F.);
#631 = EDGE_CURVE('',#632,#624,#634,.T.);
#632 = VERTEX_POINT('',#633);
#633 = CARTESIAN_POINT('',(54.6,86.,43.5));
#634 = LINE('',#635,#636);
#635 = CARTESIAN_POINT('',(15.7,86.,43.5));
#636 = VECTOR('',#637,1.);
#637 = DIRECTION('',(1.,0.,-0.));
#638 = ORIENTED_EDGE('',*,*,#639,.F.);
#639 = EDGE_CURVE('',#640,#632,#642,.T.);
#640 = VERTEX_POINT('',#641);
#641 = CARTESIAN_POINT('',(38.2,86.,43.5));
#642 = LINE('',#643,#644);
#643 = CARTESIAN_POINT('',(15.7,86.,43.5));
#644 = VECTOR('',#645,1.);
#645 = DIRECTION('',(1.,0.,-0.));
#646 = ORIENTED_EDGE('',*,*,#647,.F.);
#647 = EDGE_CURVE('',#528,#640,#648,.T.);
#648 = LINE('',#649,#650);
#649 = CARTESIAN_POINT('',(4.1,86.,43.5));
#650 = VECTOR('',#651,1.);
#651 = DIRECTION('',(1.,0.,-0.));
#652 = PLANE('',#653);
#653 = AXIS2_PLACEMENT_3D('',#654,#655,#656);
#654 = CARTESIAN_POINT('',(0.,86.,0.));
#655 = DIRECTION('',(-0.,1.,0.));
#656 = DIRECTION('',(0.,0.,1.));
#657 = ADVANCED_FACE('',(#658,#669),#703,.T.);
#658 = FACE_BOUND('',#659,.T.);
#659 = EDGE_LOOP('',(#660,#661,#667,#668));
#660 = ORIENTED_EDGE('',*,*,#61,.F.);
#661 = ORIENTED_EDGE('',*,*,#662,.T.);
#662 = EDGE_CURVE('',#62,#474,#663,.T.);
#663 = LINE('',#664,#665);
#664 = CARTESIAN_POINT('',(116.,0.,1.));
#665 = VECTOR('',#666,1.);
#666 = DIRECTION('',(-0.,1.,0.));
#667 = ORIENTED_EDGE('',*,*,#473,.T.);
#668 = ORIENTED_EDGE('',*,*,#289,.F.);
#669 = FACE_BOUND('',#670,.T.);
#670 = EDGE_LOOP('',(#671,#681,#689,#697));
#671 = ORIENTED_EDGE('',*,*,#672,.T.);
#672 = EDGE_CURVE('',#673,#675,#677,.T.);
#673 = VERTEX_POINT('',#674);
#674 = CARTESIAN_POINT('',(116.,59.5,15.));
#675 = VERTEX_POINT('',#676);
#676 = CARTESIAN_POINT('',(116.,2.,15.));
#677 = LINE('',#678,#679);
#678 = CARTESIAN_POINT('',(116.,1.,15.));
#679 = VECTOR('',#680,1.);
#680 = DIRECTION('',(0.,-1.,0.));
#681 = ORIENTED_EDGE('',*,*,#682,.T.);
#682 = EDGE_CURVE('',#675,#683,#685,.T.);
#683 = VERTEX_POINT('',#684);
#684 = CARTESIAN_POINT('',(116.,2.,35.));
#685 = LINE('',#686,#687);
#686 = CARTESIAN_POINT('',(116.,2.,7.5));
#687 = VECTOR('',#688,1.);
#688 = DIRECTION('',(0.,0.,1.));
#689 = ORIENTED_EDGE('',*,*,#690,.F.);
#690 = EDGE_CURVE('',#691,#683,#693,.T.);
#691 = VERTEX_POINT('',#692);
#692 = CARTESIAN_POINT('',(116.,59.5,35.));
#693 = LINE('',#694,#695);
#694 = CARTESIAN_POINT('',(116.,1.,35.));
#695 = VECTOR('',#696,1.);
#696 = DIRECTION('',(0.,-1.,0.));
#697 = ORIENTED_EDGE('',*,*,#698,.F.);
#698 = EDGE_CURVE('',#673,#691,#699,.T.);
#699 = LINE('',#700,#701);
#700 = CARTESIAN_POINT('',(116.,59.5,7.5));
#701 = VECTOR('',#702,1.);
#702 = DIRECTION('',(0.,0.,1.));
#703 = PLANE('',#704);
#704 = AXIS2_PLACEMENT_3D('',#705,#706,#707);
#705 = CARTESIAN_POINT('',(116.,0.,0.));
#706 = DIRECTION('',(1.,0.,-0.));
#707 = DIRECTION('',(0.,0.,1.));
#708 = ADVANCED_FACE('',(#709),#727,.T.);
#709 = FACE_BOUND('',#710,.F.);
#710 = EDGE_LOOP('',(#711,#712,#713,#721));
#711 = ORIENTED_EDGE('',*,*,#256,.F.);
#712 = ORIENTED_EDGE('',*,*,#71,.T.);
#713 = ORIENTED_EDGE('',*,*,#714,.T.);
#714 = EDGE_CURVE('',#62,#715,#717,.T.);
#715 = VERTEX_POINT('',#716);
#716 = CARTESIAN_POINT('',(115.,1.,-1.110223024625E-16));
#717 = LINE('',#718,#719);
#718 = CARTESIAN_POINT('',(96.333333333333,19.666666666667,
    -18.66666666666));
#719 = VECTOR('',#720,1.);
#720 = DIRECTION('',(-0.57735026919,0.57735026919,-0.57735026919));
#721 = ORIENTED_EDGE('',*,*,#722,.F.);
#722 = EDGE_CURVE('',#257,#715,#723,.T.);
#723 = LINE('',#724,#725);
#724 = CARTESIAN_POINT('',(0.,1.,0.));
#725 = VECTOR('',#726,1.);
#726 = DIRECTION('',(1.,0.,-0.));
#727 = PLANE('',#728);
#728 = AXIS2_PLACEMENT_3D('',#729,#730,#731);
#729 = CARTESIAN_POINT('',(0.,0.5,0.5));
#730 = DIRECTION('',(0.,-0.707106781187,-0.707106781187));
#731 = DIRECTION('',(-1.,-0.,-0.));
#732 = ADVANCED_FACE('',(#733),#758,.F.);
#733 = FACE_BOUND('',#734,.F.);
#734 = EDGE_LOOP('',(#735,#743,#744,#752));
#735 = ORIENTED_EDGE('',*,*,#736,.F.);
#736 = EDGE_CURVE('',#87,#737,#739,.T.);
#737 = VERTEX_POINT('',#738);
#738 = CARTESIAN_POINT('',(30.4,2.,24.));
#739 = LINE('',#740,#741);
#740 = CARTESIAN_POINT('',(30.4,-1.E-02,24.));
#741 = VECTOR('',#742,1.);
#742 = DIRECTION('',(-0.,1.,0.));
#743 = ORIENTED_EDGE('',*,*,#86,.T.);
#744 = ORIENTED_EDGE('',*,*,#745,.T.);
#745 = EDGE_CURVE('',#89,#746,#748,.T.);
#746 = VERTEX_POINT('',#747);
#747 = CARTESIAN_POINT('',(94.9,2.,24.));
#748 = LINE('',#749,#750);
#749 = CARTESIAN_POINT('',(94.9,-1.E-02,24.));
#750 = VECTOR('',#751,1.);
#751 = DIRECTION('',(-0.,1.,0.));
#752 = ORIENTED_EDGE('',*,*,#753,.F.);
#753 = EDGE_CURVE('',#737,#746,#754,.T.);
#754 = LINE('',#755,#756);
#755 = CARTESIAN_POINT('',(16.2,2.,24.));
#756 = VECTOR('',#757,1.);
#757 = DIRECTION('',(1.,0.,-0.));
#758 = PLANE('',#759);
#759 = AXIS2_PLACEMENT_3D('',#760,#761,#762);
#760 = CARTESIAN_POINT('',(30.4,-1.E-02,24.));
#761 = DIRECTION('',(0.,0.,1.));
#762 = DIRECTION('',(1.,0.,-0.));
#763 = ADVANCED_FACE('',(#764),#782,.T.);
#764 = FACE_BOUND('',#765,.T.);
#765 = EDGE_LOOP('',(#766,#767,#768,#776));
#766 = ORIENTED_EDGE('',*,*,#736,.F.);
#767 = ORIENTED_EDGE('',*,*,#96,.T.);
#768 = ORIENTED_EDGE('',*,*,#769,.T.);
#769 = EDGE_CURVE('',#97,#770,#772,.T.);
#770 = VERTEX_POINT('',#771);
#771 = CARTESIAN_POINT('',(30.4,2.,15.));
#772 = LINE('',#773,#774);
#773 = CARTESIAN_POINT('',(30.4,-1.E-02,15.));
#774 = VECTOR('',#775,1.);
#775 = DIRECTION('',(-0.,1.,0.));
#776 = ORIENTED_EDGE('',*,*,#777,.F.);
#777 = EDGE_CURVE('',#737,#770,#778,.T.);
#778 = LINE('',#779,#780);
#779 = CARTESIAN_POINT('',(30.4,2.,8.75));
#780 = VECTOR('',#781,1.);
#781 = DIRECTION('',(-0.,0.,-1.));
#782 = PLANE('',#783);
#783 = AXIS2_PLACEMENT_3D('',#784,#785,#786);
#784 = CARTESIAN_POINT('',(30.4,-1.E-02,15.));
#785 = DIRECTION('',(1.,0.,-0.));
#786 = DIRECTION('',(0.,0.,1.));
#787 = ADVANCED_FACE('',(#788),#806,.F.);
#788 = FACE_BOUND('',#789,.F.);
#789 = EDGE_LOOP('',(#790,#791,#792,#800));
#790 = ORIENTED_EDGE('',*,*,#745,.F.);
#791 = ORIENTED_EDGE('',*,*,#112,.T.);
#792 = ORIENTED_EDGE('',*,*,#793,.T.);
#793 = EDGE_CURVE('',#105,#794,#796,.T.);
#794 = VERTEX_POINT('',#795);
#795 = CARTESIAN_POINT('',(94.9,2.,15.));
#796 = LINE('',#797,#798);
#797 = CARTESIAN_POINT('',(94.9,-1.E-02,15.));
#798 = VECTOR('',#799,1.);
#799 = DIRECTION('',(-0.,1.,0.));
#800 = ORIENTED_EDGE('',*,*,#801,.F.);
#801 = EDGE_CURVE('',#746,#794,#802,.T.);
#802 = LINE('',#803,#804);
#803 = CARTESIAN_POINT('',(94.9,2.,8.75));
#804 = VECTOR('',#805,1.);
#805 = DIRECTION('',(-0.,0.,-1.));
#806 = PLANE('',#807);
#807 = AXIS2_PLACEMENT_3D('',#808,#809,#810);
#808 = CARTESIAN_POINT('',(94.9,-1.E-02,15.));
#809 = DIRECTION('',(1.,0.,-0.));
#810 = DIRECTION('',(0.,0.,1.));
#811 = ADVANCED_FACE('',(#812),#823,.T.);
#812 = FACE_BOUND('',#813,.T.);
#813 = EDGE_LOOP('',(#814,#815,#816,#817));
#814 = ORIENTED_EDGE('',*,*,#769,.F.);
#815 = ORIENTED_EDGE('',*,*,#104,.T.);
#816 = ORIENTED_EDGE('',*,*,#793,.T.);
#817 = ORIENTED_EDGE('',*,*,#818,.F.);
#818 = EDGE_CURVE('',#770,#794,#819,.T.);
#819 = LINE('',#820,#821);
#820 = CARTESIAN_POINT('',(16.2,2.,15.));
#821 = VECTOR('',#822,1.);
#822 = DIRECTION('',(1.,0.,-0.));
#823 = PLANE('',#824);
#824 = AXIS2_PLACEMENT_3D('',#825,#826,#827);
#825 = CARTESIAN_POINT('',(30.4,-1.E-02,15.));
#826 = DIRECTION('',(0.,0.,1.));
#827 = DIRECTION('',(1.,0.,-0.));
#828 = ADVANCED_FACE('',(#829),#854,.F.);
#829 = FACE_BOUND('',#830,.F.);
#830 = EDGE_LOOP('',(#831,#839,#840,#848));
#831 = ORIENTED_EDGE('',*,*,#832,.F.);
#832 = EDGE_CURVE('',#121,#833,#835,.T.);
#833 = VERTEX_POINT('',#834);
#834 = CARTESIAN_POINT('',(8.2,1.E-02,43.5));
#835 = LINE('',#836,#837);
#836 = CARTESIAN_POINT('',(8.2,-2.01,43.5));
#837 = VECTOR('',#838,1.);
#838 = DIRECTION('',(-0.,1.,0.));
#839 = ORIENTED_EDGE('',*,*,#120,.T.);
#840 = ORIENTED_EDGE('',*,*,#841,.T.);
#841 = EDGE_CURVE('',#123,#842,#844,.T.);
#842 = VERTEX_POINT('',#843);
#843 = CARTESIAN_POINT('',(31.4,1.E-02,43.5));
#844 = LINE('',#845,#846);
#845 = CARTESIAN_POINT('',(31.4,-2.01,43.5));
#846 = VECTOR('',#847,1.);
#847 = DIRECTION('',(-0.,1.,0.));
#848 = ORIENTED_EDGE('',*,*,#849,.F.);
#849 = EDGE_CURVE('',#833,#842,#850,.T.);
#850 = LINE('',#851,#852);
#851 = CARTESIAN_POINT('',(8.2,1.E-02,43.5));
#852 = VECTOR('',#853,1.);
#853 = DIRECTION('',(1.,0.,-0.));
#854 = PLANE('',#855);
#855 = AXIS2_PLACEMENT_3D('',#856,#857,#858);
#856 = CARTESIAN_POINT('',(8.2,-2.01,43.5));
#857 = DIRECTION('',(0.,0.,1.));
#858 = DIRECTION('',(1.,0.,-0.));
#859 = ADVANCED_FACE('',(#860),#878,.F.);
#860 = FACE_BOUND('',#861,.F.);
#861 = EDGE_LOOP('',(#862,#863,#864,#872));
#862 = ORIENTED_EDGE('',*,*,#841,.F.);
#863 = ORIENTED_EDGE('',*,*,#242,.T.);
#864 = ORIENTED_EDGE('',*,*,#865,.T.);
#865 = EDGE_CURVE('',#235,#866,#868,.T.);
#866 = VERTEX_POINT('',#867);
#867 = CARTESIAN_POINT('',(38.2,1.E-02,43.5));
#868 = LINE('',#869,#870);
#869 = CARTESIAN_POINT('',(38.2,-2.01,43.5));
#870 = VECTOR('',#871,1.);
#871 = DIRECTION('',(-0.,1.,0.));
#872 = ORIENTED_EDGE('',*,*,#873,.F.);
#873 = EDGE_CURVE('',#842,#866,#874,.T.);
#874 = LINE('',#875,#876);
#875 = CARTESIAN_POINT('',(8.2,1.E-02,43.5));
#876 = VECTOR('',#877,1.);
#877 = DIRECTION('',(1.,0.,-0.));
#878 = PLANE('',#879);
#879 = AXIS2_PLACEMENT_3D('',#880,#881,#882);
#880 = CARTESIAN_POINT('',(8.2,-2.01,43.5));
#881 = DIRECTION('',(0.,0.,1.));
#882 = DIRECTION('',(1.,0.,-0.));
#883 = ADVANCED_FACE('',(#884),#902,.F.);
#884 = FACE_BOUND('',#885,.F.);
#885 = EDGE_LOOP('',(#886,#887,#888,#896));
#886 = ORIENTED_EDGE('',*,*,#865,.F.);
#887 = ORIENTED_EDGE('',*,*,#234,.T.);
#888 = ORIENTED_EDGE('',*,*,#889,.T.);
#889 = EDGE_CURVE('',#227,#890,#892,.T.);
#890 = VERTEX_POINT('',#891);
#891 = CARTESIAN_POINT('',(54.6,1.E-02,43.5));
#892 = LINE('',#893,#894);
#893 = CARTESIAN_POINT('',(54.6,-2.01,43.5));
#894 = VECTOR('',#895,1.);
#895 = DIRECTION('',(-0.,1.,0.));
#896 = ORIENTED_EDGE('',*,*,#897,.F.);
#897 = EDGE_CURVE('',#866,#890,#898,.T.);
#898 = LINE('',#899,#900);
#899 = CARTESIAN_POINT('',(31.4,1.E-02,43.5));
#900 = VECTOR('',#901,1.);
#901 = DIRECTION('',(1.,0.,-0.));
#902 = PLANE('',#903);
#903 = AXIS2_PLACEMENT_3D('',#904,#905,#906);
#904 = CARTESIAN_POINT('',(31.4,-2.01,43.5));
#905 = DIRECTION('',(0.,0.,1.));
#906 = DIRECTION('',(1.,0.,-0.));
#907 = ADVANCED_FACE('',(#908),#926,.F.);
#908 = FACE_BOUND('',#909,.F.);
#909 = EDGE_LOOP('',(#910,#911,#912,#920));
#910 = ORIENTED_EDGE('',*,*,#889,.F.);
#911 = ORIENTED_EDGE('',*,*,#226,.T.);
#912 = ORIENTED_EDGE('',*,*,#913,.T.);
#913 = EDGE_CURVE('',#219,#914,#916,.T.);
#914 = VERTEX_POINT('',#915);
#915 = CARTESIAN_POINT('',(61.4,1.E-02,43.5));
#916 = LINE('',#917,#918);
#917 = CARTESIAN_POINT('',(61.4,-2.01,43.5));
#918 = VECTOR('',#919,1.);
#919 = DIRECTION('',(-0.,1.,0.));
#920 = ORIENTED_EDGE('',*,*,#921,.F.);
#921 = EDGE_CURVE('',#890,#914,#922,.T.);
#922 = LINE('',#923,#924);
#923 = CARTESIAN_POINT('',(31.4,1.E-02,43.5));
#924 = VECTOR('',#925,1.);
#925 = DIRECTION('',(1.,0.,-0.));
#926 = PLANE('',#927);
#927 = AXIS2_PLACEMENT_3D('',#928,#929,#930);
#928 = CARTESIAN_POINT('',(31.4,-2.01,43.5));
#929 = DIRECTION('',(0.,0.,1.));
#930 = DIRECTION('',(1.,0.,-0.));
#931 = ADVANCED_FACE('',(#932),#950,.F.);
#932 = FACE_BOUND('',#933,.F.);
#933 = EDGE_LOOP('',(#934,#935,#936,#944));
#934 = ORIENTED_EDGE('',*,*,#913,.F.);
#935 = ORIENTED_EDGE('',*,*,#218,.T.);
#936 = ORIENTED_EDGE('',*,*,#937,.T.);
#937 = EDGE_CURVE('',#211,#938,#940,.T.);
#938 = VERTEX_POINT('',#939);
#939 = CARTESIAN_POINT('',(77.8,1.E-02,43.5));
#940 = LINE('',#941,#942);
#941 = CARTESIAN_POINT('',(77.8,-2.01,43.5));
#942 = VECTOR('',#943,1.);
#943 = DIRECTION('',(-0.,1.,0.));
#944 = ORIENTED_EDGE('',*,*,#945,.F.);
#945 = EDGE_CURVE('',#914,#938,#946,.T.);
#946 = LINE('',#947,#948);
#947 = CARTESIAN_POINT('',(54.6,1.E-02,43.5));
#948 = VECTOR('',#949,1.);
#949 = DIRECTION('',(1.,0.,-0.));
#950 = PLANE('',#951);
#951 = AXIS2_PLACEMENT_3D('',#952,#953,#954);
#952 = CARTESIAN_POINT('',(54.6,-2.01,43.5));
#953 = DIRECTION('',(0.,0.,1.));
#954 = DIRECTION('',(1.,0.,-0.));
#955 = ADVANCED_FACE('',(#956),#974,.F.);
#956 = FACE_BOUND('',#957,.F.);
#957 = EDGE_LOOP('',(#958,#959,#960,#968));
#958 = ORIENTED_EDGE('',*,*,#937,.F.);
#959 = ORIENTED_EDGE('',*,*,#210,.T.);
#960 = ORIENTED_EDGE('',*,*,#961,.T.);
#961 = EDGE_CURVE('',#203,#962,#964,.T.);
#962 = VERTEX_POINT('',#963);
#963 = CARTESIAN_POINT('',(84.6,1.E-02,43.5));
#964 = LINE('',#965,#966);
#965 = CARTESIAN_POINT('',(84.6,-2.01,43.5));
#966 = VECTOR('',#967,1.);
#967 = DIRECTION('',(-0.,1.,0.));
#968 = ORIENTED_EDGE('',*,*,#969,.F.);
#969 = EDGE_CURVE('',#938,#962,#970,.T.);
#970 = LINE('',#971,#972);
#971 = CARTESIAN_POINT('',(54.6,1.E-02,43.5));
#972 = VECTOR('',#973,1.);
#973 = DIRECTION('',(1.,0.,-0.));
#974 = PLANE('',#975);
#975 = AXIS2_PLACEMENT_3D('',#976,#977,#978);
#976 = CARTESIAN_POINT('',(54.6,-2.01,43.5));
#977 = DIRECTION('',(0.,0.,1.));
#978 = DIRECTION('',(1.,0.,-0.));
#979 = ADVANCED_FACE('',(#980),#998,.F.);
#980 = FACE_BOUND('',#981,.F.);
#981 = EDGE_LOOP('',(#982,#983,#984,#992));
#982 = ORIENTED_EDGE('',*,*,#961,.F.);
#983 = ORIENTED_EDGE('',*,*,#202,.T.);
#984 = ORIENTED_EDGE('',*,*,#985,.T.);
#985 = EDGE_CURVE('',#195,#986,#988,.T.);
#986 = VERTEX_POINT('',#987);
#987 = CARTESIAN_POINT('',(107.8,1.E-02,43.5));
#988 = LINE('',#989,#990);
#989 = CARTESIAN_POINT('',(107.8,-2.01,43.5));
#990 = VECTOR('',#991,1.);
#991 = DIRECTION('',(-0.,1.,0.));
#992 = ORIENTED_EDGE('',*,*,#993,.F.);
#993 = EDGE_CURVE('',#962,#986,#994,.T.);
#994 = LINE('',#995,#996);
#995 = CARTESIAN_POINT('',(77.8,1.E-02,43.5));
#996 = VECTOR('',#997,1.);
#997 = DIRECTION('',(1.,0.,-0.));
#998 = PLANE('',#999);
#999 = AXIS2_PLACEMENT_3D('',#1000,#1001,#1002);
#1000 = CARTESIAN_POINT('',(77.8,-2.01,43.5));
#1001 = DIRECTION('',(0.,0.,1.));
#1002 = DIRECTION('',(1.,0.,-0.));
#1003 = ADVANCED_FACE('',(#1004),#1022,.F.);
#1004 = FACE_BOUND('',#1005,.F.);
#1005 = EDGE_LOOP('',(#1006,#1007,#1008,#1016));
#1006 = ORIENTED_EDGE('',*,*,#985,.F.);
#1007 = ORIENTED_EDGE('',*,*,#194,.T.);
#1008 = ORIENTED_EDGE('',*,*,#1009,.T.);
#1009 = EDGE_CURVE('',#187,#1010,#1012,.T.);
#1010 = VERTEX_POINT('',#1011);
#1011 = CARTESIAN_POINT('',(107.8,1.E-02,41.5));
#1012 = LINE('',#1013,#1014);
#1013 = CARTESIAN_POINT('',(107.8,-2.01,41.5));
#1014 = VECTOR('',#1015,1.);
#1015 = DIRECTION('',(-0.,1.,0.));
#1016 = ORIENTED_EDGE('',*,*,#1017,.T.);
#1017 = EDGE_CURVE('',#1010,#986,#1018,.T.);
#1018 = LINE('',#1019,#1020);
#1019 = CARTESIAN_POINT('',(107.8,1.E-02,41.5));
#1020 = VECTOR('',#1021,1.);
#1021 = DIRECTION('',(0.,0.,1.));
#1022 = PLANE('',#1023);
#1023 = AXIS2_PLACEMENT_3D('',#1024,#1025,#1026);
#1024 = CARTESIAN_POINT('',(107.8,-2.01,41.5));
#1025 = DIRECTION('',(1.,0.,-0.));
#1026 = DIRECTION('',(0.,0.,1.));
#1027 = ADVANCED_FACE('',(#1028),#1046,.T.);
#1028 = FACE_BOUND('',#1029,.T.);
#1029 = EDGE_LOOP('',(#1030,#1038,#1039,#1040));
#1030 = ORIENTED_EDGE('',*,*,#1031,.F.);
#1031 = EDGE_CURVE('',#179,#1032,#1034,.T.);
#1032 = VERTEX_POINT('',#1033);
#1033 = CARTESIAN_POINT('',(84.6,1.E-02,41.5));
#1034 = LINE('',#1035,#1036);
#1035 = CARTESIAN_POINT('',(84.6,-2.01,41.5));
#1036 = VECTOR('',#1037,1.);
#1037 = DIRECTION('',(-0.,1.,0.));
#1038 = ORIENTED_EDGE('',*,*,#186,.T.);
#1039 = ORIENTED_EDGE('',*,*,#1009,.T.);
#1040 = ORIENTED_EDGE('',*,*,#1041,.F.);
#1041 = EDGE_CURVE('',#1032,#1010,#1042,.T.);
#1042 = LINE('',#1043,#1044);
#1043 = CARTESIAN_POINT('',(77.8,1.E-02,41.5));
#1044 = VECTOR('',#1045,1.);
#1045 = DIRECTION('',(1.,0.,-0.));
#1046 = PLANE('',#1047);
#1047 = AXIS2_PLACEMENT_3D('',#1048,#1049,#1050);
#1048 = CARTESIAN_POINT('',(77.8,-2.01,41.5));
#1049 = DIRECTION('',(0.,0.,1.));
#1050 = DIRECTION('',(1.,0.,-0.));
#1051 = ADVANCED_FACE('',(#1052),#1070,.T.);
#1052 = FACE_BOUND('',#1053,.T.);
#1053 = EDGE_LOOP('',(#1054,#1062,#1063,#1064));
#1054 = ORIENTED_EDGE('',*,*,#1055,.F.);
#1055 = EDGE_CURVE('',#171,#1056,#1058,.T.);
#1056 = VERTEX_POINT('',#1057);
#1057 = CARTESIAN_POINT('',(77.8,1.E-02,41.5));
#1058 = LINE('',#1059,#1060);
#1059 = CARTESIAN_POINT('',(77.8,-2.01,41.5));
#1060 = VECTOR('',#1061,1.);
#1061 = DIRECTION('',(-0.,1.,0.));
#1062 = ORIENTED_EDGE('',*,*,#178,.T.);
#1063 = ORIENTED_EDGE('',*,*,#1031,.T.);
#1064 = ORIENTED_EDGE('',*,*,#1065,.F.);
#1065 = EDGE_CURVE('',#1056,#1032,#1066,.T.);
#1066 = LINE('',#1067,#1068);
#1067 = CARTESIAN_POINT('',(54.6,1.E-02,41.5));
#1068 = VECTOR('',#1069,1.);
#1069 = DIRECTION('',(1.,0.,-0.));
#1070 = PLANE('',#1071);
#1071 = AXIS2_PLACEMENT_3D('',#1072,#1073,#1074);
#1072 = CARTESIAN_POINT('',(54.6,-2.01,41.5));
#1073 = DIRECTION('',(0.,0.,1.));
#1074 = DIRECTION('',(1.,0.,-0.));
#1075 = ADVANCED_FACE('',(#1076),#1094,.T.);
#1076 = FACE_BOUND('',#1077,.T.);
#1077 = EDGE_LOOP('',(#1078,#1086,#1087,#1088));
#1078 = ORIENTED_EDGE('',*,*,#1079,.F.);
#1079 = EDGE_CURVE('',#163,#1080,#1082,.T.);
#1080 = VERTEX_POINT('',#1081);
#1081 = CARTESIAN_POINT('',(61.4,1.E-02,41.5));
#1082 = LINE('',#1083,#1084);
#1083 = CARTESIAN_POINT('',(61.4,-2.01,41.5));
#1084 = VECTOR('',#1085,1.);
#1085 = DIRECTION('',(-0.,1.,0.));
#1086 = ORIENTED_EDGE('',*,*,#170,.T.);
#1087 = ORIENTED_EDGE('',*,*,#1055,.T.);
#1088 = ORIENTED_EDGE('',*,*,#1089,.F.);
#1089 = EDGE_CURVE('',#1080,#1056,#1090,.T.);
#1090 = LINE('',#1091,#1092);
#1091 = CARTESIAN_POINT('',(54.6,1.E-02,41.5));
#1092 = VECTOR('',#1093,1.);
#1093 = DIRECTION('',(1.,0.,-0.));
#1094 = PLANE('',#1095);
#1095 = AXIS2_PLACEMENT_3D('',#1096,#1097,#1098);
#1096 = CARTESIAN_POINT('',(54.6,-2.01,41.5));
#1097 = DIRECTION('',(0.,0.,1.));
#1098 = DIRECTION('',(1.,0.,-0.));
#1099 = ADVANCED_FACE('',(#1100),#1118,.T.);
#1100 = FACE_BOUND('',#1101,.T.);
#1101 = EDGE_LOOP('',(#1102,#1110,#1111,#1112));
#1102 = ORIENTED_EDGE('',*,*,#1103,.F.);
#1103 = EDGE_CURVE('',#155,#1104,#1106,.T.);
#1104 = VERTEX_POINT('',#1105);
#1105 = CARTESIAN_POINT('',(54.6,1.E-02,41.5));
#1106 = LINE('',#1107,#1108);
#1107 = CARTESIAN_POINT('',(54.6,-2.01,41.5));
#1108 = VECTOR('',#1109,1.);
#1109 = DIRECTION('',(-0.,1.,0.));
#1110 = ORIENTED_EDGE('',*,*,#162,.T.);
#1111 = ORIENTED_EDGE('',*,*,#1079,.T.);
#1112 = ORIENTED_EDGE('',*,*,#1113,.F.);
#1113 = EDGE_CURVE('',#1104,#1080,#1114,.T.);
#1114 = LINE('',#1115,#1116);
#1115 = CARTESIAN_POINT('',(31.4,1.E-02,41.5));
#1116 = VECTOR('',#1117,1.);
#1117 = DIRECTION('',(1.,0.,-0.));
#1118 = PLANE('',#1119);
#1119 = AXIS2_PLACEMENT_3D('',#1120,#1121,#1122);
#1120 = CARTESIAN_POINT('',(31.4,-2.01,41.5));
#1121 = DIRECTION('',(0.,0.,1.));
#1122 = DIRECTION('',(1.,0.,-0.));
#1123 = ADVANCED_FACE('',(#1124),#1142,.T.);
#1124 = FACE_BOUND('',#1125,.T.);
#1125 = EDGE_LOOP('',(#1126,#1134,#1135,#1136));
#1126 = ORIENTED_EDGE('',*,*,#1127,.F.);
#1127 = EDGE_CURVE('',#147,#1128,#1130,.T.);
#1128 = VERTEX_POINT('',#1129);
#1129 = CARTESIAN_POINT('',(38.2,1.E-02,41.5));
#1130 = LINE('',#1131,#1132);
#1131 = CARTESIAN_POINT('',(38.2,-2.01,41.5));
#1132 = VECTOR('',#1133,1.);
#1133 = DIRECTION('',(-0.,1.,0.));
#1134 = ORIENTED_EDGE('',*,*,#154,.T.);
#1135 = ORIENTED_EDGE('',*,*,#1103,.T.);
#1136 = ORIENTED_EDGE('',*,*,#1137,.F.);
#1137 = EDGE_CURVE('',#1128,#1104,#1138,.T.);
#1138 = LINE('',#1139,#1140);
#1139 = CARTESIAN_POINT('',(31.4,1.E-02,41.5));
#1140 = VECTOR('',#1141,1.);
#1141 = DIRECTION('',(1.,0.,-0.));
#1142 = PLANE('',#1143);
#1143 = AXIS2_PLACEMENT_3D('',#1144,#1145,#1146);
#1144 = CARTESIAN_POINT('',(31.4,-2.01,41.5));
#1145 = DIRECTION('',(0.,0.,1.));
#1146 = DIRECTION('',(1.,0.,-0.));
#1147 = ADVANCED_FACE('',(#1148),#1166,.T.);
#1148 = FACE_BOUND('',#1149,.T.);
#1149 = EDGE_LOOP('',(#1150,#1158,#1159,#1160));
#1150 = ORIENTED_EDGE('',*,*,#1151,.F.);
#1151 = EDGE_CURVE('',#139,#1152,#1154,.T.);
#1152 = VERTEX_POINT('',#1153);
#1153 = CARTESIAN_POINT('',(31.4,1.E-02,41.5));
#1154 = LINE('',#1155,#1156);
#1155 = CARTESIAN_POINT('',(31.4,-2.01,41.5));
#1156 = VECTOR('',#1157,1.);
#1157 = DIRECTION('',(-0.,1.,0.));
#1158 = ORIENTED_EDGE('',*,*,#146,.T.);
#1159 = ORIENTED_EDGE('',*,*,#1127,.T.);
#1160 = ORIENTED_EDGE('',*,*,#1161,.F.);
#1161 = EDGE_CURVE('',#1152,#1128,#1162,.T.);
#1162 = LINE('',#1163,#1164);
#1163 = CARTESIAN_POINT('',(8.2,1.E-02,41.5));
#1164 = VECTOR('',#1165,1.);
#1165 = DIRECTION('',(1.,0.,-0.));
#1166 = PLANE('',#1167);
#1167 = AXIS2_PLACEMENT_3D('',#1168,#1169,#1170);
#1168 = CARTESIAN_POINT('',(8.2,-2.01,41.5));
#1169 = DIRECTION('',(0.,0.,1.));
#1170 = DIRECTION('',(1.,0.,-0.));
#1171 = ADVANCED_FACE('',(#1172),#1190,.T.);
#1172 = FACE_BOUND('',#1173,.T.);
#1173 = EDGE_LOOP('',(#1174,#1182,#1183,#1184));
#1174 = ORIENTED_EDGE('',*,*,#1175,.F.);
#1175 = EDGE_CURVE('',#131,#1176,#1178,.T.);
#1176 = VERTEX_POINT('',#1177);
#1177 = CARTESIAN_POINT('',(8.2,1.E-02,41.5));
#1178 = LINE('',#1179,#1180);
#1179 = CARTESIAN_POINT('',(8.2,-2.01,41.5));
#1180 = VECTOR('',#1181,1.);
#1181 = DIRECTION('',(-0.,1.,0.));
#1182 = ORIENTED_EDGE('',*,*,#138,.T.);
#1183 = ORIENTED_EDGE('',*,*,#1151,.T.);
#1184 = ORIENTED_EDGE('',*,*,#1185,.F.);
#1185 = EDGE_CURVE('',#1176,#1152,#1186,.T.);
#1186 = LINE('',#1187,#1188);
#1187 = CARTESIAN_POINT('',(8.2,1.E-02,41.5));
#1188 = VECTOR('',#1189,1.);
#1189 = DIRECTION('',(1.,0.,-0.));
#1190 = PLANE('',#1191);
#1191 = AXIS2_PLACEMENT_3D('',#1192,#1193,#1194);
#1192 = CARTESIAN_POINT('',(8.2,-2.01,41.5));
#1193 = DIRECTION('',(0.,0.,1.));
#1194 = DIRECTION('',(1.,0.,-0.));
#1195 = ADVANCED_FACE('',(#1196),#1207,.T.);
#1196 = FACE_BOUND('',#1197,.T.);
#1197 = EDGE_LOOP('',(#1198,#1199,#1200,#1201));
#1198 = ORIENTED_EDGE('',*,*,#832,.F.);
#1199 = ORIENTED_EDGE('',*,*,#130,.T.);
#1200 = ORIENTED_EDGE('',*,*,#1175,.T.);
#1201 = ORIENTED_EDGE('',*,*,#1202,.T.);
#1202 = EDGE_CURVE('',#1176,#833,#1203,.T.);
#1203 = LINE('',#1204,#1205);
#1204 = CARTESIAN_POINT('',(8.2,1.E-02,41.5));
#1205 = VECTOR('',#1206,1.);
#1206 = DIRECTION('',(0.,0.,1.));
#1207 = PLANE('',#1208);
#1208 = AXIS2_PLACEMENT_3D('',#1209,#1210,#1211);
#1209 = CARTESIAN_POINT('',(8.2,-2.01,41.5));
#1210 = DIRECTION('',(1.,0.,-0.));
#1211 = DIRECTION('',(0.,0.,1.));
#1212 = ADVANCED_FACE('',(#1213),#1231,.F.);
#1213 = FACE_BOUND('',#1214,.F.);
#1214 = EDGE_LOOP('',(#1215,#1216,#1217,#1225));
#1215 = ORIENTED_EDGE('',*,*,#273,.F.);
#1216 = ORIENTED_EDGE('',*,*,#722,.T.);
#1217 = ORIENTED_EDGE('',*,*,#1218,.T.);
#1218 = EDGE_CURVE('',#715,#1219,#1221,.T.);
#1219 = VERTEX_POINT('',#1220);
#1220 = CARTESIAN_POINT('',(115.,85.,-4.107825191113E-15));
#1221 = LINE('',#1222,#1223);
#1222 = CARTESIAN_POINT('',(115.,0.,0.));
#1223 = VECTOR('',#1224,1.);
#1224 = DIRECTION('',(-0.,1.,0.));
#1225 = ORIENTED_EDGE('',*,*,#1226,.F.);
#1226 = EDGE_CURVE('',#266,#1219,#1227,.T.);
#1227 = LINE('',#1228,#1229);
#1228 = CARTESIAN_POINT('',(0.,85.,0.));
#1229 = VECTOR('',#1230,1.);
#1230 = DIRECTION('',(1.,0.,-0.));
#1231 = PLANE('',#1232);
#1232 = AXIS2_PLACEMENT_3D('',#1233,#1234,#1235);
#1233 = CARTESIAN_POINT('',(0.,0.,0.));
#1234 = DIRECTION('',(0.,0.,1.));
#1235 = DIRECTION('',(1.,0.,-0.));
#1236 = ADVANCED_FACE('',(#1237),#1248,.F.);
#1237 = FACE_BOUND('',#1238,.T.);
#1238 = EDGE_LOOP('',(#1239,#1240,#1241,#1247));
#1239 = ORIENTED_EDGE('',*,*,#265,.F.);
#1240 = ORIENTED_EDGE('',*,*,#481,.T.);
#1241 = ORIENTED_EDGE('',*,*,#1242,.T.);
#1242 = EDGE_CURVE('',#474,#1219,#1243,.T.);
#1243 = LINE('',#1244,#1245);
#1244 = CARTESIAN_POINT('',(82.,52.,-33.));
#1245 = VECTOR('',#1246,1.);
#1246 = DIRECTION('',(-0.57735026919,-0.57735026919,-0.57735026919));
#1247 = ORIENTED_EDGE('',*,*,#1226,.F.);
#1248 = PLANE('',#1249);
#1249 = AXIS2_PLACEMENT_3D('',#1250,#1251,#1252);
#1250 = CARTESIAN_POINT('',(0.,85.5,0.5));
#1251 = DIRECTION('',(0.,-0.707106781187,0.707106781187));
#1252 = DIRECTION('',(-1.,-0.,-0.));
#1253 = ADVANCED_FACE('',(#1254,#1357),#1363,.T.);
#1254 = FACE_BOUND('',#1255,.T.);
#1255 = EDGE_LOOP('',(#1256,#1266,#1274,#1280,#1281,#1289,#1297,#1303,
    #1304,#1312,#1320,#1326,#1327,#1335,#1343,#1351));
#1256 = ORIENTED_EDGE('',*,*,#1257,.F.);
#1257 = EDGE_CURVE('',#1258,#1260,#1262,.T.);
#1258 = VERTEX_POINT('',#1259);
#1259 = CARTESIAN_POINT('',(114.,2.,2.5));
#1260 = VERTEX_POINT('',#1261);
#1261 = CARTESIAN_POINT('',(114.,2.,15.));
#1262 = LINE('',#1263,#1264);
#1263 = CARTESIAN_POINT('',(114.,2.,2.5));
#1264 = VECTOR('',#1265,1.);
#1265 = DIRECTION('',(0.,0.,1.));
#1266 = ORIENTED_EDGE('',*,*,#1267,.F.);
#1267 = EDGE_CURVE('',#1268,#1258,#1270,.T.);
#1268 = VERTEX_POINT('',#1269);
#1269 = CARTESIAN_POINT('',(2.,2.,2.5));
#1270 = LINE('',#1271,#1272);
#1271 = CARTESIAN_POINT('',(2.,2.,2.5));
#1272 = VECTOR('',#1273,1.);
#1273 = DIRECTION('',(1.,0.,-0.));
#1274 = ORIENTED_EDGE('',*,*,#1275,.T.);
#1275 = EDGE_CURVE('',#1268,#340,#1276,.T.);
#1276 = LINE('',#1277,#1278);
#1277 = CARTESIAN_POINT('',(2.,2.,2.5));
#1278 = VECTOR('',#1279,1.);
#1279 = DIRECTION('',(0.,0.,1.));
#1280 = ORIENTED_EDGE('',*,*,#339,.F.);
#1281 = ORIENTED_EDGE('',*,*,#1282,.F.);
#1282 = EDGE_CURVE('',#1283,#332,#1285,.T.);
#1283 = VERTEX_POINT('',#1284);
#1284 = CARTESIAN_POINT('',(2.354248688935,2.,47.5));
#1285 = LINE('',#1286,#1287);
#1286 = CARTESIAN_POINT('',(2.354248688935,2.,47.5));
#1287 = VECTOR('',#1288,1.);
#1288 = DIRECTION('',(0.,0.,1.));
#1289 = ORIENTED_EDGE('',*,*,#1290,.F.);
#1290 = EDGE_CURVE('',#1291,#1283,#1293,.T.);
#1291 = VERTEX_POINT('',#1292);
#1292 = CARTESIAN_POINT('',(7.645751311065,2.,47.5));
#1293 = LINE('',#1294,#1295);
#1294 = CARTESIAN_POINT('',(3.5,2.,47.5));
#1295 = VECTOR('',#1296,1.);
#1296 = DIRECTION('',(-1.,-0.,0.));
#1297 = ORIENTED_EDGE('',*,*,#1298,.T.);
#1298 = EDGE_CURVE('',#1291,#324,#1299,.T.);
#1299 = LINE('',#1300,#1301);
#1300 = CARTESIAN_POINT('',(7.645751311065,2.,47.5));
#1301 = VECTOR('',#1302,1.);
#1302 = DIRECTION('',(0.,0.,1.));
#1303 = ORIENTED_EDGE('',*,*,#323,.F.);
#1304 = ORIENTED_EDGE('',*,*,#1305,.F.);
#1305 = EDGE_CURVE('',#1306,#316,#1308,.T.);
#1306 = VERTEX_POINT('',#1307);
#1307 = CARTESIAN_POINT('',(108.35424868893,2.,47.5));
#1308 = LINE('',#1309,#1310);
#1309 = CARTESIAN_POINT('',(108.35424868893,2.,47.5));
#1310 = VECTOR('',#1311,1.);
#1311 = DIRECTION('',(0.,0.,1.));
#1312 = ORIENTED_EDGE('',*,*,#1313,.F.);
#1313 = EDGE_CURVE('',#1314,#1306,#1316,.T.);
#1314 = VERTEX_POINT('',#1315);
#1315 = CARTESIAN_POINT('',(113.64575131106,2.,47.5));
#1316 = LINE('',#1317,#1318);
#1317 = CARTESIAN_POINT('',(56.5,2.,47.5));
#1318 = VECTOR('',#1319,1.);
#1319 = DIRECTION('',(-1.,-0.,0.));
#1320 = ORIENTED_EDGE('',*,*,#1321,.T.);
#1321 = EDGE_CURVE('',#1314,#308,#1322,.T.);
#1322 = LINE('',#1323,#1324);
#1323 = CARTESIAN_POINT('',(113.64575131106,2.,47.5));
#1324 = VECTOR('',#1325,1.);
#1325 = DIRECTION('',(0.,0.,1.));
#1326 = ORIENTED_EDGE('',*,*,#305,.F.);
#1327 = ORIENTED_EDGE('',*,*,#1328,.F.);
#1328 = EDGE_CURVE('',#1329,#306,#1331,.T.);
#1329 = VERTEX_POINT('',#1330);
#1330 = CARTESIAN_POINT('',(114.,2.,35.));
#1331 = LINE('',#1332,#1333);
#1332 = CARTESIAN_POINT('',(114.,2.,2.5));
#1333 = VECTOR('',#1334,1.);
#1334 = DIRECTION('',(0.,0.,1.));
#1335 = ORIENTED_EDGE('',*,*,#1336,.F.);
#1336 = EDGE_CURVE('',#1337,#1329,#1339,.T.);
#1337 = VERTEX_POINT('',#1338);
#1338 = CARTESIAN_POINT('',(113.99,2.,35.));
#1339 = LINE('',#1340,#1341);
#1340 = CARTESIAN_POINT('',(113.99,2.,35.));
#1341 = VECTOR('',#1342,1.);
#1342 = DIRECTION('',(1.,0.,-0.));
#1343 = ORIENTED_EDGE('',*,*,#1344,.F.);
#1344 = EDGE_CURVE('',#1345,#1337,#1347,.T.);
#1345 = VERTEX_POINT('',#1346);
#1346 = CARTESIAN_POINT('',(113.99,2.,15.));
#1347 = LINE('',#1348,#1349);
#1348 = CARTESIAN_POINT('',(113.99,2.,15.));
#1349 = VECTOR('',#1350,1.);
#1350 = DIRECTION('',(0.,0.,1.));
#1351 = ORIENTED_EDGE('',*,*,#1352,.T.);
#1352 = EDGE_CURVE('',#1345,#1260,#1353,.T.);
#1353 = LINE('',#1354,#1355);
#1354 = CARTESIAN_POINT('',(113.99,2.,15.));
#1355 = VECTOR('',#1356,1.);
#1356 = DIRECTION('',(1.,0.,-0.));
#1357 = FACE_BOUND('',#1358,.T.);
#1358 = EDGE_LOOP('',(#1359,#1360,#1361,#1362));
#1359 = ORIENTED_EDGE('',*,*,#753,.F.);
#1360 = ORIENTED_EDGE('',*,*,#777,.T.);
#1361 = ORIENTED_EDGE('',*,*,#818,.T.);
#1362 = ORIENTED_EDGE('',*,*,#801,.F.);
#1363 = PLANE('',#1364);
#1364 = AXIS2_PLACEMENT_3D('',#1365,#1366,#1367);
#1365 = CARTESIAN_POINT('',(2.,2.,2.5));
#1366 = DIRECTION('',(-0.,1.,0.));
#1367 = DIRECTION('',(0.,0.,1.));
#1368 = ADVANCED_FACE('',(#1369,#1387),#1398,.T.);
#1369 = FACE_BOUND('',#1370,.T.);
#1370 = EDGE_LOOP('',(#1371,#1372,#1379,#1380));
#1371 = ORIENTED_EDGE('',*,*,#451,.T.);
#1372 = ORIENTED_EDGE('',*,*,#1373,.T.);
#1373 = EDGE_CURVE('',#444,#316,#1374,.T.);
#1374 = CIRCLE('',#1375,4.);
#1375 = AXIS2_PLACEMENT_3D('',#1376,#1377,#1378);
#1376 = CARTESIAN_POINT('',(111.,5.,57.5));
#1377 = DIRECTION('',(0.,0.,1.));
#1378 = DIRECTION('',(1.,0.,-0.));
#1379 = ORIENTED_EDGE('',*,*,#315,.F.);
#1380 = ORIENTED_EDGE('',*,*,#1381,.T.);
#1381 = EDGE_CURVE('',#308,#452,#1382,.T.);
#1382 = CIRCLE('',#1383,4.);
#1383 = AXIS2_PLACEMENT_3D('',#1384,#1385,#1386);
#1384 = CARTESIAN_POINT('',(111.,5.,57.5));
#1385 = DIRECTION('',(0.,0.,1.));
#1386 = DIRECTION('',(1.,0.,-0.));
#1387 = FACE_BOUND('',#1388,.T.);
#1388 = EDGE_LOOP('',(#1389));
#1389 = ORIENTED_EDGE('',*,*,#1390,.F.);
#1390 = EDGE_CURVE('',#1391,#1391,#1393,.T.);
#1391 = VERTEX_POINT('',#1392);
#1392 = CARTESIAN_POINT('',(112.05,5.,57.5));
#1393 = CIRCLE('',#1394,1.05);
#1394 = AXIS2_PLACEMENT_3D('',#1395,#1396,#1397);
#1395 = CARTESIAN_POINT('',(111.,5.,57.5));
#1396 = DIRECTION('',(0.,0.,1.));
#1397 = DIRECTION('',(1.,0.,-0.));
#1398 = PLANE('',#1399);
#1399 = AXIS2_PLACEMENT_3D('',#1400,#1401,#1402);
#1400 = CARTESIAN_POINT('',(111.,5.,57.5));
#1401 = DIRECTION('',(0.,0.,1.));
#1402 = DIRECTION('',(1.,0.,-0.));
#1403 = ADVANCED_FACE('',(#1404,#1431),#1442,.T.);
#1404 = FACE_BOUND('',#1405,.T.);
#1405 = EDGE_LOOP('',(#1406,#1415,#1422,#1423,#1430));
#1406 = ORIENTED_EDGE('',*,*,#1407,.T.);
#1407 = EDGE_CURVE('',#324,#1408,#1410,.T.);
#1408 = VERTEX_POINT('',#1409);
#1409 = CARTESIAN_POINT('',(9.,5.,57.5));
#1410 = CIRCLE('',#1411,4.);
#1411 = AXIS2_PLACEMENT_3D('',#1412,#1413,#1414);
#1412 = CARTESIAN_POINT('',(5.,5.,57.5));
#1413 = DIRECTION('',(0.,0.,1.));
#1414 = DIRECTION('',(1.,0.,-0.));
#1415 = ORIENTED_EDGE('',*,*,#1416,.T.);
#1416 = EDGE_CURVE('',#1408,#356,#1417,.T.);
#1417 = CIRCLE('',#1418,4.);
#1418 = AXIS2_PLACEMENT_3D('',#1419,#1420,#1421);
#1419 = CARTESIAN_POINT('',(5.,5.,57.5));
#1420 = DIRECTION('',(0.,0.,1.));
#1421 = DIRECTION('',(1.,0.,-0.));
#1422 = ORIENTED_EDGE('',*,*,#355,.F.);
#1423 = ORIENTED_EDGE('',*,*,#1424,.T.);
#1424 = EDGE_CURVE('',#348,#332,#1425,.T.);
#1425 = CIRCLE('',#1426,4.);
#1426 = AXIS2_PLACEMENT_3D('',#1427,#1428,#1429);
#1427 = CARTESIAN_POINT('',(5.,5.,57.5));
#1428 = DIRECTION('',(0.,0.,1.));
#1429 = DIRECTION('',(1.,0.,-0.));
#1430 = ORIENTED_EDGE('',*,*,#331,.F.);
#1431 = FACE_BOUND('',#1432,.T.);
#1432 = EDGE_LOOP('',(#1433));
#1433 = ORIENTED_EDGE('',*,*,#1434,.F.);
#1434 = EDGE_CURVE('',#1435,#1435,#1437,.T.);
#1435 = VERTEX_POINT('',#1436);
#1436 = CARTESIAN_POINT('',(6.05,5.,57.5));
#1437 = CIRCLE('',#1438,1.05);
#1438 = AXIS2_PLACEMENT_3D('',#1439,#1440,#1441);
#1439 = CARTESIAN_POINT('',(5.,5.,57.5));
#1440 = DIRECTION('',(0.,0.,1.));
#1441 = DIRECTION('',(1.,0.,-0.));
#1442 = PLANE('',#1443);
#1443 = AXIS2_PLACEMENT_3D('',#1444,#1445,#1446);
#1444 = CARTESIAN_POINT('',(5.,5.,57.5));
#1445 = DIRECTION('',(0.,0.,1.));
#1446 = DIRECTION('',(1.,0.,-0.));
#1447 = ADVANCED_FACE('',(#1448),#1535,.F.);
#1448 = FACE_BOUND('',#1449,.F.);
#1449 = EDGE_LOOP('',(#1450,#1451,#1459,#1465,#1466,#1474,#1482,#1488,
    #1489,#1497,#1505,#1511,#1512,#1513,#1521,#1529));
#1450 = ORIENTED_EDGE('',*,*,#1257,.F.);
#1451 = ORIENTED_EDGE('',*,*,#1452,.T.);
#1452 = EDGE_CURVE('',#1258,#1453,#1455,.T.);
#1453 = VERTEX_POINT('',#1454);
#1454 = CARTESIAN_POINT('',(114.,84.,2.5));
#1455 = LINE('',#1456,#1457);
#1456 = CARTESIAN_POINT('',(114.,2.,2.5));
#1457 = VECTOR('',#1458,1.);
#1458 = DIRECTION('',(-0.,1.,0.));
#1459 = ORIENTED_EDGE('',*,*,#1460,.T.);
#1460 = EDGE_CURVE('',#1453,#420,#1461,.T.);
#1461 = LINE('',#1462,#1463);
#1462 = CARTESIAN_POINT('',(114.,84.,2.5));
#1463 = VECTOR('',#1464,1.);
#1464 = DIRECTION('',(0.,0.,1.));
#1465 = ORIENTED_EDGE('',*,*,#427,.F.);
#1466 = ORIENTED_EDGE('',*,*,#1467,.F.);
#1467 = EDGE_CURVE('',#1468,#428,#1470,.T.);
#1468 = VERTEX_POINT('',#1469);
#1469 = CARTESIAN_POINT('',(114.,83.645751311065,47.5));
#1470 = LINE('',#1471,#1472);
#1471 = CARTESIAN_POINT('',(114.,83.645751311065,47.5));
#1472 = VECTOR('',#1473,1.);
#1473 = DIRECTION('',(0.,0.,1.));
#1474 = ORIENTED_EDGE('',*,*,#1475,.F.);
#1475 = EDGE_CURVE('',#1476,#1468,#1478,.T.);
#1476 = VERTEX_POINT('',#1477);
#1477 = CARTESIAN_POINT('',(114.,78.354248688935,47.5));
#1478 = LINE('',#1479,#1480);
#1479 = CARTESIAN_POINT('',(114.,41.5,47.5));
#1480 = VECTOR('',#1481,1.);
#1481 = DIRECTION('',(-0.,1.,0.));
#1482 = ORIENTED_EDGE('',*,*,#1483,.T.);
#1483 = EDGE_CURVE('',#1476,#436,#1484,.T.);
#1484 = LINE('',#1485,#1486);
#1485 = CARTESIAN_POINT('',(114.,78.354248688935,47.5));
#1486 = VECTOR('',#1487,1.);
#1487 = DIRECTION('',(0.,0.,1.));
#1488 = ORIENTED_EDGE('',*,*,#443,.F.);
#1489 = ORIENTED_EDGE('',*,*,#1490,.F.);
#1490 = EDGE_CURVE('',#1491,#444,#1493,.T.);
#1491 = VERTEX_POINT('',#1492);
#1492 = CARTESIAN_POINT('',(114.,7.645751311065,47.5));
#1493 = LINE('',#1494,#1495);
#1494 = CARTESIAN_POINT('',(114.,7.645751311065,47.5));
#1495 = VECTOR('',#1496,1.);
#1496 = DIRECTION('',(0.,0.,1.));
#1497 = ORIENTED_EDGE('',*,*,#1498,.F.);
#1498 = EDGE_CURVE('',#1499,#1491,#1501,.T.);
#1499 = VERTEX_POINT('',#1500);
#1500 = CARTESIAN_POINT('',(114.,2.354248688935,47.5));
#1501 = LINE('',#1502,#1503);
#1502 = CARTESIAN_POINT('',(114.,3.5,47.5));
#1503 = VECTOR('',#1504,1.);
#1504 = DIRECTION('',(-0.,1.,0.));
#1505 = ORIENTED_EDGE('',*,*,#1506,.T.);
#1506 = EDGE_CURVE('',#1499,#452,#1507,.T.);
#1507 = LINE('',#1508,#1509);
#1508 = CARTESIAN_POINT('',(114.,2.354248688935,47.5));
#1509 = VECTOR('',#1510,1.);
#1510 = DIRECTION('',(0.,0.,1.));
#1511 = ORIENTED_EDGE('',*,*,#459,.F.);
#1512 = ORIENTED_EDGE('',*,*,#1328,.F.);
#1513 = ORIENTED_EDGE('',*,*,#1514,.F.);
#1514 = EDGE_CURVE('',#1515,#1329,#1517,.T.);
#1515 = VERTEX_POINT('',#1516);
#1516 = CARTESIAN_POINT('',(114.,59.5,35.));
#1517 = LINE('',#1518,#1519);
#1518 = CARTESIAN_POINT('',(114.,2.,35.));
#1519 = VECTOR('',#1520,1.);
#1520 = DIRECTION('',(0.,-1.,0.));
#1521 = ORIENTED_EDGE('',*,*,#1522,.F.);
#1522 = EDGE_CURVE('',#1523,#1515,#1525,.T.);
#1523 = VERTEX_POINT('',#1524);
#1524 = CARTESIAN_POINT('',(114.,59.5,15.));
#1525 = LINE('',#1526,#1527);
#1526 = CARTESIAN_POINT('',(114.,59.5,8.75));
#1527 = VECTOR('',#1528,1.);
#1528 = DIRECTION('',(0.,0.,1.));
#1529 = ORIENTED_EDGE('',*,*,#1530,.T.);
#1530 = EDGE_CURVE('',#1523,#1260,#1531,.T.);
#1531 = LINE('',#1532,#1533);
#1532 = CARTESIAN_POINT('',(114.,2.,15.));
#1533 = VECTOR('',#1534,1.);
#1534 = DIRECTION('',(0.,-1.,0.));
#1535 = PLANE('',#1536);
#1536 = AXIS2_PLACEMENT_3D('',#1537,#1538,#1539);
#1537 = CARTESIAN_POINT('',(114.,2.,2.5));
#1538 = DIRECTION('',(1.,0.,-0.));
#1539 = DIRECTION('',(0.,0.,1.));
#1540 = ADVANCED_FACE('',(#1541,#1559),#1570,.T.);
#1541 = FACE_BOUND('',#1542,.T.);
#1542 = EDGE_LOOP('',(#1543,#1544,#1551,#1552));
#1543 = ORIENTED_EDGE('',*,*,#435,.T.);
#1544 = ORIENTED_EDGE('',*,*,#1545,.T.);
#1545 = EDGE_CURVE('',#428,#412,#1546,.T.);
#1546 = CIRCLE('',#1547,4.);
#1547 = AXIS2_PLACEMENT_3D('',#1548,#1549,#1550);
#1548 = CARTESIAN_POINT('',(111.,81.,57.5));
#1549 = DIRECTION('',(0.,0.,1.));
#1550 = DIRECTION('',(1.,0.,-0.));
#1551 = ORIENTED_EDGE('',*,*,#411,.T.);
#1552 = ORIENTED_EDGE('',*,*,#1553,.T.);
#1553 = EDGE_CURVE('',#404,#436,#1554,.T.);
#1554 = CIRCLE('',#1555,4.);
#1555 = AXIS2_PLACEMENT_3D('',#1556,#1557,#1558);
#1556 = CARTESIAN_POINT('',(111.,81.,57.5));
#1557 = DIRECTION('',(0.,0.,1.));
#1558 = DIRECTION('',(1.,0.,-0.));
#1559 = FACE_BOUND('',#1560,.T.);
#1560 = EDGE_LOOP('',(#1561));
#1561 = ORIENTED_EDGE('',*,*,#1562,.F.);
#1562 = EDGE_CURVE('',#1563,#1563,#1565,.T.);
#1563 = VERTEX_POINT('',#1564);
#1564 = CARTESIAN_POINT('',(112.05,81.,57.5));
#1565 = CIRCLE('',#1566,1.05);
#1566 = AXIS2_PLACEMENT_3D('',#1567,#1568,#1569);
#1567 = CARTESIAN_POINT('',(111.,81.,57.5));
#1568 = DIRECTION('',(0.,0.,1.));
#1569 = DIRECTION('',(1.,0.,-0.));
#1570 = PLANE('',#1571);
#1571 = AXIS2_PLACEMENT_3D('',#1572,#1573,#1574);
#1572 = CARTESIAN_POINT('',(111.,81.,57.5));
#1573 = DIRECTION('',(0.,0.,1.));
#1574 = DIRECTION('',(1.,0.,-0.));
#1575 = ADVANCED_FACE('',(#1576,#1640,#1674),#1708,.F.);
#1576 = FACE_BOUND('',#1577,.F.);
#1577 = EDGE_LOOP('',(#1578,#1579,#1587,#1593,#1594,#1602,#1610,#1616,
    #1617,#1625,#1633,#1639));
#1578 = ORIENTED_EDGE('',*,*,#1460,.F.);
#1579 = ORIENTED_EDGE('',*,*,#1580,.F.);
#1580 = EDGE_CURVE('',#1581,#1453,#1583,.T.);
#1581 = VERTEX_POINT('',#1582);
#1582 = CARTESIAN_POINT('',(2.,84.,2.5));
#1583 = LINE('',#1584,#1585);
#1584 = CARTESIAN_POINT('',(2.,84.,2.5));
#1585 = VECTOR('',#1586,1.);
#1586 = DIRECTION('',(1.,0.,-0.));
#1587 = ORIENTED_EDGE('',*,*,#1588,.T.);
#1588 = EDGE_CURVE('',#1581,#380,#1589,.T.);
#1589 = LINE('',#1590,#1591);
#1590 = CARTESIAN_POINT('',(2.,84.,2.5));
#1591 = VECTOR('',#1592,1.);
#1592 = DIRECTION('',(0.,0.,1.));
#1593 = ORIENTED_EDGE('',*,*,#387,.F.);
#1594 = ORIENTED_EDGE('',*,*,#1595,.F.);
#1595 = EDGE_CURVE('',#1596,#388,#1598,.T.);
#1596 = VERTEX_POINT('',#1597);
#1597 = CARTESIAN_POINT('',(2.354248688935,84.,47.5));
#1598 = LINE('',#1599,#1600);
#1599 = CARTESIAN_POINT('',(2.354248688935,84.,47.5));
#1600 = VECTOR('',#1601,1.);
#1601 = DIRECTION('',(0.,0.,1.));
#1602 = ORIENTED_EDGE('',*,*,#1603,.F.);
#1603 = EDGE_CURVE('',#1604,#1596,#1606,.T.);
#1604 = VERTEX_POINT('',#1605);
#1605 = CARTESIAN_POINT('',(7.645751311065,84.,47.5));
#1606 = LINE('',#1607,#1608);
#1607 = CARTESIAN_POINT('',(3.5,84.,47.5));
#1608 = VECTOR('',#1609,1.);
#1609 = DIRECTION('',(-1.,-0.,0.));
#1610 = ORIENTED_EDGE('',*,*,#1611,.T.);
#1611 = EDGE_CURVE('',#1604,#396,#1612,.T.);
#1612 = LINE('',#1613,#1614);
#1613 = CARTESIAN_POINT('',(7.645751311065,84.,47.5));
#1614 = VECTOR('',#1615,1.);
#1615 = DIRECTION('',(0.,0.,1.));
#1616 = ORIENTED_EDGE('',*,*,#403,.F.);
#1617 = ORIENTED_EDGE('',*,*,#1618,.F.);
#1618 = EDGE_CURVE('',#1619,#404,#1621,.T.);
#1619 = VERTEX_POINT('',#1620);
#1620 = CARTESIAN_POINT('',(108.35424868893,84.,47.5));
#1621 = LINE('',#1622,#1623);
#1622 = CARTESIAN_POINT('',(108.35424868893,84.,47.5));
#1623 = VECTOR('',#1624,1.);
#1624 = DIRECTION('',(0.,0.,1.));
#1625 = ORIENTED_EDGE('',*,*,#1626,.F.);
#1626 = EDGE_CURVE('',#1627,#1619,#1629,.T.);
#1627 = VERTEX_POINT('',#1628);
#1628 = CARTESIAN_POINT('',(113.64575131106,84.,47.5));
#1629 = LINE('',#1630,#1631);
#1630 = CARTESIAN_POINT('',(56.5,84.,47.5));
#1631 = VECTOR('',#1632,1.);
#1632 = DIRECTION('',(-1.,-0.,0.));
#1633 = ORIENTED_EDGE('',*,*,#1634,.T.);
#1634 = EDGE_CURVE('',#1627,#412,#1635,.T.);
#1635 = LINE('',#1636,#1637);
#1636 = CARTESIAN_POINT('',(113.64575131106,84.,47.5));
#1637 = VECTOR('',#1638,1.);
#1638 = DIRECTION('',(0.,0.,1.));
#1639 = ORIENTED_EDGE('',*,*,#419,.F.);
#1640 = FACE_BOUND('',#1641,.F.);
#1641 = EDGE_LOOP('',(#1642,#1652,#1660,#1668));
#1642 = ORIENTED_EDGE('',*,*,#1643,.F.);
#1643 = EDGE_CURVE('',#1644,#1646,#1648,.T.);
#1644 = VERTEX_POINT('',#1645);
#1645 = CARTESIAN_POINT('',(51.9,84.,22.));
#1646 = VERTEX_POINT('',#1647);
#1647 = CARTESIAN_POINT('',(69.9,84.,22.));
#1648 = LINE('',#1649,#1650);
#1649 = CARTESIAN_POINT('',(26.95,84.,22.));
#1650 = VECTOR('',#1651,1.);
#1651 = DIRECTION('',(1.,0.,-0.));
#1652 = ORIENTED_EDGE('',*,*,#1653,.T.);
#1653 = EDGE_CURVE('',#1644,#1654,#1656,.T.);
#1654 = VERTEX_POINT('',#1655);
#1655 = CARTESIAN_POINT('',(51.9,84.,14.));
#1656 = LINE('',#1657,#1658);
#1657 = CARTESIAN_POINT('',(51.9,84.,8.25));
#1658 = VECTOR('',#1659,1.);
#1659 = DIRECTION('',(-0.,0.,-1.));
#1660 = ORIENTED_EDGE('',*,*,#1661,.T.);
#1661 = EDGE_CURVE('',#1654,#1662,#1664,.T.);
#1662 = VERTEX_POINT('',#1663);
#1663 = CARTESIAN_POINT('',(69.9,84.,14.));
#1664 = LINE('',#1665,#1666);
#1665 = CARTESIAN_POINT('',(26.95,84.,14.));
#1666 = VECTOR('',#1667,1.);
#1667 = DIRECTION('',(1.,0.,-0.));
#1668 = ORIENTED_EDGE('',*,*,#1669,.F.);
#1669 = EDGE_CURVE('',#1646,#1662,#1670,.T.);
#1670 = LINE('',#1671,#1672);
#1671 = CARTESIAN_POINT('',(69.9,84.,8.25));
#1672 = VECTOR('',#1673,1.);
#1673 = DIRECTION('',(-0.,0.,-1.));
#1674 = FACE_BOUND('',#1675,.F.);
#1675 = EDGE_LOOP('',(#1676,#1686,#1694,#1702));
#1676 = ORIENTED_EDGE('',*,*,#1677,.F.);
#1677 = EDGE_CURVE('',#1678,#1680,#1682,.T.);
#1678 = VERTEX_POINT('',#1679);
#1679 = CARTESIAN_POINT('',(7.,84.,34.5));
#1680 = VERTEX_POINT('',#1681);
#1681 = CARTESIAN_POINT('',(7.,84.,37.5));
#1682 = LINE('',#1683,#1684);
#1683 = CARTESIAN_POINT('',(7.,84.,34.5));
#1684 = VECTOR('',#1685,1.);
#1685 = DIRECTION('',(0.,0.,1.));
#1686 = ORIENTED_EDGE('',*,*,#1687,.T.);
#1687 = EDGE_CURVE('',#1678,#1688,#1690,.T.);
#1688 = VERTEX_POINT('',#1689);
#1689 = CARTESIAN_POINT('',(97.4,84.,34.5));
#1690 = LINE('',#1691,#1692);
#1691 = CARTESIAN_POINT('',(7.,84.,34.5));
#1692 = VECTOR('',#1693,1.);
#1693 = DIRECTION('',(1.,0.,-0.));
#1694 = ORIENTED_EDGE('',*,*,#1695,.T.);
#1695 = EDGE_CURVE('',#1688,#1696,#1698,.T.);
#1696 = VERTEX_POINT('',#1697);
#1697 = CARTESIAN_POINT('',(97.4,84.,37.5));
#1698 = LINE('',#1699,#1700);
#1699 = CARTESIAN_POINT('',(97.4,84.,34.5));
#1700 = VECTOR('',#1701,1.);
#1701 = DIRECTION('',(0.,0.,1.));
#1702 = ORIENTED_EDGE('',*,*,#1703,.F.);
#1703 = EDGE_CURVE('',#1680,#1696,#1704,.T.);
#1704 = LINE('',#1705,#1706);
#1705 = CARTESIAN_POINT('',(7.,84.,37.5));
#1706 = VECTOR('',#1707,1.);
#1707 = DIRECTION('',(1.,0.,-0.));
#1708 = PLANE('',#1709);
#1709 = AXIS2_PLACEMENT_3D('',#1710,#1711,#1712);
#1710 = CARTESIAN_POINT('',(2.,84.,2.5));
#1711 = DIRECTION('',(-0.,1.,0.));
#1712 = DIRECTION('',(0.,0.,1.));
#1713 = ADVANCED_FACE('',(#1714,#1741),#1752,.T.);
#1714 = FACE_BOUND('',#1715,.T.);
#1715 = EDGE_LOOP('',(#1716,#1725,#1732,#1733,#1740));
#1716 = ORIENTED_EDGE('',*,*,#1717,.T.);
#1717 = EDGE_CURVE('',#364,#1718,#1720,.T.);
#1718 = VERTEX_POINT('',#1719);
#1719 = CARTESIAN_POINT('',(9.,81.,57.5));
#1720 = CIRCLE('',#1721,4.);
#1721 = AXIS2_PLACEMENT_3D('',#1722,#1723,#1724);
#1722 = CARTESIAN_POINT('',(5.,81.,57.5));
#1723 = DIRECTION('',(0.,0.,1.));
#1724 = DIRECTION('',(1.,0.,-0.));
#1725 = ORIENTED_EDGE('',*,*,#1726,.T.);
#1726 = EDGE_CURVE('',#1718,#396,#1727,.T.);
#1727 = CIRCLE('',#1728,4.);
#1728 = AXIS2_PLACEMENT_3D('',#1729,#1730,#1731);
#1729 = CARTESIAN_POINT('',(5.,81.,57.5));
#1730 = DIRECTION('',(0.,0.,1.));
#1731 = DIRECTION('',(1.,0.,-0.));
#1732 = ORIENTED_EDGE('',*,*,#395,.T.);
#1733 = ORIENTED_EDGE('',*,*,#1734,.T.);
#1734 = EDGE_CURVE('',#388,#372,#1735,.T.);
#1735 = CIRCLE('',#1736,4.);
#1736 = AXIS2_PLACEMENT_3D('',#1737,#1738,#1739);
#1737 = CARTESIAN_POINT('',(5.,81.,57.5));
#1738 = DIRECTION('',(0.,0.,1.));
#1739 = DIRECTION('',(1.,0.,-0.));
#1740 = ORIENTED_EDGE('',*,*,#371,.F.);
#1741 = FACE_BOUND('',#1742,.T.);
#1742 = EDGE_LOOP('',(#1743));
#1743 = ORIENTED_EDGE('',*,*,#1744,.F.);
#1744 = EDGE_CURVE('',#1745,#1745,#1747,.T.);
#1745 = VERTEX_POINT('',#1746);
#1746 = CARTESIAN_POINT('',(6.05,81.,57.5));
#1747 = CIRCLE('',#1748,1.05);
#1748 = AXIS2_PLACEMENT_3D('',#1749,#1750,#1751);
#1749 = CARTESIAN_POINT('',(5.,81.,57.5));
#1750 = DIRECTION('',(0.,0.,1.));
#1751 = DIRECTION('',(1.,0.,-0.));
#1752 = PLANE('',#1753);
#1753 = AXIS2_PLACEMENT_3D('',#1754,#1755,#1756);
#1754 = CARTESIAN_POINT('',(5.,81.,57.5));
#1755 = DIRECTION('',(0.,0.,1.));
#1756 = DIRECTION('',(1.,0.,-0.));
#1757 = ADVANCED_FACE('',(#1758),#1815,.T.);
#1758 = FACE_BOUND('',#1759,.T.);
#1759 = EDGE_LOOP('',(#1760,#1761,#1767,#1768,#1769,#1777,#1785,#1791,
    #1792,#1800,#1808,#1814));
#1760 = ORIENTED_EDGE('',*,*,#1275,.F.);
#1761 = ORIENTED_EDGE('',*,*,#1762,.T.);
#1762 = EDGE_CURVE('',#1268,#1581,#1763,.T.);
#1763 = LINE('',#1764,#1765);
#1764 = CARTESIAN_POINT('',(2.,2.,2.5));
#1765 = VECTOR('',#1766,1.);
#1766 = DIRECTION('',(-0.,1.,0.));
#1767 = ORIENTED_EDGE('',*,*,#1588,.T.);
#1768 = ORIENTED_EDGE('',*,*,#379,.F.);
#1769 = ORIENTED_EDGE('',*,*,#1770,.F.);
#1770 = EDGE_CURVE('',#1771,#372,#1773,.T.);
#1771 = VERTEX_POINT('',#1772);
#1772 = CARTESIAN_POINT('',(2.,83.645751311065,47.5));
#1773 = LINE('',#1774,#1775);
#1774 = CARTESIAN_POINT('',(2.,83.645751311065,47.5));
#1775 = VECTOR('',#1776,1.);
#1776 = DIRECTION('',(0.,0.,1.));
#1777 = ORIENTED_EDGE('',*,*,#1778,.F.);
#1778 = EDGE_CURVE('',#1779,#1771,#1781,.T.);
#1779 = VERTEX_POINT('',#1780);
#1780 = CARTESIAN_POINT('',(2.,78.354248688935,47.5));
#1781 = LINE('',#1782,#1783);
#1782 = CARTESIAN_POINT('',(2.,41.5,47.5));
#1783 = VECTOR('',#1784,1.);
#1784 = DIRECTION('',(-0.,1.,0.));
#1785 = ORIENTED_EDGE('',*,*,#1786,.T.);
#1786 = EDGE_CURVE('',#1779,#364,#1787,.T.);
#1787 = LINE('',#1788,#1789);
#1788 = CARTESIAN_POINT('',(2.,78.354248688935,47.5));
#1789 = VECTOR('',#1790,1.);
#1790 = DIRECTION('',(0.,0.,1.));
#1791 = ORIENTED_EDGE('',*,*,#363,.F.);
#1792 = ORIENTED_EDGE('',*,*,#1793,.F.);
#1793 = EDGE_CURVE('',#1794,#356,#1796,.T.);
#1794 = VERTEX_POINT('',#1795);
#1795 = CARTESIAN_POINT('',(2.,7.645751311065,47.5));
#1796 = LINE('',#1797,#1798);
#1797 = CARTESIAN_POINT('',(2.,7.645751311065,47.5));
#1798 = VECTOR('',#1799,1.);
#1799 = DIRECTION('',(0.,0.,1.));
#1800 = ORIENTED_EDGE('',*,*,#1801,.F.);
#1801 = EDGE_CURVE('',#1802,#1794,#1804,.T.);
#1802 = VERTEX_POINT('',#1803);
#1803 = CARTESIAN_POINT('',(2.,2.354248688935,47.5));
#1804 = LINE('',#1805,#1806);
#1805 = CARTESIAN_POINT('',(2.,3.5,47.5));
#1806 = VECTOR('',#1807,1.);
#1807 = DIRECTION('',(-0.,1.,0.));
#1808 = ORIENTED_EDGE('',*,*,#1809,.T.);
#1809 = EDGE_CURVE('',#1802,#348,#1810,.T.);
#1810 = LINE('',#1811,#1812);
#1811 = CARTESIAN_POINT('',(2.,2.354248688935,47.5));
#1812 = VECTOR('',#1813,1.);
#1813 = DIRECTION('',(0.,0.,1.));
#1814 = ORIENTED_EDGE('',*,*,#347,.F.);
#1815 = PLANE('',#1816);
#1816 = AXIS2_PLACEMENT_3D('',#1817,#1818,#1819);
#1817 = CARTESIAN_POINT('',(2.,2.,2.5));
#1818 = DIRECTION('',(1.,0.,-0.));
#1819 = DIRECTION('',(0.,0.,1.));
#1820 = ADVANCED_FACE('',(#1821),#1837,.F.);
#1821 = FACE_BOUND('',#1822,.F.);
#1822 = EDGE_LOOP('',(#1823,#1829,#1830,#1836));
#1823 = ORIENTED_EDGE('',*,*,#1824,.F.);
#1824 = EDGE_CURVE('',#1644,#492,#1825,.T.);
#1825 = LINE('',#1826,#1827);
#1826 = CARTESIAN_POINT('',(51.9,83.99,22.));
#1827 = VECTOR('',#1828,1.);
#1828 = DIRECTION('',(-0.,1.,0.));
#1829 = ORIENTED_EDGE('',*,*,#1643,.T.);
#1830 = ORIENTED_EDGE('',*,*,#1831,.T.);
#1831 = EDGE_CURVE('',#1646,#494,#1832,.T.);
#1832 = LINE('',#1833,#1834);
#1833 = CARTESIAN_POINT('',(69.9,83.99,22.));
#1834 = VECTOR('',#1835,1.);
#1835 = DIRECTION('',(-0.,1.,0.));
#1836 = ORIENTED_EDGE('',*,*,#491,.F.);
#1837 = PLANE('',#1838);
#1838 = AXIS2_PLACEMENT_3D('',#1839,#1840,#1841);
#1839 = CARTESIAN_POINT('',(51.9,83.99,22.));
#1840 = DIRECTION('',(0.,0.,1.));
#1841 = DIRECTION('',(1.,0.,-0.));
#1842 = ADVANCED_FACE('',(#1843),#1854,.T.);
#1843 = FACE_BOUND('',#1844,.T.);
#1844 = EDGE_LOOP('',(#1845,#1846,#1847,#1853));
#1845 = ORIENTED_EDGE('',*,*,#1824,.F.);
#1846 = ORIENTED_EDGE('',*,*,#1653,.T.);
#1847 = ORIENTED_EDGE('',*,*,#1848,.T.);
#1848 = EDGE_CURVE('',#1654,#502,#1849,.T.);
#1849 = LINE('',#1850,#1851);
#1850 = CARTESIAN_POINT('',(51.9,83.99,14.));
#1851 = VECTOR('',#1852,1.);
#1852 = DIRECTION('',(-0.,1.,0.));
#1853 = ORIENTED_EDGE('',*,*,#501,.F.);
#1854 = PLANE('',#1855);
#1855 = AXIS2_PLACEMENT_3D('',#1856,#1857,#1858);
#1856 = CARTESIAN_POINT('',(51.9,83.99,14.));
#1857 = DIRECTION('',(1.,0.,-0.));
#1858 = DIRECTION('',(0.,0.,1.));
#1859 = ADVANCED_FACE('',(#1860),#1871,.F.);
#1860 = FACE_BOUND('',#1861,.F.);
#1861 = EDGE_LOOP('',(#1862,#1863,#1864,#1870));
#1862 = ORIENTED_EDGE('',*,*,#1831,.F.);
#1863 = ORIENTED_EDGE('',*,*,#1669,.T.);
#1864 = ORIENTED_EDGE('',*,*,#1865,.T.);
#1865 = EDGE_CURVE('',#1662,#510,#1866,.T.);
#1866 = LINE('',#1867,#1868);
#1867 = CARTESIAN_POINT('',(69.9,83.99,14.));
#1868 = VECTOR('',#1869,1.);
#1869 = DIRECTION('',(-0.,1.,0.));
#1870 = ORIENTED_EDGE('',*,*,#517,.F.);
#1871 = PLANE('',#1872);
#1872 = AXIS2_PLACEMENT_3D('',#1873,#1874,#1875);
#1873 = CARTESIAN_POINT('',(69.9,83.99,14.));
#1874 = DIRECTION('',(1.,0.,-0.));
#1875 = DIRECTION('',(0.,0.,1.));
#1876 = ADVANCED_FACE('',(#1877),#1883,.T.);
#1877 = FACE_BOUND('',#1878,.T.);
#1878 = EDGE_LOOP('',(#1879,#1880,#1881,#1882));
#1879 = ORIENTED_EDGE('',*,*,#1848,.F.);
#1880 = ORIENTED_EDGE('',*,*,#1661,.T.);
#1881 = ORIENTED_EDGE('',*,*,#1865,.T.);
#1882 = ORIENTED_EDGE('',*,*,#509,.F.);
#1883 = PLANE('',#1884);
#1884 = AXIS2_PLACEMENT_3D('',#1885,#1886,#1887);
#1885 = CARTESIAN_POINT('',(51.9,83.99,14.));
#1886 = DIRECTION('',(0.,0.,1.));
#1887 = DIRECTION('',(1.,0.,-0.));
#1888 = ADVANCED_FACE('',(#1889),#1914,.F.);
#1889 = FACE_BOUND('',#1890,.F.);
#1890 = EDGE_LOOP('',(#1891,#1899,#1907,#1913));
#1891 = ORIENTED_EDGE('',*,*,#1892,.F.);
#1892 = EDGE_CURVE('',#1893,#526,#1895,.T.);
#1893 = VERTEX_POINT('',#1894);
#1894 = CARTESIAN_POINT('',(8.2,85.99,43.5));
#1895 = LINE('',#1896,#1897);
#1896 = CARTESIAN_POINT('',(8.2,85.99,43.5));
#1897 = VECTOR('',#1898,1.);
#1898 = DIRECTION('',(-0.,1.,0.));
#1899 = ORIENTED_EDGE('',*,*,#1900,.T.);
#1900 = EDGE_CURVE('',#1893,#1901,#1903,.T.);
#1901 = VERTEX_POINT('',#1902);
#1902 = CARTESIAN_POINT('',(31.4,85.99,43.5));
#1903 = LINE('',#1904,#1905);
#1904 = CARTESIAN_POINT('',(8.2,85.99,43.5));
#1905 = VECTOR('',#1906,1.);
#1906 = DIRECTION('',(1.,0.,-0.));
#1907 = ORIENTED_EDGE('',*,*,#1908,.T.);
#1908 = EDGE_CURVE('',#1901,#528,#1909,.T.);
#1909 = LINE('',#1910,#1911);
#1910 = CARTESIAN_POINT('',(31.4,85.99,43.5));
#1911 = VECTOR('',#1912,1.);
#1912 = DIRECTION('',(-0.,1.,0.));
#1913 = ORIENTED_EDGE('',*,*,#525,.F.);
#1914 = PLANE('',#1915);
#1915 = AXIS2_PLACEMENT_3D('',#1916,#1917,#1918);
#1916 = CARTESIAN_POINT('',(8.2,85.99,43.5));
#1917 = DIRECTION('',(0.,0.,1.));
#1918 = DIRECTION('',(1.,0.,-0.));
#1919 = ADVANCED_FACE('',(#1920),#1938,.F.);
#1920 = FACE_BOUND('',#1921,.F.);
#1921 = EDGE_LOOP('',(#1922,#1923,#1931,#1937));
#1922 = ORIENTED_EDGE('',*,*,#1908,.F.);
#1923 = ORIENTED_EDGE('',*,*,#1924,.T.);
#1924 = EDGE_CURVE('',#1901,#1925,#1927,.T.);
#1925 = VERTEX_POINT('',#1926);
#1926 = CARTESIAN_POINT('',(38.2,85.99,43.5));
#1927 = LINE('',#1928,#1929);
#1928 = CARTESIAN_POINT('',(8.2,85.99,43.5));
#1929 = VECTOR('',#1930,1.);
#1930 = DIRECTION('',(1.,0.,-0.));
#1931 = ORIENTED_EDGE('',*,*,#1932,.T.);
#1932 = EDGE_CURVE('',#1925,#640,#1933,.T.);
#1933 = LINE('',#1934,#1935);
#1934 = CARTESIAN_POINT('',(38.2,85.99,43.5));
#1935 = VECTOR('',#1936,1.);
#1936 = DIRECTION('',(-0.,1.,0.));
#1937 = ORIENTED_EDGE('',*,*,#647,.F.);
#1938 = PLANE('',#1939);
#1939 = AXIS2_PLACEMENT_3D('',#1940,#1941,#1942);
#1940 = CARTESIAN_POINT('',(8.2,85.99,43.5));
#1941 = DIRECTION('',(0.,0.,1.));
#1942 = DIRECTION('',(1.,0.,-0.));
#1943 = ADVANCED_FACE('',(#1944),#1962,.F.);
#1944 = FACE_BOUND('',#1945,.F.);
#1945 = EDGE_LOOP('',(#1946,#1947,#1955,#1961));
#1946 = ORIENTED_EDGE('',*,*,#1932,.F.);
#1947 = ORIENTED_EDGE('',*,*,#1948,.T.);
#1948 = EDGE_CURVE('',#1925,#1949,#1951,.T.);
#1949 = VERTEX_POINT('',#1950);
#1950 = CARTESIAN_POINT('',(54.6,85.99,43.5));
#1951 = LINE('',#1952,#1953);
#1952 = CARTESIAN_POINT('',(31.4,85.99,43.5));
#1953 = VECTOR('',#1954,1.);
#1954 = DIRECTION('',(1.,0.,-0.));
#1955 = ORIENTED_EDGE('',*,*,#1956,.T.);
#1956 = EDGE_CURVE('',#1949,#632,#1957,.T.);
#1957 = LINE('',#1958,#1959);
#1958 = CARTESIAN_POINT('',(54.6,85.99,43.5));
#1959 = VECTOR('',#1960,1.);
#1960 = DIRECTION('',(-0.,1.,0.));
#1961 = ORIENTED_EDGE('',*,*,#639,.F.);
#1962 = PLANE('',#1963);
#1963 = AXIS2_PLACEMENT_3D('',#1964,#1965,#1966);
#1964 = CARTESIAN_POINT('',(31.4,85.99,43.5));
#1965 = DIRECTION('',(0.,0.,1.));
#1966 = DIRECTION('',(1.,0.,-0.));
#1967 = ADVANCED_FACE('',(#1968),#1986,.F.);
#1968 = FACE_BOUND('',#1969,.F.);
#1969 = EDGE_LOOP('',(#1970,#1971,#1979,#1985));
#1970 = ORIENTED_EDGE('',*,*,#1956,.F.);
#1971 = ORIENTED_EDGE('',*,*,#1972,.T.);
#1972 = EDGE_CURVE('',#1949,#1973,#1975,.T.);
#1973 = VERTEX_POINT('',#1974);
#1974 = CARTESIAN_POINT('',(61.4,85.99,43.5));
#1975 = LINE('',#1976,#1977);
#1976 = CARTESIAN_POINT('',(31.4,85.99,43.5));
#1977 = VECTOR('',#1978,1.);
#1978 = DIRECTION('',(1.,0.,-0.));
#1979 = ORIENTED_EDGE('',*,*,#1980,.T.);
#1980 = EDGE_CURVE('',#1973,#624,#1981,.T.);
#1981 = LINE('',#1982,#1983);
#1982 = CARTESIAN_POINT('',(61.4,85.99,43.5));
#1983 = VECTOR('',#1984,1.);
#1984 = DIRECTION('',(-0.,1.,0.));
#1985 = ORIENTED_EDGE('',*,*,#631,.F.);
#1986 = PLANE('',#1987);
#1987 = AXIS2_PLACEMENT_3D('',#1988,#1989,#1990);
#1988 = CARTESIAN_POINT('',(31.4,85.99,43.5));
#1989 = DIRECTION('',(0.,0.,1.));
#1990 = DIRECTION('',(1.,0.,-0.));
#1991 = ADVANCED_FACE('',(#1992),#2010,.F.);
#1992 = FACE_BOUND('',#1993,.F.);
#1993 = EDGE_LOOP('',(#1994,#1995,#2003,#2009));
#1994 = ORIENTED_EDGE('',*,*,#1980,.F.);
#1995 = ORIENTED_EDGE('',*,*,#1996,.T.);
#1996 = EDGE_CURVE('',#1973,#1997,#1999,.T.);
#1997 = VERTEX_POINT('',#1998);
#1998 = CARTESIAN_POINT('',(77.8,85.99,43.5));
#1999 = LINE('',#2000,#2001);
#2000 = CARTESIAN_POINT('',(54.6,85.99,43.5));
#2001 = VECTOR('',#2002,1.);
#2002 = DIRECTION('',(1.,0.,-0.));
#2003 = ORIENTED_EDGE('',*,*,#2004,.T.);
#2004 = EDGE_CURVE('',#1997,#616,#2005,.T.);
#2005 = LINE('',#2006,#2007);
#2006 = CARTESIAN_POINT('',(77.8,85.99,43.5));
#2007 = VECTOR('',#2008,1.);
#2008 = DIRECTION('',(-0.,1.,0.));
#2009 = ORIENTED_EDGE('',*,*,#623,.F.);
#2010 = PLANE('',#2011);
#2011 = AXIS2_PLACEMENT_3D('',#2012,#2013,#2014);
#2012 = CARTESIAN_POINT('',(54.6,85.99,43.5));
#2013 = DIRECTION('',(0.,0.,1.));
#2014 = DIRECTION('',(1.,0.,-0.));
#2015 = ADVANCED_FACE('',(#2016),#2034,.F.);
#2016 = FACE_BOUND('',#2017,.F.);
#2017 = EDGE_LOOP('',(#2018,#2019,#2027,#2033));
#2018 = ORIENTED_EDGE('',*,*,#2004,.F.);
#2019 = ORIENTED_EDGE('',*,*,#2020,.T.);
#2020 = EDGE_CURVE('',#1997,#2021,#2023,.T.);
#2021 = VERTEX_POINT('',#2022);
#2022 = CARTESIAN_POINT('',(84.6,85.99,43.5));
#2023 = LINE('',#2024,#2025);
#2024 = CARTESIAN_POINT('',(54.6,85.99,43.5));
#2025 = VECTOR('',#2026,1.);
#2026 = DIRECTION('',(1.,0.,-0.));
#2027 = ORIENTED_EDGE('',*,*,#2028,.T.);
#2028 = EDGE_CURVE('',#2021,#608,#2029,.T.);
#2029 = LINE('',#2030,#2031);
#2030 = CARTESIAN_POINT('',(84.6,85.99,43.5));
#2031 = VECTOR('',#2032,1.);
#2032 = DIRECTION('',(-0.,1.,0.));
#2033 = ORIENTED_EDGE('',*,*,#615,.F.);
#2034 = PLANE('',#2035);
#2035 = AXIS2_PLACEMENT_3D('',#2036,#2037,#2038);
#2036 = CARTESIAN_POINT('',(54.6,85.99,43.5));
#2037 = DIRECTION('',(0.,0.,1.));
#2038 = DIRECTION('',(1.,0.,-0.));
#2039 = ADVANCED_FACE('',(#2040),#2058,.F.);
#2040 = FACE_BOUND('',#2041,.F.);
#2041 = EDGE_LOOP('',(#2042,#2043,#2051,#2057));
#2042 = ORIENTED_EDGE('',*,*,#2028,.F.);
#2043 = ORIENTED_EDGE('',*,*,#2044,.T.);
#2044 = EDGE_CURVE('',#2021,#2045,#2047,.T.);
#2045 = VERTEX_POINT('',#2046);
#2046 = CARTESIAN_POINT('',(107.8,85.99,43.5));
#2047 = LINE('',#2048,#2049);
#2048 = CARTESIAN_POINT('',(77.8,85.99,43.5));
#2049 = VECTOR('',#2050,1.);
#2050 = DIRECTION('',(1.,0.,-0.));
#2051 = ORIENTED_EDGE('',*,*,#2052,.T.);
#2052 = EDGE_CURVE('',#2045,#600,#2053,.T.);
#2053 = LINE('',#2054,#2055);
#2054 = CARTESIAN_POINT('',(107.8,85.99,43.5));
#2055 = VECTOR('',#2056,1.);
#2056 = DIRECTION('',(-0.,1.,0.));
#2057 = ORIENTED_EDGE('',*,*,#607,.F.);
#2058 = PLANE('',#2059);
#2059 = AXIS2_PLACEMENT_3D('',#2060,#2061,#2062);
#2060 = CARTESIAN_POINT('',(77.8,85.99,43.5));
#2061 = DIRECTION('',(0.,0.,1.));
#2062 = DIRECTION('',(1.,0.,-0.));
#2063 = ADVANCED_FACE('',(#2064),#2082,.F.);
#2064 = FACE_BOUND('',#2065,.F.);
#2065 = EDGE_LOOP('',(#2066,#2067,#2075,#2081));
#2066 = ORIENTED_EDGE('',*,*,#2052,.F.);
#2067 = ORIENTED_EDGE('',*,*,#2068,.F.);
#2068 = EDGE_CURVE('',#2069,#2045,#2071,.T.);
#2069 = VERTEX_POINT('',#2070);
#2070 = CARTESIAN_POINT('',(107.8,85.99,41.5));
#2071 = LINE('',#2072,#2073);
#2072 = CARTESIAN_POINT('',(107.8,85.99,41.5));
#2073 = VECTOR('',#2074,1.);
#2074 = DIRECTION('',(0.,0.,1.));
#2075 = ORIENTED_EDGE('',*,*,#2076,.T.);
#2076 = EDGE_CURVE('',#2069,#592,#2077,.T.);
#2077 = LINE('',#2078,#2079);
#2078 = CARTESIAN_POINT('',(107.8,85.99,41.5));
#2079 = VECTOR('',#2080,1.);
#2080 = DIRECTION('',(-0.,1.,0.));
#2081 = ORIENTED_EDGE('',*,*,#599,.F.);
#2082 = PLANE('',#2083);
#2083 = AXIS2_PLACEMENT_3D('',#2084,#2085,#2086);
#2084 = CARTESIAN_POINT('',(107.8,85.99,41.5));
#2085 = DIRECTION('',(1.,0.,-0.));
#2086 = DIRECTION('',(0.,0.,1.));
#2087 = ADVANCED_FACE('',(#2088),#2106,.T.);
#2088 = FACE_BOUND('',#2089,.T.);
#2089 = EDGE_LOOP('',(#2090,#2098,#2104,#2105));
#2090 = ORIENTED_EDGE('',*,*,#2091,.F.);
#2091 = EDGE_CURVE('',#2092,#584,#2094,.T.);
#2092 = VERTEX_POINT('',#2093);
#2093 = CARTESIAN_POINT('',(84.6,85.99,41.5));
#2094 = LINE('',#2095,#2096);
#2095 = CARTESIAN_POINT('',(84.6,85.99,41.5));
#2096 = VECTOR('',#2097,1.);
#2097 = DIRECTION('',(-0.,1.,0.));
#2098 = ORIENTED_EDGE('',*,*,#2099,.T.);
#2099 = EDGE_CURVE('',#2092,#2069,#2100,.T.);
#2100 = LINE('',#2101,#2102);
#2101 = CARTESIAN_POINT('',(77.8,85.99,41.5));
#2102 = VECTOR('',#2103,1.);
#2103 = DIRECTION('',(1.,0.,-0.));
#2104 = ORIENTED_EDGE('',*,*,#2076,.T.);
#2105 = ORIENTED_EDGE('',*,*,#591,.F.);
#2106 = PLANE('',#2107);
#2107 = AXIS2_PLACEMENT_3D('',#2108,#2109,#2110);
#2108 = CARTESIAN_POINT('',(77.8,85.99,41.5));
#2109 = DIRECTION('',(0.,0.,1.));
#2110 = DIRECTION('',(1.,0.,-0.));
#2111 = ADVANCED_FACE('',(#2112),#2130,.T.);
#2112 = FACE_BOUND('',#2113,.T.);
#2113 = EDGE_LOOP('',(#2114,#2122,#2128,#2129));
#2114 = ORIENTED_EDGE('',*,*,#2115,.F.);
#2115 = EDGE_CURVE('',#2116,#576,#2118,.T.);
#2116 = VERTEX_POINT('',#2117);
#2117 = CARTESIAN_POINT('',(77.8,85.99,41.5));
#2118 = LINE('',#2119,#2120);
#2119 = CARTESIAN_POINT('',(77.8,85.99,41.5));
#2120 = VECTOR('',#2121,1.);
#2121 = DIRECTION('',(-0.,1.,0.));
#2122 = ORIENTED_EDGE('',*,*,#2123,.T.);
#2123 = EDGE_CURVE('',#2116,#2092,#2124,.T.);
#2124 = LINE('',#2125,#2126);
#2125 = CARTESIAN_POINT('',(54.6,85.99,41.5));
#2126 = VECTOR('',#2127,1.);
#2127 = DIRECTION('',(1.,0.,-0.));
#2128 = ORIENTED_EDGE('',*,*,#2091,.T.);
#2129 = ORIENTED_EDGE('',*,*,#583,.F.);
#2130 = PLANE('',#2131);
#2131 = AXIS2_PLACEMENT_3D('',#2132,#2133,#2134);
#2132 = CARTESIAN_POINT('',(54.6,85.99,41.5));
#2133 = DIRECTION('',(0.,0.,1.));
#2134 = DIRECTION('',(1.,0.,-0.));
#2135 = ADVANCED_FACE('',(#2136),#2154,.T.);
#2136 = FACE_BOUND('',#2137,.T.);
#2137 = EDGE_LOOP('',(#2138,#2146,#2152,#2153));
#2138 = ORIENTED_EDGE('',*,*,#2139,.F.);
#2139 = EDGE_CURVE('',#2140,#568,#2142,.T.);
#2140 = VERTEX_POINT('',#2141);
#2141 = CARTESIAN_POINT('',(61.4,85.99,41.5));
#2142 = LINE('',#2143,#2144);
#2143 = CARTESIAN_POINT('',(61.4,85.99,41.5));
#2144 = VECTOR('',#2145,1.);
#2145 = DIRECTION('',(-0.,1.,0.));
#2146 = ORIENTED_EDGE('',*,*,#2147,.T.);
#2147 = EDGE_CURVE('',#2140,#2116,#2148,.T.);
#2148 = LINE('',#2149,#2150);
#2149 = CARTESIAN_POINT('',(54.6,85.99,41.5));
#2150 = VECTOR('',#2151,1.);
#2151 = DIRECTION('',(1.,0.,-0.));
#2152 = ORIENTED_EDGE('',*,*,#2115,.T.);
#2153 = ORIENTED_EDGE('',*,*,#575,.F.);
#2154 = PLANE('',#2155);
#2155 = AXIS2_PLACEMENT_3D('',#2156,#2157,#2158);
#2156 = CARTESIAN_POINT('',(54.6,85.99,41.5));
#2157 = DIRECTION('',(0.,0.,1.));
#2158 = DIRECTION('',(1.,0.,-0.));
#2159 = ADVANCED_FACE('',(#2160),#2178,.T.);
#2160 = FACE_BOUND('',#2161,.T.);
#2161 = EDGE_LOOP('',(#2162,#2170,#2176,#2177));
#2162 = ORIENTED_EDGE('',*,*,#2163,.F.);
#2163 = EDGE_CURVE('',#2164,#560,#2166,.T.);
#2164 = VERTEX_POINT('',#2165);
#2165 = CARTESIAN_POINT('',(54.6,85.99,41.5));
#2166 = LINE('',#2167,#2168);
#2167 = CARTESIAN_POINT('',(54.6,85.99,41.5));
#2168 = VECTOR('',#2169,1.);
#2169 = DIRECTION('',(-0.,1.,0.));
#2170 = ORIENTED_EDGE('',*,*,#2171,.T.);
#2171 = EDGE_CURVE('',#2164,#2140,#2172,.T.);
#2172 = LINE('',#2173,#2174);
#2173 = CARTESIAN_POINT('',(31.4,85.99,41.5));
#2174 = VECTOR('',#2175,1.);
#2175 = DIRECTION('',(1.,0.,-0.));
#2176 = ORIENTED_EDGE('',*,*,#2139,.T.);
#2177 = ORIENTED_EDGE('',*,*,#567,.F.);
#2178 = PLANE('',#2179);
#2179 = AXIS2_PLACEMENT_3D('',#2180,#2181,#2182);
#2180 = CARTESIAN_POINT('',(31.4,85.99,41.5));
#2181 = DIRECTION('',(0.,0.,1.));
#2182 = DIRECTION('',(1.,0.,-0.));
#2183 = ADVANCED_FACE('',(#2184),#2202,.T.);
#2184 = FACE_BOUND('',#2185,.T.);
#2185 = EDGE_LOOP('',(#2186,#2194,#2200,#2201));
#2186 = ORIENTED_EDGE('',*,*,#2187,.F.);
#2187 = EDGE_CURVE('',#2188,#552,#2190,.T.);
#2188 = VERTEX_POINT('',#2189);
#2189 = CARTESIAN_POINT('',(38.2,85.99,41.5));
#2190 = LINE('',#2191,#2192);
#2191 = CARTESIAN_POINT('',(38.2,85.99,41.5));
#2192 = VECTOR('',#2193,1.);
#2193 = DIRECTION('',(-0.,1.,0.));
#2194 = ORIENTED_EDGE('',*,*,#2195,.T.);
#2195 = EDGE_CURVE('',#2188,#2164,#2196,.T.);
#2196 = LINE('',#2197,#2198);
#2197 = CARTESIAN_POINT('',(31.4,85.99,41.5));
#2198 = VECTOR('',#2199,1.);
#2199 = DIRECTION('',(1.,0.,-0.));
#2200 = ORIENTED_EDGE('',*,*,#2163,.T.);
#2201 = ORIENTED_EDGE('',*,*,#559,.F.);
#2202 = PLANE('',#2203);
#2203 = AXIS2_PLACEMENT_3D('',#2204,#2205,#2206);
#2204 = CARTESIAN_POINT('',(31.4,85.99,41.5));
#2205 = DIRECTION('',(0.,0.,1.));
#2206 = DIRECTION('',(1.,0.,-0.));
#2207 = ADVANCED_FACE('',(#2208),#2226,.T.);
#2208 = FACE_BOUND('',#2209,.T.);
#2209 = EDGE_LOOP('',(#2210,#2218,#2224,#2225));
#2210 = ORIENTED_EDGE('',*,*,#2211,.F.);
#2211 = EDGE_CURVE('',#2212,#544,#2214,.T.);
#2212 = VERTEX_POINT('',#2213);
#2213 = CARTESIAN_POINT('',(31.4,85.99,41.5));
#2214 = LINE('',#2215,#2216);
#2215 = CARTESIAN_POINT('',(31.4,85.99,41.5));
#2216 = VECTOR('',#2217,1.);
#2217 = DIRECTION('',(-0.,1.,0.));
#2218 = ORIENTED_EDGE('',*,*,#2219,.T.);
#2219 = EDGE_CURVE('',#2212,#2188,#2220,.T.);
#2220 = LINE('',#2221,#2222);
#2221 = CARTESIAN_POINT('',(8.2,85.99,41.5));
#2222 = VECTOR('',#2223,1.);
#2223 = DIRECTION('',(1.,0.,-0.));
#2224 = ORIENTED_EDGE('',*,*,#2187,.T.);
#2225 = ORIENTED_EDGE('',*,*,#551,.F.);
#2226 = PLANE('',#2227);
#2227 = AXIS2_PLACEMENT_3D('',#2228,#2229,#2230);
#2228 = CARTESIAN_POINT('',(8.2,85.99,41.5));
#2229 = DIRECTION('',(0.,0.,1.));
#2230 = DIRECTION('',(1.,0.,-0.));
#2231 = ADVANCED_FACE('',(#2232),#2250,.T.);
#2232 = FACE_BOUND('',#2233,.T.);
#2233 = EDGE_LOOP('',(#2234,#2242,#2248,#2249));
#2234 = ORIENTED_EDGE('',*,*,#2235,.F.);
#2235 = EDGE_CURVE('',#2236,#536,#2238,.T.);
#2236 = VERTEX_POINT('',#2237);
#2237 = CARTESIAN_POINT('',(8.2,85.99,41.5));
#2238 = LINE('',#2239,#2240);
#2239 = CARTESIAN_POINT('',(8.2,85.99,41.5));
#2240 = VECTOR('',#2241,1.);
#2241 = DIRECTION('',(-0.,1.,0.));
#2242 = ORIENTED_EDGE('',*,*,#2243,.T.);
#2243 = EDGE_CURVE('',#2236,#2212,#2244,.T.);
#2244 = LINE('',#2245,#2246);
#2245 = CARTESIAN_POINT('',(8.2,85.99,41.5));
#2246 = VECTOR('',#2247,1.);
#2247 = DIRECTION('',(1.,0.,-0.));
#2248 = ORIENTED_EDGE('',*,*,#2211,.T.);
#2249 = ORIENTED_EDGE('',*,*,#543,.F.);
#2250 = PLANE('',#2251);
#2251 = AXIS2_PLACEMENT_3D('',#2252,#2253,#2254);
#2252 = CARTESIAN_POINT('',(8.2,85.99,41.5));
#2253 = DIRECTION('',(0.,0.,1.));
#2254 = DIRECTION('',(1.,0.,-0.));
#2255 = ADVANCED_FACE('',(#2256),#2267,.T.);
#2256 = FACE_BOUND('',#2257,.T.);
#2257 = EDGE_LOOP('',(#2258,#2259,#2265,#2266));
#2258 = ORIENTED_EDGE('',*,*,#1892,.F.);
#2259 = ORIENTED_EDGE('',*,*,#2260,.F.);
#2260 = EDGE_CURVE('',#2236,#1893,#2261,.T.);
#2261 = LINE('',#2262,#2263);
#2262 = CARTESIAN_POINT('',(8.2,85.99,41.5));
#2263 = VECTOR('',#2264,1.);
#2264 = DIRECTION('',(0.,0.,1.));
#2265 = ORIENTED_EDGE('',*,*,#2235,.T.);
#2266 = ORIENTED_EDGE('',*,*,#535,.F.);
#2267 = PLANE('',#2268);
#2268 = AXIS2_PLACEMENT_3D('',#2269,#2270,#2271);
#2269 = CARTESIAN_POINT('',(8.2,85.99,41.5));
#2270 = DIRECTION('',(1.,0.,-0.));
#2271 = DIRECTION('',(0.,0.,1.));
#2272 = ADVANCED_FACE('',(#2273),#2279,.F.);
#2273 = FACE_BOUND('',#2274,.T.);
#2274 = EDGE_LOOP('',(#2275,#2276,#2277,#2278));
#2275 = ORIENTED_EDGE('',*,*,#714,.T.);
#2276 = ORIENTED_EDGE('',*,*,#1218,.T.);
#2277 = ORIENTED_EDGE('',*,*,#1242,.F.);
#2278 = ORIENTED_EDGE('',*,*,#662,.F.);
#2279 = PLANE('',#2280);
#2280 = AXIS2_PLACEMENT_3D('',#2281,#2282,#2283);
#2281 = CARTESIAN_POINT('',(115.5,0.,0.5));
#2282 = DIRECTION('',(-0.707106781187,0.,0.707106781187));
#2283 = DIRECTION('',(-0.,-1.,0.));
#2284 = ADVANCED_FACE('',(#2285),#2301,.T.);
#2285 = FACE_BOUND('',#2286,.T.);
#2286 = EDGE_LOOP('',(#2287,#2288,#2294,#2295));
#2287 = ORIENTED_EDGE('',*,*,#1530,.T.);
#2288 = ORIENTED_EDGE('',*,*,#2289,.T.);
#2289 = EDGE_CURVE('',#1260,#675,#2290,.T.);
#2290 = LINE('',#2291,#2292);
#2291 = CARTESIAN_POINT('',(113.99,2.,15.));
#2292 = VECTOR('',#2293,1.);
#2293 = DIRECTION('',(1.,0.,-0.));
#2294 = ORIENTED_EDGE('',*,*,#672,.F.);
#2295 = ORIENTED_EDGE('',*,*,#2296,.F.);
#2296 = EDGE_CURVE('',#1523,#673,#2297,.T.);
#2297 = LINE('',#2298,#2299);
#2298 = CARTESIAN_POINT('',(113.99,59.5,15.));
#2299 = VECTOR('',#2300,1.);
#2300 = DIRECTION('',(1.,0.,-0.));
#2301 = PLANE('',#2302);
#2302 = AXIS2_PLACEMENT_3D('',#2303,#2304,#2305);
#2303 = CARTESIAN_POINT('',(113.99,2.,15.));
#2304 = DIRECTION('',(0.,0.,1.));
#2305 = DIRECTION('',(1.,0.,-0.));
#2306 = ADVANCED_FACE('',(#2307),#2318,.F.);
#2307 = FACE_BOUND('',#2308,.F.);
#2308 = EDGE_LOOP('',(#2309,#2310,#2311,#2317));
#2309 = ORIENTED_EDGE('',*,*,#2296,.F.);
#2310 = ORIENTED_EDGE('',*,*,#1522,.T.);
#2311 = ORIENTED_EDGE('',*,*,#2312,.T.);
#2312 = EDGE_CURVE('',#1515,#691,#2313,.T.);
#2313 = LINE('',#2314,#2315);
#2314 = CARTESIAN_POINT('',(113.99,59.5,35.));
#2315 = VECTOR('',#2316,1.);
#2316 = DIRECTION('',(1.,0.,-0.));
#2317 = ORIENTED_EDGE('',*,*,#698,.F.);
#2318 = PLANE('',#2319);
#2319 = AXIS2_PLACEMENT_3D('',#2320,#2321,#2322);
#2320 = CARTESIAN_POINT('',(113.99,59.5,15.));
#2321 = DIRECTION('',(-0.,1.,0.));
#2322 = DIRECTION('',(0.,0.,1.));
#2323 = ADVANCED_FACE('',(#2324),#2335,.F.);
#2324 = FACE_BOUND('',#2325,.F.);
#2325 = EDGE_LOOP('',(#2326,#2327,#2333,#2334));
#2326 = ORIENTED_EDGE('',*,*,#1514,.T.);
#2327 = ORIENTED_EDGE('',*,*,#2328,.T.);
#2328 = EDGE_CURVE('',#1329,#683,#2329,.T.);
#2329 = LINE('',#2330,#2331);
#2330 = CARTESIAN_POINT('',(113.99,2.,35.));
#2331 = VECTOR('',#2332,1.);
#2332 = DIRECTION('',(1.,0.,-0.));
#2333 = ORIENTED_EDGE('',*,*,#690,.F.);
#2334 = ORIENTED_EDGE('',*,*,#2312,.F.);
#2335 = PLANE('',#2336);
#2336 = AXIS2_PLACEMENT_3D('',#2337,#2338,#2339);
#2337 = CARTESIAN_POINT('',(113.99,2.,35.));
#2338 = DIRECTION('',(0.,0.,1.));
#2339 = DIRECTION('',(1.,0.,-0.));
#2340 = ADVANCED_FACE('',(#2341),#2352,.T.);
#2341 = FACE_BOUND('',#2342,.T.);
#2342 = EDGE_LOOP('',(#2343,#2344,#2350,#2351));
#2343 = ORIENTED_EDGE('',*,*,#2289,.F.);
#2344 = ORIENTED_EDGE('',*,*,#2345,.T.);
#2345 = EDGE_CURVE('',#1260,#1329,#2346,.T.);
#2346 = LINE('',#2347,#2348);
#2347 = CARTESIAN_POINT('',(114.,2.,2.5));
#2348 = VECTOR('',#2349,1.);
#2349 = DIRECTION('',(0.,0.,1.));
#2350 = ORIENTED_EDGE('',*,*,#2328,.T.);
#2351 = ORIENTED_EDGE('',*,*,#682,.F.);
#2352 = PLANE('',#2353);
#2353 = AXIS2_PLACEMENT_3D('',#2354,#2355,#2356);
#2354 = CARTESIAN_POINT('',(113.99,2.,15.));
#2355 = DIRECTION('',(-0.,1.,0.));
#2356 = DIRECTION('',(0.,0.,1.));
#2357 = ADVANCED_FACE('',(#2358),#2369,.F.);
#2358 = FACE_BOUND('',#2359,.F.);
#2359 = EDGE_LOOP('',(#2360,#2361,#2362,#2363));
#2360 = ORIENTED_EDGE('',*,*,#1185,.F.);
#2361 = ORIENTED_EDGE('',*,*,#1202,.T.);
#2362 = ORIENTED_EDGE('',*,*,#849,.T.);
#2363 = ORIENTED_EDGE('',*,*,#2364,.F.);
#2364 = EDGE_CURVE('',#1152,#842,#2365,.T.);
#2365 = LINE('',#2366,#2367);
#2366 = CARTESIAN_POINT('',(31.4,1.E-02,41.5));
#2367 = VECTOR('',#2368,1.);
#2368 = DIRECTION('',(0.,0.,1.));
#2369 = PLANE('',#2370);
#2370 = AXIS2_PLACEMENT_3D('',#2371,#2372,#2373);
#2371 = CARTESIAN_POINT('',(8.2,1.E-02,41.5));
#2372 = DIRECTION('',(-0.,1.,0.));
#2373 = DIRECTION('',(0.,0.,1.));
#2374 = ADVANCED_FACE('',(#2375),#2386,.F.);
#2375 = FACE_BOUND('',#2376,.F.);
#2376 = EDGE_LOOP('',(#2377,#2378,#2379,#2380));
#2377 = ORIENTED_EDGE('',*,*,#1161,.F.);
#2378 = ORIENTED_EDGE('',*,*,#2364,.T.);
#2379 = ORIENTED_EDGE('',*,*,#873,.T.);
#2380 = ORIENTED_EDGE('',*,*,#2381,.F.);
#2381 = EDGE_CURVE('',#1128,#866,#2382,.T.);
#2382 = LINE('',#2383,#2384);
#2383 = CARTESIAN_POINT('',(38.2,1.E-02,41.5));
#2384 = VECTOR('',#2385,1.);
#2385 = DIRECTION('',(0.,0.,1.));
#2386 = PLANE('',#2387);
#2387 = AXIS2_PLACEMENT_3D('',#2388,#2389,#2390);
#2388 = CARTESIAN_POINT('',(8.2,1.E-02,41.5));
#2389 = DIRECTION('',(-0.,1.,0.));
#2390 = DIRECTION('',(0.,0.,1.));
#2391 = ADVANCED_FACE('',(#2392),#2403,.F.);
#2392 = FACE_BOUND('',#2393,.F.);
#2393 = EDGE_LOOP('',(#2394,#2395,#2396,#2397));
#2394 = ORIENTED_EDGE('',*,*,#1137,.F.);
#2395 = ORIENTED_EDGE('',*,*,#2381,.T.);
#2396 = ORIENTED_EDGE('',*,*,#897,.T.);
#2397 = ORIENTED_EDGE('',*,*,#2398,.F.);
#2398 = EDGE_CURVE('',#1104,#890,#2399,.T.);
#2399 = LINE('',#2400,#2401);
#2400 = CARTESIAN_POINT('',(54.6,1.E-02,41.5));
#2401 = VECTOR('',#2402,1.);
#2402 = DIRECTION('',(0.,0.,1.));
#2403 = PLANE('',#2404);
#2404 = AXIS2_PLACEMENT_3D('',#2405,#2406,#2407);
#2405 = CARTESIAN_POINT('',(31.4,1.E-02,41.5));
#2406 = DIRECTION('',(-0.,1.,0.));
#2407 = DIRECTION('',(0.,0.,1.));
#2408 = ADVANCED_FACE('',(#2409),#2420,.F.);
#2409 = FACE_BOUND('',#2410,.F.);
#2410 = EDGE_LOOP('',(#2411,#2412,#2413,#2414));
#2411 = ORIENTED_EDGE('',*,*,#1113,.F.);
#2412 = ORIENTED_EDGE('',*,*,#2398,.T.);
#2413 = ORIENTED_EDGE('',*,*,#921,.T.);
#2414 = ORIENTED_EDGE('',*,*,#2415,.F.);
#2415 = EDGE_CURVE('',#1080,#914,#2416,.T.);
#2416 = LINE('',#2417,#2418);
#2417 = CARTESIAN_POINT('',(61.4,1.E-02,41.5));
#2418 = VECTOR('',#2419,1.);
#2419 = DIRECTION('',(0.,0.,1.));
#2420 = PLANE('',#2421);
#2421 = AXIS2_PLACEMENT_3D('',#2422,#2423,#2424);
#2422 = CARTESIAN_POINT('',(31.4,1.E-02,41.5));
#2423 = DIRECTION('',(-0.,1.,0.));
#2424 = DIRECTION('',(0.,0.,1.));
#2425 = ADVANCED_FACE('',(#2426),#2437,.F.);
#2426 = FACE_BOUND('',#2427,.F.);
#2427 = EDGE_LOOP('',(#2428,#2429,#2430,#2431));
#2428 = ORIENTED_EDGE('',*,*,#1089,.F.);
#2429 = ORIENTED_EDGE('',*,*,#2415,.T.);
#2430 = ORIENTED_EDGE('',*,*,#945,.T.);
#2431 = ORIENTED_EDGE('',*,*,#2432,.F.);
#2432 = EDGE_CURVE('',#1056,#938,#2433,.T.);
#2433 = LINE('',#2434,#2435);
#2434 = CARTESIAN_POINT('',(77.8,1.E-02,41.5));
#2435 = VECTOR('',#2436,1.);
#2436 = DIRECTION('',(0.,0.,1.));
#2437 = PLANE('',#2438);
#2438 = AXIS2_PLACEMENT_3D('',#2439,#2440,#2441);
#2439 = CARTESIAN_POINT('',(54.6,1.E-02,41.5));
#2440 = DIRECTION('',(-0.,1.,0.));
#2441 = DIRECTION('',(0.,0.,1.));
#2442 = ADVANCED_FACE('',(#2443),#2454,.F.);
#2443 = FACE_BOUND('',#2444,.F.);
#2444 = EDGE_LOOP('',(#2445,#2446,#2447,#2448));
#2445 = ORIENTED_EDGE('',*,*,#1065,.F.);
#2446 = ORIENTED_EDGE('',*,*,#2432,.T.);
#2447 = ORIENTED_EDGE('',*,*,#969,.T.);
#2448 = ORIENTED_EDGE('',*,*,#2449,.F.);
#2449 = EDGE_CURVE('',#1032,#962,#2450,.T.);
#2450 = LINE('',#2451,#2452);
#2451 = CARTESIAN_POINT('',(84.6,1.E-02,41.5));
#2452 = VECTOR('',#2453,1.);
#2453 = DIRECTION('',(0.,0.,1.));
#2454 = PLANE('',#2455);
#2455 = AXIS2_PLACEMENT_3D('',#2456,#2457,#2458);
#2456 = CARTESIAN_POINT('',(54.6,1.E-02,41.5));
#2457 = DIRECTION('',(-0.,1.,0.));
#2458 = DIRECTION('',(0.,0.,1.));
#2459 = ADVANCED_FACE('',(#2460),#2466,.F.);
#2460 = FACE_BOUND('',#2461,.F.);
#2461 = EDGE_LOOP('',(#2462,#2463,#2464,#2465));
#2462 = ORIENTED_EDGE('',*,*,#1041,.F.);
#2463 = ORIENTED_EDGE('',*,*,#2449,.T.);
#2464 = ORIENTED_EDGE('',*,*,#993,.T.);
#2465 = ORIENTED_EDGE('',*,*,#1017,.F.);
#2466 = PLANE('',#2467);
#2467 = AXIS2_PLACEMENT_3D('',#2468,#2469,#2470);
#2468 = CARTESIAN_POINT('',(77.8,1.E-02,41.5));
#2469 = DIRECTION('',(-0.,1.,0.));
#2470 = DIRECTION('',(0.,0.,1.));
#2471 = ADVANCED_FACE('',(#2472),#2478,.T.);
#2472 = FACE_BOUND('',#2473,.T.);
#2473 = EDGE_LOOP('',(#2474,#2475,#2476,#2477));
#2474 = ORIENTED_EDGE('',*,*,#2345,.F.);
#2475 = ORIENTED_EDGE('',*,*,#1352,.F.);
#2476 = ORIENTED_EDGE('',*,*,#1344,.T.);
#2477 = ORIENTED_EDGE('',*,*,#1336,.T.);
#2478 = PLANE('',#2479);
#2479 = AXIS2_PLACEMENT_3D('',#2480,#2481,#2482);
#2480 = CARTESIAN_POINT('',(2.,2.,2.5));
#2481 = DIRECTION('',(-0.,1.,0.));
#2482 = DIRECTION('',(0.,0.,1.));
#2483 = ADVANCED_FACE('',(#2484),#2496,.T.);
#2484 = FACE_BOUND('',#2485,.T.);
#2485 = EDGE_LOOP('',(#2486,#2487,#2488,#2489));
#2486 = ORIENTED_EDGE('',*,*,#1506,.T.);
#2487 = ORIENTED_EDGE('',*,*,#1381,.F.);
#2488 = ORIENTED_EDGE('',*,*,#1321,.F.);
#2489 = ORIENTED_EDGE('',*,*,#2490,.T.);
#2490 = EDGE_CURVE('',#1314,#1499,#2491,.T.);
#2491 = CIRCLE('',#2492,4.);
#2492 = AXIS2_PLACEMENT_3D('',#2493,#2494,#2495);
#2493 = CARTESIAN_POINT('',(111.,5.,47.5));
#2494 = DIRECTION('',(0.,0.,1.));
#2495 = DIRECTION('',(1.,0.,-0.));
#2496 = CYLINDRICAL_SURFACE('',#2497,4.);
#2497 = AXIS2_PLACEMENT_3D('',#2498,#2499,#2500);
#2498 = CARTESIAN_POINT('',(111.,5.,47.5));
#2499 = DIRECTION('',(0.,0.,1.));
#2500 = DIRECTION('',(1.,0.,-0.));
#2501 = ADVANCED_FACE('',(#2502,#2514),#2525,.F.);
#2502 = FACE_BOUND('',#2503,.F.);
#2503 = EDGE_LOOP('',(#2504,#2505,#2512,#2513));
#2504 = ORIENTED_EDGE('',*,*,#1498,.T.);
#2505 = ORIENTED_EDGE('',*,*,#2506,.T.);
#2506 = EDGE_CURVE('',#1491,#1306,#2507,.T.);
#2507 = CIRCLE('',#2508,4.);
#2508 = AXIS2_PLACEMENT_3D('',#2509,#2510,#2511);
#2509 = CARTESIAN_POINT('',(111.,5.,47.5));
#2510 = DIRECTION('',(0.,0.,1.));
#2511 = DIRECTION('',(1.,0.,-0.));
#2512 = ORIENTED_EDGE('',*,*,#1313,.F.);
#2513 = ORIENTED_EDGE('',*,*,#2490,.T.);
#2514 = FACE_BOUND('',#2515,.F.);
#2515 = EDGE_LOOP('',(#2516));
#2516 = ORIENTED_EDGE('',*,*,#2517,.F.);
#2517 = EDGE_CURVE('',#2518,#2518,#2520,.T.);
#2518 = VERTEX_POINT('',#2519);
#2519 = CARTESIAN_POINT('',(112.05,5.,47.5));
#2520 = CIRCLE('',#2521,1.05);
#2521 = AXIS2_PLACEMENT_3D('',#2522,#2523,#2524);
#2522 = CARTESIAN_POINT('',(111.,5.,47.5));
#2523 = DIRECTION('',(0.,0.,1.));
#2524 = DIRECTION('',(1.,0.,-0.));
#2525 = PLANE('',#2526);
#2526 = AXIS2_PLACEMENT_3D('',#2527,#2528,#2529);
#2527 = CARTESIAN_POINT('',(111.,5.,47.5));
#2528 = DIRECTION('',(0.,0.,1.));
#2529 = DIRECTION('',(1.,0.,-0.));
#2530 = ADVANCED_FACE('',(#2531),#2537,.T.);
#2531 = FACE_BOUND('',#2532,.T.);
#2532 = EDGE_LOOP('',(#2533,#2534,#2535,#2536));
#2533 = ORIENTED_EDGE('',*,*,#1373,.F.);
#2534 = ORIENTED_EDGE('',*,*,#1490,.F.);
#2535 = ORIENTED_EDGE('',*,*,#2506,.T.);
#2536 = ORIENTED_EDGE('',*,*,#1305,.T.);
#2537 = CYLINDRICAL_SURFACE('',#2538,4.);
#2538 = AXIS2_PLACEMENT_3D('',#2539,#2540,#2541);
#2539 = CARTESIAN_POINT('',(111.,5.,47.5));
#2540 = DIRECTION('',(0.,0.,1.));
#2541 = DIRECTION('',(1.,0.,-0.));
#2542 = ADVANCED_FACE('',(#2543),#2562,.T.);
#2543 = FACE_BOUND('',#2544,.T.);
#2544 = EDGE_LOOP('',(#2545,#2553,#2554,#2555));
#2545 = ORIENTED_EDGE('',*,*,#2546,.T.);
#2546 = EDGE_CURVE('',#2547,#1408,#2549,.T.);
#2547 = VERTEX_POINT('',#2548);
#2548 = CARTESIAN_POINT('',(9.,5.,47.5));
#2549 = LINE('',#2550,#2551);
#2550 = CARTESIAN_POINT('',(9.,5.,47.5));
#2551 = VECTOR('',#2552,1.);
#2552 = DIRECTION('',(0.,0.,1.));
#2553 = ORIENTED_EDGE('',*,*,#1407,.F.);
#2554 = ORIENTED_EDGE('',*,*,#1298,.F.);
#2555 = ORIENTED_EDGE('',*,*,#2556,.T.);
#2556 = EDGE_CURVE('',#1291,#2547,#2557,.T.);
#2557 = CIRCLE('',#2558,4.);
#2558 = AXIS2_PLACEMENT_3D('',#2559,#2560,#2561);
#2559 = CARTESIAN_POINT('',(5.,5.,47.5));
#2560 = DIRECTION('',(0.,0.,1.));
#2561 = DIRECTION('',(1.,0.,-0.));
#2562 = CYLINDRICAL_SURFACE('',#2563,4.);
#2563 = AXIS2_PLACEMENT_3D('',#2564,#2565,#2566);
#2564 = CARTESIAN_POINT('',(5.,5.,47.5));
#2565 = DIRECTION('',(0.,0.,1.));
#2566 = DIRECTION('',(1.,0.,-0.));
#2567 = ADVANCED_FACE('',(#2568,#2587),#2598,.F.);
#2568 = FACE_BOUND('',#2569,.F.);
#2569 = EDGE_LOOP('',(#2570,#2571,#2578,#2579,#2586));
#2570 = ORIENTED_EDGE('',*,*,#2556,.T.);
#2571 = ORIENTED_EDGE('',*,*,#2572,.T.);
#2572 = EDGE_CURVE('',#2547,#1794,#2573,.T.);
#2573 = CIRCLE('',#2574,4.);
#2574 = AXIS2_PLACEMENT_3D('',#2575,#2576,#2577);
#2575 = CARTESIAN_POINT('',(5.,5.,47.5));
#2576 = DIRECTION('',(0.,0.,1.));
#2577 = DIRECTION('',(1.,0.,-0.));
#2578 = ORIENTED_EDGE('',*,*,#1801,.F.);
#2579 = ORIENTED_EDGE('',*,*,#2580,.T.);
#2580 = EDGE_CURVE('',#1802,#1283,#2581,.T.);
#2581 = CIRCLE('',#2582,4.);
#2582 = AXIS2_PLACEMENT_3D('',#2583,#2584,#2585);
#2583 = CARTESIAN_POINT('',(5.,5.,47.5));
#2584 = DIRECTION('',(0.,0.,1.));
#2585 = DIRECTION('',(1.,0.,-0.));
#2586 = ORIENTED_EDGE('',*,*,#1290,.F.);
#2587 = FACE_BOUND('',#2588,.F.);
#2588 = EDGE_LOOP('',(#2589));
#2589 = ORIENTED_EDGE('',*,*,#2590,.F.);
#2590 = EDGE_CURVE('',#2591,#2591,#2593,.T.);
#2591 = VERTEX_POINT('',#2592);
#2592 = CARTESIAN_POINT('',(6.05,5.,47.5));
#2593 = CIRCLE('',#2594,1.05);
#2594 = AXIS2_PLACEMENT_3D('',#2595,#2596,#2597);
#2595 = CARTESIAN_POINT('',(5.,5.,47.5));
#2596 = DIRECTION('',(0.,0.,1.));
#2597 = DIRECTION('',(1.,0.,-0.));
#2598 = PLANE('',#2599);
#2599 = AXIS2_PLACEMENT_3D('',#2600,#2601,#2602);
#2600 = CARTESIAN_POINT('',(5.,5.,47.5));
#2601 = DIRECTION('',(0.,0.,1.));
#2602 = DIRECTION('',(1.,0.,-0.));
#2603 = ADVANCED_FACE('',(#2604),#2610,.T.);
#2604 = FACE_BOUND('',#2605,.T.);
#2605 = EDGE_LOOP('',(#2606,#2607,#2608,#2609));
#2606 = ORIENTED_EDGE('',*,*,#1424,.F.);
#2607 = ORIENTED_EDGE('',*,*,#1809,.F.);
#2608 = ORIENTED_EDGE('',*,*,#2580,.T.);
#2609 = ORIENTED_EDGE('',*,*,#1282,.T.);
#2610 = CYLINDRICAL_SURFACE('',#2611,4.);
#2611 = AXIS2_PLACEMENT_3D('',#2612,#2613,#2614);
#2612 = CARTESIAN_POINT('',(5.,5.,47.5));
#2613 = DIRECTION('',(0.,0.,1.));
#2614 = DIRECTION('',(1.,0.,-0.));
#2615 = ADVANCED_FACE('',(#2616,#2622,#2633,#2644,#2655,#2666,#2744,
    #2755),#2766,.T.);
#2616 = FACE_BOUND('',#2617,.T.);
#2617 = EDGE_LOOP('',(#2618,#2619,#2620,#2621));
#2618 = ORIENTED_EDGE('',*,*,#1762,.F.);
#2619 = ORIENTED_EDGE('',*,*,#1267,.T.);
#2620 = ORIENTED_EDGE('',*,*,#1452,.T.);
#2621 = ORIENTED_EDGE('',*,*,#1580,.F.);
#2622 = FACE_BOUND('',#2623,.T.);
#2623 = EDGE_LOOP('',(#2624));
#2624 = ORIENTED_EDGE('',*,*,#2625,.F.);
#2625 = EDGE_CURVE('',#2626,#2626,#2628,.T.);
#2626 = VERTEX_POINT('',#2627);
#2627 = CARTESIAN_POINT('',(34.9,5.5,2.5));
#2628 = CIRCLE('',#2629,3.);
#2629 = AXIS2_PLACEMENT_3D('',#2630,#2631,#2632);
#2630 = CARTESIAN_POINT('',(31.9,5.5,2.5));
#2631 = DIRECTION('',(0.,0.,1.));
#2632 = DIRECTION('',(1.,0.,-0.));
#2633 = FACE_BOUND('',#2634,.T.);
#2634 = EDGE_LOOP('',(#2635));
#2635 = ORIENTED_EDGE('',*,*,#2636,.F.);
#2636 = EDGE_CURVE('',#2637,#2637,#2639,.T.);
#2637 = VERTEX_POINT('',#2638);
#2638 = CARTESIAN_POINT('',(15.275,42.815,2.5));
#2639 = CIRCLE('',#2640,3.5);
#2640 = AXIS2_PLACEMENT_3D('',#2641,#2642,#2643);
#2641 = CARTESIAN_POINT('',(11.775,42.815,2.5));
#2642 = DIRECTION('',(0.,0.,1.));
#2643 = DIRECTION('',(1.,0.,-0.));
#2644 = FACE_BOUND('',#2645,.T.);
#2645 = EDGE_LOOP('',(#2646));
#2646 = ORIENTED_EDGE('',*,*,#2647,.F.);
#2647 = EDGE_CURVE('',#2648,#2648,#2650,.T.);
#2648 = VERTEX_POINT('',#2649);
#2649 = CARTESIAN_POINT('',(92.9,5.5,2.5));
#2650 = CIRCLE('',#2651,3.);
#2651 = AXIS2_PLACEMENT_3D('',#2652,#2653,#2654);
#2652 = CARTESIAN_POINT('',(89.9,5.5,2.5));
#2653 = DIRECTION('',(0.,0.,1.));
#2654 = DIRECTION('',(1.,0.,-0.));
#2655 = FACE_BOUND('',#2656,.T.);
#2656 = EDGE_LOOP('',(#2657));
#2657 = ORIENTED_EDGE('',*,*,#2658,.F.);
#2658 = EDGE_CURVE('',#2659,#2659,#2661,.T.);
#2659 = VERTEX_POINT('',#2660);
#2660 = CARTESIAN_POINT('',(94.625,42.815,2.5));
#2661 = CIRCLE('',#2662,3.5);
#2662 = AXIS2_PLACEMENT_3D('',#2663,#2664,#2665);
#2663 = CARTESIAN_POINT('',(91.125,42.815,2.5));
#2664 = DIRECTION('',(0.,0.,1.));
#2665 = DIRECTION('',(1.,0.,-0.));
#2666 = FACE_BOUND('',#2667,.T.);
#2667 = EDGE_LOOP('',(#2668,#2679,#2688,#2696,#2704,#2712,#2721,#2730,
    #2738));
#2668 = ORIENTED_EDGE('',*,*,#2669,.F.);
#2669 = EDGE_CURVE('',#2670,#2672,#2674,.T.);
#2670 = VERTEX_POINT('',#2671);
#2671 = CARTESIAN_POINT('',(34.9,54.5,2.5));
#2672 = VERTEX_POINT('',#2673);
#2673 = CARTESIAN_POINT('',(32.,57.498332870113,2.5));
#2674 = CIRCLE('',#2675,3.);
#2675 = AXIS2_PLACEMENT_3D('',#2676,#2677,#2678);
#2676 = CARTESIAN_POINT('',(31.9,54.5,2.5));
#2677 = DIRECTION('',(0.,0.,1.));
#2678 = DIRECTION('',(1.,0.,-0.));
#2679 = ORIENTED_EDGE('',*,*,#2680,.F.);
#2680 = EDGE_CURVE('',#2681,#2670,#2683,.T.);
#2681 = VERTEX_POINT('',#2682);
#2682 = CARTESIAN_POINT('',(30.241687604822,57.,2.5));
#2683 = CIRCLE('',#2684,3.);
#2684 = AXIS2_PLACEMENT_3D('',#2685,#2686,#2687);
#2685 = CARTESIAN_POINT('',(31.9,54.5,2.5));
#2686 = DIRECTION('',(0.,0.,1.));
#2687 = DIRECTION('',(1.,0.,-0.));
#2688 = ORIENTED_EDGE('',*,*,#2689,.F.);
#2689 = EDGE_CURVE('',#2690,#2681,#2692,.T.);
#2690 = VERTEX_POINT('',#2691);
#2691 = CARTESIAN_POINT('',(7.,57.,2.5));
#2692 = LINE('',#2693,#2694);
#2693 = CARTESIAN_POINT('',(7.,57.,2.5));
#2694 = VECTOR('',#2695,1.);
#2695 = DIRECTION('',(1.,0.,-0.));
#2696 = ORIENTED_EDGE('',*,*,#2697,.T.);
#2697 = EDGE_CURVE('',#2690,#2698,#2700,.T.);
#2698 = VERTEX_POINT('',#2699);
#2699 = CARTESIAN_POINT('',(7.,79.,2.5));
#2700 = LINE('',#2701,#2702);
#2701 = CARTESIAN_POINT('',(7.,57.,2.5));
#2702 = VECTOR('',#2703,1.);
#2703 = DIRECTION('',(-0.,1.,0.));
#2704 = ORIENTED_EDGE('',*,*,#2705,.T.);
#2705 = EDGE_CURVE('',#2698,#2706,#2708,.T.);
#2706 = VERTEX_POINT('',#2707);
#2707 = CARTESIAN_POINT('',(8.496376050841,79.,2.5));
#2708 = LINE('',#2709,#2710);
#2709 = CARTESIAN_POINT('',(7.,79.,2.5));
#2710 = VECTOR('',#2711,1.);
#2711 = DIRECTION('',(1.,0.,-0.));
#2712 = ORIENTED_EDGE('',*,*,#2713,.F.);
#2713 = EDGE_CURVE('',#2714,#2706,#2716,.T.);
#2714 = VERTEX_POINT('',#2715);
#2715 = CARTESIAN_POINT('',(15.275,80.225,2.5));
#2716 = CIRCLE('',#2717,3.5);
#2717 = AXIS2_PLACEMENT_3D('',#2718,#2719,#2720);
#2718 = CARTESIAN_POINT('',(11.775,80.225,2.5));
#2719 = DIRECTION('',(0.,0.,1.));
#2720 = DIRECTION('',(1.,0.,-0.));
#2721 = ORIENTED_EDGE('',*,*,#2722,.F.);
#2722 = EDGE_CURVE('',#2723,#2714,#2725,.T.);
#2723 = VERTEX_POINT('',#2724);
#2724 = CARTESIAN_POINT('',(15.053623949159,79.,2.5));
#2725 = CIRCLE('',#2726,3.5);
#2726 = AXIS2_PLACEMENT_3D('',#2727,#2728,#2729);
#2727 = CARTESIAN_POINT('',(11.775,80.225,2.5));
#2728 = DIRECTION('',(0.,0.,1.));
#2729 = DIRECTION('',(1.,0.,-0.));
#2730 = ORIENTED_EDGE('',*,*,#2731,.T.);
#2731 = EDGE_CURVE('',#2723,#2732,#2734,.T.);
#2732 = VERTEX_POINT('',#2733);
#2733 = CARTESIAN_POINT('',(32.,79.,2.5));
#2734 = LINE('',#2735,#2736);
#2735 = CARTESIAN_POINT('',(7.,79.,2.5));
#2736 = VECTOR('',#2737,1.);
#2737 = DIRECTION('',(1.,0.,-0.));
#2738 = ORIENTED_EDGE('',*,*,#2739,.F.);
#2739 = EDGE_CURVE('',#2672,#2732,#2740,.T.);
#2740 = LINE('',#2741,#2742);
#2741 = CARTESIAN_POINT('',(32.,57.,2.5));
#2742 = VECTOR('',#2743,1.);
#2743 = DIRECTION('',(-0.,1.,0.));
#2744 = FACE_BOUND('',#2745,.T.);
#2745 = EDGE_LOOP('',(#2746));
#2746 = ORIENTED_EDGE('',*,*,#2747,.F.);
#2747 = EDGE_CURVE('',#2748,#2748,#2750,.T.);
#2748 = VERTEX_POINT('',#2749);
#2749 = CARTESIAN_POINT('',(92.9,54.5,2.5));
#2750 = CIRCLE('',#2751,3.);
#2751 = AXIS2_PLACEMENT_3D('',#2752,#2753,#2754);
#2752 = CARTESIAN_POINT('',(89.9,54.5,2.5));
#2753 = DIRECTION('',(0.,0.,1.));
#2754 = DIRECTION('',(1.,0.,-0.));
#2755 = FACE_BOUND('',#2756,.T.);
#2756 = EDGE_LOOP('',(#2757));
#2757 = ORIENTED_EDGE('',*,*,#2758,.F.);
#2758 = EDGE_CURVE('',#2759,#2759,#2761,.T.);
#2759 = VERTEX_POINT('',#2760);
#2760 = CARTESIAN_POINT('',(94.625,80.225,2.5));
#2761 = CIRCLE('',#2762,3.5);
#2762 = AXIS2_PLACEMENT_3D('',#2763,#2764,#2765);
#2763 = CARTESIAN_POINT('',(91.125,80.225,2.5));
#2764 = DIRECTION('',(0.,0.,1.));
#2765 = DIRECTION('',(1.,0.,-0.));
#2766 = PLANE('',#2767);
#2767 = AXIS2_PLACEMENT_3D('',#2768,#2769,#2770);
#2768 = CARTESIAN_POINT('',(2.,2.,2.5));
#2769 = DIRECTION('',(0.,0.,1.));
#2770 = DIRECTION('',(1.,0.,-0.));
#2771 = ADVANCED_FACE('',(#2772),#2783,.F.);
#2772 = FACE_BOUND('',#2773,.F.);
#2773 = EDGE_LOOP('',(#2774,#2775,#2781,#2782));
#2774 = ORIENTED_EDGE('',*,*,#1390,.F.);
#2775 = ORIENTED_EDGE('',*,*,#2776,.F.);
#2776 = EDGE_CURVE('',#2518,#1391,#2777,.T.);
#2777 = LINE('',#2778,#2779);
#2778 = CARTESIAN_POINT('',(112.05,5.,47.49));
#2779 = VECTOR('',#2780,1.);
#2780 = DIRECTION('',(0.,0.,1.));
#2781 = ORIENTED_EDGE('',*,*,#2517,.T.);
#2782 = ORIENTED_EDGE('',*,*,#2776,.T.);
#2783 = CYLINDRICAL_SURFACE('',#2784,1.05);
#2784 = AXIS2_PLACEMENT_3D('',#2785,#2786,#2787);
#2785 = CARTESIAN_POINT('',(111.,5.,47.49));
#2786 = DIRECTION('',(0.,0.,1.));
#2787 = DIRECTION('',(1.,0.,-0.));
#2788 = ADVANCED_FACE('',(#2789),#2795,.T.);
#2789 = FACE_BOUND('',#2790,.T.);
#2790 = EDGE_LOOP('',(#2791,#2792,#2793,#2794));
#2791 = ORIENTED_EDGE('',*,*,#1416,.F.);
#2792 = ORIENTED_EDGE('',*,*,#2546,.F.);
#2793 = ORIENTED_EDGE('',*,*,#2572,.T.);
#2794 = ORIENTED_EDGE('',*,*,#1793,.T.);
#2795 = CYLINDRICAL_SURFACE('',#2796,4.);
#2796 = AXIS2_PLACEMENT_3D('',#2797,#2798,#2799);
#2797 = CARTESIAN_POINT('',(5.,5.,47.5));
#2798 = DIRECTION('',(0.,0.,1.));
#2799 = DIRECTION('',(1.,0.,-0.));
#2800 = ADVANCED_FACE('',(#2801),#2812,.F.);
#2801 = FACE_BOUND('',#2802,.F.);
#2802 = EDGE_LOOP('',(#2803,#2804,#2810,#2811));
#2803 = ORIENTED_EDGE('',*,*,#1434,.F.);
#2804 = ORIENTED_EDGE('',*,*,#2805,.F.);
#2805 = EDGE_CURVE('',#2591,#1435,#2806,.T.);
#2806 = LINE('',#2807,#2808);
#2807 = CARTESIAN_POINT('',(6.05,5.,47.49));
#2808 = VECTOR('',#2809,1.);
#2809 = DIRECTION('',(0.,0.,1.));
#2810 = ORIENTED_EDGE('',*,*,#2590,.T.);
#2811 = ORIENTED_EDGE('',*,*,#2805,.T.);
#2812 = CYLINDRICAL_SURFACE('',#2813,1.05);
#2813 = AXIS2_PLACEMENT_3D('',#2814,#2815,#2816);
#2814 = CARTESIAN_POINT('',(5.,5.,47.49));
#2815 = DIRECTION('',(0.,0.,1.));
#2816 = DIRECTION('',(1.,0.,-0.));
#2817 = ADVANCED_FACE('',(#2818),#2830,.T.);
#2818 = FACE_BOUND('',#2819,.T.);
#2819 = EDGE_LOOP('',(#2820,#2821,#2822,#2823));
#2820 = ORIENTED_EDGE('',*,*,#1483,.T.);
#2821 = ORIENTED_EDGE('',*,*,#1553,.F.);
#2822 = ORIENTED_EDGE('',*,*,#1618,.F.);
#2823 = ORIENTED_EDGE('',*,*,#2824,.T.);
#2824 = EDGE_CURVE('',#1619,#1476,#2825,.T.);
#2825 = CIRCLE('',#2826,4.);
#2826 = AXIS2_PLACEMENT_3D('',#2827,#2828,#2829);
#2827 = CARTESIAN_POINT('',(111.,81.,47.5));
#2828 = DIRECTION('',(0.,0.,1.));
#2829 = DIRECTION('',(1.,0.,-0.));
#2830 = CYLINDRICAL_SURFACE('',#2831,4.);
#2831 = AXIS2_PLACEMENT_3D('',#2832,#2833,#2834);
#2832 = CARTESIAN_POINT('',(111.,81.,47.5));
#2833 = DIRECTION('',(0.,0.,1.));
#2834 = DIRECTION('',(1.,0.,-0.));
#2835 = ADVANCED_FACE('',(#2836,#2848),#2859,.F.);
#2836 = FACE_BOUND('',#2837,.F.);
#2837 = EDGE_LOOP('',(#2838,#2839,#2846,#2847));
#2838 = ORIENTED_EDGE('',*,*,#1475,.T.);
#2839 = ORIENTED_EDGE('',*,*,#2840,.T.);
#2840 = EDGE_CURVE('',#1468,#1627,#2841,.T.);
#2841 = CIRCLE('',#2842,4.);
#2842 = AXIS2_PLACEMENT_3D('',#2843,#2844,#2845);
#2843 = CARTESIAN_POINT('',(111.,81.,47.5));
#2844 = DIRECTION('',(0.,0.,1.));
#2845 = DIRECTION('',(1.,0.,-0.));
#2846 = ORIENTED_EDGE('',*,*,#1626,.T.);
#2847 = ORIENTED_EDGE('',*,*,#2824,.T.);
#2848 = FACE_BOUND('',#2849,.F.);
#2849 = EDGE_LOOP('',(#2850));
#2850 = ORIENTED_EDGE('',*,*,#2851,.F.);
#2851 = EDGE_CURVE('',#2852,#2852,#2854,.T.);
#2852 = VERTEX_POINT('',#2853);
#2853 = CARTESIAN_POINT('',(112.05,81.,47.5));
#2854 = CIRCLE('',#2855,1.05);
#2855 = AXIS2_PLACEMENT_3D('',#2856,#2857,#2858);
#2856 = CARTESIAN_POINT('',(111.,81.,47.5));
#2857 = DIRECTION('',(0.,0.,1.));
#2858 = DIRECTION('',(1.,0.,-0.));
#2859 = PLANE('',#2860);
#2860 = AXIS2_PLACEMENT_3D('',#2861,#2862,#2863);
#2861 = CARTESIAN_POINT('',(111.,81.,47.5));
#2862 = DIRECTION('',(0.,0.,1.));
#2863 = DIRECTION('',(1.,0.,-0.));
#2864 = ADVANCED_FACE('',(#2865),#2871,.T.);
#2865 = FACE_BOUND('',#2866,.T.);
#2866 = EDGE_LOOP('',(#2867,#2868,#2869,#2870));
#2867 = ORIENTED_EDGE('',*,*,#1545,.F.);
#2868 = ORIENTED_EDGE('',*,*,#1467,.F.);
#2869 = ORIENTED_EDGE('',*,*,#2840,.T.);
#2870 = ORIENTED_EDGE('',*,*,#1634,.T.);
#2871 = CYLINDRICAL_SURFACE('',#2872,4.);
#2872 = AXIS2_PLACEMENT_3D('',#2873,#2874,#2875);
#2873 = CARTESIAN_POINT('',(111.,81.,47.5));
#2874 = DIRECTION('',(0.,0.,1.));
#2875 = DIRECTION('',(1.,0.,-0.));
#2876 = ADVANCED_FACE('',(#2877),#2888,.F.);
#2877 = FACE_BOUND('',#2878,.F.);
#2878 = EDGE_LOOP('',(#2879,#2880,#2886,#2887));
#2879 = ORIENTED_EDGE('',*,*,#1562,.F.);
#2880 = ORIENTED_EDGE('',*,*,#2881,.F.);
#2881 = EDGE_CURVE('',#2852,#1563,#2882,.T.);
#2882 = LINE('',#2883,#2884);
#2883 = CARTESIAN_POINT('',(112.05,81.,47.49));
#2884 = VECTOR('',#2885,1.);
#2885 = DIRECTION('',(0.,0.,1.));
#2886 = ORIENTED_EDGE('',*,*,#2851,.T.);
#2887 = ORIENTED_EDGE('',*,*,#2881,.T.);
#2888 = CYLINDRICAL_SURFACE('',#2889,1.05);
#2889 = AXIS2_PLACEMENT_3D('',#2890,#2891,#2892);
#2890 = CARTESIAN_POINT('',(111.,81.,47.49));
#2891 = DIRECTION('',(0.,0.,1.));
#2892 = DIRECTION('',(1.,0.,-0.));
#2893 = ADVANCED_FACE('',(#2894),#2906,.T.);
#2894 = FACE_BOUND('',#2895,.T.);
#2895 = EDGE_LOOP('',(#2896,#2897,#2898,#2905));
#2896 = ORIENTED_EDGE('',*,*,#1734,.F.);
#2897 = ORIENTED_EDGE('',*,*,#1595,.F.);
#2898 = ORIENTED_EDGE('',*,*,#2899,.T.);
#2899 = EDGE_CURVE('',#1596,#1771,#2900,.T.);
#2900 = CIRCLE('',#2901,4.);
#2901 = AXIS2_PLACEMENT_3D('',#2902,#2903,#2904);
#2902 = CARTESIAN_POINT('',(5.,81.,47.5));
#2903 = DIRECTION('',(0.,0.,1.));
#2904 = DIRECTION('',(1.,0.,-0.));
#2905 = ORIENTED_EDGE('',*,*,#1770,.T.);
#2906 = CYLINDRICAL_SURFACE('',#2907,4.);
#2907 = AXIS2_PLACEMENT_3D('',#2908,#2909,#2910);
#2908 = CARTESIAN_POINT('',(5.,81.,47.5));
#2909 = DIRECTION('',(0.,0.,1.));
#2910 = DIRECTION('',(1.,0.,-0.));
#2911 = ADVANCED_FACE('',(#2912,#2933),#2944,.F.);
#2912 = FACE_BOUND('',#2913,.F.);
#2913 = EDGE_LOOP('',(#2914,#2923,#2930,#2931,#2932));
#2914 = ORIENTED_EDGE('',*,*,#2915,.T.);
#2915 = EDGE_CURVE('',#1779,#2916,#2918,.T.);
#2916 = VERTEX_POINT('',#2917);
#2917 = CARTESIAN_POINT('',(9.,81.,47.5));
#2918 = CIRCLE('',#2919,4.);
#2919 = AXIS2_PLACEMENT_3D('',#2920,#2921,#2922);
#2920 = CARTESIAN_POINT('',(5.,81.,47.5));
#2921 = DIRECTION('',(0.,0.,1.));
#2922 = DIRECTION('',(1.,0.,-0.));
#2923 = ORIENTED_EDGE('',*,*,#2924,.T.);
#2924 = EDGE_CURVE('',#2916,#1604,#2925,.T.);
#2925 = CIRCLE('',#2926,4.);
#2926 = AXIS2_PLACEMENT_3D('',#2927,#2928,#2929);
#2927 = CARTESIAN_POINT('',(5.,81.,47.5));
#2928 = DIRECTION('',(0.,0.,1.));
#2929 = DIRECTION('',(1.,0.,-0.));
#2930 = ORIENTED_EDGE('',*,*,#1603,.T.);
#2931 = ORIENTED_EDGE('',*,*,#2899,.T.);
#2932 = ORIENTED_EDGE('',*,*,#1778,.F.);
#2933 = FACE_BOUND('',#2934,.F.);
#2934 = EDGE_LOOP('',(#2935));
#2935 = ORIENTED_EDGE('',*,*,#2936,.F.);
#2936 = EDGE_CURVE('',#2937,#2937,#2939,.T.);
#2937 = VERTEX_POINT('',#2938);
#2938 = CARTESIAN_POINT('',(6.05,81.,47.5));
#2939 = CIRCLE('',#2940,1.05);
#2940 = AXIS2_PLACEMENT_3D('',#2941,#2942,#2943);
#2941 = CARTESIAN_POINT('',(5.,81.,47.5));
#2942 = DIRECTION('',(0.,0.,1.));
#2943 = DIRECTION('',(1.,0.,-0.));
#2944 = PLANE('',#2945);
#2945 = AXIS2_PLACEMENT_3D('',#2946,#2947,#2948);
#2946 = CARTESIAN_POINT('',(5.,81.,47.5));
#2947 = DIRECTION('',(0.,0.,1.));
#2948 = DIRECTION('',(1.,0.,-0.));
#2949 = ADVANCED_FACE('',(#2950),#2961,.T.);
#2950 = FACE_BOUND('',#2951,.T.);
#2951 = EDGE_LOOP('',(#2952,#2953,#2959,#2960));
#2952 = ORIENTED_EDGE('',*,*,#1726,.F.);
#2953 = ORIENTED_EDGE('',*,*,#2954,.F.);
#2954 = EDGE_CURVE('',#2916,#1718,#2955,.T.);
#2955 = LINE('',#2956,#2957);
#2956 = CARTESIAN_POINT('',(9.,81.,47.5));
#2957 = VECTOR('',#2958,1.);
#2958 = DIRECTION('',(0.,0.,1.));
#2959 = ORIENTED_EDGE('',*,*,#2924,.T.);
#2960 = ORIENTED_EDGE('',*,*,#1611,.T.);
#2961 = CYLINDRICAL_SURFACE('',#2962,4.);
#2962 = AXIS2_PLACEMENT_3D('',#2963,#2964,#2965);
#2963 = CARTESIAN_POINT('',(5.,81.,47.5));
#2964 = DIRECTION('',(0.,0.,1.));
#2965 = DIRECTION('',(1.,0.,-0.));
#2966 = ADVANCED_FACE('',(#2967),#2992,.F.);
#2967 = FACE_BOUND('',#2968,.F.);
#2968 = EDGE_LOOP('',(#2969,#2979,#2985,#2986));
#2969 = ORIENTED_EDGE('',*,*,#2970,.F.);
#2970 = EDGE_CURVE('',#2971,#2973,#2975,.T.);
#2971 = VERTEX_POINT('',#2972);
#2972 = CARTESIAN_POINT('',(7.,78.,34.5));
#2973 = VERTEX_POINT('',#2974);
#2974 = CARTESIAN_POINT('',(7.,78.,37.5));
#2975 = LINE('',#2976,#2977);
#2976 = CARTESIAN_POINT('',(7.,78.,34.5));
#2977 = VECTOR('',#2978,1.);
#2978 = DIRECTION('',(0.,0.,1.));
#2979 = ORIENTED_EDGE('',*,*,#2980,.T.);
#2980 = EDGE_CURVE('',#2971,#1678,#2981,.T.);
#2981 = LINE('',#2982,#2983);
#2982 = CARTESIAN_POINT('',(7.,78.,34.5));
#2983 = VECTOR('',#2984,1.);
#2984 = DIRECTION('',(-0.,1.,0.));
#2985 = ORIENTED_EDGE('',*,*,#1677,.T.);
#2986 = ORIENTED_EDGE('',*,*,#2987,.F.);
#2987 = EDGE_CURVE('',#2973,#1680,#2988,.T.);
#2988 = LINE('',#2989,#2990);
#2989 = CARTESIAN_POINT('',(7.,78.,37.5));
#2990 = VECTOR('',#2991,1.);
#2991 = DIRECTION('',(-0.,1.,0.));
#2992 = PLANE('',#2993);
#2993 = AXIS2_PLACEMENT_3D('',#2994,#2995,#2996);
#2994 = CARTESIAN_POINT('',(7.,78.,34.5));
#2995 = DIRECTION('',(1.,0.,-0.));
#2996 = DIRECTION('',(0.,0.,1.));
#2997 = ADVANCED_FACE('',(#2998),#3068,.F.);
#2998 = FACE_BOUND('',#2999,.F.);
#2999 = EDGE_LOOP('',(#3000,#3001,#3009,#3018,#3027,#3035,#3044,#3053,
    #3061,#3067));
#3000 = ORIENTED_EDGE('',*,*,#2980,.F.);
#3001 = ORIENTED_EDGE('',*,*,#3002,.T.);
#3002 = EDGE_CURVE('',#2971,#3003,#3005,.T.);
#3003 = VERTEX_POINT('',#3004);
#3004 = CARTESIAN_POINT('',(9.073264446693,78.,34.5));
#3005 = LINE('',#3006,#3007);
#3006 = CARTESIAN_POINT('',(7.,78.,34.5));
#3007 = VECTOR('',#3008,1.);
#3008 = DIRECTION('',(1.,0.,-0.));
#3009 = ORIENTED_EDGE('',*,*,#3010,.F.);
#3010 = EDGE_CURVE('',#3011,#3003,#3013,.T.);
#3011 = VERTEX_POINT('',#3012);
#3012 = CARTESIAN_POINT('',(15.275,80.225,34.5));
#3013 = CIRCLE('',#3014,3.5);
#3014 = AXIS2_PLACEMENT_3D('',#3015,#3016,#3017);
#3015 = CARTESIAN_POINT('',(11.775,80.225,34.5));
#3016 = DIRECTION('',(0.,0.,1.));
#3017 = DIRECTION('',(1.,0.,-0.));
#3018 = ORIENTED_EDGE('',*,*,#3019,.F.);
#3019 = EDGE_CURVE('',#3020,#3011,#3022,.T.);
#3020 = VERTEX_POINT('',#3021);
#3021 = CARTESIAN_POINT('',(14.476735553307,78.,34.5));
#3022 = CIRCLE('',#3023,3.5);
#3023 = AXIS2_PLACEMENT_3D('',#3024,#3025,#3026);
#3024 = CARTESIAN_POINT('',(11.775,80.225,34.5));
#3025 = DIRECTION('',(0.,0.,1.));
#3026 = DIRECTION('',(1.,0.,-0.));
#3027 = ORIENTED_EDGE('',*,*,#3028,.T.);
#3028 = EDGE_CURVE('',#3020,#3029,#3031,.T.);
#3029 = VERTEX_POINT('',#3030);
#3030 = CARTESIAN_POINT('',(88.423264446694,78.,34.5));
#3031 = LINE('',#3032,#3033);
#3032 = CARTESIAN_POINT('',(7.,78.,34.5));
#3033 = VECTOR('',#3034,1.);
#3034 = DIRECTION('',(1.,0.,-0.));
#3035 = ORIENTED_EDGE('',*,*,#3036,.F.);
#3036 = EDGE_CURVE('',#3037,#3029,#3039,.T.);
#3037 = VERTEX_POINT('',#3038);
#3038 = CARTESIAN_POINT('',(94.625,80.225,34.5));
#3039 = CIRCLE('',#3040,3.5);
#3040 = AXIS2_PLACEMENT_3D('',#3041,#3042,#3043);
#3041 = CARTESIAN_POINT('',(91.125,80.225,34.5));
#3042 = DIRECTION('',(0.,0.,1.));
#3043 = DIRECTION('',(1.,0.,-0.));
#3044 = ORIENTED_EDGE('',*,*,#3045,.F.);
#3045 = EDGE_CURVE('',#3046,#3037,#3048,.T.);
#3046 = VERTEX_POINT('',#3047);
#3047 = CARTESIAN_POINT('',(93.826735553306,78.,34.5));
#3048 = CIRCLE('',#3049,3.5);
#3049 = AXIS2_PLACEMENT_3D('',#3050,#3051,#3052);
#3050 = CARTESIAN_POINT('',(91.125,80.225,34.5));
#3051 = DIRECTION('',(0.,0.,1.));
#3052 = DIRECTION('',(1.,0.,-0.));
#3053 = ORIENTED_EDGE('',*,*,#3054,.T.);
#3054 = EDGE_CURVE('',#3046,#3055,#3057,.T.);
#3055 = VERTEX_POINT('',#3056);
#3056 = CARTESIAN_POINT('',(97.4,78.,34.5));
#3057 = LINE('',#3058,#3059);
#3058 = CARTESIAN_POINT('',(7.,78.,34.5));
#3059 = VECTOR('',#3060,1.);
#3060 = DIRECTION('',(1.,0.,-0.));
#3061 = ORIENTED_EDGE('',*,*,#3062,.T.);
#3062 = EDGE_CURVE('',#3055,#1688,#3063,.T.);
#3063 = LINE('',#3064,#3065);
#3064 = CARTESIAN_POINT('',(97.4,78.,34.5));
#3065 = VECTOR('',#3066,1.);
#3066 = DIRECTION('',(-0.,1.,0.));
#3067 = ORIENTED_EDGE('',*,*,#1687,.F.);
#3068 = PLANE('',#3069);
#3069 = AXIS2_PLACEMENT_3D('',#3070,#3071,#3072);
#3070 = CARTESIAN_POINT('',(7.,78.,34.5));
#3071 = DIRECTION('',(0.,0.,1.));
#3072 = DIRECTION('',(1.,0.,-0.));
#3073 = ADVANCED_FACE('',(#3074),#3144,.T.);
#3074 = FACE_BOUND('',#3075,.T.);
#3075 = EDGE_LOOP('',(#3076,#3077,#3085,#3094,#3103,#3111,#3120,#3129,
    #3137,#3143));
#3076 = ORIENTED_EDGE('',*,*,#2987,.F.);
#3077 = ORIENTED_EDGE('',*,*,#3078,.T.);
#3078 = EDGE_CURVE('',#2973,#3079,#3081,.T.);
#3079 = VERTEX_POINT('',#3080);
#3080 = CARTESIAN_POINT('',(9.073264446693,78.,37.5));
#3081 = LINE('',#3082,#3083);
#3082 = CARTESIAN_POINT('',(7.,78.,37.5));
#3083 = VECTOR('',#3084,1.);
#3084 = DIRECTION('',(1.,0.,-0.));
#3085 = ORIENTED_EDGE('',*,*,#3086,.F.);
#3086 = EDGE_CURVE('',#3087,#3079,#3089,.T.);
#3087 = VERTEX_POINT('',#3088);
#3088 = CARTESIAN_POINT('',(15.275,80.225,37.5));
#3089 = CIRCLE('',#3090,3.5);
#3090 = AXIS2_PLACEMENT_3D('',#3091,#3092,#3093);
#3091 = CARTESIAN_POINT('',(11.775,80.225,37.5));
#3092 = DIRECTION('',(0.,0.,1.));
#3093 = DIRECTION('',(1.,0.,-0.));
#3094 = ORIENTED_EDGE('',*,*,#3095,.F.);
#3095 = EDGE_CURVE('',#3096,#3087,#3098,.T.);
#3096 = VERTEX_POINT('',#3097);
#3097 = CARTESIAN_POINT('',(14.476735553306,78.,37.5));
#3098 = CIRCLE('',#3099,3.5);
#3099 = AXIS2_PLACEMENT_3D('',#3100,#3101,#3102);
#3100 = CARTESIAN_POINT('',(11.775,80.225,37.5));
#3101 = DIRECTION('',(0.,0.,1.));
#3102 = DIRECTION('',(1.,0.,-0.));
#3103 = ORIENTED_EDGE('',*,*,#3104,.T.);
#3104 = EDGE_CURVE('',#3096,#3105,#3107,.T.);
#3105 = VERTEX_POINT('',#3106);
#3106 = CARTESIAN_POINT('',(88.423264446693,78.,37.5));
#3107 = LINE('',#3108,#3109);
#3108 = CARTESIAN_POINT('',(7.,78.,37.5));
#3109 = VECTOR('',#3110,1.);
#3110 = DIRECTION('',(1.,0.,-0.));
#3111 = ORIENTED_EDGE('',*,*,#3112,.F.);
#3112 = EDGE_CURVE('',#3113,#3105,#3115,.T.);
#3113 = VERTEX_POINT('',#3114);
#3114 = CARTESIAN_POINT('',(94.625,80.225,37.5));
#3115 = CIRCLE('',#3116,3.5);
#3116 = AXIS2_PLACEMENT_3D('',#3117,#3118,#3119);
#3117 = CARTESIAN_POINT('',(91.125,80.225,37.5));
#3118 = DIRECTION('',(0.,0.,1.));
#3119 = DIRECTION('',(1.,0.,-0.));
#3120 = ORIENTED_EDGE('',*,*,#3121,.F.);
#3121 = EDGE_CURVE('',#3122,#3113,#3124,.T.);
#3122 = VERTEX_POINT('',#3123);
#3123 = CARTESIAN_POINT('',(93.826735553306,78.,37.5));
#3124 = CIRCLE('',#3125,3.5);
#3125 = AXIS2_PLACEMENT_3D('',#3126,#3127,#3128);
#3126 = CARTESIAN_POINT('',(91.125,80.225,37.5));
#3127 = DIRECTION('',(0.,0.,1.));
#3128 = DIRECTION('',(1.,0.,-0.));
#3129 = ORIENTED_EDGE('',*,*,#3130,.T.);
#3130 = EDGE_CURVE('',#3122,#3131,#3133,.T.);
#3131 = VERTEX_POINT('',#3132);
#3132 = CARTESIAN_POINT('',(97.4,78.,37.5));
#3133 = LINE('',#3134,#3135);
#3134 = CARTESIAN_POINT('',(7.,78.,37.5));
#3135 = VECTOR('',#3136,1.);
#3136 = DIRECTION('',(1.,0.,-0.));
#3137 = ORIENTED_EDGE('',*,*,#3138,.T.);
#3138 = EDGE_CURVE('',#3131,#1696,#3139,.T.);
#3139 = LINE('',#3140,#3141);
#3140 = CARTESIAN_POINT('',(97.4,78.,37.5));
#3141 = VECTOR('',#3142,1.);
#3142 = DIRECTION('',(-0.,1.,0.));
#3143 = ORIENTED_EDGE('',*,*,#1703,.F.);
#3144 = PLANE('',#3145);
#3145 = AXIS2_PLACEMENT_3D('',#3146,#3147,#3148);
#3146 = CARTESIAN_POINT('',(7.,78.,37.5));
#3147 = DIRECTION('',(0.,0.,1.));
#3148 = DIRECTION('',(1.,0.,-0.));
#3149 = ADVANCED_FACE('',(#3150),#3161,.T.);
#3150 = FACE_BOUND('',#3151,.T.);
#3151 = EDGE_LOOP('',(#3152,#3158,#3159,#3160));
#3152 = ORIENTED_EDGE('',*,*,#3153,.F.);
#3153 = EDGE_CURVE('',#3055,#3131,#3154,.T.);
#3154 = LINE('',#3155,#3156);
#3155 = CARTESIAN_POINT('',(97.4,78.,34.5));
#3156 = VECTOR('',#3157,1.);
#3157 = DIRECTION('',(0.,0.,1.));
#3158 = ORIENTED_EDGE('',*,*,#3062,.T.);
#3159 = ORIENTED_EDGE('',*,*,#1695,.T.);
#3160 = ORIENTED_EDGE('',*,*,#3138,.F.);
#3161 = PLANE('',#3162);
#3162 = AXIS2_PLACEMENT_3D('',#3163,#3164,#3165);
#3163 = CARTESIAN_POINT('',(97.4,78.,34.5));
#3164 = DIRECTION('',(1.,0.,-0.));
#3165 = DIRECTION('',(0.,0.,1.));
#3166 = ADVANCED_FACE('',(#3167),#3173,.T.);
#3167 = FACE_BOUND('',#3168,.T.);
#3168 = EDGE_LOOP('',(#3169,#3170,#3171,#3172));
#3169 = ORIENTED_EDGE('',*,*,#2954,.T.);
#3170 = ORIENTED_EDGE('',*,*,#1717,.F.);
#3171 = ORIENTED_EDGE('',*,*,#1786,.F.);
#3172 = ORIENTED_EDGE('',*,*,#2915,.T.);
#3173 = CYLINDRICAL_SURFACE('',#3174,4.);
#3174 = AXIS2_PLACEMENT_3D('',#3175,#3176,#3177);
#3175 = CARTESIAN_POINT('',(5.,81.,47.5));
#3176 = DIRECTION('',(0.,0.,1.));
#3177 = DIRECTION('',(1.,0.,-0.));
#3178 = ADVANCED_FACE('',(#3179),#3190,.F.);
#3179 = FACE_BOUND('',#3180,.F.);
#3180 = EDGE_LOOP('',(#3181,#3182,#3188,#3189));
#3181 = ORIENTED_EDGE('',*,*,#1744,.F.);
#3182 = ORIENTED_EDGE('',*,*,#3183,.F.);
#3183 = EDGE_CURVE('',#2937,#1745,#3184,.T.);
#3184 = LINE('',#3185,#3186);
#3185 = CARTESIAN_POINT('',(6.05,81.,47.49));
#3186 = VECTOR('',#3187,1.);
#3187 = DIRECTION('',(0.,0.,1.));
#3188 = ORIENTED_EDGE('',*,*,#2936,.T.);
#3189 = ORIENTED_EDGE('',*,*,#3183,.T.);
#3190 = CYLINDRICAL_SURFACE('',#3191,1.05);
#3191 = AXIS2_PLACEMENT_3D('',#3192,#3193,#3194);
#3192 = CARTESIAN_POINT('',(5.,81.,47.49));
#3193 = DIRECTION('',(0.,0.,1.));
#3194 = DIRECTION('',(1.,0.,-0.));
#3195 = ADVANCED_FACE('',(#3196),#3207,.T.);
#3196 = FACE_BOUND('',#3197,.T.);
#3197 = EDGE_LOOP('',(#3198,#3199,#3200,#3201));
#3198 = ORIENTED_EDGE('',*,*,#2243,.F.);
#3199 = ORIENTED_EDGE('',*,*,#2260,.T.);
#3200 = ORIENTED_EDGE('',*,*,#1900,.T.);
#3201 = ORIENTED_EDGE('',*,*,#3202,.F.);
#3202 = EDGE_CURVE('',#2212,#1901,#3203,.T.);
#3203 = LINE('',#3204,#3205);
#3204 = CARTESIAN_POINT('',(31.4,85.99,41.5));
#3205 = VECTOR('',#3206,1.);
#3206 = DIRECTION('',(0.,0.,1.));
#3207 = PLANE('',#3208);
#3208 = AXIS2_PLACEMENT_3D('',#3209,#3210,#3211);
#3209 = CARTESIAN_POINT('',(8.2,85.99,41.5));
#3210 = DIRECTION('',(-0.,1.,0.));
#3211 = DIRECTION('',(0.,0.,1.));
#3212 = ADVANCED_FACE('',(#3213),#3224,.T.);
#3213 = FACE_BOUND('',#3214,.T.);
#3214 = EDGE_LOOP('',(#3215,#3216,#3217,#3218));
#3215 = ORIENTED_EDGE('',*,*,#2219,.F.);
#3216 = ORIENTED_EDGE('',*,*,#3202,.T.);
#3217 = ORIENTED_EDGE('',*,*,#1924,.T.);
#3218 = ORIENTED_EDGE('',*,*,#3219,.F.);
#3219 = EDGE_CURVE('',#2188,#1925,#3220,.T.);
#3220 = LINE('',#3221,#3222);
#3221 = CARTESIAN_POINT('',(38.2,85.99,41.5));
#3222 = VECTOR('',#3223,1.);
#3223 = DIRECTION('',(0.,0.,1.));
#3224 = PLANE('',#3225);
#3225 = AXIS2_PLACEMENT_3D('',#3226,#3227,#3228);
#3226 = CARTESIAN_POINT('',(8.2,85.99,41.5));
#3227 = DIRECTION('',(-0.,1.,0.));
#3228 = DIRECTION('',(0.,0.,1.));
#3229 = ADVANCED_FACE('',(#3230),#3241,.T.);
#3230 = FACE_BOUND('',#3231,.T.);
#3231 = EDGE_LOOP('',(#3232,#3233,#3234,#3235));
#3232 = ORIENTED_EDGE('',*,*,#2195,.F.);
#3233 = ORIENTED_EDGE('',*,*,#3219,.T.);
#3234 = ORIENTED_EDGE('',*,*,#1948,.T.);
#3235 = ORIENTED_EDGE('',*,*,#3236,.F.);
#3236 = EDGE_CURVE('',#2164,#1949,#3237,.T.);
#3237 = LINE('',#3238,#3239);
#3238 = CARTESIAN_POINT('',(54.6,85.99,41.5));
#3239 = VECTOR('',#3240,1.);
#3240 = DIRECTION('',(0.,0.,1.));
#3241 = PLANE('',#3242);
#3242 = AXIS2_PLACEMENT_3D('',#3243,#3244,#3245);
#3243 = CARTESIAN_POINT('',(31.4,85.99,41.5));
#3244 = DIRECTION('',(-0.,1.,0.));
#3245 = DIRECTION('',(0.,0.,1.));
#3246 = ADVANCED_FACE('',(#3247),#3258,.T.);
#3247 = FACE_BOUND('',#3248,.T.);
#3248 = EDGE_LOOP('',(#3249,#3250,#3251,#3252));
#3249 = ORIENTED_EDGE('',*,*,#2171,.F.);
#3250 = ORIENTED_EDGE('',*,*,#3236,.T.);
#3251 = ORIENTED_EDGE('',*,*,#1972,.T.);
#3252 = ORIENTED_EDGE('',*,*,#3253,.F.);
#3253 = EDGE_CURVE('',#2140,#1973,#3254,.T.);
#3254 = LINE('',#3255,#3256);
#3255 = CARTESIAN_POINT('',(61.4,85.99,41.5));
#3256 = VECTOR('',#3257,1.);
#3257 = DIRECTION('',(0.,0.,1.));
#3258 = PLANE('',#3259);
#3259 = AXIS2_PLACEMENT_3D('',#3260,#3261,#3262);
#3260 = CARTESIAN_POINT('',(31.4,85.99,41.5));
#3261 = DIRECTION('',(-0.,1.,0.));
#3262 = DIRECTION('',(0.,0.,1.));
#3263 = ADVANCED_FACE('',(#3264),#3275,.T.);
#3264 = FACE_BOUND('',#3265,.T.);
#3265 = EDGE_LOOP('',(#3266,#3267,#3268,#3269));
#3266 = ORIENTED_EDGE('',*,*,#2147,.F.);
#3267 = ORIENTED_EDGE('',*,*,#3253,.T.);
#3268 = ORIENTED_EDGE('',*,*,#1996,.T.);
#3269 = ORIENTED_EDGE('',*,*,#3270,.F.);
#3270 = EDGE_CURVE('',#2116,#1997,#3271,.T.);
#3271 = LINE('',#3272,#3273);
#3272 = CARTESIAN_POINT('',(77.8,85.99,41.5));
#3273 = VECTOR('',#3274,1.);
#3274 = DIRECTION('',(0.,0.,1.));
#3275 = PLANE('',#3276);
#3276 = AXIS2_PLACEMENT_3D('',#3277,#3278,#3279);
#3277 = CARTESIAN_POINT('',(54.6,85.99,41.5));
#3278 = DIRECTION('',(-0.,1.,0.));
#3279 = DIRECTION('',(0.,0.,1.));
#3280 = ADVANCED_FACE('',(#3281),#3292,.T.);
#3281 = FACE_BOUND('',#3282,.T.);
#3282 = EDGE_LOOP('',(#3283,#3284,#3285,#3286));
#3283 = ORIENTED_EDGE('',*,*,#2123,.F.);
#3284 = ORIENTED_EDGE('',*,*,#3270,.T.);
#3285 = ORIENTED_EDGE('',*,*,#2020,.T.);
#3286 = ORIENTED_EDGE('',*,*,#3287,.F.);
#3287 = EDGE_CURVE('',#2092,#2021,#3288,.T.);
#3288 = LINE('',#3289,#3290);
#3289 = CARTESIAN_POINT('',(84.6,85.99,41.5));
#3290 = VECTOR('',#3291,1.);
#3291 = DIRECTION('',(0.,0.,1.));
#3292 = PLANE('',#3293);
#3293 = AXIS2_PLACEMENT_3D('',#3294,#3295,#3296);
#3294 = CARTESIAN_POINT('',(54.6,85.99,41.5));
#3295 = DIRECTION('',(-0.,1.,0.));
#3296 = DIRECTION('',(0.,0.,1.));
#3297 = ADVANCED_FACE('',(#3298),#3304,.T.);
#3298 = FACE_BOUND('',#3299,.T.);
#3299 = EDGE_LOOP('',(#3300,#3301,#3302,#3303));
#3300 = ORIENTED_EDGE('',*,*,#2099,.F.);
#3301 = ORIENTED_EDGE('',*,*,#3287,.T.);
#3302 = ORIENTED_EDGE('',*,*,#2044,.T.);
#3303 = ORIENTED_EDGE('',*,*,#2068,.F.);
#3304 = PLANE('',#3305);
#3305 = AXIS2_PLACEMENT_3D('',#3306,#3307,#3308);
#3306 = CARTESIAN_POINT('',(77.8,85.99,41.5));
#3307 = DIRECTION('',(-0.,1.,0.));
#3308 = DIRECTION('',(0.,0.,1.));
#3309 = ADVANCED_FACE('',(#3310),#3329,.T.);
#3310 = FACE_BOUND('',#3311,.T.);
#3311 = EDGE_LOOP('',(#3312,#3321,#3327,#3328));
#3312 = ORIENTED_EDGE('',*,*,#3313,.F.);
#3313 = EDGE_CURVE('',#3314,#3314,#3316,.T.);
#3314 = VERTEX_POINT('',#3315);
#3315 = CARTESIAN_POINT('',(34.9,5.5,14.5));
#3316 = CIRCLE('',#3317,3.);
#3317 = AXIS2_PLACEMENT_3D('',#3318,#3319,#3320);
#3318 = CARTESIAN_POINT('',(31.9,5.5,14.5));
#3319 = DIRECTION('',(0.,0.,1.));
#3320 = DIRECTION('',(1.,0.,-0.));
#3321 = ORIENTED_EDGE('',*,*,#3322,.F.);
#3322 = EDGE_CURVE('',#2626,#3314,#3323,.T.);
#3323 = LINE('',#3324,#3325);
#3324 = CARTESIAN_POINT('',(34.9,5.5,2.5));
#3325 = VECTOR('',#3326,1.);
#3326 = DIRECTION('',(0.,0.,1.));
#3327 = ORIENTED_EDGE('',*,*,#2625,.T.);
#3328 = ORIENTED_EDGE('',*,*,#3322,.T.);
#3329 = CYLINDRICAL_SURFACE('',#3330,3.);
#3330 = AXIS2_PLACEMENT_3D('',#3331,#3332,#3333);
#3331 = CARTESIAN_POINT('',(31.9,5.5,2.5));
#3332 = DIRECTION('',(0.,0.,1.));
#3333 = DIRECTION('',(1.,0.,-0.));
#3334 = ADVANCED_FACE('',(#3335),#3354,.T.);
#3335 = FACE_BOUND('',#3336,.T.);
#3336 = EDGE_LOOP('',(#3337,#3346,#3352,#3353));
#3337 = ORIENTED_EDGE('',*,*,#3338,.F.);
#3338 = EDGE_CURVE('',#3339,#3339,#3341,.T.);
#3339 = VERTEX_POINT('',#3340);
#3340 = CARTESIAN_POINT('',(15.275,42.815,37.5));
#3341 = CIRCLE('',#3342,3.5);
#3342 = AXIS2_PLACEMENT_3D('',#3343,#3344,#3345);
#3343 = CARTESIAN_POINT('',(11.775,42.815,37.5));
#3344 = DIRECTION('',(0.,0.,1.));
#3345 = DIRECTION('',(1.,0.,-0.));
#3346 = ORIENTED_EDGE('',*,*,#3347,.F.);
#3347 = EDGE_CURVE('',#2637,#3339,#3348,.T.);
#3348 = LINE('',#3349,#3350);
#3349 = CARTESIAN_POINT('',(15.275,42.815,2.5));
#3350 = VECTOR('',#3351,1.);
#3351 = DIRECTION('',(0.,0.,1.));
#3352 = ORIENTED_EDGE('',*,*,#2636,.T.);
#3353 = ORIENTED_EDGE('',*,*,#3347,.T.);
#3354 = CYLINDRICAL_SURFACE('',#3355,3.5);
#3355 = AXIS2_PLACEMENT_3D('',#3356,#3357,#3358);
#3356 = CARTESIAN_POINT('',(11.775,42.815,2.5));
#3357 = DIRECTION('',(0.,0.,1.));
#3358 = DIRECTION('',(1.,0.,-0.));
#3359 = ADVANCED_FACE('',(#3360),#3379,.T.);
#3360 = FACE_BOUND('',#3361,.T.);
#3361 = EDGE_LOOP('',(#3362,#3371,#3377,#3378));
#3362 = ORIENTED_EDGE('',*,*,#3363,.F.);
#3363 = EDGE_CURVE('',#3364,#3364,#3366,.T.);
#3364 = VERTEX_POINT('',#3365);
#3365 = CARTESIAN_POINT('',(92.9,5.5,14.5));
#3366 = CIRCLE('',#3367,3.);
#3367 = AXIS2_PLACEMENT_3D('',#3368,#3369,#3370);
#3368 = CARTESIAN_POINT('',(89.9,5.5,14.5));
#3369 = DIRECTION('',(0.,0.,1.));
#3370 = DIRECTION('',(1.,0.,-0.));
#3371 = ORIENTED_EDGE('',*,*,#3372,.F.);
#3372 = EDGE_CURVE('',#2648,#3364,#3373,.T.);
#3373 = LINE('',#3374,#3375);
#3374 = CARTESIAN_POINT('',(92.9,5.5,2.5));
#3375 = VECTOR('',#3376,1.);
#3376 = DIRECTION('',(0.,0.,1.));
#3377 = ORIENTED_EDGE('',*,*,#2647,.T.);
#3378 = ORIENTED_EDGE('',*,*,#3372,.T.);
#3379 = CYLINDRICAL_SURFACE('',#3380,3.);
#3380 = AXIS2_PLACEMENT_3D('',#3381,#3382,#3383);
#3381 = CARTESIAN_POINT('',(89.9,5.5,2.5));
#3382 = DIRECTION('',(0.,0.,1.));
#3383 = DIRECTION('',(1.,0.,-0.));
#3384 = ADVANCED_FACE('',(#3385),#3404,.T.);
#3385 = FACE_BOUND('',#3386,.T.);
#3386 = EDGE_LOOP('',(#3387,#3396,#3402,#3403));
#3387 = ORIENTED_EDGE('',*,*,#3388,.F.);
#3388 = EDGE_CURVE('',#3389,#3389,#3391,.T.);
#3389 = VERTEX_POINT('',#3390);
#3390 = CARTESIAN_POINT('',(94.625,42.815,37.5));
#3391 = CIRCLE('',#3392,3.5);
#3392 = AXIS2_PLACEMENT_3D('',#3393,#3394,#3395);
#3393 = CARTESIAN_POINT('',(91.125,42.815,37.5));
#3394 = DIRECTION('',(0.,0.,1.));
#3395 = DIRECTION('',(1.,0.,-0.));
#3396 = ORIENTED_EDGE('',*,*,#3397,.F.);
#3397 = EDGE_CURVE('',#2659,#3389,#3398,.T.);
#3398 = LINE('',#3399,#3400);
#3399 = CARTESIAN_POINT('',(94.625,42.815,2.5));
#3400 = VECTOR('',#3401,1.);
#3401 = DIRECTION('',(0.,0.,1.));
#3402 = ORIENTED_EDGE('',*,*,#2658,.T.);
#3403 = ORIENTED_EDGE('',*,*,#3397,.T.);
#3404 = CYLINDRICAL_SURFACE('',#3405,3.5);
#3405 = AXIS2_PLACEMENT_3D('',#3406,#3407,#3408);
#3406 = CARTESIAN_POINT('',(91.125,42.815,2.5));
#3407 = DIRECTION('',(0.,0.,1.));
#3408 = DIRECTION('',(1.,0.,-0.));
#3409 = ADVANCED_FACE('',(#3410),#3453,.T.);
#3410 = FACE_BOUND('',#3411,.T.);
#3411 = EDGE_LOOP('',(#3412,#3420,#3427,#3428,#3429,#3437,#3446,#3452));
#3412 = ORIENTED_EDGE('',*,*,#3413,.T.);
#3413 = EDGE_CURVE('',#2670,#3414,#3416,.T.);
#3414 = VERTEX_POINT('',#3415);
#3415 = CARTESIAN_POINT('',(34.9,54.5,14.5));
#3416 = LINE('',#3417,#3418);
#3417 = CARTESIAN_POINT('',(34.9,54.5,2.5));
#3418 = VECTOR('',#3419,1.);
#3419 = DIRECTION('',(0.,0.,1.));
#3420 = ORIENTED_EDGE('',*,*,#3421,.F.);
#3421 = EDGE_CURVE('',#3414,#3414,#3422,.T.);
#3422 = CIRCLE('',#3423,3.);
#3423 = AXIS2_PLACEMENT_3D('',#3424,#3425,#3426);
#3424 = CARTESIAN_POINT('',(31.9,54.5,14.5));
#3425 = DIRECTION('',(0.,0.,1.));
#3426 = DIRECTION('',(1.,0.,-0.));
#3427 = ORIENTED_EDGE('',*,*,#3413,.F.);
#3428 = ORIENTED_EDGE('',*,*,#2669,.T.);
#3429 = ORIENTED_EDGE('',*,*,#3430,.T.);
#3430 = EDGE_CURVE('',#2672,#3431,#3433,.T.);
#3431 = VERTEX_POINT('',#3432);
#3432 = CARTESIAN_POINT('',(32.,57.498332870113,6.5));
#3433 = LINE('',#3434,#3435);
#3434 = CARTESIAN_POINT('',(32.,57.498332870113,2.5));
#3435 = VECTOR('',#3436,1.);
#3436 = DIRECTION('',(0.,0.,1.));
#3437 = ORIENTED_EDGE('',*,*,#3438,.T.);
#3438 = EDGE_CURVE('',#3431,#3439,#3441,.T.);
#3439 = VERTEX_POINT('',#3440);
#3440 = CARTESIAN_POINT('',(30.241687604822,57.,6.5));
#3441 = CIRCLE('',#3442,3.);
#3442 = AXIS2_PLACEMENT_3D('',#3443,#3444,#3445);
#3443 = CARTESIAN_POINT('',(31.9,54.5,6.5));
#3444 = DIRECTION('',(0.,0.,1.));
#3445 = DIRECTION('',(1.,0.,-0.));
#3446 = ORIENTED_EDGE('',*,*,#3447,.F.);
#3447 = EDGE_CURVE('',#2681,#3439,#3448,.T.);
#3448 = LINE('',#3449,#3450);
#3449 = CARTESIAN_POINT('',(30.241687604822,57.,2.5));
#3450 = VECTOR('',#3451,1.);
#3451 = DIRECTION('',(0.,0.,1.));
#3452 = ORIENTED_EDGE('',*,*,#2680,.T.);
#3453 = CYLINDRICAL_SURFACE('',#3454,3.);
#3454 = AXIS2_PLACEMENT_3D('',#3455,#3456,#3457);
#3455 = CARTESIAN_POINT('',(31.9,54.5,2.5));
#3456 = DIRECTION('',(0.,0.,1.));
#3457 = DIRECTION('',(1.,0.,-0.));
#3458 = ADVANCED_FACE('',(#3459),#3477,.T.);
#3459 = FACE_BOUND('',#3460,.T.);
#3460 = EDGE_LOOP('',(#3461,#3469,#3470,#3471));
#3461 = ORIENTED_EDGE('',*,*,#3462,.F.);
#3462 = EDGE_CURVE('',#3431,#3463,#3465,.T.);
#3463 = VERTEX_POINT('',#3464);
#3464 = CARTESIAN_POINT('',(32.,79.,6.5));
#3465 = LINE('',#3466,#3467);
#3466 = CARTESIAN_POINT('',(32.,57.,6.5));
#3467 = VECTOR('',#3468,1.);
#3468 = DIRECTION('',(-0.,1.,0.));
#3469 = ORIENTED_EDGE('',*,*,#3430,.F.);
#3470 = ORIENTED_EDGE('',*,*,#2739,.T.);
#3471 = ORIENTED_EDGE('',*,*,#3472,.T.);
#3472 = EDGE_CURVE('',#2732,#3463,#3473,.T.);
#3473 = LINE('',#3474,#3475);
#3474 = CARTESIAN_POINT('',(32.,79.,2.5));
#3475 = VECTOR('',#3476,1.);
#3476 = DIRECTION('',(0.,0.,1.));
#3477 = PLANE('',#3478);
#3478 = AXIS2_PLACEMENT_3D('',#3479,#3480,#3481);
#3479 = CARTESIAN_POINT('',(32.,57.,2.5));
#3480 = DIRECTION('',(1.,0.,-0.));
#3481 = DIRECTION('',(0.,0.,1.));
#3482 = ADVANCED_FACE('',(#3483),#3501,.T.);
#3483 = FACE_BOUND('',#3484,.T.);
#3484 = EDGE_LOOP('',(#3485,#3486,#3494,#3500));
#3485 = ORIENTED_EDGE('',*,*,#2731,.F.);
#3486 = ORIENTED_EDGE('',*,*,#3487,.T.);
#3487 = EDGE_CURVE('',#2723,#3488,#3490,.T.);
#3488 = VERTEX_POINT('',#3489);
#3489 = CARTESIAN_POINT('',(15.053623949159,79.,6.5));
#3490 = LINE('',#3491,#3492);
#3491 = CARTESIAN_POINT('',(15.053623949159,79.,2.5));
#3492 = VECTOR('',#3493,1.);
#3493 = DIRECTION('',(0.,0.,1.));
#3494 = ORIENTED_EDGE('',*,*,#3495,.T.);
#3495 = EDGE_CURVE('',#3488,#3463,#3496,.T.);
#3496 = LINE('',#3497,#3498);
#3497 = CARTESIAN_POINT('',(7.,79.,6.5));
#3498 = VECTOR('',#3499,1.);
#3499 = DIRECTION('',(1.,0.,-0.));
#3500 = ORIENTED_EDGE('',*,*,#3472,.F.);
#3501 = PLANE('',#3502);
#3502 = AXIS2_PLACEMENT_3D('',#3503,#3504,#3505);
#3503 = CARTESIAN_POINT('',(7.,79.,2.5));
#3504 = DIRECTION('',(-0.,1.,0.));
#3505 = DIRECTION('',(0.,0.,1.));
#3506 = ADVANCED_FACE('',(#3507),#3555,.T.);
#3507 = FACE_BOUND('',#3508,.T.);
#3508 = EDGE_LOOP('',(#3509,#3516,#3522,#3523,#3529,#3530,#3538,#3545,
    #3546,#3547,#3548,#3549));
#3509 = ORIENTED_EDGE('',*,*,#3510,.F.);
#3510 = EDGE_CURVE('',#3079,#3096,#3511,.T.);
#3511 = CIRCLE('',#3512,3.5);
#3512 = AXIS2_PLACEMENT_3D('',#3513,#3514,#3515);
#3513 = CARTESIAN_POINT('',(11.775,80.225,37.5));
#3514 = DIRECTION('',(0.,0.,1.));
#3515 = DIRECTION('',(1.,0.,-0.));
#3516 = ORIENTED_EDGE('',*,*,#3517,.F.);
#3517 = EDGE_CURVE('',#3003,#3079,#3518,.T.);
#3518 = LINE('',#3519,#3520);
#3519 = CARTESIAN_POINT('',(9.073264446694,78.,2.5));
#3520 = VECTOR('',#3521,1.);
#3521 = DIRECTION('',(0.,0.,1.));
#3522 = ORIENTED_EDGE('',*,*,#3010,.F.);
#3523 = ORIENTED_EDGE('',*,*,#3524,.F.);
#3524 = EDGE_CURVE('',#2714,#3011,#3525,.T.);
#3525 = LINE('',#3526,#3527);
#3526 = CARTESIAN_POINT('',(15.275,80.225,2.5));
#3527 = VECTOR('',#3528,1.);
#3528 = DIRECTION('',(0.,0.,1.));
#3529 = ORIENTED_EDGE('',*,*,#2713,.T.);
#3530 = ORIENTED_EDGE('',*,*,#3531,.T.);
#3531 = EDGE_CURVE('',#2706,#3532,#3534,.T.);
#3532 = VERTEX_POINT('',#3533);
#3533 = CARTESIAN_POINT('',(8.496376050841,79.,6.5));
#3534 = LINE('',#3535,#3536);
#3535 = CARTESIAN_POINT('',(8.496376050841,79.,2.5));
#3536 = VECTOR('',#3537,1.);
#3537 = DIRECTION('',(0.,0.,1.));
#3538 = ORIENTED_EDGE('',*,*,#3539,.T.);
#3539 = EDGE_CURVE('',#3532,#3488,#3540,.T.);
#3540 = CIRCLE('',#3541,3.5);
#3541 = AXIS2_PLACEMENT_3D('',#3542,#3543,#3544);
#3542 = CARTESIAN_POINT('',(11.775,80.225,6.5));
#3543 = DIRECTION('',(0.,0.,1.));
#3544 = DIRECTION('',(1.,0.,-0.));
#3545 = ORIENTED_EDGE('',*,*,#3487,.F.);
#3546 = ORIENTED_EDGE('',*,*,#2722,.T.);
#3547 = ORIENTED_EDGE('',*,*,#3524,.T.);
#3548 = ORIENTED_EDGE('',*,*,#3019,.F.);
#3549 = ORIENTED_EDGE('',*,*,#3550,.T.);
#3550 = EDGE_CURVE('',#3020,#3096,#3551,.T.);
#3551 = LINE('',#3552,#3553);
#3552 = CARTESIAN_POINT('',(14.476735553306,78.,2.5));
#3553 = VECTOR('',#3554,1.);
#3554 = DIRECTION('',(0.,0.,1.));
#3555 = CYLINDRICAL_SURFACE('',#3556,3.5);
#3556 = AXIS2_PLACEMENT_3D('',#3557,#3558,#3559);
#3557 = CARTESIAN_POINT('',(11.775,80.225,2.5));
#3558 = DIRECTION('',(0.,0.,1.));
#3559 = DIRECTION('',(1.,0.,-0.));
#3560 = ADVANCED_FACE('',(#3561),#3579,.T.);
#3561 = FACE_BOUND('',#3562,.T.);
#3562 = EDGE_LOOP('',(#3563,#3564,#3572,#3578));
#3563 = ORIENTED_EDGE('',*,*,#2705,.F.);
#3564 = ORIENTED_EDGE('',*,*,#3565,.T.);
#3565 = EDGE_CURVE('',#2698,#3566,#3568,.T.);
#3566 = VERTEX_POINT('',#3567);
#3567 = CARTESIAN_POINT('',(7.,79.,6.5));
#3568 = LINE('',#3569,#3570);
#3569 = CARTESIAN_POINT('',(7.,79.,2.5));
#3570 = VECTOR('',#3571,1.);
#3571 = DIRECTION('',(0.,0.,1.));
#3572 = ORIENTED_EDGE('',*,*,#3573,.T.);
#3573 = EDGE_CURVE('',#3566,#3532,#3574,.T.);
#3574 = LINE('',#3575,#3576);
#3575 = CARTESIAN_POINT('',(7.,79.,6.5));
#3576 = VECTOR('',#3577,1.);
#3577 = DIRECTION('',(1.,0.,-0.));
#3578 = ORIENTED_EDGE('',*,*,#3531,.F.);
#3579 = PLANE('',#3580);
#3580 = AXIS2_PLACEMENT_3D('',#3581,#3582,#3583);
#3581 = CARTESIAN_POINT('',(7.,79.,2.5));
#3582 = DIRECTION('',(-0.,1.,0.));
#3583 = DIRECTION('',(0.,0.,1.));
#3584 = ADVANCED_FACE('',(#3585),#3603,.F.);
#3585 = FACE_BOUND('',#3586,.F.);
#3586 = EDGE_LOOP('',(#3587,#3595,#3596,#3597));
#3587 = ORIENTED_EDGE('',*,*,#3588,.F.);
#3588 = EDGE_CURVE('',#2690,#3589,#3591,.T.);
#3589 = VERTEX_POINT('',#3590);
#3590 = CARTESIAN_POINT('',(7.,57.,6.5));
#3591 = LINE('',#3592,#3593);
#3592 = CARTESIAN_POINT('',(7.,57.,2.5));
#3593 = VECTOR('',#3594,1.);
#3594 = DIRECTION('',(0.,0.,1.));
#3595 = ORIENTED_EDGE('',*,*,#2697,.T.);
#3596 = ORIENTED_EDGE('',*,*,#3565,.T.);
#3597 = ORIENTED_EDGE('',*,*,#3598,.F.);
#3598 = EDGE_CURVE('',#3589,#3566,#3599,.T.);
#3599 = LINE('',#3600,#3601);
#3600 = CARTESIAN_POINT('',(7.,57.,6.5));
#3601 = VECTOR('',#3602,1.);
#3602 = DIRECTION('',(-0.,1.,0.));
#3603 = PLANE('',#3604);
#3604 = AXIS2_PLACEMENT_3D('',#3605,#3606,#3607);
#3605 = CARTESIAN_POINT('',(7.,57.,2.5));
#3606 = DIRECTION('',(1.,0.,-0.));
#3607 = DIRECTION('',(0.,0.,1.));
#3608 = ADVANCED_FACE('',(#3609),#3620,.F.);
#3609 = FACE_BOUND('',#3610,.F.);
#3610 = EDGE_LOOP('',(#3611,#3612,#3613,#3619));
#3611 = ORIENTED_EDGE('',*,*,#2689,.F.);
#3612 = ORIENTED_EDGE('',*,*,#3588,.T.);
#3613 = ORIENTED_EDGE('',*,*,#3614,.T.);
#3614 = EDGE_CURVE('',#3589,#3439,#3615,.T.);
#3615 = LINE('',#3616,#3617);
#3616 = CARTESIAN_POINT('',(7.,57.,6.5));
#3617 = VECTOR('',#3618,1.);
#3618 = DIRECTION('',(1.,0.,-0.));
#3619 = ORIENTED_EDGE('',*,*,#3447,.F.);
#3620 = PLANE('',#3621);
#3621 = AXIS2_PLACEMENT_3D('',#3622,#3623,#3624);
#3622 = CARTESIAN_POINT('',(7.,57.,2.5));
#3623 = DIRECTION('',(-0.,1.,0.));
#3624 = DIRECTION('',(0.,0.,1.));
#3625 = ADVANCED_FACE('',(#3626),#3645,.T.);
#3626 = FACE_BOUND('',#3627,.T.);
#3627 = EDGE_LOOP('',(#3628,#3637,#3643,#3644));
#3628 = ORIENTED_EDGE('',*,*,#3629,.F.);
#3629 = EDGE_CURVE('',#3630,#3630,#3632,.T.);
#3630 = VERTEX_POINT('',#3631);
#3631 = CARTESIAN_POINT('',(92.9,54.5,14.5));
#3632 = CIRCLE('',#3633,3.);
#3633 = AXIS2_PLACEMENT_3D('',#3634,#3635,#3636);
#3634 = CARTESIAN_POINT('',(89.9,54.5,14.5));
#3635 = DIRECTION('',(0.,0.,1.));
#3636 = DIRECTION('',(1.,0.,-0.));
#3637 = ORIENTED_EDGE('',*,*,#3638,.F.);
#3638 = EDGE_CURVE('',#2748,#3630,#3639,.T.);
#3639 = LINE('',#3640,#3641);
#3640 = CARTESIAN_POINT('',(92.9,54.5,2.5));
#3641 = VECTOR('',#3642,1.);
#3642 = DIRECTION('',(0.,0.,1.));
#3643 = ORIENTED_EDGE('',*,*,#2747,.T.);
#3644 = ORIENTED_EDGE('',*,*,#3638,.T.);
#3645 = CYLINDRICAL_SURFACE('',#3646,3.);
#3646 = AXIS2_PLACEMENT_3D('',#3647,#3648,#3649);
#3647 = CARTESIAN_POINT('',(89.9,54.5,2.5));
#3648 = DIRECTION('',(0.,0.,1.));
#3649 = DIRECTION('',(1.,0.,-0.));
#3650 = ADVANCED_FACE('',(#3651),#3682,.T.);
#3651 = FACE_BOUND('',#3652,.T.);
#3652 = EDGE_LOOP('',(#3653,#3660,#3666,#3667,#3673,#3674,#3675,#3676));
#3653 = ORIENTED_EDGE('',*,*,#3654,.F.);
#3654 = EDGE_CURVE('',#3105,#3122,#3655,.T.);
#3655 = CIRCLE('',#3656,3.5);
#3656 = AXIS2_PLACEMENT_3D('',#3657,#3658,#3659);
#3657 = CARTESIAN_POINT('',(91.125,80.225,37.5));
#3658 = DIRECTION('',(0.,0.,1.));
#3659 = DIRECTION('',(1.,0.,-0.));
#3660 = ORIENTED_EDGE('',*,*,#3661,.F.);
#3661 = EDGE_CURVE('',#3029,#3105,#3662,.T.);
#3662 = LINE('',#3663,#3664);
#3663 = CARTESIAN_POINT('',(88.423264446694,78.,2.5));
#3664 = VECTOR('',#3665,1.);
#3665 = DIRECTION('',(0.,0.,1.));
#3666 = ORIENTED_EDGE('',*,*,#3036,.F.);
#3667 = ORIENTED_EDGE('',*,*,#3668,.F.);
#3668 = EDGE_CURVE('',#2759,#3037,#3669,.T.);
#3669 = LINE('',#3670,#3671);
#3670 = CARTESIAN_POINT('',(94.625,80.225,2.5));
#3671 = VECTOR('',#3672,1.);
#3672 = DIRECTION('',(0.,0.,1.));
#3673 = ORIENTED_EDGE('',*,*,#2758,.T.);
#3674 = ORIENTED_EDGE('',*,*,#3668,.T.);
#3675 = ORIENTED_EDGE('',*,*,#3045,.F.);
#3676 = ORIENTED_EDGE('',*,*,#3677,.T.);
#3677 = EDGE_CURVE('',#3046,#3122,#3678,.T.);
#3678 = LINE('',#3679,#3680);
#3679 = CARTESIAN_POINT('',(93.826735553306,78.,2.5));
#3680 = VECTOR('',#3681,1.);
#3681 = DIRECTION('',(0.,0.,1.));
#3682 = CYLINDRICAL_SURFACE('',#3683,3.5);
#3683 = AXIS2_PLACEMENT_3D('',#3684,#3685,#3686);
#3684 = CARTESIAN_POINT('',(91.125,80.225,2.5));
#3685 = DIRECTION('',(0.,0.,1.));
#3686 = DIRECTION('',(1.,0.,-0.));
#3687 = ADVANCED_FACE('',(#3688),#3694,.F.);
#3688 = FACE_BOUND('',#3689,.F.);
#3689 = EDGE_LOOP('',(#3690,#3691,#3692,#3693));
#3690 = ORIENTED_EDGE('',*,*,#3002,.F.);
#3691 = ORIENTED_EDGE('',*,*,#2970,.T.);
#3692 = ORIENTED_EDGE('',*,*,#3078,.T.);
#3693 = ORIENTED_EDGE('',*,*,#3517,.F.);
#3694 = PLANE('',#3695);
#3695 = AXIS2_PLACEMENT_3D('',#3696,#3697,#3698);
#3696 = CARTESIAN_POINT('',(7.,78.,34.5));
#3697 = DIRECTION('',(-0.,1.,0.));
#3698 = DIRECTION('',(0.,0.,1.));
#3699 = ADVANCED_FACE('',(#3700),#3706,.F.);
#3700 = FACE_BOUND('',#3701,.F.);
#3701 = EDGE_LOOP('',(#3702,#3703,#3704,#3705));
#3702 = ORIENTED_EDGE('',*,*,#3054,.F.);
#3703 = ORIENTED_EDGE('',*,*,#3677,.T.);
#3704 = ORIENTED_EDGE('',*,*,#3130,.T.);
#3705 = ORIENTED_EDGE('',*,*,#3153,.F.);
#3706 = PLANE('',#3707);
#3707 = AXIS2_PLACEMENT_3D('',#3708,#3709,#3710);
#3708 = CARTESIAN_POINT('',(7.,78.,34.5));
#3709 = DIRECTION('',(-0.,1.,0.));
#3710 = DIRECTION('',(0.,0.,1.));
#3711 = ADVANCED_FACE('',(#3712),#3718,.F.);
#3712 = FACE_BOUND('',#3713,.F.);
#3713 = EDGE_LOOP('',(#3714,#3715,#3716,#3717));
#3714 = ORIENTED_EDGE('',*,*,#3028,.F.);
#3715 = ORIENTED_EDGE('',*,*,#3550,.T.);
#3716 = ORIENTED_EDGE('',*,*,#3104,.T.);
#3717 = ORIENTED_EDGE('',*,*,#3661,.F.);
#3718 = PLANE('',#3719);
#3719 = AXIS2_PLACEMENT_3D('',#3720,#3721,#3722);
#3720 = CARTESIAN_POINT('',(7.,78.,34.5));
#3721 = DIRECTION('',(-0.,1.,0.));
#3722 = DIRECTION('',(0.,0.,1.));
#3723 = ADVANCED_FACE('',(#3724,#3734),#3745,.T.);
#3724 = FACE_BOUND('',#3725,.T.);
#3725 = EDGE_LOOP('',(#3726,#3732,#3733));
#3726 = ORIENTED_EDGE('',*,*,#3727,.T.);
#3727 = EDGE_CURVE('',#3105,#3122,#3728,.T.);
#3728 = LINE('',#3729,#3730);
#3729 = CARTESIAN_POINT('',(7.,78.,37.5));
#3730 = VECTOR('',#3731,1.);
#3731 = DIRECTION('',(1.,0.,-0.));
#3732 = ORIENTED_EDGE('',*,*,#3121,.T.);
#3733 = ORIENTED_EDGE('',*,*,#3112,.T.);
#3734 = FACE_BOUND('',#3735,.T.);
#3735 = EDGE_LOOP('',(#3736));
#3736 = ORIENTED_EDGE('',*,*,#3737,.F.);
#3737 = EDGE_CURVE('',#3738,#3738,#3740,.T.);
#3738 = VERTEX_POINT('',#3739);
#3739 = CARTESIAN_POINT('',(92.675,80.225,37.5));
#3740 = CIRCLE('',#3741,1.55);
#3741 = AXIS2_PLACEMENT_3D('',#3742,#3743,#3744);
#3742 = CARTESIAN_POINT('',(91.125,80.225,37.5));
#3743 = DIRECTION('',(0.,0.,1.));
#3744 = DIRECTION('',(1.,0.,-0.));
#3745 = PLANE('',#3746);
#3746 = AXIS2_PLACEMENT_3D('',#3747,#3748,#3749);
#3747 = CARTESIAN_POINT('',(7.,78.,37.5));
#3748 = DIRECTION('',(0.,0.,1.));
#3749 = DIRECTION('',(1.,0.,-0.));
#3750 = ADVANCED_FACE('',(#3751,#3761),#3772,.T.);
#3751 = FACE_BOUND('',#3752,.T.);
#3752 = EDGE_LOOP('',(#3753,#3754,#3760));
#3753 = ORIENTED_EDGE('',*,*,#3086,.T.);
#3754 = ORIENTED_EDGE('',*,*,#3755,.T.);
#3755 = EDGE_CURVE('',#3079,#3096,#3756,.T.);
#3756 = LINE('',#3757,#3758);
#3757 = CARTESIAN_POINT('',(7.,78.,37.5));
#3758 = VECTOR('',#3759,1.);
#3759 = DIRECTION('',(1.,0.,-0.));
#3760 = ORIENTED_EDGE('',*,*,#3095,.T.);
#3761 = FACE_BOUND('',#3762,.T.);
#3762 = EDGE_LOOP('',(#3763));
#3763 = ORIENTED_EDGE('',*,*,#3764,.F.);
#3764 = EDGE_CURVE('',#3765,#3765,#3767,.T.);
#3765 = VERTEX_POINT('',#3766);
#3766 = CARTESIAN_POINT('',(13.325,80.225,37.5));
#3767 = CIRCLE('',#3768,1.55);
#3768 = AXIS2_PLACEMENT_3D('',#3769,#3770,#3771);
#3769 = CARTESIAN_POINT('',(11.775,80.225,37.5));
#3770 = DIRECTION('',(0.,0.,1.));
#3771 = DIRECTION('',(1.,0.,-0.));
#3772 = PLANE('',#3773);
#3773 = AXIS2_PLACEMENT_3D('',#3774,#3775,#3776);
#3774 = CARTESIAN_POINT('',(7.,78.,37.5));
#3775 = DIRECTION('',(0.,0.,1.));
#3776 = DIRECTION('',(1.,0.,-0.));
#3777 = ADVANCED_FACE('',(#3778,#3781),#3792,.T.);
#3778 = FACE_BOUND('',#3779,.T.);
#3779 = EDGE_LOOP('',(#3780));
#3780 = ORIENTED_EDGE('',*,*,#3313,.T.);
#3781 = FACE_BOUND('',#3782,.T.);
#3782 = EDGE_LOOP('',(#3783));
#3783 = ORIENTED_EDGE('',*,*,#3784,.F.);
#3784 = EDGE_CURVE('',#3785,#3785,#3787,.T.);
#3785 = VERTEX_POINT('',#3786);
#3786 = CARTESIAN_POINT('',(32.95,5.5,14.5));
#3787 = CIRCLE('',#3788,1.05);
#3788 = AXIS2_PLACEMENT_3D('',#3789,#3790,#3791);
#3789 = CARTESIAN_POINT('',(31.9,5.5,14.5));
#3790 = DIRECTION('',(0.,0.,1.));
#3791 = DIRECTION('',(1.,0.,-0.));
#3792 = PLANE('',#3793);
#3793 = AXIS2_PLACEMENT_3D('',#3794,#3795,#3796);
#3794 = CARTESIAN_POINT('',(31.9,5.5,14.5));
#3795 = DIRECTION('',(0.,0.,1.));
#3796 = DIRECTION('',(1.,0.,-0.));
#3797 = ADVANCED_FACE('',(#3798,#3801),#3812,.T.);
#3798 = FACE_BOUND('',#3799,.T.);
#3799 = EDGE_LOOP('',(#3800));
#3800 = ORIENTED_EDGE('',*,*,#3338,.T.);
#3801 = FACE_BOUND('',#3802,.T.);
#3802 = EDGE_LOOP('',(#3803));
#3803 = ORIENTED_EDGE('',*,*,#3804,.F.);
#3804 = EDGE_CURVE('',#3805,#3805,#3807,.T.);
#3805 = VERTEX_POINT('',#3806);
#3806 = CARTESIAN_POINT('',(13.325,42.815,37.5));
#3807 = CIRCLE('',#3808,1.55);
#3808 = AXIS2_PLACEMENT_3D('',#3809,#3810,#3811);
#3809 = CARTESIAN_POINT('',(11.775,42.815,37.5));
#3810 = DIRECTION('',(0.,0.,1.));
#3811 = DIRECTION('',(1.,0.,-0.));
#3812 = PLANE('',#3813);
#3813 = AXIS2_PLACEMENT_3D('',#3814,#3815,#3816);
#3814 = CARTESIAN_POINT('',(11.775,42.815,37.5));
#3815 = DIRECTION('',(0.,0.,1.));
#3816 = DIRECTION('',(1.,0.,-0.));
#3817 = ADVANCED_FACE('',(#3818,#3821),#3832,.T.);
#3818 = FACE_BOUND('',#3819,.T.);
#3819 = EDGE_LOOP('',(#3820));
#3820 = ORIENTED_EDGE('',*,*,#3363,.T.);
#3821 = FACE_BOUND('',#3822,.T.);
#3822 = EDGE_LOOP('',(#3823));
#3823 = ORIENTED_EDGE('',*,*,#3824,.F.);
#3824 = EDGE_CURVE('',#3825,#3825,#3827,.T.);
#3825 = VERTEX_POINT('',#3826);
#3826 = CARTESIAN_POINT('',(90.95,5.5,14.5));
#3827 = CIRCLE('',#3828,1.05);
#3828 = AXIS2_PLACEMENT_3D('',#3829,#3830,#3831);
#3829 = CARTESIAN_POINT('',(89.9,5.5,14.5));
#3830 = DIRECTION('',(0.,0.,1.));
#3831 = DIRECTION('',(1.,0.,-0.));
#3832 = PLANE('',#3833);
#3833 = AXIS2_PLACEMENT_3D('',#3834,#3835,#3836);
#3834 = CARTESIAN_POINT('',(89.9,5.5,14.5));
#3835 = DIRECTION('',(0.,0.,1.));
#3836 = DIRECTION('',(1.,0.,-0.));
#3837 = ADVANCED_FACE('',(#3838,#3841),#3852,.T.);
#3838 = FACE_BOUND('',#3839,.T.);
#3839 = EDGE_LOOP('',(#3840));
#3840 = ORIENTED_EDGE('',*,*,#3388,.T.);
#3841 = FACE_BOUND('',#3842,.T.);
#3842 = EDGE_LOOP('',(#3843));
#3843 = ORIENTED_EDGE('',*,*,#3844,.F.);
#3844 = EDGE_CURVE('',#3845,#3845,#3847,.T.);
#3845 = VERTEX_POINT('',#3846);
#3846 = CARTESIAN_POINT('',(92.675,42.815,37.5));
#3847 = CIRCLE('',#3848,1.55);
#3848 = AXIS2_PLACEMENT_3D('',#3849,#3850,#3851);
#3849 = CARTESIAN_POINT('',(91.125,42.815,37.5));
#3850 = DIRECTION('',(0.,0.,1.));
#3851 = DIRECTION('',(1.,0.,-0.));
#3852 = PLANE('',#3853);
#3853 = AXIS2_PLACEMENT_3D('',#3854,#3855,#3856);
#3854 = CARTESIAN_POINT('',(91.125,42.815,37.5));
#3855 = DIRECTION('',(0.,0.,1.));
#3856 = DIRECTION('',(1.,0.,-0.));
#3857 = ADVANCED_FACE('',(#3858,#3867,#3878),#3889,.T.);
#3858 = FACE_BOUND('',#3859,.T.);
#3859 = EDGE_LOOP('',(#3860,#3861,#3862,#3863,#3864,#3865,#3866));
#3860 = ORIENTED_EDGE('',*,*,#3573,.F.);
#3861 = ORIENTED_EDGE('',*,*,#3598,.F.);
#3862 = ORIENTED_EDGE('',*,*,#3614,.T.);
#3863 = ORIENTED_EDGE('',*,*,#3438,.F.);
#3864 = ORIENTED_EDGE('',*,*,#3462,.T.);
#3865 = ORIENTED_EDGE('',*,*,#3495,.F.);
#3866 = ORIENTED_EDGE('',*,*,#3539,.F.);
#3867 = FACE_BOUND('',#3868,.T.);
#3868 = EDGE_LOOP('',(#3869));
#3869 = ORIENTED_EDGE('',*,*,#3870,.F.);
#3870 = EDGE_CURVE('',#3871,#3871,#3873,.T.);
#3871 = VERTEX_POINT('',#3872);
#3872 = CARTESIAN_POINT('',(10.25,68.,6.5));
#3873 = CIRCLE('',#3874,1.25);
#3874 = AXIS2_PLACEMENT_3D('',#3875,#3876,#3877);
#3875 = CARTESIAN_POINT('',(9.,68.,6.5));
#3876 = DIRECTION('',(0.,0.,1.));
#3877 = DIRECTION('',(1.,0.,-0.));
#3878 = FACE_BOUND('',#3879,.T.);
#3879 = EDGE_LOOP('',(#3880));
#3880 = ORIENTED_EDGE('',*,*,#3881,.F.);
#3881 = EDGE_CURVE('',#3882,#3882,#3884,.T.);
#3882 = VERTEX_POINT('',#3883);
#3883 = CARTESIAN_POINT('',(31.25,68.,6.5));
#3884 = CIRCLE('',#3885,1.25);
#3885 = AXIS2_PLACEMENT_3D('',#3886,#3887,#3888);
#3886 = CARTESIAN_POINT('',(30.,68.,6.5));
#3887 = DIRECTION('',(0.,0.,1.));
#3888 = DIRECTION('',(1.,0.,-0.));
#3889 = PLANE('',#3890);
#3890 = AXIS2_PLACEMENT_3D('',#3891,#3892,#3893);
#3891 = CARTESIAN_POINT('',(7.,57.,6.5));
#3892 = DIRECTION('',(0.,0.,1.));
#3893 = DIRECTION('',(1.,0.,-0.));
#3894 = ADVANCED_FACE('',(#3895,#3898),#3909,.T.);
#3895 = FACE_BOUND('',#3896,.T.);
#3896 = EDGE_LOOP('',(#3897));
#3897 = ORIENTED_EDGE('',*,*,#3421,.T.);
#3898 = FACE_BOUND('',#3899,.T.);
#3899 = EDGE_LOOP('',(#3900));
#3900 = ORIENTED_EDGE('',*,*,#3901,.F.);
#3901 = EDGE_CURVE('',#3902,#3902,#3904,.T.);
#3902 = VERTEX_POINT('',#3903);
#3903 = CARTESIAN_POINT('',(32.95,54.5,14.5));
#3904 = CIRCLE('',#3905,1.05);
#3905 = AXIS2_PLACEMENT_3D('',#3906,#3907,#3908);
#3906 = CARTESIAN_POINT('',(31.9,54.5,14.5));
#3907 = DIRECTION('',(0.,0.,1.));
#3908 = DIRECTION('',(1.,0.,-0.));
#3909 = PLANE('',#3910);
#3910 = AXIS2_PLACEMENT_3D('',#3911,#3912,#3913);
#3911 = CARTESIAN_POINT('',(31.9,54.5,14.5));
#3912 = DIRECTION('',(0.,0.,1.));
#3913 = DIRECTION('',(1.,0.,-0.));
#3914 = ADVANCED_FACE('',(#3915),#3919,.T.);
#3915 = FACE_BOUND('',#3916,.T.);
#3916 = EDGE_LOOP('',(#3917,#3918));
#3917 = ORIENTED_EDGE('',*,*,#3755,.F.);
#3918 = ORIENTED_EDGE('',*,*,#3510,.T.);
#3919 = PLANE('',#3920);
#3920 = AXIS2_PLACEMENT_3D('',#3921,#3922,#3923);
#3921 = CARTESIAN_POINT('',(11.775,80.225,37.5));
#3922 = DIRECTION('',(0.,0.,1.));
#3923 = DIRECTION('',(1.,0.,-0.));
#3924 = ADVANCED_FACE('',(#3925,#3928),#3939,.T.);
#3925 = FACE_BOUND('',#3926,.T.);
#3926 = EDGE_LOOP('',(#3927));
#3927 = ORIENTED_EDGE('',*,*,#3629,.T.);
#3928 = FACE_BOUND('',#3929,.T.);
#3929 = EDGE_LOOP('',(#3930));
#3930 = ORIENTED_EDGE('',*,*,#3931,.F.);
#3931 = EDGE_CURVE('',#3932,#3932,#3934,.T.);
#3932 = VERTEX_POINT('',#3933);
#3933 = CARTESIAN_POINT('',(90.95,54.5,14.5));
#3934 = CIRCLE('',#3935,1.05);
#3935 = AXIS2_PLACEMENT_3D('',#3936,#3937,#3938);
#3936 = CARTESIAN_POINT('',(89.9,54.5,14.5));
#3937 = DIRECTION('',(0.,0.,1.));
#3938 = DIRECTION('',(1.,0.,-0.));
#3939 = PLANE('',#3940);
#3940 = AXIS2_PLACEMENT_3D('',#3941,#3942,#3943);
#3941 = CARTESIAN_POINT('',(89.9,54.5,14.5));
#3942 = DIRECTION('',(0.,0.,1.));
#3943 = DIRECTION('',(1.,0.,-0.));
#3944 = ADVANCED_FACE('',(#3945),#3949,.T.);
#3945 = FACE_BOUND('',#3946,.T.);
#3946 = EDGE_LOOP('',(#3947,#3948));
#3947 = ORIENTED_EDGE('',*,*,#3727,.F.);
#3948 = ORIENTED_EDGE('',*,*,#3654,.T.);
#3949 = PLANE('',#3950);
#3950 = AXIS2_PLACEMENT_3D('',#3951,#3952,#3953);
#3951 = CARTESIAN_POINT('',(91.125,80.225,37.5));
#3952 = DIRECTION('',(0.,0.,1.));
#3953 = DIRECTION('',(1.,0.,-0.));
#3954 = ADVANCED_FACE('',(#3955),#3974,.F.);
#3955 = FACE_BOUND('',#3956,.F.);
#3956 = EDGE_LOOP('',(#3957,#3958,#3966,#3973));
#3957 = ORIENTED_EDGE('',*,*,#3737,.F.);
#3958 = ORIENTED_EDGE('',*,*,#3959,.F.);
#3959 = EDGE_CURVE('',#3960,#3738,#3962,.T.);
#3960 = VERTEX_POINT('',#3961);
#3961 = CARTESIAN_POINT('',(92.675,80.225,31.5));
#3962 = LINE('',#3963,#3964);
#3963 = CARTESIAN_POINT('',(92.675,80.225,31.5));
#3964 = VECTOR('',#3965,1.);
#3965 = DIRECTION('',(0.,0.,1.));
#3966 = ORIENTED_EDGE('',*,*,#3967,.T.);
#3967 = EDGE_CURVE('',#3960,#3960,#3968,.T.);
#3968 = CIRCLE('',#3969,1.55);
#3969 = AXIS2_PLACEMENT_3D('',#3970,#3971,#3972);
#3970 = CARTESIAN_POINT('',(91.125,80.225,31.5));
#3971 = DIRECTION('',(0.,0.,1.));
#3972 = DIRECTION('',(1.,0.,-0.));
#3973 = ORIENTED_EDGE('',*,*,#3959,.T.);
#3974 = CYLINDRICAL_SURFACE('',#3975,1.55);
#3975 = AXIS2_PLACEMENT_3D('',#3976,#3977,#3978);
#3976 = CARTESIAN_POINT('',(91.125,80.225,31.5));
#3977 = DIRECTION('',(0.,0.,1.));
#3978 = DIRECTION('',(1.,0.,-0.));
#3979 = ADVANCED_FACE('',(#3980),#3999,.F.);
#3980 = FACE_BOUND('',#3981,.F.);
#3981 = EDGE_LOOP('',(#3982,#3983,#3991,#3998));
#3982 = ORIENTED_EDGE('',*,*,#3764,.F.);
#3983 = ORIENTED_EDGE('',*,*,#3984,.F.);
#3984 = EDGE_CURVE('',#3985,#3765,#3987,.T.);
#3985 = VERTEX_POINT('',#3986);
#3986 = CARTESIAN_POINT('',(13.325,80.225,31.5));
#3987 = LINE('',#3988,#3989);
#3988 = CARTESIAN_POINT('',(13.325,80.225,31.5));
#3989 = VECTOR('',#3990,1.);
#3990 = DIRECTION('',(0.,0.,1.));
#3991 = ORIENTED_EDGE('',*,*,#3992,.T.);
#3992 = EDGE_CURVE('',#3985,#3985,#3993,.T.);
#3993 = CIRCLE('',#3994,1.55);
#3994 = AXIS2_PLACEMENT_3D('',#3995,#3996,#3997);
#3995 = CARTESIAN_POINT('',(11.775,80.225,31.5));
#3996 = DIRECTION('',(0.,0.,1.));
#3997 = DIRECTION('',(1.,0.,-0.));
#3998 = ORIENTED_EDGE('',*,*,#3984,.T.);
#3999 = CYLINDRICAL_SURFACE('',#4000,1.55);
#4000 = AXIS2_PLACEMENT_3D('',#4001,#4002,#4003);
#4001 = CARTESIAN_POINT('',(11.775,80.225,31.5));
#4002 = DIRECTION('',(0.,0.,1.));
#4003 = DIRECTION('',(1.,0.,-0.));
#4004 = ADVANCED_FACE('',(#4005),#4024,.F.);
#4005 = FACE_BOUND('',#4006,.F.);
#4006 = EDGE_LOOP('',(#4007,#4008,#4016,#4023));
#4007 = ORIENTED_EDGE('',*,*,#3784,.F.);
#4008 = ORIENTED_EDGE('',*,*,#4009,.F.);
#4009 = EDGE_CURVE('',#4010,#3785,#4012,.T.);
#4010 = VERTEX_POINT('',#4011);
#4011 = CARTESIAN_POINT('',(32.95,5.5,5.5));
#4012 = LINE('',#4013,#4014);
#4013 = CARTESIAN_POINT('',(32.95,5.5,5.5));
#4014 = VECTOR('',#4015,1.);
#4015 = DIRECTION('',(0.,0.,1.));
#4016 = ORIENTED_EDGE('',*,*,#4017,.T.);
#4017 = EDGE_CURVE('',#4010,#4010,#4018,.T.);
#4018 = CIRCLE('',#4019,1.05);
#4019 = AXIS2_PLACEMENT_3D('',#4020,#4021,#4022);
#4020 = CARTESIAN_POINT('',(31.9,5.5,5.5));
#4021 = DIRECTION('',(0.,0.,1.));
#4022 = DIRECTION('',(1.,0.,-0.));
#4023 = ORIENTED_EDGE('',*,*,#4009,.T.);
#4024 = CYLINDRICAL_SURFACE('',#4025,1.05);
#4025 = AXIS2_PLACEMENT_3D('',#4026,#4027,#4028);
#4026 = CARTESIAN_POINT('',(31.9,5.5,5.5));
#4027 = DIRECTION('',(0.,0.,1.));
#4028 = DIRECTION('',(1.,0.,-0.));
#4029 = ADVANCED_FACE('',(#4030),#4049,.F.);
#4030 = FACE_BOUND('',#4031,.F.);
#4031 = EDGE_LOOP('',(#4032,#4033,#4041,#4048));
#4032 = ORIENTED_EDGE('',*,*,#3804,.F.);
#4033 = ORIENTED_EDGE('',*,*,#4034,.F.);
#4034 = EDGE_CURVE('',#4035,#3805,#4037,.T.);
#4035 = VERTEX_POINT('',#4036);
#4036 = CARTESIAN_POINT('',(13.325,42.815,31.5));
#4037 = LINE('',#4038,#4039);
#4038 = CARTESIAN_POINT('',(13.325,42.815,31.5));
#4039 = VECTOR('',#4040,1.);
#4040 = DIRECTION('',(0.,0.,1.));
#4041 = ORIENTED_EDGE('',*,*,#4042,.T.);
#4042 = EDGE_CURVE('',#4035,#4035,#4043,.T.);
#4043 = CIRCLE('',#4044,1.55);
#4044 = AXIS2_PLACEMENT_3D('',#4045,#4046,#4047);
#4045 = CARTESIAN_POINT('',(11.775,42.815,31.5));
#4046 = DIRECTION('',(0.,0.,1.));
#4047 = DIRECTION('',(1.,0.,-0.));
#4048 = ORIENTED_EDGE('',*,*,#4034,.T.);
#4049 = CYLINDRICAL_SURFACE('',#4050,1.55);
#4050 = AXIS2_PLACEMENT_3D('',#4051,#4052,#4053);
#4051 = CARTESIAN_POINT('',(11.775,42.815,31.5));
#4052 = DIRECTION('',(0.,0.,1.));
#4053 = DIRECTION('',(1.,0.,-0.));
#4054 = ADVANCED_FACE('',(#4055),#4074,.F.);
#4055 = FACE_BOUND('',#4056,.F.);
#4056 = EDGE_LOOP('',(#4057,#4058,#4066,#4073));
#4057 = ORIENTED_EDGE('',*,*,#3824,.F.);
#4058 = ORIENTED_EDGE('',*,*,#4059,.F.);
#4059 = EDGE_CURVE('',#4060,#3825,#4062,.T.);
#4060 = VERTEX_POINT('',#4061);
#4061 = CARTESIAN_POINT('',(90.95,5.5,5.5));
#4062 = LINE('',#4063,#4064);
#4063 = CARTESIAN_POINT('',(90.95,5.5,5.5));
#4064 = VECTOR('',#4065,1.);
#4065 = DIRECTION('',(0.,0.,1.));
#4066 = ORIENTED_EDGE('',*,*,#4067,.T.);
#4067 = EDGE_CURVE('',#4060,#4060,#4068,.T.);
#4068 = CIRCLE('',#4069,1.05);
#4069 = AXIS2_PLACEMENT_3D('',#4070,#4071,#4072);
#4070 = CARTESIAN_POINT('',(89.9,5.5,5.5));
#4071 = DIRECTION('',(0.,0.,1.));
#4072 = DIRECTION('',(1.,0.,-0.));
#4073 = ORIENTED_EDGE('',*,*,#4059,.T.);
#4074 = CYLINDRICAL_SURFACE('',#4075,1.05);
#4075 = AXIS2_PLACEMENT_3D('',#4076,#4077,#4078);
#4076 = CARTESIAN_POINT('',(89.9,5.5,5.5));
#4077 = DIRECTION('',(0.,0.,1.));
#4078 = DIRECTION('',(1.,0.,-0.));
#4079 = ADVANCED_FACE('',(#4080),#4099,.F.);
#4080 = FACE_BOUND('',#4081,.F.);
#4081 = EDGE_LOOP('',(#4082,#4083,#4091,#4098));
#4082 = ORIENTED_EDGE('',*,*,#3844,.F.);
#4083 = ORIENTED_EDGE('',*,*,#4084,.F.);
#4084 = EDGE_CURVE('',#4085,#3845,#4087,.T.);
#4085 = VERTEX_POINT('',#4086);
#4086 = CARTESIAN_POINT('',(92.675,42.815,31.5));
#4087 = LINE('',#4088,#4089);
#4088 = CARTESIAN_POINT('',(92.675,42.815,31.5));
#4089 = VECTOR('',#4090,1.);
#4090 = DIRECTION('',(0.,0.,1.));
#4091 = ORIENTED_EDGE('',*,*,#4092,.T.);
#4092 = EDGE_CURVE('',#4085,#4085,#4093,.T.);
#4093 = CIRCLE('',#4094,1.55);
#4094 = AXIS2_PLACEMENT_3D('',#4095,#4096,#4097);
#4095 = CARTESIAN_POINT('',(91.125,42.815,31.5));
#4096 = DIRECTION('',(0.,0.,1.));
#4097 = DIRECTION('',(1.,0.,-0.));
#4098 = ORIENTED_EDGE('',*,*,#4084,.T.);
#4099 = CYLINDRICAL_SURFACE('',#4100,1.55);
#4100 = AXIS2_PLACEMENT_3D('',#4101,#4102,#4103);
#4101 = CARTESIAN_POINT('',(91.125,42.815,31.5));
#4102 = DIRECTION('',(0.,0.,1.));
#4103 = DIRECTION('',(1.,0.,-0.));
#4104 = ADVANCED_FACE('',(#4105),#4124,.T.);
#4105 = FACE_BOUND('',#4106,.T.);
#4106 = EDGE_LOOP('',(#4107,#4116,#4122,#4123));
#4107 = ORIENTED_EDGE('',*,*,#4108,.F.);
#4108 = EDGE_CURVE('',#4109,#4109,#4111,.T.);
#4109 = VERTEX_POINT('',#4110);
#4110 = CARTESIAN_POINT('',(10.25,68.,10.5));
#4111 = CIRCLE('',#4112,1.25);
#4112 = AXIS2_PLACEMENT_3D('',#4113,#4114,#4115);
#4113 = CARTESIAN_POINT('',(9.,68.,10.5));
#4114 = DIRECTION('',(0.,0.,1.));
#4115 = DIRECTION('',(1.,0.,-0.));
#4116 = ORIENTED_EDGE('',*,*,#4117,.F.);
#4117 = EDGE_CURVE('',#3871,#4109,#4118,.T.);
#4118 = LINE('',#4119,#4120);
#4119 = CARTESIAN_POINT('',(10.25,68.,6.5));
#4120 = VECTOR('',#4121,1.);
#4121 = DIRECTION('',(0.,0.,1.));
#4122 = ORIENTED_EDGE('',*,*,#3870,.T.);
#4123 = ORIENTED_EDGE('',*,*,#4117,.T.);
#4124 = CYLINDRICAL_SURFACE('',#4125,1.25);
#4125 = AXIS2_PLACEMENT_3D('',#4126,#4127,#4128);
#4126 = CARTESIAN_POINT('',(9.,68.,6.5));
#4127 = DIRECTION('',(0.,0.,1.));
#4128 = DIRECTION('',(1.,0.,-0.));
#4129 = ADVANCED_FACE('',(#4130),#4149,.T.);
#4130 = FACE_BOUND('',#4131,.T.);
#4131 = EDGE_LOOP('',(#4132,#4141,#4147,#4148));
#4132 = ORIENTED_EDGE('',*,*,#4133,.F.);
#4133 = EDGE_CURVE('',#4134,#4134,#4136,.T.);
#4134 = VERTEX_POINT('',#4135);
#4135 = CARTESIAN_POINT('',(31.25,68.,10.5));
#4136 = CIRCLE('',#4137,1.25);
#4137 = AXIS2_PLACEMENT_3D('',#4138,#4139,#4140);
#4138 = CARTESIAN_POINT('',(30.,68.,10.5));
#4139 = DIRECTION('',(0.,0.,1.));
#4140 = DIRECTION('',(1.,0.,-0.));
#4141 = ORIENTED_EDGE('',*,*,#4142,.F.);
#4142 = EDGE_CURVE('',#3882,#4134,#4143,.T.);
#4143 = LINE('',#4144,#4145);
#4144 = CARTESIAN_POINT('',(31.25,68.,6.5));
#4145 = VECTOR('',#4146,1.);
#4146 = DIRECTION('',(0.,0.,1.));
#4147 = ORIENTED_EDGE('',*,*,#3881,.T.);
#4148 = ORIENTED_EDGE('',*,*,#4142,.T.);
#4149 = CYLINDRICAL_SURFACE('',#4150,1.25);
#4150 = AXIS2_PLACEMENT_3D('',#4151,#4152,#4153);
#4151 = CARTESIAN_POINT('',(30.,68.,6.5));
#4152 = DIRECTION('',(0.,0.,1.));
#4153 = DIRECTION('',(1.,0.,-0.));
#4154 = ADVANCED_FACE('',(#4155),#4174,.F.);
#4155 = FACE_BOUND('',#4156,.F.);
#4156 = EDGE_LOOP('',(#4157,#4158,#4166,#4173));
#4157 = ORIENTED_EDGE('',*,*,#3901,.F.);
#4158 = ORIENTED_EDGE('',*,*,#4159,.F.);
#4159 = EDGE_CURVE('',#4160,#3902,#4162,.T.);
#4160 = VERTEX_POINT('',#4161);
#4161 = CARTESIAN_POINT('',(32.95,54.5,5.5));
#4162 = LINE('',#4163,#4164);
#4163 = CARTESIAN_POINT('',(32.95,54.5,5.5));
#4164 = VECTOR('',#4165,1.);
#4165 = DIRECTION('',(0.,0.,1.));
#4166 = ORIENTED_EDGE('',*,*,#4167,.T.);
#4167 = EDGE_CURVE('',#4160,#4160,#4168,.T.);
#4168 = CIRCLE('',#4169,1.05);
#4169 = AXIS2_PLACEMENT_3D('',#4170,#4171,#4172);
#4170 = CARTESIAN_POINT('',(31.9,54.5,5.5));
#4171 = DIRECTION('',(0.,0.,1.));
#4172 = DIRECTION('',(1.,0.,-0.));
#4173 = ORIENTED_EDGE('',*,*,#4159,.T.);
#4174 = CYLINDRICAL_SURFACE('',#4175,1.05);
#4175 = AXIS2_PLACEMENT_3D('',#4176,#4177,#4178);
#4176 = CARTESIAN_POINT('',(31.9,54.5,5.5));
#4177 = DIRECTION('',(0.,0.,1.));
#4178 = DIRECTION('',(1.,0.,-0.));
#4179 = ADVANCED_FACE('',(#4180),#4199,.F.);
#4180 = FACE_BOUND('',#4181,.F.);
#4181 = EDGE_LOOP('',(#4182,#4183,#4191,#4198));
#4182 = ORIENTED_EDGE('',*,*,#3931,.F.);
#4183 = ORIENTED_EDGE('',*,*,#4184,.F.);
#4184 = EDGE_CURVE('',#4185,#3932,#4187,.T.);
#4185 = VERTEX_POINT('',#4186);
#4186 = CARTESIAN_POINT('',(90.95,54.5,5.5));
#4187 = LINE('',#4188,#4189);
#4188 = CARTESIAN_POINT('',(90.95,54.5,5.5));
#4189 = VECTOR('',#4190,1.);
#4190 = DIRECTION('',(0.,0.,1.));
#4191 = ORIENTED_EDGE('',*,*,#4192,.T.);
#4192 = EDGE_CURVE('',#4185,#4185,#4193,.T.);
#4193 = CIRCLE('',#4194,1.05);
#4194 = AXIS2_PLACEMENT_3D('',#4195,#4196,#4197);
#4195 = CARTESIAN_POINT('',(89.9,54.5,5.5));
#4196 = DIRECTION('',(0.,0.,1.));
#4197 = DIRECTION('',(1.,0.,-0.));
#4198 = ORIENTED_EDGE('',*,*,#4184,.T.);
#4199 = CYLINDRICAL_SURFACE('',#4200,1.05);
#4200 = AXIS2_PLACEMENT_3D('',#4201,#4202,#4203);
#4201 = CARTESIAN_POINT('',(89.9,54.5,5.5));
#4202 = DIRECTION('',(0.,0.,1.));
#4203 = DIRECTION('',(1.,0.,-0.));
#4204 = ADVANCED_FACE('',(#4205),#4208,.T.);
#4205 = FACE_BOUND('',#4206,.F.);
#4206 = EDGE_LOOP('',(#4207));
#4207 = ORIENTED_EDGE('',*,*,#3967,.F.);
#4208 = PLANE('',#4209);
#4209 = AXIS2_PLACEMENT_3D('',#4210,#4211,#4212);
#4210 = CARTESIAN_POINT('',(91.125,80.225,31.5));
#4211 = DIRECTION('',(0.,0.,1.));
#4212 = DIRECTION('',(1.,0.,-0.));
#4213 = ADVANCED_FACE('',(#4214),#4217,.T.);
#4214 = FACE_BOUND('',#4215,.F.);
#4215 = EDGE_LOOP('',(#4216));
#4216 = ORIENTED_EDGE('',*,*,#3992,.F.);
#4217 = PLANE('',#4218);
#4218 = AXIS2_PLACEMENT_3D('',#4219,#4220,#4221);
#4219 = CARTESIAN_POINT('',(11.775,80.225,31.5));
#4220 = DIRECTION('',(0.,0.,1.));
#4221 = DIRECTION('',(1.,0.,-0.));
#4222 = ADVANCED_FACE('',(#4223),#4226,.T.);
#4223 = FACE_BOUND('',#4224,.F.);
#4224 = EDGE_LOOP('',(#4225));
#4225 = ORIENTED_EDGE('',*,*,#4017,.F.);
#4226 = PLANE('',#4227);
#4227 = AXIS2_PLACEMENT_3D('',#4228,#4229,#4230);
#4228 = CARTESIAN_POINT('',(31.9,5.5,5.5));
#4229 = DIRECTION('',(0.,0.,1.));
#4230 = DIRECTION('',(1.,0.,-0.));
#4231 = ADVANCED_FACE('',(#4232),#4235,.T.);
#4232 = FACE_BOUND('',#4233,.F.);
#4233 = EDGE_LOOP('',(#4234));
#4234 = ORIENTED_EDGE('',*,*,#4042,.F.);
#4235 = PLANE('',#4236);
#4236 = AXIS2_PLACEMENT_3D('',#4237,#4238,#4239);
#4237 = CARTESIAN_POINT('',(11.775,42.815,31.5));
#4238 = DIRECTION('',(0.,0.,1.));
#4239 = DIRECTION('',(1.,0.,-0.));
#4240 = ADVANCED_FACE('',(#4241),#4244,.T.);
#4241 = FACE_BOUND('',#4242,.F.);
#4242 = EDGE_LOOP('',(#4243));
#4243 = ORIENTED_EDGE('',*,*,#4067,.F.);
#4244 = PLANE('',#4245);
#4245 = AXIS2_PLACEMENT_3D('',#4246,#4247,#4248);
#4246 = CARTESIAN_POINT('',(89.9,5.5,5.5));
#4247 = DIRECTION('',(0.,0.,1.));
#4248 = DIRECTION('',(1.,0.,-0.));
#4249 = ADVANCED_FACE('',(#4250),#4253,.T.);
#4250 = FACE_BOUND('',#4251,.F.);
#4251 = EDGE_LOOP('',(#4252));
#4252 = ORIENTED_EDGE('',*,*,#4092,.F.);
#4253 = PLANE('',#4254);
#4254 = AXIS2_PLACEMENT_3D('',#4255,#4256,#4257);
#4255 = CARTESIAN_POINT('',(91.125,42.815,31.5));
#4256 = DIRECTION('',(0.,0.,1.));
#4257 = DIRECTION('',(1.,0.,-0.));
#4258 = ADVANCED_FACE('',(#4259),#4262,.T.);
#4259 = FACE_BOUND('',#4260,.T.);
#4260 = EDGE_LOOP('',(#4261));
#4261 = ORIENTED_EDGE('',*,*,#4108,.T.);
#4262 = PLANE('',#4263);
#4263 = AXIS2_PLACEMENT_3D('',#4264,#4265,#4266);
#4264 = CARTESIAN_POINT('',(9.,68.,10.5));
#4265 = DIRECTION('',(0.,0.,1.));
#4266 = DIRECTION('',(1.,0.,-0.));
#4267 = ADVANCED_FACE('',(#4268),#4271,.T.);
#4268 = FACE_BOUND('',#4269,.T.);
#4269 = EDGE_LOOP('',(#4270));
#4270 = ORIENTED_EDGE('',*,*,#4133,.T.);
#4271 = PLANE('',#4272);
#4272 = AXIS2_PLACEMENT_3D('',#4273,#4274,#4275);
#4273 = CARTESIAN_POINT('',(30.,68.,10.5));
#4274 = DIRECTION('',(0.,0.,1.));
#4275 = DIRECTION('',(1.,0.,-0.));
#4276 = ADVANCED_FACE('',(#4277),#4280,.T.);
#4277 = FACE_BOUND('',#4278,.F.);
#4278 = EDGE_LOOP('',(#4279));
#4279 = ORIENTED_EDGE('',*,*,#4167,.F.);
#4280 = PLANE('',#4281);
#4281 = AXIS2_PLACEMENT_3D('',#4282,#4283,#4284);
#4282 = CARTESIAN_POINT('',(31.9,54.5,5.5));
#4283 = DIRECTION('',(0.,0.,1.));
#4284 = DIRECTION('',(1.,0.,-0.));
#4285 = ADVANCED_FACE('',(#4286),#4289,.T.);
#4286 = FACE_BOUND('',#4287,.F.);
#4287 = EDGE_LOOP('',(#4288));
#4288 = ORIENTED_EDGE('',*,*,#4192,.F.);
#4289 = PLANE('',#4290);
#4290 = AXIS2_PLACEMENT_3D('',#4291,#4292,#4293);
#4291 = CARTESIAN_POINT('',(89.9,54.5,5.5));
#4292 = DIRECTION('',(0.,0.,1.));
#4293 = DIRECTION('',(1.,0.,-0.));
#4294 = ( GEOMETRIC_REPRESENTATION_CONTEXT(3) 
GLOBAL_UNCERTAINTY_ASSIGNED_CONTEXT((#4298)) 
GLOBAL_UNIT_ASSIGNED_CONTEXT((#4295,#4296,#4297)) REPRESENTATION_CONTEXT
('Context #1','3D Context with UNIT and UNCERTAINTY') );
#4295 = ( LENGTH_UNIT() NAMED_UNIT(*) SI_UNIT(.MILLI.,.METRE.) );
#4296 = ( NAMED_UNIT(*) PLANE_ANGLE_UNIT() SI_UNIT($,.RADIAN.) );
#4297 = ( NAMED_UNIT(*) SI_UNIT($,.STERADIAN.) SOLID_ANGLE_UNIT() );
#4298 = UNCERTAINTY_MEASURE_WITH_UNIT(LENGTH_MEASURE(1.E-07),#4295,
  'distance_accuracy_value','confusion accuracy');
#4299 = PRODUCT_RELATED_PRODUCT_CATEGORY('part',$,(#7));
ENDSEC;
END-ISO-10303-21;
